  0
SECTION
  2
HEADER
  9
$ACADVER
  1
AC1021
  9
$ACADMAINTVER
 70
    50
  9
$DWGCODEPAGE
  3
ANSI_936
  9
$LASTSAVEDBY
  1
win10
  9
$INSBASE
 10
0.0
 20
0.0
 30
0.0
  9
$EXTMIN
 10
-3.083330976318947
 20
-68.55251785135624
 30
0.0
  9
$EXTMAX
 10
243.0101934157901
 20
119.8244141966261
 30
0.0
  9
$LIMMIN
 10
0.0
 20
0.0
  9
$LIMMAX
 10
420.0
 20
297.0
  9
$ORTHOMODE
 70
     0
  9
$REGENMODE
 70
     1
  9
$FILLMODE
 70
     1
  9
$QTEXTMODE
 70
     0
  9
$MIRRTEXT
 70
     0
  9
$LTSCALE
 40
1.0
  9
$ATTMODE
 70
     1
  9
$TEXTSIZE
 40
2.5
  9
$TRACEWID
 40
1.0
  9
$TEXTSTYLE
  7
Standard
  9
$CLAYER
  8
0
  9
$CELTYPE
  6
ByLayer
  9
$CECOLOR
 62
   256
  9
$CELTSCALE
 40
1.0
  9
$DISPSILH
 70
     0
  9
$DIMSCALE
 40
1.0
  9
$DIMASZ
 40
2.5
  9
$DIMEXO
 40
0.625
  9
$DIMDLI
 40
3.75
  9
$DIMRND
 40
0.0
  9
$DIMDLE
 40
0.0
  9
$DIMEXE
 40
1.25
  9
$DIMTP
 40
0.0
  9
$DIMTM
 40
0.0
  9
$DIMTXT
 40
2.5
  9
$DIMCEN
 40
2.5
  9
$DIMTSZ
 40
0.0
  9
$DIMTOL
 70
     0
  9
$DIMLIM
 70
     0
  9
$DIMTIH
 70
     0
  9
$DIMTOH
 70
     0
  9
$DIMSE1
 70
     0
  9
$DIMSE2
 70
     0
  9
$DIMTAD
 70
     1
  9
$DIMZIN
 70
     8
  9
$DIMBLK
  1

  9
$DIMASO
 70
     1
  9
$DIMSHO
 70
     1
  9
$DIMPOST
  1

  9
$DIMAPOST
  1

  9
$DIMALT
 70
     0
  9
$DIMALTD
 70
     3
  9
$DIMALTF
 40
0.03937007874016
  9
$DIMLFAC
 40
1.0
  9
$DIMTOFL
 70
     1
  9
$DIMTVP
 40
0.0
  9
$DIMTIX
 70
     0
  9
$DIMSOXD
 70
     0
  9
$DIMSAH
 70
     0
  9
$DIMBLK1
  1

  9
$DIMBLK2
  1

  9
$DIMSTYLE
  2
ISO-25
  9
$DIMCLRD
 70
     0
  9
$DIMCLRE
 70
     0
  9
$DIMCLRT
 70
     0
  9
$DIMTFAC
 40
1.0
  9
$DIMGAP
 40
0.625
  9
$DIMJUST
 70
     0
  9
$DIMSD1
 70
     0
  9
$DIMSD2
 70
     0
  9
$DIMTOLJ
 70
     0
  9
$DIMTZIN
 70
     8
  9
$DIMALTZ
 70
     0
  9
$DIMALTTZ
 70
     0
  9
$DIMUPT
 70
     0
  9
$DIMDEC
 70
     2
  9
$DIMTDEC
 70
     2
  9
$DIMALTU
 70
     2
  9
$DIMALTTD
 70
     3
  9
$DIMTXSTY
  7
Standard
  9
$DIMAUNIT
 70
     0
  9
$DIMADEC
 70
     0
  9
$DIMALTRND
 40
0.0
  9
$DIMAZIN
 70
     0
  9
$DIMDSEP
 70
    44
  9
$DIMATFIT
 70
     3
  9
$DIMFRAC
 70
     0
  9
$DIMLDRBLK
  1

  9
$DIMLUNIT
 70
     2
  9
$DIMLWD
 70
    -2
  9
$DIMLWE
 70
    -2
  9
$DIMTMOVE
 70
     0
  9
$DIMFXL
 40
1.0
  9
$DIMFXLON
 70
     0
  9
$DIMJOGANG
 40
0.7853981633974483
  9
$DIMTFILL
 70
     0
  9
$DIMTFILLCLR
 70
     0
  9
$DIMARCSYM
 70
     0
  9
$DIMLTYPE
  6

  9
$DIMLTEX1
  6

  9
$DIMLTEX2
  6

  9
$LUNITS
 70
     2
  9
$LUPREC
 70
     4
  9
$SKETCHINC
 40
1.0
  9
$FILLETRAD
 40
0.0
  9
$AUNITS
 70
     0
  9
$AUPREC
 70
     0
  9
$MENU
  1
.
  9
$ELEVATION
 40
0.0
  9
$PELEVATION
 40
0.0
  9
$THICKNESS
 40
0.0
  9
$LIMCHECK
 70
     0
  9
$CHAMFERA
 40
0.0
  9
$CHAMFERB
 40
0.0
  9
$CHAMFERC
 40
0.0
  9
$CHAMFERD
 40
0.0
  9
$SKPOLY
 70
     0
  9
$TDCREATE
 40
2458590.383113426
  9
$TDUCREATE
 40
2458590.049780092
  9
$TDUPDATE
 40
2458590.384224537
  9
$TDUUPDATE
 40
2458590.050891204
  9
$TDINDWG
 40
0.0011111111
  9
$TDUSRTIMER
 40
0.0011111111
  9
$USRTIMER
 70
     1
  9
$ANGBASE
 50
0.0
  9
$ANGDIR
 70
     0
  9
$PDMODE
 70
     0
  9
$PDSIZE
 40
0.0
  9
$PLINEWID
 40
0.0
  9
$SPLFRAME
 70
     0
  9
$SPLINETYPE
 70
     6
  9
$SPLINESEGS
 70
     8
  9
$HANDSEED
  5
2B8
  9
$SURFTAB1
 70
     6
  9
$SURFTAB2
 70
     6
  9
$SURFTYPE
 70
     6
  9
$SURFU
 70
     6
  9
$SURFV
 70
     6
  9
$UCSBASE
  2

  9
$UCSNAME
  2

  9
$UCSORG
 10
0.0
 20
0.0
 30
0.0
  9
$UCSXDIR
 10
1.0
 20
0.0
 30
0.0
  9
$UCSYDIR
 10
0.0
 20
1.0
 30
0.0
  9
$UCSORTHOREF
  2

  9
$UCSORTHOVIEW
 70
     0
  9
$UCSORGTOP
 10
0.0
 20
0.0
 30
0.0
  9
$UCSORGBOTTOM
 10
0.0
 20
0.0
 30
0.0
  9
$UCSORGLEFT
 10
0.0
 20
0.0
 30
0.0
  9
$UCSORGRIGHT
 10
0.0
 20
0.0
 30
0.0
  9
$UCSORGFRONT
 10
0.0
 20
0.0
 30
0.0
  9
$UCSORGBACK
 10
0.0
 20
0.0
 30
0.0
  9
$PUCSBASE
  2

  9
$PUCSNAME
  2

  9
$PUCSORG
 10
0.0
 20
0.0
 30
0.0
  9
$PUCSXDIR
 10
1.0
 20
0.0
 30
0.0
  9
$PUCSYDIR
 10
0.0
 20
1.0
 30
0.0
  9
$PUCSORTHOREF
  2

  9
$PUCSORTHOVIEW
 70
     0
  9
$PUCSORGTOP
 10
0.0
 20
0.0
 30
0.0
  9
$PUCSORGBOTTOM
 10
0.0
 20
0.0
 30
0.0
  9
$PUCSORGLEFT
 10
0.0
 20
0.0
 30
0.0
  9
$PUCSORGRIGHT
 10
0.0
 20
0.0
 30
0.0
  9
$PUCSORGFRONT
 10
0.0
 20
0.0
 30
0.0
  9
$PUCSORGBACK
 10
0.0
 20
0.0
 30
0.0
  9
$USERI1
 70
     0
  9
$USERI2
 70
     0
  9
$USERI3
 70
     0
  9
$USERI4
 70
     0
  9
$USERI5
 70
     0
  9
$USERR1
 40
0.0
  9
$USERR2
 40
0.0
  9
$USERR3
 40
0.0
  9
$USERR4
 40
0.0
  9
$USERR5
 40
0.0
  9
$WORLDVIEW
 70
     1
  9
$SHADEDGE
 70
     3
  9
$SHADEDIF
 70
    70
  9
$TILEMODE
 70
     1
  9
$MAXACTVP
 70
    64
  9
$PINSBASE
 10
0.0
 20
0.0
 30
0.0
  9
$PLIMCHECK
 70
     0
  9
$PEXTMIN
 10
0.0
 20
0.0
 30
0.0
  9
$PEXTMAX
 10
0.0
 20
0.0
 30
0.0
  9
$PLIMMIN
 10
0.0
 20
0.0
  9
$PLIMMAX
 10
12.0
 20
9.0
  9
$UNITMODE
 70
     0
  9
$VISRETAIN
 70
     1
  9
$PLINEGEN
 70
     0
  9
$PSLTSCALE
 70
     1
  9
$TREEDEPTH
 70
  3020
  9
$CMLSTYLE
  2
Standard
  9
$CMLJUST
 70
     0
  9
$CMLSCALE
 40
20.0
  9
$PROXYGRAPHICS
 70
     1
  9
$MEASUREMENT
 70
     1
  9
$CELWEIGHT
370
    -1
  9
$ENDCAPS
280
     0
  9
$JOINSTYLE
280
     0
  9
$LWDISPLAY
290
     0
  9
$INSUNITS
 70
     4
  9
$HYPERLINKBASE
  1

  9
$STYLESHEET
  1

  9
$XEDIT
290
     1
  9
$CEPSNTYPE
380
     0
  9
$PSTYLEMODE
290
     1
  9
$FINGERPRINTGUID
  2
{96A53CC7-ACDD-234C-B0F9-88300B14E85D}
  9
$VERSIONGUID
  2
{FDA5A254-6150-FA48-A4B8-168CBCE559AD}
  9
$EXTNAMES
290
     1
  9
$PSVPSCALE
 40
0.0
  9
$OLESTARTUP
290
     0
  9
$SORTENTS
280
   127
  9
$INDEXCTL
280
     0
  9
$HIDETEXT
280
     1
  9
$XCLIPFRAME
290
     0
  9
$HALOGAP
280
     0
  9
$OBSCOLOR
 70
   257
  9
$OBSLTYPE
280
     0
  9
$INTERSECTIONDISPLAY
280
     0
  9
$INTERSECTIONCOLOR
 70
   257
  9
$DIMASSOC
280
     2
  9
$PROJECTNAME
  1

  9
$CAMERADISPLAY
290
     0
  9
$LENSLENGTH
 40
50.0
  9
$CAMERAHEIGHT
 40
0.0
  9
$STEPSPERSEC
 40
2.0
  9
$STEPSIZE
 40
6.0
  9
$3DDWFPREC
 40
2.0
  9
$PSOLWIDTH
 40
5.0
  9
$PSOLHEIGHT
 40
80.0
  9
$LOFTANG1
 40
1.570796326794896
  9
$LOFTANG2
 40
1.570796326794896
  9
$LOFTMAG1
 40
0.0
  9
$LOFTMAG2
 40
0.0
  9
$LOFTPARAM
 70
     7
  9
$LOFTNORMALS
280
     1
  9
$LATITUDE
 40
37.795
  9
$LONGITUDE
 40
-122.394
  9
$NORTHDIRECTION
 40
0.0
  9
$TIMEZONE
 70
 -8000
  9
$LIGHTGLYPHDISPLAY
280
     1
  9
$TILEMODELIGHTSYNCH
280
     1
  9
$CMATERIAL
347
EC
  9
$SOLIDHIST
280
     0
  9
$SHOWHIST
280
     1
  9
$DWFFRAME
280
     2
  9
$DGNFRAME
280
     0
  9
$REALWORLDSCALE
290
     1
  9
$INTERFERECOLOR
 62
     1
  9
$INTERFEREOBJVS
345
F9
  9
$INTERFEREVPVS
346
F6
  9
$CSHADOW
280
     0
  9
$SHADOWPLANELOCATION
 40
0.0
  0
ENDSEC
  0
SECTION
  2
CLASSES
  0
CLASS
  1
ACDBDICTIONARYWDFLT
  2
AcDbDictionaryWithDefault
  3
ObjectDBX Classes
 90
        0
 91
        1
280
     0
281
     0
  0
CLASS
  1
DICTIONARYVAR
  2
AcDbDictionaryVar
  3
ObjectDBX Classes
 90
        0
 91
       12
280
     0
281
     0
  0
CLASS
  1
TABLESTYLE
  2
AcDbTableStyle
  3
ObjectDBX Classes
 90
     4095
 91
        1
280
     0
281
     0
  0
CLASS
  1
MATERIAL
  2
AcDbMaterial
  3
ObjectDBX Classes
 90
     1153
 91
        3
280
     0
281
     0
  0
CLASS
  1
VISUALSTYLE
  2
AcDbVisualStyle
  3
ObjectDBX Classes
 90
     4095
 91
       24
280
     0
281
     0
  0
CLASS
  1
SCALE
  2
AcDbScale
  3
ObjectDBX Classes
 90
     1153
 91
       17
280
     0
281
     0
  0
CLASS
  1
MLEADERSTYLE
  2
AcDbMLeaderStyle
  3
ACDB_MLEADERSTYLE_CLASS
 90
     4095
 91
        2
280
     0
281
     0
  0
CLASS
  1
CELLSTYLEMAP
  2
AcDbCellStyleMap
  3
ObjectDBX Classes
 90
     1152
 91
        1
280
     0
281
     0
  0
CLASS
  1
EXACXREFPANELOBJECT
  2
ExAcXREFPanelObject
  3
EXAC_ESW
 90
     1025
 91
        0
280
     0
281
     0
  0
CLASS
  1
NPOCOLLECTION
  2
AcDbImpNonPersistentObjectsCollection
  3
ObjectDBX Classes
 90
     1153
 91
        0
280
     0
281
     0
  0
CLASS
  1
LAYER_INDEX
  2
AcDbLayerIndex
  3
ObjectDBX Classes
 90
        0
 91
        0
280
     0
281
     0
  0
CLASS
  1
SPATIAL_INDEX
  2
AcDbSpatialIndex
  3
ObjectDBX Classes
 90
        0
 91
        0
280
     0
281
     0
  0
CLASS
  1
IDBUFFER
  2
AcDbIdBuffer
  3
ObjectDBX Classes
 90
        0
 91
        0
280
     0
281
     0
  0
CLASS
  1
ACDBSECTIONVIEWSTYLE
  2
AcDbSectionViewStyle
  3
ObjectDBX Classes
 90
     1025
 91
        1
280
     0
281
     0
  0
CLASS
  1
ACDBDETAILVIEWSTYLE
  2
AcDbDetailViewStyle
  3
ObjectDBX Classes
 90
     1025
 91
        1
280
     0
281
     0
  0
ENDSEC
  0
SECTION
  2
TABLES
  0
TABLE
  2
VPORT
  5
8
330
0
100
AcDbSymbolTable
 70
     1
  0
VPORT
  5
EA
330
8
100
AcDbSymbolTableRecord
100
AcDbViewportTableRecord
  2
*Active
 70
     0
 10
0.0
 20
0.0
 11
1.0
 21
1.0
 12
26.13531116233776
 22
8.376287332784158
 13
0.0
 23
0.0
 14
10.0
 24
10.0
 15
10.0
 25
10.0
 16
0.0
 26
0.0
 36
1.0
 17
0.0
 27
0.0
 37
0.0
 40
393.0272442228397
 41
2.104271356783919
 42
50.0
 43
0.0
 44
0.0
 50
0.0
 51
0.0
 71
     0
 72
  1000
 73
     1
 74
     3
 75
     0
 76
     1
 77
     0
 78
     0
281
     0
 65
     1
110
0.0
120
0.0
130
0.0
111
1.0
121
0.0
131
0.0
112
0.0
122
1.0
132
0.0
 79
     0
146
0.0
348
F5
 60
     3
 61
     5
292
     1
282
     1
141
0.0
142
0.0
 63
   250
421
  3355443
1001
ACAD_NAV_VCDISPLAY
1070
     3
  0
ENDTAB
  0
TABLE
  2
LTYPE
  5
5
330
0
100
AcDbSymbolTable
 70
     2
  0
LTYPE
  5
14
330
5
100
AcDbSymbolTableRecord
100
AcDbLinetypeTableRecord
  2
ByBlock
 70
     0
  3

 72
    65
 73
     0
 40
0.0
  0
LTYPE
  5
15
330
5
100
AcDbSymbolTableRecord
100
AcDbLinetypeTableRecord
  2
ByLayer
 70
     0
  3

 72
    65
 73
     0
 40
0.0
  0
LTYPE
  5
16
330
5
100
AcDbSymbolTableRecord
100
AcDbLinetypeTableRecord
  2
Continuous
 70
     0
  3
Solid line
 72
    65
 73
     0
 40
0.0
  0
ENDTAB
  0
TABLE
  2
LAYER
  5
2
102
{ACAD_XDICTIONARY
360
1FF
102
}
330
0
100
AcDbSymbolTable
 70
     1
0
LAYER
5
b11
100
AcDbSymbolTableRecord
100
AcDbLayerTableRecord
2
TopLayer
70
0
420
16711680
6
Continuous
370
-3
390
F
347
21
0
LAYER
5
b12
100
AcDbSymbolTableRecord
100
AcDbLayerTableRecord
2
BottomLayer
70
0
420
255
6
Continuous
370
-3
390
F
347
21
0
LAYER
5
b13
100
AcDbSymbolTableRecord
100
AcDbLayerTableRecord
2
TopSilkLayer
70
0
420
16763904
6
Continuous
370
-3
390
F
347
21
0
LAYER
5
b14
100
AcDbSymbolTableRecord
100
AcDbLayerTableRecord
2
TopSolderMaskLayer
70
0
420
8388736
6
Continuous
370
-3
390
F
347
21
0
LAYER
5
b15
100
AcDbSymbolTableRecord
100
AcDbLayerTableRecord
2
BottomSolderMaskLayer
70
0
420
11141375
6
Continuous
370
-3
390
F
347
21
0
LAYER
5
b16
100
AcDbSymbolTableRecord
100
AcDbLayerTableRecord
2
BoardOutLine
70
0
420
16711935
6
Continuous
370
-3
390
F
347
21
0
LAYER
5
b17
100
AcDbSymbolTableRecord
100
AcDbLayerTableRecord
2
Multi-Layer
70
0
420
12632256
6
Continuous
370
-3
390
F
347
21
0
LAYER
5
b18
100
AcDbSymbolTableRecord
100
AcDbLayerTableRecord
2
Document
70
0
420
16777215
6
Continuous
370
-3
390
F
347
21
0
LAYER
5
b19
100
AcDbSymbolTableRecord
100
AcDbLayerTableRecord
2
Hole
70
0
420
2236962
6
Continuous
370
-3
390
F
347
21
  0
LAYER
  5
10
102
{ACAD_XDICTIONARY
360
13C
102
}
330
2
100
AcDbSymbolTableRecord
100
AcDbLayerTableRecord
  2
0
 70
     0
 62
     7
  6
Continuous
370
    -3
390
F
347
EE
  0
ENDTAB
  0
TABLE
  2
STYLE
  5
3
330
0
100
AcDbSymbolTable
 70
     2
  0
STYLE
  5
11
330
3
100
AcDbSymbolTableRecord
100
AcDbTextStyleTableRecord
  2
Standard
 70
     0
 40
0.0
 41
1.0
 50
0.0
 71
     0
 42
2.5
  3
arial.ttf
  4

1001
ACAD
1000
Arial
1071
       34
  0
STYLE
  5
132
330
3
100
AcDbSymbolTableRecord
100
AcDbTextStyleTableRecord
  2
Annotative
 70
     0
 40
0.0
 41
1.0
 50
0.0
 71
     0
 42
2.5
  3
arial.ttf
  4

1001
AcadAnnotative
1000
AnnotativeData
1002
{
1070
     1
1070
     1
1002
}
1001
ACAD
1000
Arial
1071
       34
  0
ENDTAB
  0
TABLE
  2
VIEW
  5
6
330
0
100
AcDbSymbolTable
 70
     0
  0
ENDTAB
  0
TABLE
  2
UCS
  5
7
330
0
100
AcDbSymbolTable
 70
     0
  0
ENDTAB
  0
TABLE
  2
APPID
  5
9
330
0
100
AcDbSymbolTable
 70
     9
  0
APPID
  5
12
330
9
100
AcDbSymbolTableRecord
100
AcDbRegAppTableRecord
  2
ACAD
 70
     0
  0
APPID
  5
9E
330
9
100
AcDbSymbolTableRecord
100
AcDbRegAppTableRecord
  2
ACAD_PSEXT
 70
     0
  0
APPID
  5
133
330
9
100
AcDbSymbolTableRecord
100
AcDbRegAppTableRecord
  2
AcadAnnoPO
 70
     0
  0
APPID
  5
134
330
9
100
AcDbSymbolTableRecord
100
AcDbRegAppTableRecord
  2
AcadAnnotative
 70
     0
  0
APPID
  5
135
330
9
100
AcDbSymbolTableRecord
100
AcDbRegAppTableRecord
  2
ACAD_DSTYLE_DIMJAG
 70
     0
  0
APPID
  5
136
330
9
100
AcDbSymbolTableRecord
100
AcDbRegAppTableRecord
  2
ACAD_DSTYLE_DIMTALN
 70
     0
  0
APPID
  5
165
330
9
100
AcDbSymbolTableRecord
100
AcDbRegAppTableRecord
  2
ACAD_MLEADERVER
 70
     0
  0
APPID
  5
217
330
9
100
AcDbSymbolTableRecord
100
AcDbRegAppTableRecord
  2
ACAD_NAV_VCDISPLAY
 70
     0
  0
APPID
  5
26E
330
9
100
AcDbSymbolTableRecord
100
AcDbRegAppTableRecord
  2
ACAD_EXEMPT_FROM_CAD_STANDARDS
 70
     0
  0
ENDTAB
  0
TABLE
  2
DIMSTYLE
  5
A
330
0
100
AcDbSymbolTable
 70
     4
100
AcDbDimStyleTable
 71
     2
340
27
340
137
  0
DIMSTYLE
105
1B0
330
A
100
AcDbSymbolTableRecord
100
AcDbDimStyleTableRecord
  2
Standard
 70
     0
340
11
  0
DIMSTYLE
105
137
330
A
100
AcDbSymbolTableRecord
100
AcDbDimStyleTableRecord
  2
Annotative
 70
     0
 40
0.0
 41
2.5
 42
0.625
 43
3.75
 44
1.25
 73
     0
 74
     0
 77
     1
 78
     8
140
2.5
141
2.5
143
0.03937007874016
147
0.625
171
     3
172
     1
271
     2
272
     2
274
     3
278
    44
283
     0
284
     8
340
11
1001
AcadAnnotative
1000
AnnotativeData
1002
{
1070
     1
1070
     1
1002
}
1001
ACAD_DSTYLE_DIMJAG
1070
   388
1040
1.5
1001
ACAD_DSTYLE_DIMTALN
1070
   392
1070
     0
  0
DIMSTYLE
105
27
330
A
100
AcDbSymbolTableRecord
100
AcDbDimStyleTableRecord
  2
ISO-25
 70
     0
 41
2.5
 42
0.625
 43
3.75
 44
1.25
 73
     0
 74
     0
 77
     1
 78
     8
140
2.5
141
2.5
143
0.03937007874016
147
0.625
171
     3
172
     1
271
     2
272
     2
274
     3
278
    44
283
     0
284
     8
340
11
  0
ENDTAB
  0
TABLE
  2
BLOCK_RECORD
  5
1
330
0
100
AcDbSymbolTable
 70
     2
  0
BLOCK_RECORD
  5
1F
102
{ACAD_XDICTIONARY
360
1CE
102
}
330
1
100
AcDbSymbolTableRecord
100
AcDbBlockTableRecord
  2
*Model_Space
340
22
 70
     0
280
     1
281
     0
  0
BLOCK_RECORD
  5
D2
330
1
100
AcDbSymbolTableRecord
100
AcDbBlockTableRecord
  2
*Paper_Space
340
D3
 70
     0
280
     1
281
     0
  0
BLOCK_RECORD
  5
D6
330
1
100
AcDbSymbolTableRecord
100
AcDbBlockTableRecord
  2
*Paper_Space0
340
D7
 70
     0
280
     1
281
     0
  0
ENDTAB
  0
ENDSEC
  0
SECTION
  2
BLOCKS
  0
BLOCK
  5
20
330
1F
100
AcDbEntity
  8
0
100
AcDbBlockBegin
  2
*Model_Space
 70
     0
 10
0.0
 20
0.0
 30
0.0
  3
*Model_Space
  1

  0
ENDBLK
  5
21
330
1F
100
AcDbEntity
  8
0
100
AcDbBlockEnd
  0
BLOCK
  5
D4
330
D2
100
AcDbEntity
 67
     1
  8
0
100
AcDbBlockBegin
  2
*Paper_Space
 70
     0
 10
0.0
 20
0.0
 30
0.0
  3
*Paper_Space
  1

  0
ENDBLK
  5
D5
330
D2
100
AcDbEntity
 67
     1
  8
0
100
AcDbBlockEnd
  0
BLOCK
  5
D8
330
D6
100
AcDbEntity
 67
     1
  8
0
100
AcDbBlockBegin
  2
*Paper_Space0
 70
     0
 10
0.0
 20
0.0
 30
0.0
  3
*Paper_Space0
  1

  0
ENDBLK
  5
D9
330
D6
100
AcDbEntity
 67
     1
  8
0
100
AcDbBlockEnd
  0
ENDSEC
  0
SECTION
  2
ENTITIES
  0
LWPOLYLINE
  5
3e8
330
1F
100
AcDbEntity
  8
BottomLayer
100
AcDbPolyline
 90
2
 70
 0
 43
0.5 
 10
19.81203962407926
 20
55.118186436372866
 10
13.335026670053367
 20
61.595199390398875
 10
12.70002540005089
 20
61.595199390398875
  0
LWPOLYLINE
  5
3e9
330
1F
100
AcDbEntity
  8
BottomLayer
100
AcDbPolyline
 90
1
 70
 0
 43
0.5 
 10
70.73914147828305
 20
75.3112268224537
 10
64.69672339344697
 20
69.2688087376174
  0
LWPOLYLINE
  5
3ea
330
1F
100
AcDbEntity
  8
BottomLayer
100
AcDbPolyline
 90
1
 70
 0
 43
0.5 
 10
64.69672339344697
 20
69.2688087376174
 10
64.69672339344697
 20
68.83370586741182
  0
LWPOLYLINE
  5
3eb
330
1F
100
AcDbEntity
  8
BottomLayer
100
AcDbPolyline
 90
2
 70
 0
 43
0.5 
 10
9.46151892303783
 20
74.67622555245111
 10
12.70002540005089
 20
71.43771907543817
 10
12.70002540005089
 20
61.595199390398875
  0
LWPOLYLINE
  5
3ec
330
1F
100
AcDbEntity
  8
BottomLayer
100
AcDbPolyline
 90
4
 70
 0
 43
0.5 
 10
70.73914147828305
 20
75.3112268224537
 10
72.27152654305314
 20
73.7788417576835
 10
72.27152654305314
 20
46.88577597155199
 10
70.85140970281941
 20
45.46565913131826
 10
64.69672339344697
 20
45.46565913131826
  0
LWPOLYLINE
  5
3ed
330
1F
100
AcDbEntity
  8
BottomLayer
100
AcDbPolyline
 90
2
 70
 0
 43
0.5 
 10
46.86309372618757
 20
8.128092456184959
 10
39.243078486156946
 20
15.74810769621547
 10
39.243078486156946
 20
24.892125984251948
  0
LWPOLYLINE
  5
3ee
330
1F
100
AcDbEntity
  8
BottomLayer
100
AcDbPolyline
 90
3
 70
 0
 43
0.5 
 10
4.572009144018239
 20
58.21267462534934
 10
2.6184912369825497
 20
56.25915671831342
 10
2.6184912369825497
 20
38.61424942849885
 10
14.562611125222247
 20
26.670129540259154
  0
LWPOLYLINE
  5
3ef
330
1F
100
AcDbEntity
  8
BottomLayer
100
AcDbPolyline
 90
1
 70
 0
 43
0.5 
 10
4.572009144018239
 20
59.563195326390655
 10
4.572009144018239
 20
58.21267462534934
  0
LWPOLYLINE
  5
3f0
330
1F
100
AcDbEntity
  8
BottomLayer
100
AcDbPolyline
 90
1
 70
 0
 43
0.5 
 10
16.00203200406395
 20
26.670129540259154
 10
14.562611125222247
 20
26.670129540259154
  0
LWPOLYLINE
  5
3f1
330
1F
100
AcDbEntity
  8
BottomLayer
100
AcDbPolyline
 90
3
 70
 0
 43
0.5 
 10
53.84810769621549
 20
79.62923545847093
 10
53.84810769621549
 20
78.6071374142748
 10
63.18643637287278
 20
69.2688087376174
 10
64.69672339344697
 20
69.2688087376174
  0
LWPOLYLINE
  5
3f2
330
1F
100
AcDbEntity
  8
BottomLayer
100
AcDbPolyline
 90
2
 70
 0
 43
0.5 
 10
18.54203708407408
 20
26.670129540259154
 10
18.54203708407408
 20
28.75420370840743
 10
7.2910845821691055
 20
40.00515621031241
  0
LWPOLYLINE
  5
3f3
330
1F
100
AcDbEntity
  8
BottomLayer
100
AcDbPolyline
 90
1
 70
 0
 43
0.5 
 10
5.461010922021842
 20
40.00515621031241
 10
7.2910845821691055
 20
40.00515621031241
  0
LWPOLYLINE
  5
3f4
330
1F
100
AcDbEntity
  8
BottomLayer
100
AcDbPolyline
 90
3
 70
 0
 43
0.5 
 10
57.096520193040305
 20
51.05367030734067
 10
55.45745491490993
 20
49.414605029210065
 10
55.45745491490993
 20
29.324688849377708
 10
57.096520193040305
 20
27.68562357124722
  0
LWPOLYLINE
  5
3f5
330
1F
100
AcDbEntity
  8
BottomLayer
100
AcDbPolyline
 90
2
 70
 0
 43
0.5 
 10
57.096520193040305
 20
27.68562357124722
 10
57.096520193040305
 20
15.821513843027674
 10
46.86309372618757
 20
5.588087376174826
  0
LWPOLYLINE
  5
3f6
330
1F
100
AcDbEntity
  8
BottomLayer
100
AcDbPolyline
 90
1
 70
 0
 43
0.5 
 10
64.69672339344697
 20
27.68562357124722
 10
66.29718059436118
 20
27.68562357124722
  0
LWPOLYLINE
  5
3f7
330
1F
100
AcDbEntity
  8
BottomLayer
100
AcDbPolyline
 90
4
 70
 0
 43
0.5 
 10
66.29718059436118
 20
27.68562357124722
 10
80.6428752857505
 20
42.031318262636546
 10
80.6428752857505
 20
79.27058674117347
 10
84.30353060706125
 20
82.93124206248422
 10
85.97917195834384
 20
82.93124206248422
  0
LWPOLYLINE
  5
3f8
330
1F
100
AcDbEntity
  8
BottomLayer
100
AcDbPolyline
 90
1
 70
 0
 43
0.5 
 10
3.6309372618745783
 20
47.62517145034292
 10
3.6309372618745783
 20
40.00515621031241
  0
LWPOLYLINE
  5
3f9
330
1F
100
AcDbEntity
  8
BottomLayer
100
AcDbPolyline
 90
1
 70
 0
 43
0.5 
 10
5.461010922021842
 20
47.62517145034292
 10
3.6309372618745783
 20
47.62517145034292
  0
LWPOLYLINE
  5
3fa
330
1F
100
AcDbEntity
  8
BottomLayer
100
AcDbPolyline
 90
1
 70
 0
 43
0.5 
 10
5.461010922021842
 20
40.00515621031241
 10
3.6309372618745783
 20
40.00515621031241
  0
LWPOLYLINE
  5
3fb
330
1F
100
AcDbEntity
  8
BottomLayer
100
AcDbPolyline
 90
2
 70
 0
 43
0.25400050800101603 
 10
3.8100076200153126
 20
67.57614935229878
 10
5.842011684023419
 20
65.54414528829068
 10
5.842011684023419
 20
59.563195326390655
  0
LWPOLYLINE
  5
3fc
330
1F
100
AcDbEntity
  8
BottomLayer
100
AcDbPolyline
 90
7
 70
 0
 43
0.5 
 10
39.243078486156946
 20
5.588087376174826
 10
40.975869951739924
 20
3.855295910591849
 10
48.088646177292276
 20
3.855295910591849
 10
60.89662179324364
 20
16.6632715265431
 10
60.89662179324364
 20
44.147142494284935
 10
67.64135128270254
 20
50.891871983743954
 10
67.64135128270254
 20
67.13342646685282
 10
70.73914147828305
 20
70.23121666243333
  0
LWPOLYLINE
  5
3fd
330
1F
100
AcDbEntity
  8
BottomLayer
100
AcDbPolyline
 90
3
 70
 0
 43
0.25400050800101603 
 10
6.967995935991894
 20
42.54516129032265
 10
7.168402336804775
 20
42.74556769113531
 10
7.168402336804775
 20
59.506807213614366
 10
7.112014224028371
 20
59.563195326390655
  0
LWPOLYLINE
  5
3fe
330
1F
100
AcDbEntity
  8
BottomLayer
100
AcDbPolyline
 90
1
 70
 0
 43
0.25400050800101603 
 10
5.461010922021842
 20
42.54516129032265
 10
6.967995935991894
 20
42.54516129032265
  0
LWPOLYLINE
  5
3ff
330
1F
100
AcDbEntity
  8
BottomLayer
100
AcDbPolyline
 90
6
 70
 0
 43
0.5 
 10
38.60807721615447
 20
82.16924053848118
 10
38.33985267970547
 20
82.16924053848118
 10
32.066548133096376
 20
75.89593599187197
 10
31.584709169418375
 20
75.89593599187197
 10
23.399288798577572
 20
67.71051562103128
 10
23.399288798577572
 20
28.9873761747524
 10
21.08204216408444
 20
26.670129540259154
  0
LWPOLYLINE
  5
400
330
1F
100
AcDbEntity
  8
BottomLayer
100
AcDbPolyline
 90
3
 70
 0
 43
0.25400050800101603 
 10
64.69672339344697
 20
61.21369062738131
 10
59.19253238506485
 20
66.7178816357632
 10
59.19253238506485
 20
71.74480568961133
 10
51.30810261620536
 20
79.62923545847093
  0
LWPOLYLINE
  5
401
330
1F
100
AcDbEntity
  8
BottomLayer
100
AcDbPolyline
 90
4
 70
 0
 43
0.25400050800101603 
 10
64.69672339344697
 20
56.13368046736093
 10
58.418338836677776
 20
62.412065024130015
 10
58.418338836677776
 20
70.43314706629417
 10
49.22225044450079
 20
79.62923545847093
 10
48.768097536195
 20
79.62923545847093
  0
LWPOLYLINE
  5
402
330
1F
100
AcDbEntity
  8
BottomLayer
100
AcDbPolyline
 90
2
 70
 0
 43
0.25400050800101603 
 10
67.58597917195834
 20
70.87739395478786
 10
66.58572517145035
 20
69.87713995427987
 10
66.58572517145035
 20
62.61120142240293
  0
LWPOLYLINE
  5
403
330
1F
100
AcDbEntity
  8
BottomLayer
100
AcDbPolyline
 90
3
 70
 0
 43
0.25400050800101603 
 10
43.688087376174735
 20
82.16924053848118
 10
42.441198882397885
 20
83.41612903225803
 10
42.441198882397885
 20
83.9777241554483
 10
42.44094488188989
 20
83.9777241554483
  0
LWPOLYLINE
  5
404
330
1F
100
AcDbEntity
  8
BottomLayer
100
AcDbPolyline
 90
2
 70
 0
 43
0.25400050800101603 
 10
70.73914147828305
 20
80.39123698247397
 10
64.87147574295159
 20
74.52357124714251
 10
64.87147574295159
 20
72.46235712471423
  0
LWPOLYLINE
  5
405
330
1F
100
AcDbEntity
  8
BottomLayer
100
AcDbPolyline
 90
1
 70
 0
 43
0.5 
 10
58.79959359918712
 20
16.335102870205674
 10
58.79959359918712
 20
60.27236474472954
  0
LWPOLYLINE
  5
406
330
1F
100
AcDbEntity
  8
BottomLayer
100
AcDbPolyline
 90
2
 70
 0
 43
0.5 
 10
61.46812293624589
 20
82.16924053848118
 10
63.60782321564648
 20
80.02954025908059
 10
63.60782321564648
 20
70.61602743205492
  0
LWPOLYLINE
  5
407
330
1F
100
AcDbEntity
  8
BottomLayer
100
AcDbPolyline
 90
4
 70
 0
 43
0.25400050800101603 
 10
48.768097536195
 20
82.16924053848118
 10
47.49809499619005
 20
80.899237998476
 10
47.49809499619005
 20
63.21699263398523
 10
53.099568199136456
 20
57.61551943103882
 10
53.099568199136456
 20
48.43314706629417
  0
LWPOLYLINE
  5
408
330
1F
100
AcDbEntity
  8
BottomLayer
100
AcDbPolyline
 90
2
 70
 0
 43
0.25400050800101603 
 10
52.00025400050822
 20
75.81363982727976
 10
53.94742189484373
 20
73.86647193294391
 10
53.94742189484373
 20
49.25636271272549
  0
LWPOLYLINE
  5
409
330
1F
100
AcDbEntity
  8
BottomLayer
100
AcDbPolyline
 90
1
 70
 0
 43
0.25400050800101603 
 10
44.32308864617721
 20
24.892125984251948
 10
45.51257302514614
 20
24.892125984251948
  0
LWPOLYLINE
  5
40a
330
1F
100
AcDbEntity
  8
BottomLayer
100
AcDbPolyline
 90
1
 70
 0
 43
0.25400050800101603 
 10
45.51257302514614
 20
24.892125984251948
 10
45.51257302514614
 20
22.126822453644877
  0
LWPOLYLINE
  5
40b
330
1F
100
AcDbEntity
  8
BottomLayer
100
AcDbPolyline
 90
1
 70
 0
 43
0.25400050800101603 
 10
83.93649987299978
 20
65.15120650241306
 10
83.93649987299978
 20
22.219532639065278
  0
LWPOLYLINE
  5
40c
330
1F
100
AcDbEntity
  8
BottomLayer
100
AcDbPolyline
 90
2
 70
 0
 43
0.25400050800101603 
 10
9.46151892303783
 20
67.57614935229878
 10
9.46151892303783
 20
61.78569977139955
 10
12.70002540005089
 20
58.5471932943866
  0
LWPOLYLINE
  5
40d
330
1F
100
AcDbEntity
  8
BottomLayer
100
AcDbPolyline
 90
1
 70
 0
 43
0.25400050800101603 
 10
65.71145542291083
 20
71.5189992379984
 10
68.87884175768363
 20
74.6863855727712
  0
LWPOLYLINE
  5
40e
330
1F
100
AcDbEntity
  8
BottomLayer
100
AcDbPolyline
 90
2
 70
 0
 43
0.25400050800101603 
 10
86.741173482347
 20
31.242138684277393
 10
84.71018542037086
 20
33.27312674625341
 10
84.71018542037086
 20
81.74048768097543
  0
LWPOLYLINE
  5
40f
330
1F
100
AcDbEntity
  8
BottomLayer
100
AcDbPolyline
 90
1
 70
 0
 43
0.5 
 10
58.92811785623576
 20
79.62923545847093
 10
58.92811785623576
 20
82.16924053848118
  0
LWPOLYLINE
  5
410
330
1F
100
AcDbEntity
  8
BottomLayer
100
AcDbPolyline
 90
1
 70
 0
 43
0.5 
 10
41.78308356616708
 20
8.128092456184959
 10
41.78308356616708
 20
5.588087376174826
  0
LWPOLYLINE
  5
411
330
1F
100
AcDbEntity
  8
BottomLayer
100
AcDbPolyline
 90
3
 70
 0
 43
0.5 
 10
41.78308356616708
 20
8.128092456184959
 10
25.660655321310514
 20
24.25052070104141
 10
25.660655321310514
 20
42.53169926339842
 10
24.71069342138685
 20
43.481661163322315
  0
LWPOLYLINE
  5
412
330
1F
100
AcDbEntity
  8
BottomLayer
100
AcDbPolyline
 90
2
 70
 0
 43
0.5 
 10
32.10261620523238
 20
74.64523749047498
 10
32.10261620523238
 20
50.873583947167845
 10
24.71069342138685
 20
43.481661163322315
  0
LWPOLYLINE
  5
413
330
1F
100
AcDbEntity
  8
BottomLayer
100
AcDbPolyline
 90
6
 70
 0
 43
0.25400050800101603 
 10
36.486410972821886
 20
84.81236982473968
 10
36.486410972821886
 20
81.55735331470669
 10
31.702565405130827
 20
76.77350774701551
 10
31.221234442468813
 20
76.77350774701551
 10
21.565913131826164
 20
67.11818643637287
 10
21.565913131826164
 20
59.412065024130015
 10
19.81203962407926
 20
57.65819151638311
  0
LWPOLYLINE
  5
414
330
1F
100
AcDbEntity
  8
BottomLayer
100
AcDbPolyline
 90
2
 70
 0
 43
0.25400050800101603 
 10
85.97917195834384
 20
67.6912115824232
 10
88.44577089154177
 20
65.22461264922526
 10
88.44577089154177
 20
22.953086106172236
  0
LWPOLYLINE
  5
415
330
1F
100
AcDbEntity
  8
BottomLayer
100
AcDbPolyline
 90
4
 70
 0
 43
0.25400050800101603 
 10
41.1480822961646
 20
79.62923545847093
 10
43.13233426466854
 20
77.64498348996688
 10
43.13233426466854
 20
37.811861823723575
 10
55.82042164084328
 20
25.12377444754884
 10
55.82042164084328
 20
21.48597917195832
  0
LWPOLYLINE
  5
416
330
1F
100
AcDbEntity
  8
BottomLayer
100
AcDbPolyline
 90
2
 70
 0
 43
0.25400050800101603 
 10
64.69672339344697
 20
37.845643891287864
 10
79.58724917449831
 20
52.736169672339315
 10
79.58724917449831
 20
62.61120142240293
  0
LWPOLYLINE
  5
417
330
1F
100
AcDbEntity
  8
BoardOutLine
100
AcDbPolyline
 90
1
 70
 0
 43
0.25400050800101603 
 10
3
 20
88.01099822199649
 10
91
 20
88.01099822199649
  0
LWPOLYLINE
  5
418
330
1F
100
AcDbEntity
  8
BoardOutLine
100
AcDbPolyline
 90
1
 70
 0
 43
0.25400050800101603 
 10
0
 20
3
 10
0
 20
85.01099822199637
  0
LWPOLYLINE
  5
419
330
1F
100
AcDbEntity
  8
BoardOutLine
100
AcDbPolyline
 90
1
 70
 0
 43
0.25400050800101603 
 10
91
 20
0
 10
3
 20
0
  0
LWPOLYLINE
  5
41a
330
1F
100
AcDbEntity
  8
BoardOutLine
100
AcDbPolyline
 90
1
 70
 0
 43
0.25400050800101603 
 10
94.00000000000023
 20
85.01099822199637
 10
94.00000000000023
 20
3
  0
LWPOLYLINE
  5
41b
330
1F
100
AcDbEntity
  8
TopLayer
100
AcDbPolyline
 90
5
 70
 0
 43
0.25400050800101603 
 10
64.69672339344697
 20
32.765633731267485
 10
80.57124714249426
 20
48.64015748031488
 10
86.42316484632966
 20
48.64015748031488
 10
87.18872237744472
 20
49.40571501142995
 10
87.18872237744472
 20
56.32164084328167
 10
85.97917195834384
 20
57.53119126238255
  0
LWPOLYLINE
  5
41c
330
1F
100
AcDbEntity
  8
TopLayer
100
AcDbPolyline
 90
3
 70
 0
 43
0.25400050800101603 
 10
85.97917195834384
 20
60.07119634239268
 10
84.70916941833889
 20
58.801193802387616
 10
64.82423164846318
 20
58.801193802387616
 10
64.69672339344697
 20
58.67368554737118
  0
LWPOLYLINE
  5
41d
330
1F
100
AcDbEntity
  8
TopLayer
100
AcDbPolyline
 90
3
 70
 0
 43
0.25400050800101603 
 10
85.97917195834384
 20
54.99118618237242
 10
84.70916941833889
 20
53.72118364236735
 10
64.82423164846318
 20
53.72118364236735
 10
64.69672339344697
 20
53.5936753873508
  0
LWPOLYLINE
  5
41e
330
1F
100
AcDbEntity
  8
TopLayer
100
AcDbPolyline
 90
3
 70
 0
 43
0.25400050800101603 
 10
85.97917195834384
 20
49.91117602235204
 10
84.7830835661673
 20
51.1072644145288
 10
66.02768605537221
 20
51.1072644145288
 10
65.97409194818397
 20
51.05367030734067
  0
LWPOLYLINE
  5
41f
330
1F
100
AcDbEntity
  8
TopLayer
100
AcDbPolyline
 90
1
 70
 0
 43
0.25400050800101603 
 10
64.69672339344697
 20
51.05367030734067
 10
65.97409194818397
 20
51.05367030734067
  0
LWPOLYLINE
  5
420
330
1F
100
AcDbEntity
  8
TopLayer
100
AcDbPolyline
 90
2
 70
 0
 43
0.5 
 10
85.97917195834384
 20
80.39123698247397
 10
80.89916179832358
 20
75.3112268224537
 10
70.73914147828305
 20
75.3112268224537
  0
LWPOLYLINE
  5
421
330
1F
100
AcDbEntity
  8
TopLayer
100
AcDbPolyline
 90
2
 70
 0
 43
0.5 
 10
38.60807721615447
 20
79.62923545847093
 10
31.971043942087817
 20
79.62923545847093
 10
31.844043688087368
 20
79.50223520447048
  0
LWPOLYLINE
  5
422
330
1F
100
AcDbEntity
  8
TopLayer
100
AcDbPolyline
 90
3
 70
 0
 43
0.5 
 10
43.688087376174735
 20
79.62923545847093
 10
42.21336042672101
 20
78.15450850901709
 10
40.082804165608195
 20
78.15450850901709
 10
38.60807721615447
 20
79.62923545847093
  0
LWPOLYLINE
  5
423
330
1F
100
AcDbEntity
  8
TopLayer
100
AcDbPolyline
 90
3
 70
 0
 43
0.5 
 10
53.84810769621549
 20
79.62923545847093
 10
52.37185674371358
 20
78.15298450596902
 10
45.16433832867665
 20
78.15298450596902
 10
43.688087376174735
 20
79.62923545847093
  0
LWPOLYLINE
  5
424
330
1F
100
AcDbEntity
  8
TopLayer
100
AcDbPolyline
 90
2
 70
 0
 43
0.5 
 10
4.572009144018239
 20
60.91371602743209
 10
5.25349250698514
 20
61.595199390398875
 10
12.70002540005089
 20
61.595199390398875
  0
LWPOLYLINE
  5
425
330
1F
100
AcDbEntity
  8
TopLayer
100
AcDbPolyline
 90
1
 70
 0
 43
0.5 
 10
4.572009144018239
 20
59.563195326390655
 10
4.572009144018239
 20
60.91371602743209
  0
LWPOLYLINE
  5
426
330
1F
100
AcDbEntity
  8
TopLayer
100
AcDbPolyline
 90
3
 70
 0
 43
0.5 
 10
9.46151892303783
 20
74.67622555245111
 10
11.932943865887864
 20
77.14765049530104
 10
29.489458978918037
 20
77.14765049530104
 10
31.844043688087368
 20
79.50223520447048
  0
LWPOLYLINE
  5
427
330
1F
100
AcDbEntity
  8
TopLayer
100
AcDbPolyline
 90
3
 70
 0
 43
0.5 
 10
16.00203200406395
 20
26.670129540259154
 10
17.70637541275096
 20
28.374472948945936
 10
35.76073152146296
 20
28.374472948945936
 10
39.243078486156946
 20
24.892125984251948
  0
LWPOLYLINE
  5
428
330
1F
100
AcDbEntity
  8
TopLayer
100
AcDbPolyline
 90
5
 70
 0
 43
0.5 
 10
86.741173482347
 20
26.162128524257128
 10
86.49250698501396
 20
25.91346202692398
 10
54.95402590805202
 20
25.91346202692398
 10
53.76200152400315
 20
27.105486410972844
 10
41.45643891287773
 20
27.105486410972844
 10
39.243078486156946
 20
24.892125984251948
  0
LWPOLYLINE
  5
429
330
1F
100
AcDbEntity
  8
TopLayer
100
AcDbPolyline
 90
1
 70
 0
 43
0.5 
 10
5.461010922021842
 20
47.62517145034292
 10
7.2910845821691055
 20
47.62517145034292
  0
LWPOLYLINE
  5
42a
330
1F
100
AcDbEntity
  8
TopLayer
100
AcDbPolyline
 90
5
 70
 0
 43
0.5 
 10
18.54203708407408
 20
26.670129540259154
 10
20.205486410972753
 20
25.006680213360482
 10
24.39852679705359
 20
25.006680213360482
 10
26.765557531115064
 20
27.373710947421955
 10
31.681483362966674
 20
27.373710947421955
 10
34.16306832613668
 20
24.892125984251948
  0
LWPOLYLINE
  5
42b
330
1F
100
AcDbEntity
  8
TopLayer
100
AcDbPolyline
 90
1
 70
 0
 43
0.5 
 10
57.096520193040305
 20
27.68562357124722
 10
64.69672339344697
 20
27.68562357124722
  0
LWPOLYLINE
  5
42c
330
1F
100
AcDbEntity
  8
TopLayer
100
AcDbPolyline
 90
2
 70
 0
 43
0.5 
 10
7.2910845821691055
 20
47.62517145034292
 10
12.24409448818892
 20
52.578181356362734
 10
19.81203962407926
 20
52.578181356362734
  0
LWPOLYLINE
  5
42d
330
1F
100
AcDbEntity
  8
TopLayer
100
AcDbPolyline
 90
2
 70
 0
 43
0.5 
 10
19.81203962407926
 20
52.578181356362734
 10
55.572009144018466
 20
52.578181356362734
 10
57.096520193040305
 20
51.05367030734067
  0
LWPOLYLINE
  5
42e
330
1F
100
AcDbEntity
  8
TopLayer
100
AcDbPolyline
 90
2
 70
 0
 43
0.5 
 10
70.73914147828305
 20
70.23121666243333
 10
61.46812293624589
 20
79.50223520447048
 10
61.46812293624589
 20
79.62923545847093
  0
LWPOLYLINE
  5
42f
330
1F
100
AcDbEntity
  8
TopLayer
100
AcDbPolyline
 90
1
 70
 0
 43
0.25400050800101603 
 10
70.73914147828305
 20
62.61120142240293
 10
66.58572517145035
 20
62.61120142240293
  0
LWPOLYLINE
  5
430
330
1F
100
AcDbEntity
  8
TopLayer
100
AcDbPolyline
 90
5
 70
 0
 43
0.25400050800101603 
 10
67.58597917195834
 20
70.87739395478786
 10
65.24688849377708
 20
73.21648463296924
 10
62.319024638049314
 20
73.21648463296924
 10
62.15367030734046
 20
73.05113030226062
 10
5.43510287020581
 20
73.05113030226062
 10
3.8100076200153126
 20
74.67622555245111
  0
LWPOLYLINE
  5
431
330
1F
100
AcDbEntity
  8
TopLayer
100
AcDbPolyline
 90
2
 70
 0
 43
0.25400050800101603 
 10
42.44094488188989
 20
83.9777241554483
 10
18.35255270510538
 20
83.9777241554483
 10
13.877063754127448
 20
79.50223520447048
  0
LWPOLYLINE
  5
432
330
1F
100
AcDbEntity
  8
TopLayer
100
AcDbPolyline
 90
2
 70
 0
 43
0.25400050800101603 
 10
19.81203962407926
 20
60.198196596393245
 10
32.07620015240013
 20
72.46235712471423
 10
64.87147574295159
 20
72.46235712471423
  0
LWPOLYLINE
  5
433
330
1F
100
AcDbEntity
  8
TopLayer
100
AcDbPolyline
 90
2
 70
 0
 43
0.5 
 10
58.79959359918712
 20
16.335102870205674
 10
47.45008890017766
 20
16.335102870205674
 10
39.243078486156946
 20
8.128092456184959
  0
LWPOLYLINE
  5
434
330
1F
100
AcDbEntity
  8
TopLayer
100
AcDbPolyline
 90
2
 70
 0
 43
0.5 
 10
70.73914147828305
 20
65.15120650241306
 10
65.43865887731772
 20
70.45168910337827
 10
63.772161544323126
 20
70.45168910337827
  0
LWPOLYLINE
  5
435
330
1F
100
AcDbEntity
  8
TopLayer
100
AcDbPolyline
 90
2
 70
 0
 43
0.5 
 10
63.772161544323126
 20
70.45168910337827
 10
58.79959359918712
 20
65.47912115824226
 10
58.79959359918712
 20
60.27236474472954
  0
LWPOLYLINE
  5
436
330
1F
100
AcDbEntity
  8
TopLayer
100
AcDbPolyline
 90
1
 70
 0
 43
0.5 
 10
63.772161544323126
 20
70.45168910337827
 10
63.60782321564648
 20
70.61602743205492
  0
LWPOLYLINE
  5
437
330
1F
100
AcDbEntity
  8
TopLayer
100
AcDbPolyline
 90
4
 70
 0
 43
0.25400050800101603 
 10
53.099568199136456
 20
48.43314706629417
 10
56.006604013207834
 20
48.43314706629417
 10
62.128270256540645
 20
42.3114808229617
 10
62.128270256540645
 20
32.79408178816357
 10
64.69672339344697
 20
30.225628651257352
  0
LWPOLYLINE
  5
438
330
1F
100
AcDbEntity
  8
TopLayer
100
AcDbPolyline
 90
4
 70
 0
 43
0.25400050800101603 
 10
53.94742189484373
 20
49.25636271272549
 10
56.184912369824815
 20
49.25636271272549
 10
62.68402336804684
 20
42.75725171450347
 10
62.68402336804684
 20
37.31833883667775
 10
64.69672339344697
 20
35.30563881127762
  0
LWPOLYLINE
  5
439
330
1F
100
AcDbEntity
  8
TopLayer
100
AcDbPolyline
 90
5
 70
 0
 43
0.25400050800101603 
 10
51.30810261620536
 20
82.16924053848118
 10
52.63195326390655
 20
80.84538989077987
 10
54.35737871475749
 20
80.84538989077987
 10
55.118110236220446
 20
80.08465836931668
 10
55.118110236220446
 20
78.9314960629921
 10
52.00025400050822
 20
75.81363982727976
  0
LWPOLYLINE
  5
43a
330
1F
100
AcDbEntity
  8
TopLayer
100
AcDbPolyline
 90
1
 70
 0
 43
0.25400050800101603 
 10
85.97917195834384
 20
65.15120650241306
 10
83.93649987299978
 20
65.15120650241306
  0
LWPOLYLINE
  5
43b
330
1F
100
AcDbEntity
  8
TopLayer
100
AcDbPolyline
 90
2
 70
 0
 43
0.25400050800101603 
 10
45.51257302514614
 20
22.126822453644877
 10
45.60528321056631
 20
22.219532639065278
 10
83.93649987299978
 20
22.219532639065278
  0
LWPOLYLINE
  5
43c
330
1F
100
AcDbEntity
  8
TopLayer
100
AcDbPolyline
 90
1
 70
 0
 43
0.25400050800101603 
 10
9.46151892303783
 20
67.57614935229878
 10
15.113030226060573
 20
67.57614935229878
  0
LWPOLYLINE
  5
43d
330
1F
100
AcDbEntity
  8
TopLayer
100
AcDbPolyline
 90
3
 70
 0
 43
0.25400050800101603 
 10
85.97917195834384
 20
70.23121666243333
 10
82.24841249682504
 20
73.96197612395224
 10
69.60325120650259
 20
73.96197612395224
 10
68.87884175768363
 20
74.6863855727712
  0
LWPOLYLINE
  5
43e
330
1F
100
AcDbEntity
  8
TopLayer
100
AcDbPolyline
 90
6
 70
 0
 43
0.25400050800101603 
 10
65.71145542291083
 20
71.5189992379984
 10
64.29972059944134
 20
71.5189992379984
 10
64.00635001270007
 20
71.81236982473968
 10
55.49758699517383
 20
71.81236982473968
 10
42.61341122682256
 20
58.92819405638818
 10
13.08102616205224
 20
58.92819405638818
 10
12.70002540005089
 20
58.5471932943866
  0
LWPOLYLINE
  5
43f
330
1F
100
AcDbEntity
  8
TopLayer
100
AcDbPolyline
 90
5
 70
 0
 43
0.25400050800101603 
 10
41.1480822961646
 20
82.16924053848118
 10
41.67005334010673
 20
82.16924053848118
 10
43.12446024892051
 20
83.62364744729484
 10
65.84556769113556
 20
83.62364744729484
 10
67.72872745745508
 20
81.74048768097543
 10
84.71018542037086
 20
81.74048768097543
  0
LWPOLYLINE
  5
440
330
1F
100
AcDbEntity
  8
TopLayer
100
AcDbPolyline
 90
2
 70
 0
 43
0.5 
 10
5.461010922021842
 20
45.085166370332786
 10
23.107188214376492
 20
45.085166370332786
 10
24.71069342138685
 20
43.481661163322315
  0
LWPOLYLINE
  5
441
330
1F
100
AcDbEntity
  8
TopLayer
100
AcDbPolyline
 90
1
 70
 0
 43
0.5 
 10
32.10261620523238
 20
74.67622555245111
 10
32.10261620523238
 20
74.64523749047498
  0
LWPOLYLINE
  5
442
330
1F
100
AcDbEntity
  8
TopLayer
100
AcDbPolyline
 90
2
 70
 0
 43
0.5 
 10
58.92811785623576
 20
79.62923545847093
 10
53.97510795021594
 20
74.67622555245111
 10
32.10261620523238
 20
74.67622555245111
  0
LWPOLYLINE
  5
443
330
1F
100
AcDbEntity
  8
TopLayer
100
AcDbPolyline
 90
1
 70
 0
 43
0.5 
 10
32.10261620523238
 20
74.67622555245111
 10
15.113030226060573
 20
74.67622555245111
  0
LWPOLYLINE
  5
444
330
1F
100
AcDbEntity
  8
TopLayer
100
AcDbPolyline
 90
2
 70
 0
 43
0.25400050800101603 
 10
70.73914147828305
 20
82.93124206248422
 10
68.85801371602747
 20
84.81236982473968
 10
36.486410972821886
 20
84.81236982473968
  0
LWPOLYLINE
  5
445
330
1F
100
AcDbEntity
  8
TopLayer
100
AcDbPolyline
 90
1
 70
 0
 43
0.25400050800101603 
 10
41.78308356616708
 20
24.892125984251948
 10
42.97256794513601
 20
24.892125984251948
  0
LWPOLYLINE
  5
446
330
1F
100
AcDbEntity
  8
TopLayer
100
AcDbPolyline
 90
5
 70
 0
 43
0.25400050800101603 
 10
88.44577089154177
 20
22.953086106172236
 10
74.13716027432042
 20
22.953086106172236
 10
74.05181610363229
 20
22.867741935483878
 10
44.10490220980432
 20
22.867741935483878
 10
42.97256794513601
 20
24.00007620015242
 10
42.97256794513601
 20
24.892125984251948
  0
LWPOLYLINE
  5
447
330
1F
100
AcDbEntity
  8
TopLayer
100
AcDbPolyline
 90
4
 70
 0
 43
0.25400050800101603 
 10
55.82042164084328
 20
21.48597917195832
 10
88.0795021590045
 20
21.48597917195832
 10
89.30607061214118
 20
22.712547625095226
 10
89.30607061214118
 20
26.137236474472957
 10
86.741173482347
 20
28.70213360426726
  0
LWPOLYLINE
  5
448
330
1F
100
AcDbEntity
  8
TopLayer
100
AcDbPolyline
 90
1
 70
 0
 43
0.25400050800101603 
 10
85.97917195834384
 20
62.61120142240293
 10
79.58724917449831
 20
62.61120142240293
  0
LWPOLYLINE
  5
449
330
1F
100
AcDbEntity
  8
TopSilkLayer
100
AcDbPolyline
 90
4
 70
 1
 43
0.20320040640081283 
 10
37.973075946151994
 20
9.398018796037604
 10
37.973075946151994
 20
4.318008636017225
 10
48.133096266192524
 20
4.318008636017225
 10
48.133096266192524
 20
9.398018796037604
 10
37.973075946151994
 20
9.398018796037604
  0
LWPOLYLINE
  5
44a
330
1F
100
AcDbEntity
  8
TopSilkLayer
100
AcDbPolyline
 90
4
 70
 1
 43
0.20066040132080268 
 10
13.970027940055843
 20
57.0231140462281
 10
13.970027940055843
 20
63.119126238252534
 10
11.43002286004571
 20
63.119126238252534
 10
11.43002286004571
 20
57.0231140462281
 10
13.970027940055843
 20
57.0231140462281
  0
LWPOLYLINE
  5
44b
330
1F
100
AcDbEntity
  8
TopSilkLayer
100
AcDbPolyline
 90
1
 70
 0
 43
0.25400050800101603 
 10
7.821920243840395
 20
58.06324612649223
 10
3.8621031242062145
 20
58.06324612649223
  0
LWPOLYLINE
  5
44c
330
1F
100
AcDbEntity
  8
TopSilkLayer
100
AcDbPolyline
 90
4
 70
 1
 43
0.25400050800101603 
 10
2.9210058420117093
 20
37.56515113030218
 10
2.9210058420117093
 20
50.065278130556294
 10
8.721107442214816
 20
50.065278130556294
 10
8.721107442214816
 20
37.56515113030218
 10
2.9210058420117093
 20
37.56515113030218
  0
LWPOLYLINE
  5
44d
330
1F
100
AcDbEntity
  8
TopSilkLayer
100
AcDbPolyline
 90
4
 70
 1
 43
0.25400050800101603 
 10
2.9210058420117093
 20
39.49707899415796
 10
2.9210058420117093
 20
41.02108204216404
 10
3.429006858013736
 20
41.02108204216404
 10
3.429006858013736
 20
39.49707899415796
 10
2.9210058420117093
 20
39.49707899415796
  0
LWPOLYLINE
  5
44e
330
1F
100
AcDbEntity
  8
TopSilkLayer
100
AcDbPolyline
 90
4
 70
 1
 43
0.25400050800101603 
 10
2.9210058420117093
 20
46.609093218186445
 10
2.9210058420117093
 20
48.133096266192524
 10
3.429006858013736
 20
48.133096266192524
 10
3.429006858013736
 20
46.609093218186445
 10
2.9210058420117093
 20
46.609093218186445
  0
LWPOLYLINE
  5
44f
330
1F
100
AcDbEntity
  8
Document
100
AcDbPolyline
 90
1
 70
 0
 43
0.25400050800101603 
 10
60.87122174244337
 20
51.07899415798829
 10
60.8839217678435
 20
51.07899415798829
  0
LWPOLYLINE
  5
450
330
1F
100
AcDbEntity
  8
Document
100
AcDbPolyline
 90
1
 70
 0
 43
0.25400050800101603 
 10
60.8839217678435
 20
51.07899415798829
 10
60.94742189484373
 20
51.07899415798829
  0
LWPOLYLINE
  5
451
330
1F
100
AcDbEntity
  8
TopSilkLayer
100
AcDbPolyline
 90
1
 70
 0
 43
0.25400050800101603 
 10
60.14663449326895
 20
50.10109220218442
 10
57.911125222250575
 20
50.10109220218442
  0
LWPOLYLINE
  5
452
330
1F
100
AcDbEntity
  8
TopSilkLayer
100
AcDbPolyline
 90
3
 70
 0
 43
0.25400050800101603 
 10
57.696621793243594
 20
69.73241046482099
 10
57.696621793243594
 20
69.84361188722369
 10
64.09662179324368
 20
69.84361188722369
 10
64.09662179324368
 20
69.73241046482099
  0
LWPOLYLINE
  5
453
330
1F
100
AcDbEntity
  8
TopSilkLayer
100
AcDbPolyline
 90
1
 70
 0
 43
0.25400050800101603 
 10
64.09662179324368
 20
52.694818389636794
 10
64.09662179324368
 20
52.134747269494596
  0
LWPOLYLINE
  5
454
330
1F
100
AcDbEntity
  8
TopSilkLayer
100
AcDbPolyline
 90
1
 70
 0
 43
0.25400050800101603 
 10
64.09662179324368
 20
55.234823469646926
 10
64.09662179324368
 20
54.492379984759964
  0
LWPOLYLINE
  5
455
330
1F
100
AcDbEntity
  8
TopSilkLayer
100
AcDbPolyline
 90
1
 70
 0
 43
0.25400050800101603 
 10
64.09662179324368
 20
57.77482854965706
 10
64.09662179324368
 20
57.03238506477021
  0
LWPOLYLINE
  5
456
330
1F
100
AcDbEntity
  8
TopSilkLayer
100
AcDbPolyline
 90
1
 70
 0
 43
0.25400050800101603 
 10
64.09662179324368
 20
60.31483362966719
 10
64.09662179324368
 20
59.57239014478034
  0
LWPOLYLINE
  5
457
330
1F
100
AcDbEntity
  8
TopSilkLayer
100
AcDbPolyline
 90
1
 70
 0
 43
0.25400050800101603 
 10
64.09662179324368
 20
62.85483870967744
 10
64.09662179324368
 20
62.112395224790475
  0
LWPOLYLINE
  5
458
330
1F
100
AcDbEntity
  8
TopSilkLayer
100
AcDbPolyline
 90
1
 70
 0
 43
0.25400050800101603 
 10
64.09662179324368
 20
65.39484378968757
 10
64.09662179324368
 20
64.65240030480061
  0
LWPOLYLINE
  5
459
330
1F
100
AcDbEntity
  8
TopSilkLayer
100
AcDbPolyline
 90
1
 70
 0
 43
0.25400050800101603 
 10
64.09662179324368
 20
67.9348488696977
 10
64.09662179324368
 20
67.19240538481085
  0
LWPOLYLINE
  5
45a
330
1F
100
AcDbEntity
  8
TopSilkLayer
100
AcDbPolyline
 90
1
 70
 0
 43
0.25400050800101603 
 10
57.696621793243594
 20
67.19240538481085
 10
57.696621793243594
 20
67.9348488696977
  0
LWPOLYLINE
  5
45b
330
1F
100
AcDbEntity
  8
TopSilkLayer
100
AcDbPolyline
 90
1
 70
 0
 43
0.25400050800101603 
 10
57.696621793243594
 20
64.65240030480061
 10
57.696621793243594
 20
65.39484378968757
  0
LWPOLYLINE
  5
45c
330
1F
100
AcDbEntity
  8
TopSilkLayer
100
AcDbPolyline
 90
1
 70
 0
 43
0.25400050800101603 
 10
57.696621793243594
 20
62.112395224790475
 10
57.696621793243594
 20
62.85483870967744
  0
LWPOLYLINE
  5
45d
330
1F
100
AcDbEntity
  8
TopSilkLayer
100
AcDbPolyline
 90
1
 70
 0
 43
0.25400050800101603 
 10
57.696621793243594
 20
59.57239014478034
 10
57.696621793243594
 20
60.31483362966719
  0
LWPOLYLINE
  5
45e
330
1F
100
AcDbEntity
  8
TopSilkLayer
100
AcDbPolyline
 90
1
 70
 0
 43
0.25400050800101603 
 10
57.696621793243594
 20
57.03238506477021
 10
57.696621793243594
 20
57.77482854965706
  0
LWPOLYLINE
  5
45f
330
1F
100
AcDbEntity
  8
TopSilkLayer
100
AcDbPolyline
 90
1
 70
 0
 43
0.25400050800101603 
 10
57.696621793243594
 20
54.492379984759964
 10
57.696621793243594
 20
55.234823469646926
  0
LWPOLYLINE
  5
460
330
1F
100
AcDbEntity
  8
TopSilkLayer
100
AcDbPolyline
 90
1
 70
 0
 43
0.25400050800101603 
 10
57.696621793243594
 20
51.95237490474983
 10
57.696621793243594
 20
52.694818389636794
  0
LWPOLYLINE
  5
461
330
1F
100
AcDbEntity
  8
TopSilkLayer
100
AcDbPolyline
 90
1
 70
 0
 43
0.25400050800101603 
 10
61.64544069088129
 20
50.10111760223515
 10
63.61557023114051
 20
50.10111760223515
  0
LWPOLYLINE
  5
462
330
1F
100
AcDbEntity
  8
Document
100
AcDbPolyline
 90
1
 70
 0
 43
0.25400050800101603 
 10
60.87122174244337
 20
27.710947421894844
 10
60.8839217678435
 20
27.710947421894844
  0
LWPOLYLINE
  5
463
330
1F
100
AcDbEntity
  8
Document
100
AcDbPolyline
 90
1
 70
 0
 43
0.25400050800101603 
 10
60.8839217678435
 20
27.710947421894844
 10
60.94742189484373
 20
27.710947421894844
  0
LWPOLYLINE
  5
464
330
1F
100
AcDbEntity
  8
TopSilkLayer
100
AcDbPolyline
 90
1
 70
 0
 43
0.25400050800101603 
 10
60.14663449326895
 20
26.73304546609097
 10
57.911125222250575
 20
26.73304546609097
  0
LWPOLYLINE
  5
465
330
1F
100
AcDbEntity
  8
TopSilkLayer
100
AcDbPolyline
 90
3
 70
 0
 43
0.25400050800101603 
 10
57.696621793243594
 20
46.36436372872754
 10
57.696621793243594
 20
46.47556515113024
 10
64.09662179324368
 20
46.47556515113024
 10
64.09662179324368
 20
46.36436372872754
  0
LWPOLYLINE
  5
466
330
1F
100
AcDbEntity
  8
TopSilkLayer
100
AcDbPolyline
 90
1
 70
 0
 43
0.25400050800101603 
 10
64.09662179324368
 20
29.326771653543233
 10
64.09662179324368
 20
28.766700533401035
  0
LWPOLYLINE
  5
467
330
1F
100
AcDbEntity
  8
TopSilkLayer
100
AcDbPolyline
 90
1
 70
 0
 43
0.25400050800101603 
 10
64.09662179324368
 20
31.86677673355348
 10
64.09662179324368
 20
31.124333248666517
  0
LWPOLYLINE
  5
468
330
1F
100
AcDbEntity
  8
TopSilkLayer
100
AcDbPolyline
 90
1
 70
 0
 43
0.25400050800101603 
 10
64.09662179324368
 20
34.40678181356361
 10
64.09662179324368
 20
33.66433832867665
  0
LWPOLYLINE
  5
469
330
1F
100
AcDbEntity
  8
TopSilkLayer
100
AcDbPolyline
 90
1
 70
 0
 43
0.25400050800101603 
 10
64.09662179324368
 20
36.946786893573744
 10
64.09662179324368
 20
36.204343408686896
  0
LWPOLYLINE
  5
46a
330
1F
100
AcDbEntity
  8
TopSilkLayer
100
AcDbPolyline
 90
1
 70
 0
 43
0.25400050800101603 
 10
64.09662179324368
 20
39.48679197358388
 10
64.09662179324368
 20
38.74434848869703
  0
LWPOLYLINE
  5
46b
330
1F
100
AcDbEntity
  8
TopSilkLayer
100
AcDbPolyline
 90
1
 70
 0
 43
0.25400050800101603 
 10
64.09662179324368
 20
42.02679705359412
 10
64.09662179324368
 20
41.28435356870716
  0
LWPOLYLINE
  5
46c
330
1F
100
AcDbEntity
  8
TopSilkLayer
100
AcDbPolyline
 90
1
 70
 0
 43
0.25400050800101603 
 10
64.09662179324368
 20
44.566802133604256
 10
64.09662179324368
 20
43.82435864871729
  0
LWPOLYLINE
  5
46d
330
1F
100
AcDbEntity
  8
TopSilkLayer
100
AcDbPolyline
 90
1
 70
 0
 43
0.25400050800101603 
 10
57.696621793243594
 20
43.82435864871729
 10
57.696621793243594
 20
44.566802133604256
  0
LWPOLYLINE
  5
46e
330
1F
100
AcDbEntity
  8
TopSilkLayer
100
AcDbPolyline
 90
1
 70
 0
 43
0.25400050800101603 
 10
57.696621793243594
 20
41.28435356870716
 10
57.696621793243594
 20
42.02679705359412
  0
LWPOLYLINE
  5
46f
330
1F
100
AcDbEntity
  8
TopSilkLayer
100
AcDbPolyline
 90
1
 70
 0
 43
0.25400050800101603 
 10
57.696621793243594
 20
38.74434848869703
 10
57.696621793243594
 20
39.48679197358388
  0
LWPOLYLINE
  5
470
330
1F
100
AcDbEntity
  8
TopSilkLayer
100
AcDbPolyline
 90
1
 70
 0
 43
0.25400050800101603 
 10
57.696621793243594
 20
36.204343408686896
 10
57.696621793243594
 20
36.946786893573744
  0
LWPOLYLINE
  5
471
330
1F
100
AcDbEntity
  8
TopSilkLayer
100
AcDbPolyline
 90
1
 70
 0
 43
0.25400050800101603 
 10
57.696621793243594
 20
33.66433832867665
 10
57.696621793243594
 20
34.40678181356361
  0
LWPOLYLINE
  5
472
330
1F
100
AcDbEntity
  8
TopSilkLayer
100
AcDbPolyline
 90
1
 70
 0
 43
0.25400050800101603 
 10
57.696621793243594
 20
31.124333248666517
 10
57.696621793243594
 20
31.86677673355348
  0
LWPOLYLINE
  5
473
330
1F
100
AcDbEntity
  8
TopSilkLayer
100
AcDbPolyline
 90
1
 70
 0
 43
0.25400050800101603 
 10
57.696621793243594
 20
28.584328168656384
 10
57.696621793243594
 20
29.326771653543233
  0
LWPOLYLINE
  5
474
330
1F
100
AcDbEntity
  8
TopSilkLayer
100
AcDbPolyline
 90
1
 70
 0
 43
0.25400050800101603 
 10
61.64544069088129
 20
26.733070866141702
 10
63.61557023114051
 20
26.733070866141702
  0
LWPOLYLINE
  5
475
330
1F
100
AcDbEntity
  8
TopSilkLayer
100
AcDbPolyline
 90
4
 70
 1
 43
0.2 
 10
13.863042926085882
 20
68.12600965201932
 10
16.363068326136727
 20
68.12600965201932
 10
16.363068326136727
 20
74.12600965201932
 10
13.863042926085882
 20
74.12600965201932
 10
13.863042926085882
 20
68.12600965201932
  0
LWPOLYLINE
  5
476
330
1F
100
AcDbEntity
  8
TopSilkLayer
100
AcDbPolyline
 90
4
 70
 1
 43
0.2 
 10
2.5600203200406213
 20
68.12600965201932
 10
5.060045720091466
 20
68.12600965201932
 10
5.060045720091466
 20
74.12600965201932
 10
2.5600203200406213
 20
74.12600965201932
 10
2.5600203200406213
 20
68.12600965201932
  0
LWPOLYLINE
  5
477
330
1F
100
AcDbEntity
  8
TopSilkLayer
100
AcDbPolyline
 90
4
 70
 1
 43
0.2 
 10
8.211531623063138
 20
68.12600965201932
 10
10.71155702311421
 20
68.12600965201932
 10
10.71155702311421
 20
74.12600965201932
 10
8.211531623063138
 20
74.12600965201932
 10
8.211531623063138
 20
68.12600965201932
  0
LWPOLYLINE
  5
478
330
1F
100
AcDbEntity
  8
TopSilkLayer
100
AcDbPolyline
 90
4
 70
 1
 43
0.25400050800101603 
 10
16.891033782067552
 20
77.85115570231142
 10
16.891033782067552
 20
81.02616205232414
 10
28.95605791211574
 20
81.02616205232414
 10
28.95605791211574
 20
77.85115570231142
 10
16.891033782067552
 20
77.85115570231142
  0
LWPOLYLINE
  5
479
330
1F
100
AcDbEntity
  8
TopSilkLayer
100
AcDbPolyline
 90
6
 70
 1
 43
0.20320040640081283 
 10
37.33807467614929
 20
83.43916687833371
 10
39.243078486156946
 20
83.43916687833371
 10
62.73812547625107
 20
83.43916687833371
 10
62.73812547625107
 20
78.35915671831344
 10
39.243078486156946
 20
78.35915671831344
 10
37.33807467614929
 20
78.35915671831344
 10
37.33807467614929
 20
83.43916687833371
  0
LWPOLYLINE
  5
47a
330
1F
100
AcDbEntity
  8
TopSilkLayer
100
AcDbPolyline
 90
4
 70
 1
 43
0.25400050800101603 
 10
75.18415036830083
 20
48.64109728219455
 10
81.53416306832605
 20
48.64109728219455
 10
81.53416306832605
 20
41.1480822961646
 10
75.18415036830083
 20
41.1480822961646
 10
75.18415036830083
 20
48.64109728219455
  0
LWPOLYLINE
  5
47b
330
1F
100
AcDbEntity
  8
TopSilkLayer
100
AcDbPolyline
 90
5
 70
 0
 43
0.25400050800101603 
 10
81.53416306832605
 20
43.561087122174285
 10
87.24917449834902
 20
43.561087122174285
 10
87.24917449834902
 20
86.741173482347
 10
69.46913893827787
 20
86.741173482347
 10
69.46913893827787
 20
43.561087122174285
 10
75.18415036830083
 20
43.561087122174285
  0
LWPOLYLINE
  5
47c
330
1F
100
AcDbEntity
  8
TopSilkLayer
100
AcDbPolyline
 90
1
 70
 0
 43
0.25400050800101603 
 10
53.21310642621279
 20
24.892049784099527
 10
53.21310642621279
 20
42.67208534417068
  0
LWPOLYLINE
  5
47d
330
1F
100
AcDbEntity
  8
TopSilkLayer
100
AcDbPolyline
 90
1
 70
 0
 43
0.25400050800101603 
 10
27.813055626111236
 20
24.892049784099527
 10
27.813055626111236
 20
42.67208534417068
  0
LWPOLYLINE
  5
47e
330
1F
100
AcDbEntity
  8
TopSilkLayer
100
AcDbPolyline
 90
1
 70
 0
 43
0.25400050800101603 
 10
30.35306070612137
 20
45.212090424180815
 10
50.67310134620266
 20
45.212090424180815
  0
LWPOLYLINE
  5
47f
330
1F
100
AcDbEntity
  8
TopSilkLayer
100
AcDbPolyline
 90
1
 70
 0
 43
0.25400050800101603 
 10
30.35306070612137
 20
22.352044704089394
 10
50.67310134620266
 20
22.352044704089394
  0
LWPOLYLINE
  5
480
330
1F
100
AcDbEntity
  8
TopSilkLayer
100
AcDbPolyline
 90
4
 70
 1
 43
0.25400050800101603 
 10
90.29718059436118
 20
33.782067564135104
 10
90.29718059436118
 20
23.62204724409446
 10
84.20116840233686
 20
23.62204724409446
 10
84.20116840233686
 20
33.782067564135104
 10
90.29718059436118
 20
33.782067564135104
  0
LWPOLYLINE
  5
481
330
1F
100
AcDbEntity
  8
TopSilkLayer
100
AcDbPolyline
 90
4
 70
 1
 43
0.25400050800101603 
 10
84.83616967233934
 20
32.00406400812801
 10
84.83616967233934
 20
30.480060960121932
 10
84.20116840233686
 20
30.480060960121932
 10
84.20116840233686
 20
32.00406400812801
 10
84.83616967233934
 20
32.00406400812801
  0
LWPOLYLINE
  5
482
330
1F
100
AcDbEntity
  8
TopSilkLayer
100
AcDbPolyline
 90
4
 70
 1
 43
0.25400050800101603 
 10
84.83616967233934
 20
26.924053848107746
 10
84.83616967233934
 20
25.400050800101553
 10
84.20116840233686
 20
25.400050800101553
 10
84.20116840233686
 20
26.924053848107746
 10
84.83616967233934
 20
26.924053848107746
  0
LWPOLYLINE
  5
483
330
1F
100
AcDbEntity
  8
TopSilkLayer
100
AcDbPolyline
 90
1
 70
 0
 43
0.20320040640081283 
 10
24.892049784099527
 20
26.035052070104143
 10
24.892049784099527
 20
27.30505461010921
  0
LWPOLYLINE
  5
484
330
1F
100
AcDbEntity
  8
TopSilkLayer
100
AcDbPolyline
 90
3
 70
 0
 43
0.25400050800101603 
 10
24.892049784099527
 20
38.73507747015492
 10
24.892049784099527
 20
24.130048260096487
 10
14.732029464058996
 20
24.130048260096487
 10
14.732029464058996
 20
38.73507747015492
  0
LWPOLYLINE
  5
485
330
1F
100
AcDbEntity
  8
TopSilkLayer
100
AcDbPolyline
 90
1
 70
 0
 43
0.25400050800101603 
 10
17.27203454406913
 20
41.27508255016505
 10
22.352044704089394
 20
41.27508255016505
  0
LWPOLYLINE
  5
486
330
1F
100
AcDbEntity
  8
TopSilkLayer
100
AcDbPolyline
 90
4
 70
 1
 43
0.25400050800101603 
 10
17.780035560071155
 20
47.49809499619005
 10
17.780035560071155
 20
72.8981457962916
 10
51.81610363220739
 20
72.8981457962916
 10
51.81610363220739
 20
47.49809499619005
 10
17.780035560071155
 20
47.49809499619005
  0
ARC
  5
487
330
1F
100
AcDbEntity
  8
BoardOutLine
100
AcDbCircle
 10
91.00000000000023
 20
85.01100000000008
 30
0.0
 40
3.0000000000000004
100
AcDbArc
 50
359.99999999999926
 51
90
  0
ARC
  5
488
330
1F
100
AcDbEntity
  8
BoardOutLine
100
AcDbCircle
 10
91.00000000000023
 20
2.9999999999998863
 30
0.0
 40
3.0000000000000004
100
AcDbArc
 50
270
 51
0
  0
ARC
  5
489
330
1F
100
AcDbEntity
  8
BoardOutLine
100
AcDbCircle
 10
3
 20
2.9999999999998863
 30
0.0
 40
3.0000000000000004
100
AcDbArc
 50
179.9999999999993
 51
270
  0
ARC
  5
48a
330
1F
100
AcDbEntity
  8
BoardOutLine
100
AcDbCircle
 10
3
 20
85.01100000000008
 30
0.0
 40
3.0000000000000004
100
AcDbArc
 50
90
 51
180
  0
ARC
  5
48b
330
1F
100
AcDbEntity
  8
TopSilkLayer
100
AcDbCircle
 10
5.842011684023419
 20
59.56037625487227
 30
0.0
 40
2.4840233680467363
100
AcDbArc
 50
322.899496985285
 51
217.10050301471497
  0
ARC
  5
48c
330
1F
100
AcDbEntity
  8
TopSilkLayer
100
AcDbCircle
 10
60.896037592075345
 20
50.1011048919471
 30
0.0
 40
0.7494030989137386
100
AcDbArc
 50
0
 51
180.0009701983343
  0
ARC
  5
48d
330
1F
100
AcDbEntity
  8
TopSilkLayer
100
AcDbCircle
 10
60.896037592075345
 20
26.733058155853655
 30
0.0
 40
0.7494030989137386
100
AcDbArc
 50
0
 51
180.0009701983343
  0
ARC
  5
48e
330
1F
100
AcDbEntity
  8
TopSilkLayer
100
AcDbCircle
 10
50.6731032364753
 20
42.66898653797307
 30
0.0
 40
2.54000508001016
100
AcDbArc
 50
0.06990086834278399
 51
359.93009913164946
  0
ARC
  5
48f
330
1F
100
AcDbEntity
  8
TopSilkLayer
100
AcDbCircle
 10
50.6731032364753
 20
24.888950977901914
 30
0.0
 40
2.54000508001016
100
AcDbArc
 50
0.06990086834278399
 51
359.93009913164946
  0
ARC
  5
490
330
1F
100
AcDbEntity
  8
TopSilkLayer
100
AcDbCircle
 10
30.35306259639401
 20
24.888950977901914
 30
0.0
 40
2.54000508001016
100
AcDbArc
 50
0.06990086834278399
 51
359.93009913164946
  0
ARC
  5
491
330
1F
100
AcDbEntity
  8
TopSilkLayer
100
AcDbCircle
 10
30.35306259639401
 20
42.66898653797307
 30
0.0
 40
2.54000508001016
100
AcDbArc
 50
0.06990086834278399
 51
359.93009913164946
  0
ARC
  5
492
330
1F
100
AcDbEntity
  8
TopSilkLayer
100
AcDbCircle
 10
22.352044704089394
 20
38.73507747015492
 30
0.0
 40
2.54000508001016
100
AcDbArc
 50
0
 51
90
  0
ARC
  5
493
330
1F
100
AcDbEntity
  8
TopSilkLayer
100
AcDbCircle
 10
17.27203454406913
 20
38.73507747015492
 30
0.0
 40
2.54000508001016
100
AcDbArc
 50
90
 51
180
0
TEXT
5
a6b
100
AcDbEntity
8
TopSilkLayer
7
NotoSerifCJKsc-Medium
461
2.0320040640081283
100
AcDbText
10
71.24714249428507
20
6.350012700025445
30
0
40
2.0320040640081283
1
Rev 2.1
50
0
71
1
100
AcDbText
0
TEXT
5
a6c
100
AcDbEntity
8
TopSilkLayer
7
NotoSerifCJKsc-Medium
461
2.0320040640081283
100
AcDbText
10
66.29413258826526
20
2.9210058420117093
30
0
40
2.0320040640081283
1
SM AP Controler
50
0
71
1
100
AcDbText
0
TEXT
5
a6d
100
AcDbEntity
8
TopSilkLayer
7
NotoSerifCJKsc-Medium
461
2.0320040640081283
100
AcDbText
10
9.398018796037604
20
47.24409448818892
30
0
40
2.0320040640081283
1
SW\nSW\nLED-\nLED+
50
0
71
1
100
AcDbText
0
TEXT
5
a6e
100
AcDbEntity
8
TopSilkLayer
7

461
1.143002286004572
100
AcDbText
10
83.18516637033281
20
27.051054102108196
30
0
40
1.143002286004572
1
Gnd\nD+\nD-
50
180
71
1
100
AcDbText
0
TEXT
5
a6f
100
AcDbEntity
8
TopSilkLayer
7
NotoSerifCJKsc-Medium
461
2.0320040640081283
100
AcDbText
10
37.973075946151994
20
75.94615189230376
30
0
40
2.0320040640081283
1
1
50
0
71
1
100
AcDbText
0
TEXT
5
a70
100
AcDbEntity
8
TopSilkLayer
7

461
1.5000000000000002
100
AcDbText
10
38.86207772415537
20
1.651003302006643
30
0
40
1.5000000000000002
1
1
50
0
71
1
100
AcDbText
0
TEXT
5
a71
100
AcDbEntity
8
TopSilkLayer
7

461
1.143002286004572
100
AcDbText
10
37.71907543815087
20
10.922021844043684
30
0
40
1.143002286004572
1
Motor Control
50
0
71
1
100
AcDbText
0
TEXT
5
a72
100
AcDbEntity
8
TopSilkLayer
7

461
1.143002286004572
100
AcDbText
10
15.8750317500635
20
58.29311658623317
30
0
40
1.143002286004572
1
100nF
50
90
71
1
100
AcDbText
0
TEXT
5
a73
100
AcDbEntity
8
TopSilkLayer
7

461
1.143002286004572
100
AcDbText
10
2.794005588011146
20
55.24511049022101
30
0
40
1.143002286004572
1
2N2222
50
0
71
1
100
AcDbText
0
TEXT
5
a74
100
AcDbEntity
8
TopSilkLayer
7

461
1.143002286004572
100
AcDbText
10
2.1590043180086695
20
38.98907797815593
30
0
40
1.143002286004572
1
Motor Enable
50
90
71
1
100
AcDbText
0
TEXT
5
a75
100
AcDbEntity
8
TopSilkLayer
7

461
0.5080010160020321
100
AcDbText
10
7.493014986029948
20
47.6250952501905
30
0
40
0.5080010160020321
1
1
50
90
71
1
100
AcDbText
0
TEXT
5
a76
100
AcDbEntity
8
TopSilkLayer
7

461
0.5080010160020321
100
AcDbText
10
7.493014986029948
20
45.085090170180365
30
0
40
0.5080010160020321
1
2
50
90
71
1
100
AcDbText
0
TEXT
5
a77
100
AcDbEntity
8
TopSilkLayer
7

461
0.5080010160020321
100
AcDbText
10
4.572009144018239
20
39.1160782321565
30
0
40
0.5080010160020321
1
3
50
90
71
1
100
AcDbText
0
TEXT
5
a78
100
AcDbEntity
8
TopSilkLayer
7

461
0.5080010160020321
100
AcDbText
10
7.493014986029948
20
40.005080010159986
30
0
40
0.5080010160020321
1
4
50
90
71
1
100
AcDbText
0
TEXT
5
a79
100
AcDbEntity
8
TopSilkLayer
7

461
1.143002286004572
100
AcDbText
10
61.34112268224544
20
54.61010922021842
30
0
40
1.143002286004572
1
Receive Buffer
50
90
71
1
100
AcDbText
0
TEXT
5
a7a
100
AcDbEntity
8
TopSilkLayer
7

461
1.143002286004572
100
AcDbText
10
61.34112268224544
20
30.35306070612137
30
0
40
1.143002286004572
1
Transmit Buffer
50
90
71
1
100
AcDbText
0
TEXT
5
a7b
100
AcDbEntity
8
TopSilkLayer
7

461
1.143002286004572
100
AcDbText
10
15.74803149606305
20
69.59613919227843
30
0
40
1.143002286004572
1
10 K
50
90
71
1
100
AcDbText
0
TEXT
5
a7c
100
AcDbEntity
8
TopSilkLayer
7

461
1.143002286004572
100
AcDbText
10
4.445008890017789
20
70.2311404622809
30
0
40
1.143002286004572
1
1 K
50
90
71
1
100
AcDbText
0
TEXT
5
a7d
100
AcDbEntity
8
TopSilkLayer
7

461
1.143002286004572
100
AcDbText
10
10.223520447040983
20
69.34213868427742
30
0
40
1.143002286004572
1
10 K
50
90
71
1
100
AcDbText
0
TEXT
5
a7e
100
AcDbEntity
8
TopSilkLayer
7

461
1.143002286004572
100
AcDbText
10
20.955041910083764
20
78.74015748031502
30
0
40
1.143002286004572
1
5.1K
50
0
71
1
100
AcDbText
0
TEXT
5
a7f
100
AcDbEntity
8
TopSilkLayer
7

461
1.143002286004572
100
AcDbText
10
19.68503937007881
20
81.91516383032763
30
0
40
1.143002286004572
1
USB_CC
50
0
71
1
100
AcDbText
0
TEXT
5
a80
100
AcDbEntity
8
TopSilkLayer
7

461
1.143002286004572
100
AcDbText
10
42.54508509017023
20
85.34417068834136
30
0
40
1.143002286004572
1
Power Distribution
50
0
71
1
100
AcDbText
0
TEXT
5
a81
100
AcDbEntity
8
TopSilkLayer
7

461
1.143002286004572
100
AcDbText
10
78.35915671831344
20
59.81711963423925
30
0
40
1.143002286004572
1
Arduino ESP32
50
90
71
1
100
AcDbText
0
TEXT
5
a82
100
AcDbEntity
8
TopSilkLayer
7

461
1.3000000000000003
100
AcDbText
10
72.009144018288
20
82.93116586233168
30
0
40
1.3000000000000003
1
TX1
50
0
71
1
100
AcDbText
0
TEXT
5
a83
100
AcDbEntity
8
TopSilkLayer
7

461
1.3000000000000003
100
AcDbText
10
72.13614427228867
20
80.31750063500124
30
0
40
1.3000000000000003
1
RX0
50
0
71
1
100
AcDbText
0
TEXT
5
a84
100
AcDbEntity
8
TopSilkLayer
7

461
1.3000000000000003
100
AcDbText
10
72.13614427228867
20
77.7774955549911
30
0
40
1.3000000000000003
1
RST
50
0
71
1
100
AcDbText
0
TEXT
5
a85
100
AcDbEntity
8
TopSilkLayer
7

461
1.3000000000000003
100
AcDbText
10
72.009144018288
20
75.11049022098041
30
0
40
1.3000000000000003
1
GND
50
0
71
1
100
AcDbText
0
TEXT
5
a86
100
AcDbEntity
8
TopSilkLayer
7

461
1.3000000000000003
100
AcDbText
10
72.13614427228867
20
72.64414528829059
30
0
40
1.3000000000000003
1
D2
50
0
71
1
100
AcDbText
0
TEXT
5
a87
100
AcDbEntity
8
TopSilkLayer
7

461
1.3000000000000003
100
AcDbText
10
72.13614427228867
20
70.10414020828046
30
0
40
1.3000000000000003
1
D3
50
0
71
1
100
AcDbText
0
TEXT
5
a88
100
AcDbEntity
8
TopSilkLayer
7

461
1.3000000000000003
100
AcDbText
10
72.13614427228867
20
67.69113538227077
30
0
40
1.3000000000000003
1
D4
50
0
71
1
100
AcDbText
0
TEXT
5
a89
100
AcDbEntity
8
TopSilkLayer
7

461
1.3000000000000003
100
AcDbText
10
72.13614427228867
20
65.02413004826008
30
0
40
1.3000000000000003
1
D5
50
0
71
1
100
AcDbText
0
TEXT
5
a8a
100
AcDbEntity
8
TopSilkLayer
7

461
1.3000000000000003
100
AcDbText
10
72.13614427228867
20
62.484124968249944
30
0
40
1.3000000000000003
1
D6
50
0
71
1
100
AcDbText
0
TEXT
5
a8b
100
AcDbEntity
8
TopSilkLayer
7

461
1.3000000000000003
100
AcDbText
10
72.13614427228867
20
59.94411988823981
30
0
40
1.3000000000000003
1
D7
50
0
71
1
100
AcDbText
0
TEXT
5
a8c
100
AcDbEntity
8
TopSilkLayer
7

461
1.3000000000000003
100
AcDbText
10
72.13614427228867
20
57.404114808229565
30
0
40
1.3000000000000003
1
D8
50
0
71
1
100
AcDbText
0
TEXT
5
a8d
100
AcDbEntity
8
TopSilkLayer
7

461
1.3000000000000003
100
AcDbText
10
72.13614427228867
20
54.86410972821943
30
0
40
1.3000000000000003
1
D9
50
0
71
1
100
AcDbText
0
TEXT
5
a8e
100
AcDbEntity
8
TopSilkLayer
7

461
1.3000000000000003
100
AcDbText
10
72.13614427228867
20
52.3241046482093
30
0
40
1.3000000000000003
1
D10
50
0
71
1
100
AcDbText
0
TEXT
5
a8f
100
AcDbEntity
8
TopSilkLayer
7

461
1.3000000000000003
100
AcDbText
10
72.13614427228867
20
49.91109982219962
30
0
40
1.3000000000000003
1
D11
50
0
71
1
100
AcDbText
0
TEXT
5
a90
100
AcDbEntity
8
TopSilkLayer
7

461
1.3000000000000003
100
AcDbText
10
72.13614427228867
20
47.24409448818892
30
0
40
1.3000000000000003
1
D12
50
0
71
1
100
AcDbText
0
TEXT
5
a91
100
AcDbEntity
8
TopSilkLayer
7

461
1.3000000000000003
100
AcDbText
10
82.0421640843283
20
47.24409448818892
30
0
40
1.3000000000000003
1
D13
50
0
71
1
100
AcDbText
0
TEXT
5
a92
100
AcDbEntity
8
TopSilkLayer
7

461
1.3000000000000003
100
AcDbText
10
81.4071628143256
20
49.710439420878856
30
0
40
1.3000000000000003
1
3V3
50
0
71
1
100
AcDbText
0
TEXT
5
a93
100
AcDbEntity
8
TopSilkLayer
7

461
1.3000000000000003
100
AcDbText
10
80.39116078232155
20
52.25044450088899
30
0
40
1.3000000000000003
1
AREF
50
0
71
1
100
AcDbText
0
TEXT
5
a94
100
AcDbEntity
8
TopSilkLayer
7

461
1.3000000000000003
100
AcDbText
10
80.13716027432065
20
54.917449834899685
30
0
40
1.3000000000000003
1
ADC0
50
0
71
1
100
AcDbText
0
TEXT
5
a95
100
AcDbEntity
8
TopSilkLayer
7

461
1.3000000000000003
100
AcDbText
10
80.13716027432065
20
57.404114808229565
30
0
40
1.3000000000000003
1
ADC1
50
0
71
1
100
AcDbText
0
TEXT
5
a96
100
AcDbEntity
8
TopSilkLayer
7

461
1.3000000000000003
100
AcDbText
10
80.13716027432065
20
59.94411988823981
30
0
40
1.3000000000000003
1
ADC2
50
0
71
1
100
AcDbText
0
TEXT
5
a97
100
AcDbEntity
8
TopSilkLayer
7

461
1.3000000000000003
100
AcDbText
10
80.13716027432065
20
62.484124968249944
30
0
40
1.3000000000000003
1
ADC3
50
0
71
1
100
AcDbText
0
TEXT
5
a98
100
AcDbEntity
8
TopSilkLayer
7

461
1.3000000000000003
100
AcDbText
10
80.13716027432065
20
65.02413004826008
30
0
40
1.3000000000000003
1
ADC4
50
0
71
1
100
AcDbText
0
TEXT
5
a99
100
AcDbEntity
8
TopSilkLayer
7

461
1.3000000000000003
100
AcDbText
10
80.13716027432065
20
67.56413512827021
30
0
40
1.3000000000000003
1
ADC5
50
0
71
1
100
AcDbText
0
TEXT
5
a9a
100
AcDbEntity
8
TopSilkLayer
7

461
1.3000000000000003
100
AcDbText
10
80.13716027432065
20
70.10414020828046
30
0
40
1.3000000000000003
1
ADC6
50
0
71
1
100
AcDbText
0
TEXT
5
a9b
100
AcDbEntity
8
TopSilkLayer
7

461
1.3000000000000003
100
AcDbText
10
80.01016002031997
20
72.64414528829059
30
0
40
1.3000000000000003
1
ADC7
50
0
71
1
100
AcDbText
0
TEXT
5
a9c
100
AcDbEntity
8
TopSilkLayer
7

461
1.3000000000000003
100
AcDbText
10
82.55016510033033
20
75.23749047498097
30
0
40
1.3000000000000003
1
5V
50
0
71
1
100
AcDbText
0
TEXT
5
a9d
100
AcDbEntity
8
TopSilkLayer
7

461
1.3000000000000003
100
AcDbText
10
82.16916433832876
20
82.85750571501148
30
0
40
1.3000000000000003
1
VIN
50
0
71
1
100
AcDbText
0
TEXT
5
a9e
100
AcDbEntity
8
TopSilkLayer
7

461
1.3000000000000003
100
AcDbText
10
81.4071628143256
20
77.72415544831085
30
0
40
1.3000000000000003
1
RST
50
0
71
1
100
AcDbText
0
TEXT
5
a9f
100
AcDbEntity
8
TopSilkLayer
7

461
1.3000000000000003
100
AcDbText
10
81.4071628143256
20
80.2641605283211
30
0
40
1.3000000000000003
1
GND
50
0
71
1
100
AcDbText
0
TEXT
5
aa0
100
AcDbEntity
8
Document
7

461
1.27000254000508
100
AcDbText
10
33.528067056134205
20
32.893065786131615
30
0
40
1.27000254000508
1
Adafruit BNO085
50
0
71
1
100
AcDbText
0
TEXT
5
aa1
100
AcDbEntity
8
TopSilkLayer
7

461
1.27000254000508
100
AcDbText
10
34.925069850139835
20
26.162052324104593
30
0
40
1.27000254000508
1
VIN
50
90
71
1
100
AcDbText
0
TEXT
5
aa2
100
AcDbEntity
8
TopSilkLayer
7

461
1.27000254000508
100
AcDbText
10
37.41427482854965
20
26.162052324104593
30
0
40
1.27000254000508
1
3v3
50
90
71
1
100
AcDbText
0
TEXT
5
aa3
100
AcDbEntity
8
TopSilkLayer
7

461
1.27000254000508
100
AcDbText
10
39.903479806959695
20
26.162052324104593
30
0
40
1.27000254000508
1
GND
50
90
71
1
100
AcDbText
0
TEXT
5
aa4
100
AcDbEntity
8
TopSilkLayer
7

461
1.27000254000508
100
AcDbText
10
42.39268478536951
20
26.162052324104593
30
0
40
1.27000254000508
1
SCL
50
90
71
1
100
AcDbText
0
TEXT
5
aa5
100
AcDbEntity
8
TopSilkLayer
7

461
1.27000254000508
100
AcDbText
10
44.881889763779554
20
26.162052324104593
30
0
40
1.27000254000508
1
SDA
50
90
71
1
100
AcDbText
0
TEXT
5
aa6
100
AcDbEntity
8
TopSilkLayer
7

461
1.27000254000508
100
AcDbText
10
47.3710947421896
20
26.162052324104593
30
0
40
1.27000254000508
1
INT
50
90
71
1
100
AcDbText
0
TEXT
5
aa7
100
AcDbEntity
8
TopSilkLayer
7

461
1.27000254000508
100
AcDbText
10
47.6250952501905
20
39.311404622809164
30
0
40
1.27000254000508
1
CS
50
90
71
1
100
AcDbText
0
TEXT
5
aa8
100
AcDbEntity
8
TopSilkLayer
7

461
1.27000254000508
100
AcDbText
10
45.085090170180365
20
40.17754635509277
30
0
40
1.27000254000508
1
DI
50
90
71
1
100
AcDbText
0
TEXT
5
aa9
100
AcDbEntity
8
TopSilkLayer
7

461
1.27000254000508
100
AcDbText
10
42.54508509017023
20
38.17856235712475
30
0
40
1.27000254000508
1
RST
50
90
71
1
100
AcDbText
0
TEXT
5
aaa
100
AcDbEntity
8
TopSilkLayer
7

461
1.27000254000508
100
AcDbText
10
40.0050800101601
20
39.88823977647951
30
0
40
1.27000254000508
1
P1
50
90
71
1
100
AcDbText
0
TEXT
5
aab
100
AcDbEntity
8
TopSilkLayer
7

461
1.27000254000508
100
AcDbText
10
37.46507493014997
20
39.37007874015751
30
0
40
1.27000254000508
1
P0
50
90
71
1
100
AcDbText
0
TEXT
5
aac
100
AcDbEntity
8
TopSilkLayer
7

461
1.27000254000508
100
AcDbText
10
34.925069850139835
20
39.37007874015751
30
0
40
1.27000254000508
1
BT
50
90
71
1
100
AcDbText
0
TEXT
5
aad
100
AcDbEntity
8
TopSilkLayer
7

461
1.143002286004572
100
AcDbText
10
91.56718313436636
20
33.655067310134655
30
0
40
1.143002286004572
1
Arduino USB
50
270
71
1
100
AcDbText
0
TEXT
5
aae
100
AcDbEntity
8
TopSilkLayer
7

461
0.5080010160020321
100
AcDbText
10
18.288036576073182
20
24.765049530099077
30
0
40
0.5080010160020321
1
5V
50
0
71
1
100
AcDbText
0
TEXT
5
aaf
100
AcDbEntity
8
TopSilkLayer
7
Electrolize
461
2.0320040640081283
100
AcDbText
10
17.253746507492906
20
35.79629159258309
30
0
40
2.0320040640081283
1
MPM\n3610
50
0
71
1
100
AcDbText
0
TEXT
5
ab0
100
AcDbEntity
8
TopSilkLayer
7
Electrolize
461
1.0160020320040641
100
AcDbText
10
15.055880111760189
20
24.892049784099527
30
0
40
1.0160020320040641
1
GND
50
0
71
1
100
AcDbText
0
TEXT
5
ab1
100
AcDbEntity
8
TopSilkLayer
7
Electrolize
461
1.0160020320040641
100
AcDbText
10
20.320040640081288
20
24.892049784099527
30
0
40
1.0160020320040641
1
Vin
50
0
71
1
100
AcDbText
0
TEXT
5
ab2
100
AcDbEntity
8
TopSilkLayer
7
Electrolize
461
1.0160020320040641
100
AcDbText
10
22.86004572009142
20
24.892049784099527
30
0
40
1.0160020320040641
1
En
50
0
71
1
100
AcDbText
0
TEXT
5
ab3
100
AcDbEntity
8
TopSilkLayer
7
Electrolize
461
2.0320040640081283
100
AcDbText
10
16.237744475488853
20
38.08229616459232
30
0
40
2.0320040640081283
1
adafruit
50
0
71
1
100
AcDbText
0
TEXT
5
ab4
100
AcDbEntity
8
TopSilkLayer
7

461
1.143002286004572
100
AcDbText
10
30.988061976124072
20
52.70510541021088
30
0
40
1.143002286004572
1
Adafruit GPS Breakout V3
50
45
71
1
100
AcDbText
0
TEXT
5
ab5
100
AcDbEntity
8
TopSilkLayer
7

461
1.5000000000000002
100
AcDbText
10
21.33604267208534
20
70.35814071628147
30
0
40
1.5000000000000002
1
< 3.3V
50
0
71
1
100
AcDbText
0
TEXT
5
ab6
100
AcDbEntity
8
TopSilkLayer
7

461
1.5000000000000002
100
AcDbText
10
21.33604267208534
20
67.81813563627122
30
0
40
1.5000000000000002
1
> EN
50
0
71
1
100
AcDbText
0
TEXT
5
ab7
100
AcDbEntity
8
TopSilkLayer
7

461
1.5000000000000002
100
AcDbText
10
21.33604267208534
20
65.27813055626109
30
0
40
1.5000000000000002
1
> VBat
50
0
71
1
100
AcDbText
0
TEXT
5
ab8
100
AcDbEntity
8
TopSilkLayer
7

461
1.5000000000000002
100
AcDbText
10
21.33604267208534
20
62.73812547625096
30
0
40
1.5000000000000002
1
< Fix
50
0
71
1
100
AcDbText
0
TEXT
5
ab9
100
AcDbEntity
8
TopSilkLayer
7

461
1.5000000000000002
100
AcDbText
10
21.33604267208534
20
60.198120396240824
30
0
40
1.5000000000000002
1
< TX
50
0
71
1
100
AcDbText
0
TEXT
5
aba
100
AcDbEntity
8
TopSilkLayer
7

461
1.5000000000000002
100
AcDbText
10
21.33604267208534
20
57.65811531623058
30
0
40
1.5000000000000002
1
> RX
50
0
71
1
100
AcDbText
0
TEXT
5
abb
100
AcDbEntity
8
TopSilkLayer
7

461
1.5000000000000002
100
AcDbText
10
21.33604267208534
20
55.118110236220446
30
0
40
1.5000000000000002
1
GND
50
0
71
1
100
AcDbText
0
TEXT
5
abc
100
AcDbEntity
8
TopSilkLayer
7

461
1.5000000000000002
100
AcDbText
10
21.33604267208534
20
52.57810515621031
30
0
40
1.5000000000000002
1
> Vin
50
0
71
1
100
AcDbText
0
TEXT
5
abd
100
AcDbEntity
8
TopSilkLayer
7

461
1.5000000000000002
100
AcDbText
10
21.33604267208534
20
50.03810007620018
30
0
40
1.5000000000000002
1
< PPS
50
0
71
1
100
AcDbText
  0
CIRCLE
  5
494
330
1F
100
AcDbEntity
  8
Document
100
AcDbCircle
 10
65.33655067310133
 20
50.3937007874016
 30
0.0
 40
0.12700025400050802
  0
CIRCLE
  5
495
330
1F
100
AcDbEntity
  8
TopSilkLayer
100
AcDbCircle
 10
65.05664211328417
 20
49.583693167386286
 30
0.0
 40
0.10007620015240032
  0
CIRCLE
  5
496
330
1F
100
AcDbEntity
  8
Document
100
AcDbCircle
 10
65.33655067310133
 20
27.025654051308152
 30
0.0
 40
0.12700025400050802
  0
CIRCLE
  5
497
330
1F
100
AcDbEntity
  8
TopSilkLayer
100
AcDbCircle
 10
65.05664211328417
 20
26.21564643129284
 30
0.0
 40
0.10007620015240032
  0
CIRCLE
  5
4a1
330
1F
100
AcDbEntity
  8
TopSolderMaskLayer
100
AcDbCircle
 10
39.243078486156946
 20
8.128016256032538
 30
0.0
 40
0.45883962735667416
  0
CIRCLE
  5
4a2
330
1F
100
AcDbEntity
  8
TopSolderMaskLayer
100
AcDbCircle
 10
39.243078486156946
 20
8.128016256032538
 30
0.0
 40
0.8128016256032513
0
HATCH
5
4a3
100
AcDbEntity
8
TopSolderMaskLayer
100
AcDbHatch
10
0
20
0
30
0
210
0
220
0
230
1
2
SOLID
70
1
71
0
91
1
92
7
72
1
73
1
93
2
10
38.4302768605537
20
8.128016256032538
42
1
10
40.055880111760196
20
8.128016256032538
42
1
97
1
330

75
0
76
1
47
0.8681437583925616
98
1
10
3.629517071192367
20
33.92795499968543
450
0
451
0
460
0
461
0
452
1
462
1
453
2
463
0
63
5
421
255
463
1
63
7
421
16777215
470
LINEAR
1001
ACAD
1010
0
1020
0
1030
0
  0
CIRCLE
  5
4a4
330
1F
100
AcDbEntity
  8
BottomSolderMaskLayer
100
AcDbCircle
 10
39.243078486156946
 20
8.128016256032538
 30
0.0
 40
0.45883962735667416
  0
CIRCLE
  5
4a5
330
1F
100
AcDbEntity
  8
BottomSolderMaskLayer
100
AcDbCircle
 10
39.243078486156946
 20
8.128016256032538
 30
0.0
 40
0.8128016256032513
0
HATCH
5
4a6
100
AcDbEntity
8
BottomSolderMaskLayer
100
AcDbHatch
10
0
20
0
30
0
210
0
220
0
230
1
2
SOLID
70
1
71
0
91
1
92
7
72
1
73
1
93
2
10
38.4302768605537
20
8.128016256032538
42
1
10
40.055880111760196
20
8.128016256032538
42
1
97
1
330

75
0
76
1
47
0.8681437583925616
98
1
10
3.629517071192367
20
33.92795499968543
450
0
451
0
460
0
461
0
452
1
462
1
453
2
463
0
63
5
421
255
463
1
63
7
421
16777215
470
LINEAR
1001
ACAD
1010
0
1020
0
1030
0
  0
CIRCLE
  5
4a7
330
1F
100
AcDbEntity
  8
Multi-Layer
100
AcDbCircle
 10
39.243078486156946
 20
8.128016256032538
 30
0.0
 40
0.4445008890017781
  0
CIRCLE
  5
4a8
330
1F
100
AcDbEntity
  8
Multi-Layer
100
AcDbCircle
 10
39.243078486156946
 20
8.128016256032538
 30
0.0
 40
0.7874015748031498
0
HATCH
5
4a9
100
AcDbEntity
8
Multi-Layer
100
AcDbHatch
10
0
20
0
30
0
210
0
220
0
230
1
2
SOLID
70
1
71
0
91
1
92
7
72
1
73
1
93
2
10
38.4556769113538
20
8.128016256032538
42
1
10
40.030480060960095
20
8.128016256032538
42
1
97
1
330

75
0
76
1
47
0.8681437583925616
98
1
10
3.629517071192367
20
33.92795499968543
450
0
451
0
460
0
461
0
452
1
462
1
453
2
463
0
63
5
421
255
463
1
63
7
421
16777215
470
LINEAR
1001
ACAD
1010
0
1020
0
1030
0
  0
CIRCLE
  5
4aa
330
1F
100
AcDbEntity
  8
TopSolderMaskLayer
100
AcDbCircle
 10
41.78308356616708
 20
5.588011176022292
 30
0.0
 40
0.45883962735667416
  0
CIRCLE
  5
4ab
330
1F
100
AcDbEntity
  8
TopSolderMaskLayer
100
AcDbCircle
 10
41.78308356616708
 20
5.588011176022292
 30
0.0
 40
0.8128016256032513
0
HATCH
5
4ac
100
AcDbEntity
8
TopSolderMaskLayer
100
AcDbHatch
10
0
20
0
30
0
210
0
220
0
230
1
2
SOLID
70
1
71
0
91
1
92
7
72
1
73
1
93
2
10
40.97028194056383
20
5.588011176022292
42
1
10
42.59588519177033
20
5.588011176022292
42
1
97
1
330

75
0
76
1
47
0.8681437583925616
98
1
10
3.629517071192367
20
33.92795499968543
450
0
451
0
460
0
461
0
452
1
462
1
453
2
463
0
63
5
421
255
463
1
63
7
421
16777215
470
LINEAR
1001
ACAD
1010
0
1020
0
1030
0
  0
CIRCLE
  5
4ad
330
1F
100
AcDbEntity
  8
BottomSolderMaskLayer
100
AcDbCircle
 10
41.78308356616708
 20
5.588011176022292
 30
0.0
 40
0.45883962735667416
  0
CIRCLE
  5
4ae
330
1F
100
AcDbEntity
  8
BottomSolderMaskLayer
100
AcDbCircle
 10
41.78308356616708
 20
5.588011176022292
 30
0.0
 40
0.8128016256032513
0
HATCH
5
4af
100
AcDbEntity
8
BottomSolderMaskLayer
100
AcDbHatch
10
0
20
0
30
0
210
0
220
0
230
1
2
SOLID
70
1
71
0
91
1
92
7
72
1
73
1
93
2
10
40.97028194056383
20
5.588011176022292
42
1
10
42.59588519177033
20
5.588011176022292
42
1
97
1
330

75
0
76
1
47
0.8681437583925616
98
1
10
3.629517071192367
20
33.92795499968543
450
0
451
0
460
0
461
0
452
1
462
1
453
2
463
0
63
5
421
255
463
1
63
7
421
16777215
470
LINEAR
1001
ACAD
1010
0
1020
0
1030
0
  0
CIRCLE
  5
4b0
330
1F
100
AcDbEntity
  8
Multi-Layer
100
AcDbCircle
 10
41.78308356616708
 20
5.588011176022292
 30
0.0
 40
0.4445008890017781
  0
CIRCLE
  5
4b1
330
1F
100
AcDbEntity
  8
Multi-Layer
100
AcDbCircle
 10
41.78308356616708
 20
5.588011176022292
 30
0.0
 40
0.7874015748031498
0
HATCH
5
4b2
100
AcDbEntity
8
Multi-Layer
100
AcDbHatch
10
0
20
0
30
0
210
0
220
0
230
1
2
SOLID
70
1
71
0
91
1
92
7
72
1
73
1
93
2
10
40.99568199136393
20
5.588011176022292
42
1
10
42.57048514097023
20
5.588011176022292
42
1
97
1
330

75
0
76
1
47
0.8681437583925616
98
1
10
3.629517071192367
20
33.92795499968543
450
0
451
0
460
0
461
0
452
1
462
1
453
2
463
0
63
5
421
255
463
1
63
7
421
16777215
470
LINEAR
1001
ACAD
1010
0
1020
0
1030
0
  0
CIRCLE
  5
4b3
330
1F
100
AcDbEntity
  8
TopSolderMaskLayer
100
AcDbCircle
 10
41.78308356616708
 20
8.128016256032538
 30
0.0
 40
0.45883962735667416
  0
CIRCLE
  5
4b4
330
1F
100
AcDbEntity
  8
TopSolderMaskLayer
100
AcDbCircle
 10
41.78308356616708
 20
8.128016256032538
 30
0.0
 40
0.8128016256032513
0
HATCH
5
4b5
100
AcDbEntity
8
TopSolderMaskLayer
100
AcDbHatch
10
0
20
0
30
0
210
0
220
0
230
1
2
SOLID
70
1
71
0
91
1
92
7
72
1
73
1
93
2
10
40.97028194056383
20
8.128016256032538
42
1
10
42.59588519177033
20
8.128016256032538
42
1
97
1
330

75
0
76
1
47
0.8681437583925616
98
1
10
3.629517071192367
20
33.92795499968543
450
0
451
0
460
0
461
0
452
1
462
1
453
2
463
0
63
5
421
255
463
1
63
7
421
16777215
470
LINEAR
1001
ACAD
1010
0
1020
0
1030
0
  0
CIRCLE
  5
4b6
330
1F
100
AcDbEntity
  8
BottomSolderMaskLayer
100
AcDbCircle
 10
41.78308356616708
 20
8.128016256032538
 30
0.0
 40
0.45883962735667416
  0
CIRCLE
  5
4b7
330
1F
100
AcDbEntity
  8
BottomSolderMaskLayer
100
AcDbCircle
 10
41.78308356616708
 20
8.128016256032538
 30
0.0
 40
0.8128016256032513
0
HATCH
5
4b8
100
AcDbEntity
8
BottomSolderMaskLayer
100
AcDbHatch
10
0
20
0
30
0
210
0
220
0
230
1
2
SOLID
70
1
71
0
91
1
92
7
72
1
73
1
93
2
10
40.97028194056383
20
8.128016256032538
42
1
10
42.59588519177033
20
8.128016256032538
42
1
97
1
330

75
0
76
1
47
0.8681437583925616
98
1
10
3.629517071192367
20
33.92795499968543
450
0
451
0
460
0
461
0
452
1
462
1
453
2
463
0
63
5
421
255
463
1
63
7
421
16777215
470
LINEAR
1001
ACAD
1010
0
1020
0
1030
0
  0
CIRCLE
  5
4b9
330
1F
100
AcDbEntity
  8
Multi-Layer
100
AcDbCircle
 10
41.78308356616708
 20
8.128016256032538
 30
0.0
 40
0.4445008890017781
  0
CIRCLE
  5
4ba
330
1F
100
AcDbEntity
  8
Multi-Layer
100
AcDbCircle
 10
41.78308356616708
 20
8.128016256032538
 30
0.0
 40
0.7874015748031498
0
HATCH
5
4bb
100
AcDbEntity
8
Multi-Layer
100
AcDbHatch
10
0
20
0
30
0
210
0
220
0
230
1
2
SOLID
70
1
71
0
91
1
92
7
72
1
73
1
93
2
10
40.99568199136393
20
8.128016256032538
42
1
10
42.57048514097023
20
8.128016256032538
42
1
97
1
330

75
0
76
1
47
0.8681437583925616
98
1
10
3.629517071192367
20
33.92795499968543
450
0
451
0
460
0
461
0
452
1
462
1
453
2
463
0
63
5
421
255
463
1
63
7
421
16777215
470
LINEAR
1001
ACAD
1010
0
1020
0
1030
0
  0
CIRCLE
  5
4bc
330
1F
100
AcDbEntity
  8
TopSolderMaskLayer
100
AcDbCircle
 10
44.32308864617721
 20
5.588011176022292
 30
0.0
 40
0.45883962735667416
  0
CIRCLE
  5
4bd
330
1F
100
AcDbEntity
  8
TopSolderMaskLayer
100
AcDbCircle
 10
44.32308864617721
 20
5.588011176022292
 30
0.0
 40
0.8128016256032513
0
HATCH
5
4be
100
AcDbEntity
8
TopSolderMaskLayer
100
AcDbHatch
10
0
20
0
30
0
210
0
220
0
230
1
2
SOLID
70
1
71
0
91
1
92
7
72
1
73
1
93
2
10
43.51028702057396
20
5.588011176022292
42
1
10
45.13589027178046
20
5.588011176022292
42
1
97
1
330

75
0
76
1
47
0.8681437583925616
98
1
10
3.629517071192367
20
33.92795499968543
450
0
451
0
460
0
461
0
452
1
462
1
453
2
463
0
63
5
421
255
463
1
63
7
421
16777215
470
LINEAR
1001
ACAD
1010
0
1020
0
1030
0
  0
CIRCLE
  5
4bf
330
1F
100
AcDbEntity
  8
BottomSolderMaskLayer
100
AcDbCircle
 10
44.32308864617721
 20
5.588011176022292
 30
0.0
 40
0.45883962735667416
  0
CIRCLE
  5
4c0
330
1F
100
AcDbEntity
  8
BottomSolderMaskLayer
100
AcDbCircle
 10
44.32308864617721
 20
5.588011176022292
 30
0.0
 40
0.8128016256032513
0
HATCH
5
4c1
100
AcDbEntity
8
BottomSolderMaskLayer
100
AcDbHatch
10
0
20
0
30
0
210
0
220
0
230
1
2
SOLID
70
1
71
0
91
1
92
7
72
1
73
1
93
2
10
43.51028702057396
20
5.588011176022292
42
1
10
45.13589027178046
20
5.588011176022292
42
1
97
1
330

75
0
76
1
47
0.8681437583925616
98
1
10
3.629517071192367
20
33.92795499968543
450
0
451
0
460
0
461
0
452
1
462
1
453
2
463
0
63
5
421
255
463
1
63
7
421
16777215
470
LINEAR
1001
ACAD
1010
0
1020
0
1030
0
  0
CIRCLE
  5
4c2
330
1F
100
AcDbEntity
  8
Multi-Layer
100
AcDbCircle
 10
44.32308864617721
 20
5.588011176022292
 30
0.0
 40
0.4445008890017781
  0
CIRCLE
  5
4c3
330
1F
100
AcDbEntity
  8
Multi-Layer
100
AcDbCircle
 10
44.32308864617721
 20
5.588011176022292
 30
0.0
 40
0.7874015748031498
0
HATCH
5
4c4
100
AcDbEntity
8
Multi-Layer
100
AcDbHatch
10
0
20
0
30
0
210
0
220
0
230
1
2
SOLID
70
1
71
0
91
1
92
7
72
1
73
1
93
2
10
43.53568707137406
20
5.588011176022292
42
1
10
45.11049022098036
20
5.588011176022292
42
1
97
1
330

75
0
76
1
47
0.8681437583925616
98
1
10
3.629517071192367
20
33.92795499968543
450
0
451
0
460
0
461
0
452
1
462
1
453
2
463
0
63
5
421
255
463
1
63
7
421
16777215
470
LINEAR
1001
ACAD
1010
0
1020
0
1030
0
  0
CIRCLE
  5
4c5
330
1F
100
AcDbEntity
  8
TopSolderMaskLayer
100
AcDbCircle
 10
44.32308864617721
 20
8.128016256032538
 30
0.0
 40
0.45883962735667416
  0
CIRCLE
  5
4c6
330
1F
100
AcDbEntity
  8
TopSolderMaskLayer
100
AcDbCircle
 10
44.32308864617721
 20
8.128016256032538
 30
0.0
 40
0.8128016256032513
0
HATCH
5
4c7
100
AcDbEntity
8
TopSolderMaskLayer
100
AcDbHatch
10
0
20
0
30
0
210
0
220
0
230
1
2
SOLID
70
1
71
0
91
1
92
7
72
1
73
1
93
2
10
43.51028702057396
20
8.128016256032538
42
1
10
45.13589027178046
20
8.128016256032538
42
1
97
1
330

75
0
76
1
47
0.8681437583925616
98
1
10
3.629517071192367
20
33.92795499968543
450
0
451
0
460
0
461
0
452
1
462
1
453
2
463
0
63
5
421
255
463
1
63
7
421
16777215
470
LINEAR
1001
ACAD
1010
0
1020
0
1030
0
  0
CIRCLE
  5
4c8
330
1F
100
AcDbEntity
  8
BottomSolderMaskLayer
100
AcDbCircle
 10
44.32308864617721
 20
8.128016256032538
 30
0.0
 40
0.45883962735667416
  0
CIRCLE
  5
4c9
330
1F
100
AcDbEntity
  8
BottomSolderMaskLayer
100
AcDbCircle
 10
44.32308864617721
 20
8.128016256032538
 30
0.0
 40
0.8128016256032513
0
HATCH
5
4ca
100
AcDbEntity
8
BottomSolderMaskLayer
100
AcDbHatch
10
0
20
0
30
0
210
0
220
0
230
1
2
SOLID
70
1
71
0
91
1
92
7
72
1
73
1
93
2
10
43.51028702057396
20
8.128016256032538
42
1
10
45.13589027178046
20
8.128016256032538
42
1
97
1
330

75
0
76
1
47
0.8681437583925616
98
1
10
3.629517071192367
20
33.92795499968543
450
0
451
0
460
0
461
0
452
1
462
1
453
2
463
0
63
5
421
255
463
1
63
7
421
16777215
470
LINEAR
1001
ACAD
1010
0
1020
0
1030
0
  0
CIRCLE
  5
4cb
330
1F
100
AcDbEntity
  8
Multi-Layer
100
AcDbCircle
 10
44.32308864617721
 20
8.128016256032538
 30
0.0
 40
0.4445008890017781
  0
CIRCLE
  5
4cc
330
1F
100
AcDbEntity
  8
Multi-Layer
100
AcDbCircle
 10
44.32308864617721
 20
8.128016256032538
 30
0.0
 40
0.7874015748031498
0
HATCH
5
4cd
100
AcDbEntity
8
Multi-Layer
100
AcDbHatch
10
0
20
0
30
0
210
0
220
0
230
1
2
SOLID
70
1
71
0
91
1
92
7
72
1
73
1
93
2
10
43.53568707137406
20
8.128016256032538
42
1
10
45.11049022098036
20
8.128016256032538
42
1
97
1
330

75
0
76
1
47
0.8681437583925616
98
1
10
3.629517071192367
20
33.92795499968543
450
0
451
0
460
0
461
0
452
1
462
1
453
2
463
0
63
5
421
255
463
1
63
7
421
16777215
470
LINEAR
1001
ACAD
1010
0
1020
0
1030
0
  0
CIRCLE
  5
4ce
330
1F
100
AcDbEntity
  8
TopSolderMaskLayer
100
AcDbCircle
 10
46.86309372618757
 20
5.588011176022292
 30
0.0
 40
0.45883962735667416
  0
CIRCLE
  5
4cf
330
1F
100
AcDbEntity
  8
TopSolderMaskLayer
100
AcDbCircle
 10
46.86309372618757
 20
5.588011176022292
 30
0.0
 40
0.8128016256032513
0
HATCH
5
4d0
100
AcDbEntity
8
TopSolderMaskLayer
100
AcDbHatch
10
0
20
0
30
0
210
0
220
0
230
1
2
SOLID
70
1
71
0
91
1
92
7
72
1
73
1
93
2
10
46.05029210058432
20
5.588011176022292
42
1
10
47.67589535179082
20
5.588011176022292
42
1
97
1
330

75
0
76
1
47
0.8681437583925616
98
1
10
3.629517071192367
20
33.92795499968543
450
0
451
0
460
0
461
0
452
1
462
1
453
2
463
0
63
5
421
255
463
1
63
7
421
16777215
470
LINEAR
1001
ACAD
1010
0
1020
0
1030
0
  0
CIRCLE
  5
4d1
330
1F
100
AcDbEntity
  8
BottomSolderMaskLayer
100
AcDbCircle
 10
46.86309372618757
 20
5.588011176022292
 30
0.0
 40
0.45883962735667416
  0
CIRCLE
  5
4d2
330
1F
100
AcDbEntity
  8
BottomSolderMaskLayer
100
AcDbCircle
 10
46.86309372618757
 20
5.588011176022292
 30
0.0
 40
0.8128016256032513
0
HATCH
5
4d3
100
AcDbEntity
8
BottomSolderMaskLayer
100
AcDbHatch
10
0
20
0
30
0
210
0
220
0
230
1
2
SOLID
70
1
71
0
91
1
92
7
72
1
73
1
93
2
10
46.05029210058432
20
5.588011176022292
42
1
10
47.67589535179082
20
5.588011176022292
42
1
97
1
330

75
0
76
1
47
0.8681437583925616
98
1
10
3.629517071192367
20
33.92795499968543
450
0
451
0
460
0
461
0
452
1
462
1
453
2
463
0
63
5
421
255
463
1
63
7
421
16777215
470
LINEAR
1001
ACAD
1010
0
1020
0
1030
0
  0
CIRCLE
  5
4d4
330
1F
100
AcDbEntity
  8
Multi-Layer
100
AcDbCircle
 10
46.86309372618757
 20
5.588011176022292
 30
0.0
 40
0.4445008890017781
  0
CIRCLE
  5
4d5
330
1F
100
AcDbEntity
  8
Multi-Layer
100
AcDbCircle
 10
46.86309372618757
 20
5.588011176022292
 30
0.0
 40
0.7874015748031498
0
HATCH
5
4d6
100
AcDbEntity
8
Multi-Layer
100
AcDbHatch
10
0
20
0
30
0
210
0
220
0
230
1
2
SOLID
70
1
71
0
91
1
92
7
72
1
73
1
93
2
10
46.07569215138442
20
5.588011176022292
42
1
10
47.65049530099072
20
5.588011176022292
42
1
97
1
330

75
0
76
1
47
0.8681437583925616
98
1
10
3.629517071192367
20
33.92795499968543
450
0
451
0
460
0
461
0
452
1
462
1
453
2
463
0
63
5
421
255
463
1
63
7
421
16777215
470
LINEAR
1001
ACAD
1010
0
1020
0
1030
0
  0
CIRCLE
  5
4d7
330
1F
100
AcDbEntity
  8
TopSolderMaskLayer
100
AcDbCircle
 10
46.86309372618757
 20
8.128016256032538
 30
0.0
 40
0.45883962735667416
  0
CIRCLE
  5
4d8
330
1F
100
AcDbEntity
  8
TopSolderMaskLayer
100
AcDbCircle
 10
46.86309372618757
 20
8.128016256032538
 30
0.0
 40
0.8128016256032513
0
HATCH
5
4d9
100
AcDbEntity
8
TopSolderMaskLayer
100
AcDbHatch
10
0
20
0
30
0
210
0
220
0
230
1
2
SOLID
70
1
71
0
91
1
92
7
72
1
73
1
93
2
10
46.05029210058432
20
8.128016256032538
42
1
10
47.67589535179082
20
8.128016256032538
42
1
97
1
330

75
0
76
1
47
0.8681437583925616
98
1
10
3.629517071192367
20
33.92795499968543
450
0
451
0
460
0
461
0
452
1
462
1
453
2
463
0
63
5
421
255
463
1
63
7
421
16777215
470
LINEAR
1001
ACAD
1010
0
1020
0
1030
0
  0
CIRCLE
  5
4da
330
1F
100
AcDbEntity
  8
BottomSolderMaskLayer
100
AcDbCircle
 10
46.86309372618757
 20
8.128016256032538
 30
0.0
 40
0.45883962735667416
  0
CIRCLE
  5
4db
330
1F
100
AcDbEntity
  8
BottomSolderMaskLayer
100
AcDbCircle
 10
46.86309372618757
 20
8.128016256032538
 30
0.0
 40
0.8128016256032513
0
HATCH
5
4dc
100
AcDbEntity
8
BottomSolderMaskLayer
100
AcDbHatch
10
0
20
0
30
0
210
0
220
0
230
1
2
SOLID
70
1
71
0
91
1
92
7
72
1
73
1
93
2
10
46.05029210058432
20
8.128016256032538
42
1
10
47.67589535179082
20
8.128016256032538
42
1
97
1
330

75
0
76
1
47
0.8681437583925616
98
1
10
3.629517071192367
20
33.92795499968543
450
0
451
0
460
0
461
0
452
1
462
1
453
2
463
0
63
5
421
255
463
1
63
7
421
16777215
470
LINEAR
1001
ACAD
1010
0
1020
0
1030
0
  0
CIRCLE
  5
4dd
330
1F
100
AcDbEntity
  8
Multi-Layer
100
AcDbCircle
 10
46.86309372618757
 20
8.128016256032538
 30
0.0
 40
0.4445008890017781
  0
CIRCLE
  5
4de
330
1F
100
AcDbEntity
  8
Multi-Layer
100
AcDbCircle
 10
46.86309372618757
 20
8.128016256032538
 30
0.0
 40
0.7874015748031498
0
HATCH
5
4df
100
AcDbEntity
8
Multi-Layer
100
AcDbHatch
10
0
20
0
30
0
210
0
220
0
230
1
2
SOLID
70
1
71
0
91
1
92
7
72
1
73
1
93
2
10
46.07569215138442
20
8.128016256032538
42
1
10
47.65049530099072
20
8.128016256032538
42
1
97
1
330

75
0
76
1
47
0.8681437583925616
98
1
10
3.629517071192367
20
33.92795499968543
450
0
451
0
460
0
461
0
452
1
462
1
453
2
463
0
63
5
421
255
463
1
63
7
421
16777215
470
LINEAR
1001
ACAD
1010
0
1020
0
1030
0
 0
ARC
  5
4e2
330
1F
100
AcDbEntity
  8
TopSolderMaskLayer
100
AcDbCircle
 10
12.70002540005089
 20
61.59249939809456
 30
0.0
 40
0.4131947880587168
100
AcDbArc
 50
180
 51
360
 0
ARC
  5
4e3
330
1F
100
AcDbEntity
  8
TopSolderMaskLayer
100
AcDbCircle
 10
12.70002540005089
 20
61.597746982398235
 30
0.0
 40
0.4131947880587168
100
AcDbArc
 50
360
 51
180
 0
LWPOLYLINE
  5
4e4
330
1F
100
AcDbEntity
  8
TopSolderMaskLayer
100
AcDbPolyline
 90
1
 70
 1
 43
0
 10
12.286830611992173
 20
61.597746982398235
 10
12.286830611992173
 20
61.59249939809456
 0
LWPOLYLINE
  5
4e5
330
1F
100
AcDbEntity
  8
TopSolderMaskLayer
100
AcDbPolyline
 90
1
 70
 1
 43
0
 10
13.113220188109608
 20
61.597746982398235
 10
13.113220188109608
 20
61.59249939809456
  0
CIRCLE
  5
4e1
330
1F
100
AcDbEntity
  8
TopSolderMaskLayer
100
AcDbCircle
 10
12.70002540005089
 20
61.59512319024634
 30
0.0
 40
0.7954025908051816
0
HATCH
5
4e6
100
AcDbEntity
8
TopSolderMaskLayer
100
AcDbHatch
10
0
20
0
30
0
210
0
220
0
230
1
2
SOLID
70
1
71
0
91
1
92
7
72
1
73
1
93
2
10
11.904622809245708
20
61.59512319024634
42
1
10
13.495427990856072
20
61.59512319024634
42
1
97
1
330

75
0
76
1
47
0.8681437583925616
98
1
10
3.629517071192367
20
33.92795499968543
450
0
451
0
460
0
461
0
452
1
462
1
453
2
463
0
63
5
421
255
463
1
63
7
421
16777215
470
LINEAR
1001
ACAD
1010
0
1020
0
1030
0
 0
ARC
  5
4e9
330
1F
100
AcDbEntity
  8
BottomSolderMaskLayer
100
AcDbCircle
 10
12.70002540005089
 20
61.59249939809456
 30
0.0
 40
0.4131947880587168
100
AcDbArc
 50
180
 51
360
 0
ARC
  5
4ea
330
1F
100
AcDbEntity
  8
BottomSolderMaskLayer
100
AcDbCircle
 10
12.70002540005089
 20
61.597746982398235
 30
0.0
 40
0.4131947880587168
100
AcDbArc
 50
360
 51
180
 0
LWPOLYLINE
  5
4eb
330
1F
100
AcDbEntity
  8
BottomSolderMaskLayer
100
AcDbPolyline
 90
1
 70
 1
 43
0
 10
12.286830611992173
 20
61.597746982398235
 10
12.286830611992173
 20
61.59249939809456
 0
LWPOLYLINE
  5
4ec
330
1F
100
AcDbEntity
  8
BottomSolderMaskLayer
100
AcDbPolyline
 90
1
 70
 1
 43
0
 10
13.113220188109608
 20
61.597746982398235
 10
13.113220188109608
 20
61.59249939809456
  0
CIRCLE
  5
4e8
330
1F
100
AcDbEntity
  8
BottomSolderMaskLayer
100
AcDbCircle
 10
12.70002540005089
 20
61.59512319024634
 30
0.0
 40
0.7954025908051816
0
HATCH
5
4ed
100
AcDbEntity
8
BottomSolderMaskLayer
100
AcDbHatch
10
0
20
0
30
0
210
0
220
0
230
1
2
SOLID
70
1
71
0
91
1
92
7
72
1
73
1
93
2
10
11.904622809245708
20
61.59512319024634
42
1
10
13.495427990856072
20
61.59512319024634
42
1
97
1
330

75
0
76
1
47
0.8681437583925616
98
1
10
3.629517071192367
20
33.92795499968543
450
0
451
0
460
0
461
0
452
1
462
1
453
2
463
0
63
5
421
255
463
1
63
7
421
16777215
470
LINEAR
1001
ACAD
1010
0
1020
0
1030
0
 0
ARC
  5
4f0
330
1F
100
AcDbEntity
  8
Multi-Layer
100
AcDbCircle
 10
12.70002540005089
 20
61.59258318516629
 30
0.0
 40
0.4
100
AcDbArc
 50
180
 51
360
 0
ARC
  5
4f1
330
1F
100
AcDbEntity
  8
Multi-Layer
100
AcDbCircle
 10
12.70002540005089
 20
61.597663195326504
 30
0.0
 40
0.4
100
AcDbArc
 50
360
 51
180
 0
LWPOLYLINE
  5
4f2
330
1F
100
AcDbEntity
  8
Multi-Layer
100
AcDbPolyline
 90
1
 70
 1
 43
0
 10
12.30002540005089
 20
61.597663195326504
 10
12.30002540005089
 20
61.59258318516629
 0
LWPOLYLINE
  5
4f3
330
1F
100
AcDbEntity
  8
Multi-Layer
100
AcDbPolyline
 90
1
 70
 1
 43
0
 10
13.10002540005089
 20
61.597663195326504
 10
13.10002540005089
 20
61.59258318516629
  0
CIRCLE
  5
4ef
330
1F
100
AcDbEntity
  8
Multi-Layer
100
AcDbCircle
 10
12.70002540005089
 20
61.59512319024634
 30
0.0
 40
0.7700025400050801
0
HATCH
5
4f4
100
AcDbEntity
8
Multi-Layer
100
AcDbHatch
10
0
20
0
30
0
210
0
220
0
230
1
2
SOLID
70
1
71
0
91
1
92
7
72
1
73
1
93
2
10
11.93002286004581
20
61.59512319024634
42
1
10
13.47002794005597
20
61.59512319024634
42
1
97
1
330

75
0
76
1
47
0.8681437583925616
98
1
10
3.629517071192367
20
33.92795499968543
450
0
451
0
460
0
461
0
452
1
462
1
453
2
463
0
63
5
421
255
463
1
63
7
421
16777215
470
LINEAR
1001
ACAD
1010
0
1020
0
1030
0
 0
ARC
  5
4f7
330
1F
100
AcDbEntity
  8
TopSolderMaskLayer
100
AcDbCircle
 10
12.70002540005089
 20
58.5444933020824
 30
0.0
 40
0.4131947880587168
100
AcDbArc
 50
180
 51
360
 0
ARC
  5
4f8
330
1F
100
AcDbEntity
  8
TopSolderMaskLayer
100
AcDbCircle
 10
12.70002540005089
 20
58.549740886386076
 30
0.0
 40
0.4131947880587168
100
AcDbArc
 50
360
 51
180
 0
LWPOLYLINE
  5
4f9
330
1F
100
AcDbEntity
  8
TopSolderMaskLayer
100
AcDbPolyline
 90
1
 70
 1
 43
0
 10
12.286830611992173
 20
58.549740886386076
 10
12.286830611992173
 20
58.5444933020824
 0
LWPOLYLINE
  5
4fa
330
1F
100
AcDbEntity
  8
TopSolderMaskLayer
100
AcDbPolyline
 90
1
 70
 1
 43
0
 10
13.113220188109608
 20
58.549740886386076
 10
13.113220188109608
 20
58.5444933020824
  0
CIRCLE
  5
4f6
330
1F
100
AcDbEntity
  8
TopSolderMaskLayer
100
AcDbCircle
 10
12.70002540005089
 20
58.54711709423418
 30
0.0
 40
0.7954025908051816
0
HATCH
5
4fb
100
AcDbEntity
8
TopSolderMaskLayer
100
AcDbHatch
10
0
20
0
30
0
210
0
220
0
230
1
2
SOLID
70
1
71
0
91
1
92
7
72
1
73
1
93
2
10
11.904622809245708
20
58.54711709423418
42
1
10
13.495427990856072
20
58.54711709423418
42
1
97
1
330

75
0
76
1
47
0.8681437583925616
98
1
10
3.629517071192367
20
33.92795499968543
450
0
451
0
460
0
461
0
452
1
462
1
453
2
463
0
63
5
421
255
463
1
63
7
421
16777215
470
LINEAR
1001
ACAD
1010
0
1020
0
1030
0
 0
ARC
  5
4fe
330
1F
100
AcDbEntity
  8
BottomSolderMaskLayer
100
AcDbCircle
 10
12.70002540005089
 20
58.5444933020824
 30
0.0
 40
0.4131947880587168
100
AcDbArc
 50
180
 51
360
 0
ARC
  5
4ff
330
1F
100
AcDbEntity
  8
BottomSolderMaskLayer
100
AcDbCircle
 10
12.70002540005089
 20
58.549740886386076
 30
0.0
 40
0.4131947880587168
100
AcDbArc
 50
360
 51
180
 0
LWPOLYLINE
  5
500
330
1F
100
AcDbEntity
  8
BottomSolderMaskLayer
100
AcDbPolyline
 90
1
 70
 1
 43
0
 10
12.286830611992173
 20
58.549740886386076
 10
12.286830611992173
 20
58.5444933020824
 0
LWPOLYLINE
  5
501
330
1F
100
AcDbEntity
  8
BottomSolderMaskLayer
100
AcDbPolyline
 90
1
 70
 1
 43
0
 10
13.113220188109608
 20
58.549740886386076
 10
13.113220188109608
 20
58.5444933020824
  0
CIRCLE
  5
4fd
330
1F
100
AcDbEntity
  8
BottomSolderMaskLayer
100
AcDbCircle
 10
12.70002540005089
 20
58.54711709423418
 30
0.0
 40
0.7954025908051816
0
HATCH
5
502
100
AcDbEntity
8
BottomSolderMaskLayer
100
AcDbHatch
10
0
20
0
30
0
210
0
220
0
230
1
2
SOLID
70
1
71
0
91
1
92
7
72
1
73
1
93
2
10
11.904622809245708
20
58.54711709423418
42
1
10
13.495427990856072
20
58.54711709423418
42
1
97
1
330

75
0
76
1
47
0.8681437583925616
98
1
10
3.629517071192367
20
33.92795499968543
450
0
451
0
460
0
461
0
452
1
462
1
453
2
463
0
63
5
421
255
463
1
63
7
421
16777215
470
LINEAR
1001
ACAD
1010
0
1020
0
1030
0
 0
ARC
  5
505
330
1F
100
AcDbEntity
  8
Multi-Layer
100
AcDbCircle
 10
12.70002540005089
 20
58.54457708915413
 30
0.0
 40
0.4
100
AcDbArc
 50
180
 51
360
 0
ARC
  5
506
330
1F
100
AcDbEntity
  8
Multi-Layer
100
AcDbCircle
 10
12.70002540005089
 20
58.54965709931423
 30
0.0
 40
0.4
100
AcDbArc
 50
360
 51
180
 0
LWPOLYLINE
  5
507
330
1F
100
AcDbEntity
  8
Multi-Layer
100
AcDbPolyline
 90
1
 70
 1
 43
0
 10
12.30002540005089
 20
58.54965709931423
 10
12.30002540005089
 20
58.54457708915413
 0
LWPOLYLINE
  5
508
330
1F
100
AcDbEntity
  8
Multi-Layer
100
AcDbPolyline
 90
1
 70
 1
 43
0
 10
13.10002540005089
 20
58.54965709931423
 10
13.10002540005089
 20
58.54457708915413
  0
CIRCLE
  5
504
330
1F
100
AcDbEntity
  8
Multi-Layer
100
AcDbCircle
 10
12.70002540005089
 20
58.54711709423418
 30
0.0
 40
0.7700025400050801
0
HATCH
5
509
100
AcDbEntity
8
Multi-Layer
100
AcDbHatch
10
0
20
0
30
0
210
0
220
0
230
1
2
SOLID
70
1
71
0
91
1
92
7
72
1
73
1
93
2
10
11.93002286004581
20
58.54711709423418
42
1
10
13.47002794005597
20
58.54711709423418
42
1
97
1
330

75
0
76
1
47
0.8681437583925616
98
1
10
3.629517071192367
20
33.92795499968543
450
0
451
0
460
0
461
0
452
1
462
1
453
2
463
0
63
5
421
255
463
1
63
7
421
16777215
470
LINEAR
1001
ACAD
1010
0
1020
0
1030
0
  0
CIRCLE
  5
56a
330
1F
100
AcDbEntity
  8
TopSolderMaskLayer
100
AcDbCircle
 10
64.69669799339613
 20
53.59359918719838
 30
0.0
 40
0.5149412063530009
  0
CIRCLE
  5
56b
330
1F
100
AcDbEntity
  8
TopSolderMaskLayer
100
AcDbCircle
 10
64.69672339344697
 20
53.59359918719838
 30
0.0
 40
0.8754000508001016
0
HATCH
5
56c
100
AcDbEntity
8
TopSolderMaskLayer
100
AcDbHatch
10
0
20
0
30
0
210
0
220
0
230
1
2
SOLID
70
1
71
0
91
1
92
7
72
1
73
1
93
2
10
63.82132334264687
20
53.59359918719838
42
1
10
65.57212344424707
20
53.59359918719838
42
1
97
1
330

75
0
76
1
47
0.8681437583925616
98
1
10
3.629517071192367
20
33.92795499968543
450
0
451
0
460
0
461
0
452
1
462
1
453
2
463
0
63
5
421
255
463
1
63
7
421
16777215
470
LINEAR
1001
ACAD
1010
0
1020
0
1030
0
  0
CIRCLE
  5
56d
330
1F
100
AcDbEntity
  8
BottomSolderMaskLayer
100
AcDbCircle
 10
64.69669799339613
 20
53.59359918719838
 30
0.0
 40
0.5149412063530009
  0
CIRCLE
  5
56e
330
1F
100
AcDbEntity
  8
BottomSolderMaskLayer
100
AcDbCircle
 10
64.69672339344697
 20
53.59359918719838
 30
0.0
 40
0.8754000508001016
0
HATCH
5
56f
100
AcDbEntity
8
BottomSolderMaskLayer
100
AcDbHatch
10
0
20
0
30
0
210
0
220
0
230
1
2
SOLID
70
1
71
0
91
1
92
7
72
1
73
1
93
2
10
63.82132334264687
20
53.59359918719838
42
1
10
65.57212344424707
20
53.59359918719838
42
1
97
1
330

75
0
76
1
47
0.8681437583925616
98
1
10
3.629517071192367
20
33.92795499968543
450
0
451
0
460
0
461
0
452
1
462
1
453
2
463
0
63
5
421
255
463
1
63
7
421
16777215
470
LINEAR
1001
ACAD
1010
0
1020
0
1030
0
  0
CIRCLE
  5
570
330
1F
100
AcDbEntity
  8
Multi-Layer
100
AcDbCircle
 10
64.69669799339613
 20
53.59359918719838
 30
0.0
 40
0.5
  0
CIRCLE
  5
571
330
1F
100
AcDbEntity
  8
Multi-Layer
100
AcDbCircle
 10
64.69672339344697
 20
53.59359918719838
 30
0.0
 40
0.8500000000000001
0
HATCH
5
572
100
AcDbEntity
8
Multi-Layer
100
AcDbHatch
10
0
20
0
30
0
210
0
220
0
230
1
2
SOLID
70
1
71
0
91
1
92
7
72
1
73
1
93
2
10
63.84672339344697
20
53.59359918719838
42
1
10
65.54672339344697
20
53.59359918719838
42
1
97
1
330

75
0
76
1
47
0.8681437583925616
98
1
10
3.629517071192367
20
33.92795499968543
450
0
451
0
460
0
461
0
452
1
462
1
453
2
463
0
63
5
421
255
463
1
63
7
421
16777215
470
LINEAR
1001
ACAD
1010
0
1020
0
1030
0
  0
CIRCLE
  5
573
330
1F
100
AcDbEntity
  8
TopSolderMaskLayer
100
AcDbCircle
 10
64.69669799339613
 20
66.29362458724916
 30
0.0
 40
0.5149412063530009
  0
CIRCLE
  5
574
330
1F
100
AcDbEntity
  8
TopSolderMaskLayer
100
AcDbCircle
 10
64.69672339344697
 20
66.29362458724916
 30
0.0
 40
0.8754000508001016
0
HATCH
5
575
100
AcDbEntity
8
TopSolderMaskLayer
100
AcDbHatch
10
0
20
0
30
0
210
0
220
0
230
1
2
SOLID
70
1
71
0
91
1
92
7
72
1
73
1
93
2
10
63.82132334264687
20
66.29362458724916
42
1
10
65.57212344424707
20
66.29362458724916
42
1
97
1
330

75
0
76
1
47
0.8681437583925616
98
1
10
3.629517071192367
20
33.92795499968543
450
0
451
0
460
0
461
0
452
1
462
1
453
2
463
0
63
5
421
255
463
1
63
7
421
16777215
470
LINEAR
1001
ACAD
1010
0
1020
0
1030
0
  0
CIRCLE
  5
576
330
1F
100
AcDbEntity
  8
BottomSolderMaskLayer
100
AcDbCircle
 10
64.69669799339613
 20
66.29362458724916
 30
0.0
 40
0.5149412063530009
  0
CIRCLE
  5
577
330
1F
100
AcDbEntity
  8
BottomSolderMaskLayer
100
AcDbCircle
 10
64.69672339344697
 20
66.29362458724916
 30
0.0
 40
0.8754000508001016
0
HATCH
5
578
100
AcDbEntity
8
BottomSolderMaskLayer
100
AcDbHatch
10
0
20
0
30
0
210
0
220
0
230
1
2
SOLID
70
1
71
0
91
1
92
7
72
1
73
1
93
2
10
63.82132334264687
20
66.29362458724916
42
1
10
65.57212344424707
20
66.29362458724916
42
1
97
1
330

75
0
76
1
47
0.8681437583925616
98
1
10
3.629517071192367
20
33.92795499968543
450
0
451
0
460
0
461
0
452
1
462
1
453
2
463
0
63
5
421
255
463
1
63
7
421
16777215
470
LINEAR
1001
ACAD
1010
0
1020
0
1030
0
  0
CIRCLE
  5
579
330
1F
100
AcDbEntity
  8
Multi-Layer
100
AcDbCircle
 10
64.69669799339613
 20
66.29362458724916
 30
0.0
 40
0.5
  0
CIRCLE
  5
57a
330
1F
100
AcDbEntity
  8
Multi-Layer
100
AcDbCircle
 10
64.69672339344697
 20
66.29362458724916
 30
0.0
 40
0.8500000000000001
0
HATCH
5
57b
100
AcDbEntity
8
Multi-Layer
100
AcDbHatch
10
0
20
0
30
0
210
0
220
0
230
1
2
SOLID
70
1
71
0
91
1
92
7
72
1
73
1
93
2
10
63.84672339344697
20
66.29362458724916
42
1
10
65.54672339344697
20
66.29362458724916
42
1
97
1
330

75
0
76
1
47
0.8681437583925616
98
1
10
3.629517071192367
20
33.92795499968543
450
0
451
0
460
0
461
0
452
1
462
1
453
2
463
0
63
5
421
255
463
1
63
7
421
16777215
470
LINEAR
1001
ACAD
1010
0
1020
0
1030
0
  0
CIRCLE
  5
57c
330
1F
100
AcDbEntity
  8
TopSolderMaskLayer
100
AcDbCircle
 10
64.69669799339613
 20
68.8336296672594
 30
0.0
 40
0.5149412063530009
  0
CIRCLE
  5
57d
330
1F
100
AcDbEntity
  8
TopSolderMaskLayer
100
AcDbCircle
 10
64.69672339344697
 20
68.8336296672594
 30
0.0
 40
0.8754000508001016
0
HATCH
5
57e
100
AcDbEntity
8
TopSolderMaskLayer
100
AcDbHatch
10
0
20
0
30
0
210
0
220
0
230
1
2
SOLID
70
1
71
0
91
1
92
7
72
1
73
1
93
2
10
63.82132334264687
20
68.8336296672594
42
1
10
65.57212344424707
20
68.8336296672594
42
1
97
1
330

75
0
76
1
47
0.8681437583925616
98
1
10
3.629517071192367
20
33.92795499968543
450
0
451
0
460
0
461
0
452
1
462
1
453
2
463
0
63
5
421
255
463
1
63
7
421
16777215
470
LINEAR
1001
ACAD
1010
0
1020
0
1030
0
  0
CIRCLE
  5
57f
330
1F
100
AcDbEntity
  8
BottomSolderMaskLayer
100
AcDbCircle
 10
64.69669799339613
 20
68.8336296672594
 30
0.0
 40
0.5149412063530009
  0
CIRCLE
  5
580
330
1F
100
AcDbEntity
  8
BottomSolderMaskLayer
100
AcDbCircle
 10
64.69672339344697
 20
68.8336296672594
 30
0.0
 40
0.8754000508001016
0
HATCH
5
581
100
AcDbEntity
8
BottomSolderMaskLayer
100
AcDbHatch
10
0
20
0
30
0
210
0
220
0
230
1
2
SOLID
70
1
71
0
91
1
92
7
72
1
73
1
93
2
10
63.82132334264687
20
68.8336296672594
42
1
10
65.57212344424707
20
68.8336296672594
42
1
97
1
330

75
0
76
1
47
0.8681437583925616
98
1
10
3.629517071192367
20
33.92795499968543
450
0
451
0
460
0
461
0
452
1
462
1
453
2
463
0
63
5
421
255
463
1
63
7
421
16777215
470
LINEAR
1001
ACAD
1010
0
1020
0
1030
0
  0
CIRCLE
  5
582
330
1F
100
AcDbEntity
  8
Multi-Layer
100
AcDbCircle
 10
64.69669799339613
 20
68.8336296672594
 30
0.0
 40
0.5
  0
CIRCLE
  5
583
330
1F
100
AcDbEntity
  8
Multi-Layer
100
AcDbCircle
 10
64.69672339344697
 20
68.8336296672594
 30
0.0
 40
0.8500000000000001
0
HATCH
5
584
100
AcDbEntity
8
Multi-Layer
100
AcDbHatch
10
0
20
0
30
0
210
0
220
0
230
1
2
SOLID
70
1
71
0
91
1
92
7
72
1
73
1
93
2
10
63.84672339344697
20
68.8336296672594
42
1
10
65.54672339344697
20
68.8336296672594
42
1
97
1
330

75
0
76
1
47
0.8681437583925616
98
1
10
3.629517071192367
20
33.92795499968543
450
0
451
0
460
0
461
0
452
1
462
1
453
2
463
0
63
5
421
255
463
1
63
7
421
16777215
470
LINEAR
1001
ACAD
1010
0
1020
0
1030
0
  0
CIRCLE
  5
585
330
1F
100
AcDbEntity
  8
TopSolderMaskLayer
100
AcDbCircle
 10
64.69669799339613
 20
56.13360426720851
 30
0.0
 40
0.5149412063530009
  0
CIRCLE
  5
586
330
1F
100
AcDbEntity
  8
TopSolderMaskLayer
100
AcDbCircle
 10
64.69672339344697
 20
56.13360426720851
 30
0.0
 40
0.8754000508001016
0
HATCH
5
587
100
AcDbEntity
8
TopSolderMaskLayer
100
AcDbHatch
10
0
20
0
30
0
210
0
220
0
230
1
2
SOLID
70
1
71
0
91
1
92
7
72
1
73
1
93
2
10
63.82132334264687
20
56.13360426720851
42
1
10
65.57212344424707
20
56.13360426720851
42
1
97
1
330

75
0
76
1
47
0.8681437583925616
98
1
10
3.629517071192367
20
33.92795499968543
450
0
451
0
460
0
461
0
452
1
462
1
453
2
463
0
63
5
421
255
463
1
63
7
421
16777215
470
LINEAR
1001
ACAD
1010
0
1020
0
1030
0
  0
CIRCLE
  5
588
330
1F
100
AcDbEntity
  8
BottomSolderMaskLayer
100
AcDbCircle
 10
64.69669799339613
 20
56.13360426720851
 30
0.0
 40
0.5149412063530009
  0
CIRCLE
  5
589
330
1F
100
AcDbEntity
  8
BottomSolderMaskLayer
100
AcDbCircle
 10
64.69672339344697
 20
56.13360426720851
 30
0.0
 40
0.8754000508001016
0
HATCH
5
58a
100
AcDbEntity
8
BottomSolderMaskLayer
100
AcDbHatch
10
0
20
0
30
0
210
0
220
0
230
1
2
SOLID
70
1
71
0
91
1
92
7
72
1
73
1
93
2
10
63.82132334264687
20
56.13360426720851
42
1
10
65.57212344424707
20
56.13360426720851
42
1
97
1
330

75
0
76
1
47
0.8681437583925616
98
1
10
3.629517071192367
20
33.92795499968543
450
0
451
0
460
0
461
0
452
1
462
1
453
2
463
0
63
5
421
255
463
1
63
7
421
16777215
470
LINEAR
1001
ACAD
1010
0
1020
0
1030
0
  0
CIRCLE
  5
58b
330
1F
100
AcDbEntity
  8
Multi-Layer
100
AcDbCircle
 10
64.69669799339613
 20
56.13360426720851
 30
0.0
 40
0.5
  0
CIRCLE
  5
58c
330
1F
100
AcDbEntity
  8
Multi-Layer
100
AcDbCircle
 10
64.69672339344697
 20
56.13360426720851
 30
0.0
 40
0.8500000000000001
0
HATCH
5
58d
100
AcDbEntity
8
Multi-Layer
100
AcDbHatch
10
0
20
0
30
0
210
0
220
0
230
1
2
SOLID
70
1
71
0
91
1
92
7
72
1
73
1
93
2
10
63.84672339344697
20
56.13360426720851
42
1
10
65.54672339344697
20
56.13360426720851
42
1
97
1
330

75
0
76
1
47
0.8681437583925616
98
1
10
3.629517071192367
20
33.92795499968543
450
0
451
0
460
0
461
0
452
1
462
1
453
2
463
0
63
5
421
255
463
1
63
7
421
16777215
470
LINEAR
1001
ACAD
1010
0
1020
0
1030
0
  0
CIRCLE
  5
58e
330
1F
100
AcDbEntity
  8
TopSolderMaskLayer
100
AcDbCircle
 10
64.69669799339613
 20
58.67360934721876
 30
0.0
 40
0.5149412063530009
  0
CIRCLE
  5
58f
330
1F
100
AcDbEntity
  8
TopSolderMaskLayer
100
AcDbCircle
 10
64.69672339344697
 20
58.67360934721876
 30
0.0
 40
0.8754000508001016
0
HATCH
5
590
100
AcDbEntity
8
TopSolderMaskLayer
100
AcDbHatch
10
0
20
0
30
0
210
0
220
0
230
1
2
SOLID
70
1
71
0
91
1
92
7
72
1
73
1
93
2
10
63.82132334264687
20
58.67360934721876
42
1
10
65.57212344424707
20
58.67360934721876
42
1
97
1
330

75
0
76
1
47
0.8681437583925616
98
1
10
3.629517071192367
20
33.92795499968543
450
0
451
0
460
0
461
0
452
1
462
1
453
2
463
0
63
5
421
255
463
1
63
7
421
16777215
470
LINEAR
1001
ACAD
1010
0
1020
0
1030
0
  0
CIRCLE
  5
591
330
1F
100
AcDbEntity
  8
BottomSolderMaskLayer
100
AcDbCircle
 10
64.69669799339613
 20
58.67360934721876
 30
0.0
 40
0.5149412063530009
  0
CIRCLE
  5
592
330
1F
100
AcDbEntity
  8
BottomSolderMaskLayer
100
AcDbCircle
 10
64.69672339344697
 20
58.67360934721876
 30
0.0
 40
0.8754000508001016
0
HATCH
5
593
100
AcDbEntity
8
BottomSolderMaskLayer
100
AcDbHatch
10
0
20
0
30
0
210
0
220
0
230
1
2
SOLID
70
1
71
0
91
1
92
7
72
1
73
1
93
2
10
63.82132334264687
20
58.67360934721876
42
1
10
65.57212344424707
20
58.67360934721876
42
1
97
1
330

75
0
76
1
47
0.8681437583925616
98
1
10
3.629517071192367
20
33.92795499968543
450
0
451
0
460
0
461
0
452
1
462
1
453
2
463
0
63
5
421
255
463
1
63
7
421
16777215
470
LINEAR
1001
ACAD
1010
0
1020
0
1030
0
  0
CIRCLE
  5
594
330
1F
100
AcDbEntity
  8
Multi-Layer
100
AcDbCircle
 10
64.69669799339613
 20
58.67360934721876
 30
0.0
 40
0.5
  0
CIRCLE
  5
595
330
1F
100
AcDbEntity
  8
Multi-Layer
100
AcDbCircle
 10
64.69672339344697
 20
58.67360934721876
 30
0.0
 40
0.8500000000000001
0
HATCH
5
596
100
AcDbEntity
8
Multi-Layer
100
AcDbHatch
10
0
20
0
30
0
210
0
220
0
230
1
2
SOLID
70
1
71
0
91
1
92
7
72
1
73
1
93
2
10
63.84672339344697
20
58.67360934721876
42
1
10
65.54672339344697
20
58.67360934721876
42
1
97
1
330

75
0
76
1
47
0.8681437583925616
98
1
10
3.629517071192367
20
33.92795499968543
450
0
451
0
460
0
461
0
452
1
462
1
453
2
463
0
63
5
421
255
463
1
63
7
421
16777215
470
LINEAR
1001
ACAD
1010
0
1020
0
1030
0
  0
CIRCLE
  5
597
330
1F
100
AcDbEntity
  8
TopSolderMaskLayer
100
AcDbCircle
 10
64.69669799339613
 20
63.75361950723902
 30
0.0
 40
0.5149412063530009
  0
CIRCLE
  5
598
330
1F
100
AcDbEntity
  8
TopSolderMaskLayer
100
AcDbCircle
 10
64.69672339344697
 20
63.75361950723902
 30
0.0
 40
0.8754000508001016
0
HATCH
5
599
100
AcDbEntity
8
TopSolderMaskLayer
100
AcDbHatch
10
0
20
0
30
0
210
0
220
0
230
1
2
SOLID
70
1
71
0
91
1
92
7
72
1
73
1
93
2
10
63.82132334264687
20
63.75361950723902
42
1
10
65.57212344424707
20
63.75361950723902
42
1
97
1
330

75
0
76
1
47
0.8681437583925616
98
1
10
3.629517071192367
20
33.92795499968543
450
0
451
0
460
0
461
0
452
1
462
1
453
2
463
0
63
5
421
255
463
1
63
7
421
16777215
470
LINEAR
1001
ACAD
1010
0
1020
0
1030
0
  0
CIRCLE
  5
59a
330
1F
100
AcDbEntity
  8
BottomSolderMaskLayer
100
AcDbCircle
 10
64.69669799339613
 20
63.75361950723902
 30
0.0
 40
0.5149412063530009
  0
CIRCLE
  5
59b
330
1F
100
AcDbEntity
  8
BottomSolderMaskLayer
100
AcDbCircle
 10
64.69672339344697
 20
63.75361950723902
 30
0.0
 40
0.8754000508001016
0
HATCH
5
59c
100
AcDbEntity
8
BottomSolderMaskLayer
100
AcDbHatch
10
0
20
0
30
0
210
0
220
0
230
1
2
SOLID
70
1
71
0
91
1
92
7
72
1
73
1
93
2
10
63.82132334264687
20
63.75361950723902
42
1
10
65.57212344424707
20
63.75361950723902
42
1
97
1
330

75
0
76
1
47
0.8681437583925616
98
1
10
3.629517071192367
20
33.92795499968543
450
0
451
0
460
0
461
0
452
1
462
1
453
2
463
0
63
5
421
255
463
1
63
7
421
16777215
470
LINEAR
1001
ACAD
1010
0
1020
0
1030
0
  0
CIRCLE
  5
59d
330
1F
100
AcDbEntity
  8
Multi-Layer
100
AcDbCircle
 10
64.69669799339613
 20
63.75361950723902
 30
0.0
 40
0.5
  0
CIRCLE
  5
59e
330
1F
100
AcDbEntity
  8
Multi-Layer
100
AcDbCircle
 10
64.69672339344697
 20
63.75361950723902
 30
0.0
 40
0.8500000000000001
0
HATCH
5
59f
100
AcDbEntity
8
Multi-Layer
100
AcDbHatch
10
0
20
0
30
0
210
0
220
0
230
1
2
SOLID
70
1
71
0
91
1
92
7
72
1
73
1
93
2
10
63.84672339344697
20
63.75361950723902
42
1
10
65.54672339344697
20
63.75361950723902
42
1
97
1
330

75
0
76
1
47
0.8681437583925616
98
1
10
3.629517071192367
20
33.92795499968543
450
0
451
0
460
0
461
0
452
1
462
1
453
2
463
0
63
5
421
255
463
1
63
7
421
16777215
470
LINEAR
1001
ACAD
1010
0
1020
0
1030
0
  0
CIRCLE
  5
5a0
330
1F
100
AcDbEntity
  8
TopSolderMaskLayer
100
AcDbCircle
 10
64.69669799339613
 20
61.21361442722889
 30
0.0
 40
0.5149412063530009
  0
CIRCLE
  5
5a1
330
1F
100
AcDbEntity
  8
TopSolderMaskLayer
100
AcDbCircle
 10
64.69672339344697
 20
61.21361442722889
 30
0.0
 40
0.8754000508001016
0
HATCH
5
5a2
100
AcDbEntity
8
TopSolderMaskLayer
100
AcDbHatch
10
0
20
0
30
0
210
0
220
0
230
1
2
SOLID
70
1
71
0
91
1
92
7
72
1
73
1
93
2
10
63.82132334264687
20
61.21361442722889
42
1
10
65.57212344424707
20
61.21361442722889
42
1
97
1
330

75
0
76
1
47
0.8681437583925616
98
1
10
3.629517071192367
20
33.92795499968543
450
0
451
0
460
0
461
0
452
1
462
1
453
2
463
0
63
5
421
255
463
1
63
7
421
16777215
470
LINEAR
1001
ACAD
1010
0
1020
0
1030
0
  0
CIRCLE
  5
5a3
330
1F
100
AcDbEntity
  8
BottomSolderMaskLayer
100
AcDbCircle
 10
64.69669799339613
 20
61.21361442722889
 30
0.0
 40
0.5149412063530009
  0
CIRCLE
  5
5a4
330
1F
100
AcDbEntity
  8
BottomSolderMaskLayer
100
AcDbCircle
 10
64.69672339344697
 20
61.21361442722889
 30
0.0
 40
0.8754000508001016
0
HATCH
5
5a5
100
AcDbEntity
8
BottomSolderMaskLayer
100
AcDbHatch
10
0
20
0
30
0
210
0
220
0
230
1
2
SOLID
70
1
71
0
91
1
92
7
72
1
73
1
93
2
10
63.82132334264687
20
61.21361442722889
42
1
10
65.57212344424707
20
61.21361442722889
42
1
97
1
330

75
0
76
1
47
0.8681437583925616
98
1
10
3.629517071192367
20
33.92795499968543
450
0
451
0
460
0
461
0
452
1
462
1
453
2
463
0
63
5
421
255
463
1
63
7
421
16777215
470
LINEAR
1001
ACAD
1010
0
1020
0
1030
0
  0
CIRCLE
  5
5a6
330
1F
100
AcDbEntity
  8
Multi-Layer
100
AcDbCircle
 10
64.69669799339613
 20
61.21361442722889
 30
0.0
 40
0.5
  0
CIRCLE
  5
5a7
330
1F
100
AcDbEntity
  8
Multi-Layer
100
AcDbCircle
 10
64.69672339344697
 20
61.21361442722889
 30
0.0
 40
0.8500000000000001
0
HATCH
5
5a8
100
AcDbEntity
8
Multi-Layer
100
AcDbHatch
10
0
20
0
30
0
210
0
220
0
230
1
2
SOLID
70
1
71
0
91
1
92
7
72
1
73
1
93
2
10
63.84672339344697
20
61.21361442722889
42
1
10
65.54672339344697
20
61.21361442722889
42
1
97
1
330

75
0
76
1
47
0.8681437583925616
98
1
10
3.629517071192367
20
33.92795499968543
450
0
451
0
460
0
461
0
452
1
462
1
453
2
463
0
63
5
421
255
463
1
63
7
421
16777215
470
LINEAR
1001
ACAD
1010
0
1020
0
1030
0
  0
CIRCLE
  5
5a9
330
1F
100
AcDbEntity
  8
TopSolderMaskLayer
100
AcDbCircle
 10
57.09654559309115
 20
68.8336296672594
 30
0.0
 40
0.5149412063530009
  0
CIRCLE
  5
5aa
330
1F
100
AcDbEntity
  8
TopSolderMaskLayer
100
AcDbCircle
 10
57.096520193040305
 20
68.8336296672594
 30
0.0
 40
0.8754000508001016
0
HATCH
5
5ab
100
AcDbEntity
8
TopSolderMaskLayer
100
AcDbHatch
10
0
20
0
30
0
210
0
220
0
230
1
2
SOLID
70
1
71
0
91
1
92
7
72
1
73
1
93
2
10
56.2211201422402
20
68.8336296672594
42
1
10
57.97192024384041
20
68.8336296672594
42
1
97
1
330

75
0
76
1
47
0.8681437583925616
98
1
10
3.629517071192367
20
33.92795499968543
450
0
451
0
460
0
461
0
452
1
462
1
453
2
463
0
63
5
421
255
463
1
63
7
421
16777215
470
LINEAR
1001
ACAD
1010
0
1020
0
1030
0
  0
CIRCLE
  5
5ac
330
1F
100
AcDbEntity
  8
BottomSolderMaskLayer
100
AcDbCircle
 10
57.09654559309115
 20
68.8336296672594
 30
0.0
 40
0.5149412063530009
  0
CIRCLE
  5
5ad
330
1F
100
AcDbEntity
  8
BottomSolderMaskLayer
100
AcDbCircle
 10
57.096520193040305
 20
68.8336296672594
 30
0.0
 40
0.8754000508001016
0
HATCH
5
5ae
100
AcDbEntity
8
BottomSolderMaskLayer
100
AcDbHatch
10
0
20
0
30
0
210
0
220
0
230
1
2
SOLID
70
1
71
0
91
1
92
7
72
1
73
1
93
2
10
56.2211201422402
20
68.8336296672594
42
1
10
57.97192024384041
20
68.8336296672594
42
1
97
1
330

75
0
76
1
47
0.8681437583925616
98
1
10
3.629517071192367
20
33.92795499968543
450
0
451
0
460
0
461
0
452
1
462
1
453
2
463
0
63
5
421
255
463
1
63
7
421
16777215
470
LINEAR
1001
ACAD
1010
0
1020
0
1030
0
  0
CIRCLE
  5
5af
330
1F
100
AcDbEntity
  8
Multi-Layer
100
AcDbCircle
 10
57.09654559309115
 20
68.8336296672594
 30
0.0
 40
0.5
  0
CIRCLE
  5
5b0
330
1F
100
AcDbEntity
  8
Multi-Layer
100
AcDbCircle
 10
57.096520193040305
 20
68.8336296672594
 30
0.0
 40
0.8500000000000001
0
HATCH
5
5b1
100
AcDbEntity
8
Multi-Layer
100
AcDbHatch
10
0
20
0
30
0
210
0
220
0
230
1
2
SOLID
70
1
71
0
91
1
92
7
72
1
73
1
93
2
10
56.246520193040304
20
68.8336296672594
42
1
10
57.94652019304031
20
68.8336296672594
42
1
97
1
330

75
0
76
1
47
0.8681437583925616
98
1
10
3.629517071192367
20
33.92795499968543
450
0
451
0
460
0
461
0
452
1
462
1
453
2
463
0
63
5
421
255
463
1
63
7
421
16777215
470
LINEAR
1001
ACAD
1010
0
1020
0
1030
0
  0
CIRCLE
  5
5b2
330
1F
100
AcDbEntity
  8
TopSolderMaskLayer
100
AcDbCircle
 10
57.09654559309115
 20
66.29362458724916
 30
0.0
 40
0.5149412063530009
  0
CIRCLE
  5
5b3
330
1F
100
AcDbEntity
  8
TopSolderMaskLayer
100
AcDbCircle
 10
57.096520193040305
 20
66.29362458724916
 30
0.0
 40
0.8754000508001016
0
HATCH
5
5b4
100
AcDbEntity
8
TopSolderMaskLayer
100
AcDbHatch
10
0
20
0
30
0
210
0
220
0
230
1
2
SOLID
70
1
71
0
91
1
92
7
72
1
73
1
93
2
10
56.2211201422402
20
66.29362458724916
42
1
10
57.97192024384041
20
66.29362458724916
42
1
97
1
330

75
0
76
1
47
0.8681437583925616
98
1
10
3.629517071192367
20
33.92795499968543
450
0
451
0
460
0
461
0
452
1
462
1
453
2
463
0
63
5
421
255
463
1
63
7
421
16777215
470
LINEAR
1001
ACAD
1010
0
1020
0
1030
0
  0
CIRCLE
  5
5b5
330
1F
100
AcDbEntity
  8
BottomSolderMaskLayer
100
AcDbCircle
 10
57.09654559309115
 20
66.29362458724916
 30
0.0
 40
0.5149412063530009
  0
CIRCLE
  5
5b6
330
1F
100
AcDbEntity
  8
BottomSolderMaskLayer
100
AcDbCircle
 10
57.096520193040305
 20
66.29362458724916
 30
0.0
 40
0.8754000508001016
0
HATCH
5
5b7
100
AcDbEntity
8
BottomSolderMaskLayer
100
AcDbHatch
10
0
20
0
30
0
210
0
220
0
230
1
2
SOLID
70
1
71
0
91
1
92
7
72
1
73
1
93
2
10
56.2211201422402
20
66.29362458724916
42
1
10
57.97192024384041
20
66.29362458724916
42
1
97
1
330

75
0
76
1
47
0.8681437583925616
98
1
10
3.629517071192367
20
33.92795499968543
450
0
451
0
460
0
461
0
452
1
462
1
453
2
463
0
63
5
421
255
463
1
63
7
421
16777215
470
LINEAR
1001
ACAD
1010
0
1020
0
1030
0
  0
CIRCLE
  5
5b8
330
1F
100
AcDbEntity
  8
Multi-Layer
100
AcDbCircle
 10
57.09654559309115
 20
66.29362458724916
 30
0.0
 40
0.5
  0
CIRCLE
  5
5b9
330
1F
100
AcDbEntity
  8
Multi-Layer
100
AcDbCircle
 10
57.096520193040305
 20
66.29362458724916
 30
0.0
 40
0.8500000000000001
0
HATCH
5
5ba
100
AcDbEntity
8
Multi-Layer
100
AcDbHatch
10
0
20
0
30
0
210
0
220
0
230
1
2
SOLID
70
1
71
0
91
1
92
7
72
1
73
1
93
2
10
56.246520193040304
20
66.29362458724916
42
1
10
57.94652019304031
20
66.29362458724916
42
1
97
1
330

75
0
76
1
47
0.8681437583925616
98
1
10
3.629517071192367
20
33.92795499968543
450
0
451
0
460
0
461
0
452
1
462
1
453
2
463
0
63
5
421
255
463
1
63
7
421
16777215
470
LINEAR
1001
ACAD
1010
0
1020
0
1030
0
  0
CIRCLE
  5
5bb
330
1F
100
AcDbEntity
  8
TopSolderMaskLayer
100
AcDbCircle
 10
57.09654559309115
 20
63.75361950723902
 30
0.0
 40
0.5149412063530009
  0
CIRCLE
  5
5bc
330
1F
100
AcDbEntity
  8
TopSolderMaskLayer
100
AcDbCircle
 10
57.096520193040305
 20
63.75361950723902
 30
0.0
 40
0.8754000508001016
0
HATCH
5
5bd
100
AcDbEntity
8
TopSolderMaskLayer
100
AcDbHatch
10
0
20
0
30
0
210
0
220
0
230
1
2
SOLID
70
1
71
0
91
1
92
7
72
1
73
1
93
2
10
56.2211201422402
20
63.75361950723902
42
1
10
57.97192024384041
20
63.75361950723902
42
1
97
1
330

75
0
76
1
47
0.8681437583925616
98
1
10
3.629517071192367
20
33.92795499968543
450
0
451
0
460
0
461
0
452
1
462
1
453
2
463
0
63
5
421
255
463
1
63
7
421
16777215
470
LINEAR
1001
ACAD
1010
0
1020
0
1030
0
  0
CIRCLE
  5
5be
330
1F
100
AcDbEntity
  8
BottomSolderMaskLayer
100
AcDbCircle
 10
57.09654559309115
 20
63.75361950723902
 30
0.0
 40
0.5149412063530009
  0
CIRCLE
  5
5bf
330
1F
100
AcDbEntity
  8
BottomSolderMaskLayer
100
AcDbCircle
 10
57.096520193040305
 20
63.75361950723902
 30
0.0
 40
0.8754000508001016
0
HATCH
5
5c0
100
AcDbEntity
8
BottomSolderMaskLayer
100
AcDbHatch
10
0
20
0
30
0
210
0
220
0
230
1
2
SOLID
70
1
71
0
91
1
92
7
72
1
73
1
93
2
10
56.2211201422402
20
63.75361950723902
42
1
10
57.97192024384041
20
63.75361950723902
42
1
97
1
330

75
0
76
1
47
0.8681437583925616
98
1
10
3.629517071192367
20
33.92795499968543
450
0
451
0
460
0
461
0
452
1
462
1
453
2
463
0
63
5
421
255
463
1
63
7
421
16777215
470
LINEAR
1001
ACAD
1010
0
1020
0
1030
0
  0
CIRCLE
  5
5c1
330
1F
100
AcDbEntity
  8
Multi-Layer
100
AcDbCircle
 10
57.09654559309115
 20
63.75361950723902
 30
0.0
 40
0.5
  0
CIRCLE
  5
5c2
330
1F
100
AcDbEntity
  8
Multi-Layer
100
AcDbCircle
 10
57.096520193040305
 20
63.75361950723902
 30
0.0
 40
0.8500000000000001
0
HATCH
5
5c3
100
AcDbEntity
8
Multi-Layer
100
AcDbHatch
10
0
20
0
30
0
210
0
220
0
230
1
2
SOLID
70
1
71
0
91
1
92
7
72
1
73
1
93
2
10
56.246520193040304
20
63.75361950723902
42
1
10
57.94652019304031
20
63.75361950723902
42
1
97
1
330

75
0
76
1
47
0.8681437583925616
98
1
10
3.629517071192367
20
33.92795499968543
450
0
451
0
460
0
461
0
452
1
462
1
453
2
463
0
63
5
421
255
463
1
63
7
421
16777215
470
LINEAR
1001
ACAD
1010
0
1020
0
1030
0
  0
CIRCLE
  5
5c4
330
1F
100
AcDbEntity
  8
TopSolderMaskLayer
100
AcDbCircle
 10
57.09654559309115
 20
61.21361442722889
 30
0.0
 40
0.5149412063530009
  0
CIRCLE
  5
5c5
330
1F
100
AcDbEntity
  8
TopSolderMaskLayer
100
AcDbCircle
 10
57.096520193040305
 20
61.21361442722889
 30
0.0
 40
0.8754000508001016
0
HATCH
5
5c6
100
AcDbEntity
8
TopSolderMaskLayer
100
AcDbHatch
10
0
20
0
30
0
210
0
220
0
230
1
2
SOLID
70
1
71
0
91
1
92
7
72
1
73
1
93
2
10
56.2211201422402
20
61.21361442722889
42
1
10
57.97192024384041
20
61.21361442722889
42
1
97
1
330

75
0
76
1
47
0.8681437583925616
98
1
10
3.629517071192367
20
33.92795499968543
450
0
451
0
460
0
461
0
452
1
462
1
453
2
463
0
63
5
421
255
463
1
63
7
421
16777215
470
LINEAR
1001
ACAD
1010
0
1020
0
1030
0
  0
CIRCLE
  5
5c7
330
1F
100
AcDbEntity
  8
BottomSolderMaskLayer
100
AcDbCircle
 10
57.09654559309115
 20
61.21361442722889
 30
0.0
 40
0.5149412063530009
  0
CIRCLE
  5
5c8
330
1F
100
AcDbEntity
  8
BottomSolderMaskLayer
100
AcDbCircle
 10
57.096520193040305
 20
61.21361442722889
 30
0.0
 40
0.8754000508001016
0
HATCH
5
5c9
100
AcDbEntity
8
BottomSolderMaskLayer
100
AcDbHatch
10
0
20
0
30
0
210
0
220
0
230
1
2
SOLID
70
1
71
0
91
1
92
7
72
1
73
1
93
2
10
56.2211201422402
20
61.21361442722889
42
1
10
57.97192024384041
20
61.21361442722889
42
1
97
1
330

75
0
76
1
47
0.8681437583925616
98
1
10
3.629517071192367
20
33.92795499968543
450
0
451
0
460
0
461
0
452
1
462
1
453
2
463
0
63
5
421
255
463
1
63
7
421
16777215
470
LINEAR
1001
ACAD
1010
0
1020
0
1030
0
  0
CIRCLE
  5
5ca
330
1F
100
AcDbEntity
  8
Multi-Layer
100
AcDbCircle
 10
57.09654559309115
 20
61.21361442722889
 30
0.0
 40
0.5
  0
CIRCLE
  5
5cb
330
1F
100
AcDbEntity
  8
Multi-Layer
100
AcDbCircle
 10
57.096520193040305
 20
61.21361442722889
 30
0.0
 40
0.8500000000000001
0
HATCH
5
5cc
100
AcDbEntity
8
Multi-Layer
100
AcDbHatch
10
0
20
0
30
0
210
0
220
0
230
1
2
SOLID
70
1
71
0
91
1
92
7
72
1
73
1
93
2
10
56.246520193040304
20
61.21361442722889
42
1
10
57.94652019304031
20
61.21361442722889
42
1
97
1
330

75
0
76
1
47
0.8681437583925616
98
1
10
3.629517071192367
20
33.92795499968543
450
0
451
0
460
0
461
0
452
1
462
1
453
2
463
0
63
5
421
255
463
1
63
7
421
16777215
470
LINEAR
1001
ACAD
1010
0
1020
0
1030
0
  0
CIRCLE
  5
5cd
330
1F
100
AcDbEntity
  8
TopSolderMaskLayer
100
AcDbCircle
 10
57.09654559309115
 20
58.67360934721876
 30
0.0
 40
0.5149412063530009
  0
CIRCLE
  5
5ce
330
1F
100
AcDbEntity
  8
TopSolderMaskLayer
100
AcDbCircle
 10
57.096520193040305
 20
58.67360934721876
 30
0.0
 40
0.8754000508001016
0
HATCH
5
5cf
100
AcDbEntity
8
TopSolderMaskLayer
100
AcDbHatch
10
0
20
0
30
0
210
0
220
0
230
1
2
SOLID
70
1
71
0
91
1
92
7
72
1
73
1
93
2
10
56.2211201422402
20
58.67360934721876
42
1
10
57.97192024384041
20
58.67360934721876
42
1
97
1
330

75
0
76
1
47
0.8681437583925616
98
1
10
3.629517071192367
20
33.92795499968543
450
0
451
0
460
0
461
0
452
1
462
1
453
2
463
0
63
5
421
255
463
1
63
7
421
16777215
470
LINEAR
1001
ACAD
1010
0
1020
0
1030
0
  0
CIRCLE
  5
5d0
330
1F
100
AcDbEntity
  8
BottomSolderMaskLayer
100
AcDbCircle
 10
57.09654559309115
 20
58.67360934721876
 30
0.0
 40
0.5149412063530009
  0
CIRCLE
  5
5d1
330
1F
100
AcDbEntity
  8
BottomSolderMaskLayer
100
AcDbCircle
 10
57.096520193040305
 20
58.67360934721876
 30
0.0
 40
0.8754000508001016
0
HATCH
5
5d2
100
AcDbEntity
8
BottomSolderMaskLayer
100
AcDbHatch
10
0
20
0
30
0
210
0
220
0
230
1
2
SOLID
70
1
71
0
91
1
92
7
72
1
73
1
93
2
10
56.2211201422402
20
58.67360934721876
42
1
10
57.97192024384041
20
58.67360934721876
42
1
97
1
330

75
0
76
1
47
0.8681437583925616
98
1
10
3.629517071192367
20
33.92795499968543
450
0
451
0
460
0
461
0
452
1
462
1
453
2
463
0
63
5
421
255
463
1
63
7
421
16777215
470
LINEAR
1001
ACAD
1010
0
1020
0
1030
0
  0
CIRCLE
  5
5d3
330
1F
100
AcDbEntity
  8
Multi-Layer
100
AcDbCircle
 10
57.09654559309115
 20
58.67360934721876
 30
0.0
 40
0.5
  0
CIRCLE
  5
5d4
330
1F
100
AcDbEntity
  8
Multi-Layer
100
AcDbCircle
 10
57.096520193040305
 20
58.67360934721876
 30
0.0
 40
0.8500000000000001
0
HATCH
5
5d5
100
AcDbEntity
8
Multi-Layer
100
AcDbHatch
10
0
20
0
30
0
210
0
220
0
230
1
2
SOLID
70
1
71
0
91
1
92
7
72
1
73
1
93
2
10
56.246520193040304
20
58.67360934721876
42
1
10
57.94652019304031
20
58.67360934721876
42
1
97
1
330

75
0
76
1
47
0.8681437583925616
98
1
10
3.629517071192367
20
33.92795499968543
450
0
451
0
460
0
461
0
452
1
462
1
453
2
463
0
63
5
421
255
463
1
63
7
421
16777215
470
LINEAR
1001
ACAD
1010
0
1020
0
1030
0
  0
CIRCLE
  5
5d6
330
1F
100
AcDbEntity
  8
TopSolderMaskLayer
100
AcDbCircle
 10
57.09654559309115
 20
56.13360426720851
 30
0.0
 40
0.5149412063530009
  0
CIRCLE
  5
5d7
330
1F
100
AcDbEntity
  8
TopSolderMaskLayer
100
AcDbCircle
 10
57.096520193040305
 20
56.13360426720851
 30
0.0
 40
0.8754000508001016
0
HATCH
5
5d8
100
AcDbEntity
8
TopSolderMaskLayer
100
AcDbHatch
10
0
20
0
30
0
210
0
220
0
230
1
2
SOLID
70
1
71
0
91
1
92
7
72
1
73
1
93
2
10
56.2211201422402
20
56.13360426720851
42
1
10
57.97192024384041
20
56.13360426720851
42
1
97
1
330

75
0
76
1
47
0.8681437583925616
98
1
10
3.629517071192367
20
33.92795499968543
450
0
451
0
460
0
461
0
452
1
462
1
453
2
463
0
63
5
421
255
463
1
63
7
421
16777215
470
LINEAR
1001
ACAD
1010
0
1020
0
1030
0
  0
CIRCLE
  5
5d9
330
1F
100
AcDbEntity
  8
BottomSolderMaskLayer
100
AcDbCircle
 10
57.09654559309115
 20
56.13360426720851
 30
0.0
 40
0.5149412063530009
  0
CIRCLE
  5
5da
330
1F
100
AcDbEntity
  8
BottomSolderMaskLayer
100
AcDbCircle
 10
57.096520193040305
 20
56.13360426720851
 30
0.0
 40
0.8754000508001016
0
HATCH
5
5db
100
AcDbEntity
8
BottomSolderMaskLayer
100
AcDbHatch
10
0
20
0
30
0
210
0
220
0
230
1
2
SOLID
70
1
71
0
91
1
92
7
72
1
73
1
93
2
10
56.2211201422402
20
56.13360426720851
42
1
10
57.97192024384041
20
56.13360426720851
42
1
97
1
330

75
0
76
1
47
0.8681437583925616
98
1
10
3.629517071192367
20
33.92795499968543
450
0
451
0
460
0
461
0
452
1
462
1
453
2
463
0
63
5
421
255
463
1
63
7
421
16777215
470
LINEAR
1001
ACAD
1010
0
1020
0
1030
0
  0
CIRCLE
  5
5dc
330
1F
100
AcDbEntity
  8
Multi-Layer
100
AcDbCircle
 10
57.09654559309115
 20
56.13360426720851
 30
0.0
 40
0.5
  0
CIRCLE
  5
5dd
330
1F
100
AcDbEntity
  8
Multi-Layer
100
AcDbCircle
 10
57.096520193040305
 20
56.13360426720851
 30
0.0
 40
0.8500000000000001
0
HATCH
5
5de
100
AcDbEntity
8
Multi-Layer
100
AcDbHatch
10
0
20
0
30
0
210
0
220
0
230
1
2
SOLID
70
1
71
0
91
1
92
7
72
1
73
1
93
2
10
56.246520193040304
20
56.13360426720851
42
1
10
57.94652019304031
20
56.13360426720851
42
1
97
1
330

75
0
76
1
47
0.8681437583925616
98
1
10
3.629517071192367
20
33.92795499968543
450
0
451
0
460
0
461
0
452
1
462
1
453
2
463
0
63
5
421
255
463
1
63
7
421
16777215
470
LINEAR
1001
ACAD
1010
0
1020
0
1030
0
  0
CIRCLE
  5
5df
330
1F
100
AcDbEntity
  8
TopSolderMaskLayer
100
AcDbCircle
 10
57.09654559309115
 20
53.59359918719838
 30
0.0
 40
0.5149412063530009
  0
CIRCLE
  5
5e0
330
1F
100
AcDbEntity
  8
TopSolderMaskLayer
100
AcDbCircle
 10
57.096520193040305
 20
53.59359918719838
 30
0.0
 40
0.8754000508001016
0
HATCH
5
5e1
100
AcDbEntity
8
TopSolderMaskLayer
100
AcDbHatch
10
0
20
0
30
0
210
0
220
0
230
1
2
SOLID
70
1
71
0
91
1
92
7
72
1
73
1
93
2
10
56.2211201422402
20
53.59359918719838
42
1
10
57.97192024384041
20
53.59359918719838
42
1
97
1
330

75
0
76
1
47
0.8681437583925616
98
1
10
3.629517071192367
20
33.92795499968543
450
0
451
0
460
0
461
0
452
1
462
1
453
2
463
0
63
5
421
255
463
1
63
7
421
16777215
470
LINEAR
1001
ACAD
1010
0
1020
0
1030
0
  0
CIRCLE
  5
5e2
330
1F
100
AcDbEntity
  8
BottomSolderMaskLayer
100
AcDbCircle
 10
57.09654559309115
 20
53.59359918719838
 30
0.0
 40
0.5149412063530009
  0
CIRCLE
  5
5e3
330
1F
100
AcDbEntity
  8
BottomSolderMaskLayer
100
AcDbCircle
 10
57.096520193040305
 20
53.59359918719838
 30
0.0
 40
0.8754000508001016
0
HATCH
5
5e4
100
AcDbEntity
8
BottomSolderMaskLayer
100
AcDbHatch
10
0
20
0
30
0
210
0
220
0
230
1
2
SOLID
70
1
71
0
91
1
92
7
72
1
73
1
93
2
10
56.2211201422402
20
53.59359918719838
42
1
10
57.97192024384041
20
53.59359918719838
42
1
97
1
330

75
0
76
1
47
0.8681437583925616
98
1
10
3.629517071192367
20
33.92795499968543
450
0
451
0
460
0
461
0
452
1
462
1
453
2
463
0
63
5
421
255
463
1
63
7
421
16777215
470
LINEAR
1001
ACAD
1010
0
1020
0
1030
0
  0
CIRCLE
  5
5e5
330
1F
100
AcDbEntity
  8
Multi-Layer
100
AcDbCircle
 10
57.09654559309115
 20
53.59359918719838
 30
0.0
 40
0.5
  0
CIRCLE
  5
5e6
330
1F
100
AcDbEntity
  8
Multi-Layer
100
AcDbCircle
 10
57.096520193040305
 20
53.59359918719838
 30
0.0
 40
0.8500000000000001
0
HATCH
5
5e7
100
AcDbEntity
8
Multi-Layer
100
AcDbHatch
10
0
20
0
30
0
210
0
220
0
230
1
2
SOLID
70
1
71
0
91
1
92
7
72
1
73
1
93
2
10
56.246520193040304
20
53.59359918719838
42
1
10
57.94652019304031
20
53.59359918719838
42
1
97
1
330

75
0
76
1
47
0.8681437583925616
98
1
10
3.629517071192367
20
33.92795499968543
450
0
451
0
460
0
461
0
452
1
462
1
453
2
463
0
63
5
421
255
463
1
63
7
421
16777215
470
LINEAR
1001
ACAD
1010
0
1020
0
1030
0
  0
CIRCLE
  5
5e8
330
1F
100
AcDbEntity
  8
TopSolderMaskLayer
100
AcDbCircle
 10
57.09654559309115
 20
51.053594107188246
 30
0.0
 40
0.5149412063530009
  0
CIRCLE
  5
5e9
330
1F
100
AcDbEntity
  8
TopSolderMaskLayer
100
AcDbCircle
 10
57.096520193040305
 20
51.053594107188246
 30
0.0
 40
0.8754000508001016
0
HATCH
5
5ea
100
AcDbEntity
8
TopSolderMaskLayer
100
AcDbHatch
10
0
20
0
30
0
210
0
220
0
230
1
2
SOLID
70
1
71
0
91
1
92
7
72
1
73
1
93
2
10
56.2211201422402
20
51.053594107188246
42
1
10
57.97192024384041
20
51.053594107188246
42
1
97
1
330

75
0
76
1
47
0.8681437583925616
98
1
10
3.629517071192367
20
33.92795499968543
450
0
451
0
460
0
461
0
452
1
462
1
453
2
463
0
63
5
421
255
463
1
63
7
421
16777215
470
LINEAR
1001
ACAD
1010
0
1020
0
1030
0
  0
CIRCLE
  5
5eb
330
1F
100
AcDbEntity
  8
BottomSolderMaskLayer
100
AcDbCircle
 10
57.09654559309115
 20
51.053594107188246
 30
0.0
 40
0.5149412063530009
  0
CIRCLE
  5
5ec
330
1F
100
AcDbEntity
  8
BottomSolderMaskLayer
100
AcDbCircle
 10
57.096520193040305
 20
51.053594107188246
 30
0.0
 40
0.8754000508001016
0
HATCH
5
5ed
100
AcDbEntity
8
BottomSolderMaskLayer
100
AcDbHatch
10
0
20
0
30
0
210
0
220
0
230
1
2
SOLID
70
1
71
0
91
1
92
7
72
1
73
1
93
2
10
56.2211201422402
20
51.053594107188246
42
1
10
57.97192024384041
20
51.053594107188246
42
1
97
1
330

75
0
76
1
47
0.8681437583925616
98
1
10
3.629517071192367
20
33.92795499968543
450
0
451
0
460
0
461
0
452
1
462
1
453
2
463
0
63
5
421
255
463
1
63
7
421
16777215
470
LINEAR
1001
ACAD
1010
0
1020
0
1030
0
  0
CIRCLE
  5
5ee
330
1F
100
AcDbEntity
  8
Multi-Layer
100
AcDbCircle
 10
57.09654559309115
 20
51.053594107188246
 30
0.0
 40
0.5
  0
CIRCLE
  5
5ef
330
1F
100
AcDbEntity
  8
Multi-Layer
100
AcDbCircle
 10
57.096520193040305
 20
51.053594107188246
 30
0.0
 40
0.8500000000000001
0
HATCH
5
5f0
100
AcDbEntity
8
Multi-Layer
100
AcDbHatch
10
0
20
0
30
0
210
0
220
0
230
1
2
SOLID
70
1
71
0
91
1
92
7
72
1
73
1
93
2
10
56.246520193040304
20
51.053594107188246
42
1
10
57.94652019304031
20
51.053594107188246
42
1
97
1
330

75
0
76
1
47
0.8681437583925616
98
1
10
3.629517071192367
20
33.92795499968543
450
0
451
0
460
0
461
0
452
1
462
1
453
2
463
0
63
5
421
255
463
1
63
7
421
16777215
470
LINEAR
1001
ACAD
1010
0
1020
0
1030
0
  0
CIRCLE
  5
5fa
330
1F
100
AcDbEntity
  8
TopSolderMaskLayer
100
AcDbCircle
 10
64.69669799339613
 20
30.22555245110493
 30
0.0
 40
0.5149412063530009
  0
CIRCLE
  5
5fb
330
1F
100
AcDbEntity
  8
TopSolderMaskLayer
100
AcDbCircle
 10
64.69672339344697
 20
30.22555245110493
 30
0.0
 40
0.8754000508001016
0
HATCH
5
5fc
100
AcDbEntity
8
TopSolderMaskLayer
100
AcDbHatch
10
0
20
0
30
0
210
0
220
0
230
1
2
SOLID
70
1
71
0
91
1
92
7
72
1
73
1
93
2
10
63.82132334264687
20
30.22555245110493
42
1
10
65.57212344424707
20
30.22555245110493
42
1
97
1
330

75
0
76
1
47
0.8681437583925616
98
1
10
3.629517071192367
20
33.92795499968543
450
0
451
0
460
0
461
0
452
1
462
1
453
2
463
0
63
5
421
255
463
1
63
7
421
16777215
470
LINEAR
1001
ACAD
1010
0
1020
0
1030
0
  0
CIRCLE
  5
5fd
330
1F
100
AcDbEntity
  8
BottomSolderMaskLayer
100
AcDbCircle
 10
64.69669799339613
 20
30.22555245110493
 30
0.0
 40
0.5149412063530009
  0
CIRCLE
  5
5fe
330
1F
100
AcDbEntity
  8
BottomSolderMaskLayer
100
AcDbCircle
 10
64.69672339344697
 20
30.22555245110493
 30
0.0
 40
0.8754000508001016
0
HATCH
5
5ff
100
AcDbEntity
8
BottomSolderMaskLayer
100
AcDbHatch
10
0
20
0
30
0
210
0
220
0
230
1
2
SOLID
70
1
71
0
91
1
92
7
72
1
73
1
93
2
10
63.82132334264687
20
30.22555245110493
42
1
10
65.57212344424707
20
30.22555245110493
42
1
97
1
330

75
0
76
1
47
0.8681437583925616
98
1
10
3.629517071192367
20
33.92795499968543
450
0
451
0
460
0
461
0
452
1
462
1
453
2
463
0
63
5
421
255
463
1
63
7
421
16777215
470
LINEAR
1001
ACAD
1010
0
1020
0
1030
0
  0
CIRCLE
  5
600
330
1F
100
AcDbEntity
  8
Multi-Layer
100
AcDbCircle
 10
64.69669799339613
 20
30.22555245110493
 30
0.0
 40
0.5
  0
CIRCLE
  5
601
330
1F
100
AcDbEntity
  8
Multi-Layer
100
AcDbCircle
 10
64.69672339344697
 20
30.22555245110493
 30
0.0
 40
0.8500000000000001
0
HATCH
5
602
100
AcDbEntity
8
Multi-Layer
100
AcDbHatch
10
0
20
0
30
0
210
0
220
0
230
1
2
SOLID
70
1
71
0
91
1
92
7
72
1
73
1
93
2
10
63.84672339344697
20
30.22555245110493
42
1
10
65.54672339344697
20
30.22555245110493
42
1
97
1
330

75
0
76
1
47
0.8681437583925616
98
1
10
3.629517071192367
20
33.92795499968543
450
0
451
0
460
0
461
0
452
1
462
1
453
2
463
0
63
5
421
255
463
1
63
7
421
16777215
470
LINEAR
1001
ACAD
1010
0
1020
0
1030
0
  0
CIRCLE
  5
603
330
1F
100
AcDbEntity
  8
TopSolderMaskLayer
100
AcDbCircle
 10
64.69669799339613
 20
42.92557785115571
 30
0.0
 40
0.5149412063530009
  0
CIRCLE
  5
604
330
1F
100
AcDbEntity
  8
TopSolderMaskLayer
100
AcDbCircle
 10
64.69672339344697
 20
42.92557785115571
 30
0.0
 40
0.8754000508001016
0
HATCH
5
605
100
AcDbEntity
8
TopSolderMaskLayer
100
AcDbHatch
10
0
20
0
30
0
210
0
220
0
230
1
2
SOLID
70
1
71
0
91
1
92
7
72
1
73
1
93
2
10
63.82132334264687
20
42.92557785115571
42
1
10
65.57212344424707
20
42.92557785115571
42
1
97
1
330

75
0
76
1
47
0.8681437583925616
98
1
10
3.629517071192367
20
33.92795499968543
450
0
451
0
460
0
461
0
452
1
462
1
453
2
463
0
63
5
421
255
463
1
63
7
421
16777215
470
LINEAR
1001
ACAD
1010
0
1020
0
1030
0
  0
CIRCLE
  5
606
330
1F
100
AcDbEntity
  8
BottomSolderMaskLayer
100
AcDbCircle
 10
64.69669799339613
 20
42.92557785115571
 30
0.0
 40
0.5149412063530009
  0
CIRCLE
  5
607
330
1F
100
AcDbEntity
  8
BottomSolderMaskLayer
100
AcDbCircle
 10
64.69672339344697
 20
42.92557785115571
 30
0.0
 40
0.8754000508001016
0
HATCH
5
608
100
AcDbEntity
8
BottomSolderMaskLayer
100
AcDbHatch
10
0
20
0
30
0
210
0
220
0
230
1
2
SOLID
70
1
71
0
91
1
92
7
72
1
73
1
93
2
10
63.82132334264687
20
42.92557785115571
42
1
10
65.57212344424707
20
42.92557785115571
42
1
97
1
330

75
0
76
1
47
0.8681437583925616
98
1
10
3.629517071192367
20
33.92795499968543
450
0
451
0
460
0
461
0
452
1
462
1
453
2
463
0
63
5
421
255
463
1
63
7
421
16777215
470
LINEAR
1001
ACAD
1010
0
1020
0
1030
0
  0
CIRCLE
  5
609
330
1F
100
AcDbEntity
  8
Multi-Layer
100
AcDbCircle
 10
64.69669799339613
 20
42.92557785115571
 30
0.0
 40
0.5
  0
CIRCLE
  5
60a
330
1F
100
AcDbEntity
  8
Multi-Layer
100
AcDbCircle
 10
64.69672339344697
 20
42.92557785115571
 30
0.0
 40
0.8500000000000001
0
HATCH
5
60b
100
AcDbEntity
8
Multi-Layer
100
AcDbHatch
10
0
20
0
30
0
210
0
220
0
230
1
2
SOLID
70
1
71
0
91
1
92
7
72
1
73
1
93
2
10
63.84672339344697
20
42.92557785115571
42
1
10
65.54672339344697
20
42.92557785115571
42
1
97
1
330

75
0
76
1
47
0.8681437583925616
98
1
10
3.629517071192367
20
33.92795499968543
450
0
451
0
460
0
461
0
452
1
462
1
453
2
463
0
63
5
421
255
463
1
63
7
421
16777215
470
LINEAR
1001
ACAD
1010
0
1020
0
1030
0
  0
CIRCLE
  5
60c
330
1F
100
AcDbEntity
  8
TopSolderMaskLayer
100
AcDbCircle
 10
64.69669799339613
 20
45.46558293116584
 30
0.0
 40
0.5149412063530009
  0
CIRCLE
  5
60d
330
1F
100
AcDbEntity
  8
TopSolderMaskLayer
100
AcDbCircle
 10
64.69672339344697
 20
45.46558293116584
 30
0.0
 40
0.8754000508001016
0
HATCH
5
60e
100
AcDbEntity
8
TopSolderMaskLayer
100
AcDbHatch
10
0
20
0
30
0
210
0
220
0
230
1
2
SOLID
70
1
71
0
91
1
92
7
72
1
73
1
93
2
10
63.82132334264687
20
45.46558293116584
42
1
10
65.57212344424707
20
45.46558293116584
42
1
97
1
330

75
0
76
1
47
0.8681437583925616
98
1
10
3.629517071192367
20
33.92795499968543
450
0
451
0
460
0
461
0
452
1
462
1
453
2
463
0
63
5
421
255
463
1
63
7
421
16777215
470
LINEAR
1001
ACAD
1010
0
1020
0
1030
0
  0
CIRCLE
  5
60f
330
1F
100
AcDbEntity
  8
BottomSolderMaskLayer
100
AcDbCircle
 10
64.69669799339613
 20
45.46558293116584
 30
0.0
 40
0.5149412063530009
  0
CIRCLE
  5
610
330
1F
100
AcDbEntity
  8
BottomSolderMaskLayer
100
AcDbCircle
 10
64.69672339344697
 20
45.46558293116584
 30
0.0
 40
0.8754000508001016
0
HATCH
5
611
100
AcDbEntity
8
BottomSolderMaskLayer
100
AcDbHatch
10
0
20
0
30
0
210
0
220
0
230
1
2
SOLID
70
1
71
0
91
1
92
7
72
1
73
1
93
2
10
63.82132334264687
20
45.46558293116584
42
1
10
65.57212344424707
20
45.46558293116584
42
1
97
1
330

75
0
76
1
47
0.8681437583925616
98
1
10
3.629517071192367
20
33.92795499968543
450
0
451
0
460
0
461
0
452
1
462
1
453
2
463
0
63
5
421
255
463
1
63
7
421
16777215
470
LINEAR
1001
ACAD
1010
0
1020
0
1030
0
  0
CIRCLE
  5
612
330
1F
100
AcDbEntity
  8
Multi-Layer
100
AcDbCircle
 10
64.69669799339613
 20
45.46558293116584
 30
0.0
 40
0.5
  0
CIRCLE
  5
613
330
1F
100
AcDbEntity
  8
Multi-Layer
100
AcDbCircle
 10
64.69672339344697
 20
45.46558293116584
 30
0.0
 40
0.8500000000000001
0
HATCH
5
614
100
AcDbEntity
8
Multi-Layer
100
AcDbHatch
10
0
20
0
30
0
210
0
220
0
230
1
2
SOLID
70
1
71
0
91
1
92
7
72
1
73
1
93
2
10
63.84672339344697
20
45.46558293116584
42
1
10
65.54672339344697
20
45.46558293116584
42
1
97
1
330

75
0
76
1
47
0.8681437583925616
98
1
10
3.629517071192367
20
33.92795499968543
450
0
451
0
460
0
461
0
452
1
462
1
453
2
463
0
63
5
421
255
463
1
63
7
421
16777215
470
LINEAR
1001
ACAD
1010
0
1020
0
1030
0
  0
CIRCLE
  5
615
330
1F
100
AcDbEntity
  8
TopSolderMaskLayer
100
AcDbCircle
 10
64.69669799339613
 20
32.765557531115064
 30
0.0
 40
0.5149412063530009
  0
CIRCLE
  5
616
330
1F
100
AcDbEntity
  8
TopSolderMaskLayer
100
AcDbCircle
 10
64.69672339344697
 20
32.765557531115064
 30
0.0
 40
0.8754000508001016
0
HATCH
5
617
100
AcDbEntity
8
TopSolderMaskLayer
100
AcDbHatch
10
0
20
0
30
0
210
0
220
0
230
1
2
SOLID
70
1
71
0
91
1
92
7
72
1
73
1
93
2
10
63.82132334264687
20
32.765557531115064
42
1
10
65.57212344424707
20
32.765557531115064
42
1
97
1
330

75
0
76
1
47
0.8681437583925616
98
1
10
3.629517071192367
20
33.92795499968543
450
0
451
0
460
0
461
0
452
1
462
1
453
2
463
0
63
5
421
255
463
1
63
7
421
16777215
470
LINEAR
1001
ACAD
1010
0
1020
0
1030
0
  0
CIRCLE
  5
618
330
1F
100
AcDbEntity
  8
BottomSolderMaskLayer
100
AcDbCircle
 10
64.69669799339613
 20
32.765557531115064
 30
0.0
 40
0.5149412063530009
  0
CIRCLE
  5
619
330
1F
100
AcDbEntity
  8
BottomSolderMaskLayer
100
AcDbCircle
 10
64.69672339344697
 20
32.765557531115064
 30
0.0
 40
0.8754000508001016
0
HATCH
5
61a
100
AcDbEntity
8
BottomSolderMaskLayer
100
AcDbHatch
10
0
20
0
30
0
210
0
220
0
230
1
2
SOLID
70
1
71
0
91
1
92
7
72
1
73
1
93
2
10
63.82132334264687
20
32.765557531115064
42
1
10
65.57212344424707
20
32.765557531115064
42
1
97
1
330

75
0
76
1
47
0.8681437583925616
98
1
10
3.629517071192367
20
33.92795499968543
450
0
451
0
460
0
461
0
452
1
462
1
453
2
463
0
63
5
421
255
463
1
63
7
421
16777215
470
LINEAR
1001
ACAD
1010
0
1020
0
1030
0
  0
CIRCLE
  5
61b
330
1F
100
AcDbEntity
  8
Multi-Layer
100
AcDbCircle
 10
64.69669799339613
 20
32.765557531115064
 30
0.0
 40
0.5
  0
CIRCLE
  5
61c
330
1F
100
AcDbEntity
  8
Multi-Layer
100
AcDbCircle
 10
64.69672339344697
 20
32.765557531115064
 30
0.0
 40
0.8500000000000001
0
HATCH
5
61d
100
AcDbEntity
8
Multi-Layer
100
AcDbHatch
10
0
20
0
30
0
210
0
220
0
230
1
2
SOLID
70
1
71
0
91
1
92
7
72
1
73
1
93
2
10
63.84672339344697
20
32.765557531115064
42
1
10
65.54672339344697
20
32.765557531115064
42
1
97
1
330

75
0
76
1
47
0.8681437583925616
98
1
10
3.629517071192367
20
33.92795499968543
450
0
451
0
460
0
461
0
452
1
462
1
453
2
463
0
63
5
421
255
463
1
63
7
421
16777215
470
LINEAR
1001
ACAD
1010
0
1020
0
1030
0
  0
CIRCLE
  5
61e
330
1F
100
AcDbEntity
  8
TopSolderMaskLayer
100
AcDbCircle
 10
64.69669799339613
 20
35.3055626111252
 30
0.0
 40
0.5149412063530009
  0
CIRCLE
  5
61f
330
1F
100
AcDbEntity
  8
TopSolderMaskLayer
100
AcDbCircle
 10
64.69672339344697
 20
35.3055626111252
 30
0.0
 40
0.8754000508001016
0
HATCH
5
620
100
AcDbEntity
8
TopSolderMaskLayer
100
AcDbHatch
10
0
20
0
30
0
210
0
220
0
230
1
2
SOLID
70
1
71
0
91
1
92
7
72
1
73
1
93
2
10
63.82132334264687
20
35.3055626111252
42
1
10
65.57212344424707
20
35.3055626111252
42
1
97
1
330

75
0
76
1
47
0.8681437583925616
98
1
10
3.629517071192367
20
33.92795499968543
450
0
451
0
460
0
461
0
452
1
462
1
453
2
463
0
63
5
421
255
463
1
63
7
421
16777215
470
LINEAR
1001
ACAD
1010
0
1020
0
1030
0
  0
CIRCLE
  5
621
330
1F
100
AcDbEntity
  8
BottomSolderMaskLayer
100
AcDbCircle
 10
64.69669799339613
 20
35.3055626111252
 30
0.0
 40
0.5149412063530009
  0
CIRCLE
  5
622
330
1F
100
AcDbEntity
  8
BottomSolderMaskLayer
100
AcDbCircle
 10
64.69672339344697
 20
35.3055626111252
 30
0.0
 40
0.8754000508001016
0
HATCH
5
623
100
AcDbEntity
8
BottomSolderMaskLayer
100
AcDbHatch
10
0
20
0
30
0
210
0
220
0
230
1
2
SOLID
70
1
71
0
91
1
92
7
72
1
73
1
93
2
10
63.82132334264687
20
35.3055626111252
42
1
10
65.57212344424707
20
35.3055626111252
42
1
97
1
330

75
0
76
1
47
0.8681437583925616
98
1
10
3.629517071192367
20
33.92795499968543
450
0
451
0
460
0
461
0
452
1
462
1
453
2
463
0
63
5
421
255
463
1
63
7
421
16777215
470
LINEAR
1001
ACAD
1010
0
1020
0
1030
0
  0
CIRCLE
  5
624
330
1F
100
AcDbEntity
  8
Multi-Layer
100
AcDbCircle
 10
64.69669799339613
 20
35.3055626111252
 30
0.0
 40
0.5
  0
CIRCLE
  5
625
330
1F
100
AcDbEntity
  8
Multi-Layer
100
AcDbCircle
 10
64.69672339344697
 20
35.3055626111252
 30
0.0
 40
0.8500000000000001
0
HATCH
5
626
100
AcDbEntity
8
Multi-Layer
100
AcDbHatch
10
0
20
0
30
0
210
0
220
0
230
1
2
SOLID
70
1
71
0
91
1
92
7
72
1
73
1
93
2
10
63.84672339344697
20
35.3055626111252
42
1
10
65.54672339344697
20
35.3055626111252
42
1
97
1
330

75
0
76
1
47
0.8681437583925616
98
1
10
3.629517071192367
20
33.92795499968543
450
0
451
0
460
0
461
0
452
1
462
1
453
2
463
0
63
5
421
255
463
1
63
7
421
16777215
470
LINEAR
1001
ACAD
1010
0
1020
0
1030
0
  0
CIRCLE
  5
627
330
1F
100
AcDbEntity
  8
TopSolderMaskLayer
100
AcDbCircle
 10
64.69669799339613
 20
40.385572771145576
 30
0.0
 40
0.5149412063530009
  0
CIRCLE
  5
628
330
1F
100
AcDbEntity
  8
TopSolderMaskLayer
100
AcDbCircle
 10
64.69672339344697
 20
40.385572771145576
 30
0.0
 40
0.8754000508001016
0
HATCH
5
629
100
AcDbEntity
8
TopSolderMaskLayer
100
AcDbHatch
10
0
20
0
30
0
210
0
220
0
230
1
2
SOLID
70
1
71
0
91
1
92
7
72
1
73
1
93
2
10
63.82132334264687
20
40.385572771145576
42
1
10
65.57212344424707
20
40.385572771145576
42
1
97
1
330

75
0
76
1
47
0.8681437583925616
98
1
10
3.629517071192367
20
33.92795499968543
450
0
451
0
460
0
461
0
452
1
462
1
453
2
463
0
63
5
421
255
463
1
63
7
421
16777215
470
LINEAR
1001
ACAD
1010
0
1020
0
1030
0
  0
CIRCLE
  5
62a
330
1F
100
AcDbEntity
  8
BottomSolderMaskLayer
100
AcDbCircle
 10
64.69669799339613
 20
40.385572771145576
 30
0.0
 40
0.5149412063530009
  0
CIRCLE
  5
62b
330
1F
100
AcDbEntity
  8
BottomSolderMaskLayer
100
AcDbCircle
 10
64.69672339344697
 20
40.385572771145576
 30
0.0
 40
0.8754000508001016
0
HATCH
5
62c
100
AcDbEntity
8
BottomSolderMaskLayer
100
AcDbHatch
10
0
20
0
30
0
210
0
220
0
230
1
2
SOLID
70
1
71
0
91
1
92
7
72
1
73
1
93
2
10
63.82132334264687
20
40.385572771145576
42
1
10
65.57212344424707
20
40.385572771145576
42
1
97
1
330

75
0
76
1
47
0.8681437583925616
98
1
10
3.629517071192367
20
33.92795499968543
450
0
451
0
460
0
461
0
452
1
462
1
453
2
463
0
63
5
421
255
463
1
63
7
421
16777215
470
LINEAR
1001
ACAD
1010
0
1020
0
1030
0
  0
CIRCLE
  5
62d
330
1F
100
AcDbEntity
  8
Multi-Layer
100
AcDbCircle
 10
64.69669799339613
 20
40.385572771145576
 30
0.0
 40
0.5
  0
CIRCLE
  5
62e
330
1F
100
AcDbEntity
  8
Multi-Layer
100
AcDbCircle
 10
64.69672339344697
 20
40.385572771145576
 30
0.0
 40
0.8500000000000001
0
HATCH
5
62f
100
AcDbEntity
8
Multi-Layer
100
AcDbHatch
10
0
20
0
30
0
210
0
220
0
230
1
2
SOLID
70
1
71
0
91
1
92
7
72
1
73
1
93
2
10
63.84672339344697
20
40.385572771145576
42
1
10
65.54672339344697
20
40.385572771145576
42
1
97
1
330

75
0
76
1
47
0.8681437583925616
98
1
10
3.629517071192367
20
33.92795499968543
450
0
451
0
460
0
461
0
452
1
462
1
453
2
463
0
63
5
421
255
463
1
63
7
421
16777215
470
LINEAR
1001
ACAD
1010
0
1020
0
1030
0
  0
CIRCLE
  5
630
330
1F
100
AcDbEntity
  8
TopSolderMaskLayer
100
AcDbCircle
 10
64.69669799339613
 20
37.84556769113544
 30
0.0
 40
0.5149412063530009
  0
CIRCLE
  5
631
330
1F
100
AcDbEntity
  8
TopSolderMaskLayer
100
AcDbCircle
 10
64.69672339344697
 20
37.84556769113544
 30
0.0
 40
0.8754000508001016
0
HATCH
5
632
100
AcDbEntity
8
TopSolderMaskLayer
100
AcDbHatch
10
0
20
0
30
0
210
0
220
0
230
1
2
SOLID
70
1
71
0
91
1
92
7
72
1
73
1
93
2
10
63.82132334264687
20
37.84556769113544
42
1
10
65.57212344424707
20
37.84556769113544
42
1
97
1
330

75
0
76
1
47
0.8681437583925616
98
1
10
3.629517071192367
20
33.92795499968543
450
0
451
0
460
0
461
0
452
1
462
1
453
2
463
0
63
5
421
255
463
1
63
7
421
16777215
470
LINEAR
1001
ACAD
1010
0
1020
0
1030
0
  0
CIRCLE
  5
633
330
1F
100
AcDbEntity
  8
BottomSolderMaskLayer
100
AcDbCircle
 10
64.69669799339613
 20
37.84556769113544
 30
0.0
 40
0.5149412063530009
  0
CIRCLE
  5
634
330
1F
100
AcDbEntity
  8
BottomSolderMaskLayer
100
AcDbCircle
 10
64.69672339344697
 20
37.84556769113544
 30
0.0
 40
0.8754000508001016
0
HATCH
5
635
100
AcDbEntity
8
BottomSolderMaskLayer
100
AcDbHatch
10
0
20
0
30
0
210
0
220
0
230
1
2
SOLID
70
1
71
0
91
1
92
7
72
1
73
1
93
2
10
63.82132334264687
20
37.84556769113544
42
1
10
65.57212344424707
20
37.84556769113544
42
1
97
1
330

75
0
76
1
47
0.8681437583925616
98
1
10
3.629517071192367
20
33.92795499968543
450
0
451
0
460
0
461
0
452
1
462
1
453
2
463
0
63
5
421
255
463
1
63
7
421
16777215
470
LINEAR
1001
ACAD
1010
0
1020
0
1030
0
  0
CIRCLE
  5
636
330
1F
100
AcDbEntity
  8
Multi-Layer
100
AcDbCircle
 10
64.69669799339613
 20
37.84556769113544
 30
0.0
 40
0.5
  0
CIRCLE
  5
637
330
1F
100
AcDbEntity
  8
Multi-Layer
100
AcDbCircle
 10
64.69672339344697
 20
37.84556769113544
 30
0.0
 40
0.8500000000000001
0
HATCH
5
638
100
AcDbEntity
8
Multi-Layer
100
AcDbHatch
10
0
20
0
30
0
210
0
220
0
230
1
2
SOLID
70
1
71
0
91
1
92
7
72
1
73
1
93
2
10
63.84672339344697
20
37.84556769113544
42
1
10
65.54672339344697
20
37.84556769113544
42
1
97
1
330

75
0
76
1
47
0.8681437583925616
98
1
10
3.629517071192367
20
33.92795499968543
450
0
451
0
460
0
461
0
452
1
462
1
453
2
463
0
63
5
421
255
463
1
63
7
421
16777215
470
LINEAR
1001
ACAD
1010
0
1020
0
1030
0
  0
CIRCLE
  5
639
330
1F
100
AcDbEntity
  8
TopSolderMaskLayer
100
AcDbCircle
 10
57.09654559309115
 20
45.46558293116584
 30
0.0
 40
0.5149412063530009
  0
CIRCLE
  5
63a
330
1F
100
AcDbEntity
  8
TopSolderMaskLayer
100
AcDbCircle
 10
57.096520193040305
 20
45.46558293116584
 30
0.0
 40
0.8754000508001016
0
HATCH
5
63b
100
AcDbEntity
8
TopSolderMaskLayer
100
AcDbHatch
10
0
20
0
30
0
210
0
220
0
230
1
2
SOLID
70
1
71
0
91
1
92
7
72
1
73
1
93
2
10
56.2211201422402
20
45.46558293116584
42
1
10
57.97192024384041
20
45.46558293116584
42
1
97
1
330

75
0
76
1
47
0.8681437583925616
98
1
10
3.629517071192367
20
33.92795499968543
450
0
451
0
460
0
461
0
452
1
462
1
453
2
463
0
63
5
421
255
463
1
63
7
421
16777215
470
LINEAR
1001
ACAD
1010
0
1020
0
1030
0
  0
CIRCLE
  5
63c
330
1F
100
AcDbEntity
  8
BottomSolderMaskLayer
100
AcDbCircle
 10
57.09654559309115
 20
45.46558293116584
 30
0.0
 40
0.5149412063530009
  0
CIRCLE
  5
63d
330
1F
100
AcDbEntity
  8
BottomSolderMaskLayer
100
AcDbCircle
 10
57.096520193040305
 20
45.46558293116584
 30
0.0
 40
0.8754000508001016
0
HATCH
5
63e
100
AcDbEntity
8
BottomSolderMaskLayer
100
AcDbHatch
10
0
20
0
30
0
210
0
220
0
230
1
2
SOLID
70
1
71
0
91
1
92
7
72
1
73
1
93
2
10
56.2211201422402
20
45.46558293116584
42
1
10
57.97192024384041
20
45.46558293116584
42
1
97
1
330

75
0
76
1
47
0.8681437583925616
98
1
10
3.629517071192367
20
33.92795499968543
450
0
451
0
460
0
461
0
452
1
462
1
453
2
463
0
63
5
421
255
463
1
63
7
421
16777215
470
LINEAR
1001
ACAD
1010
0
1020
0
1030
0
  0
CIRCLE
  5
63f
330
1F
100
AcDbEntity
  8
Multi-Layer
100
AcDbCircle
 10
57.09654559309115
 20
45.46558293116584
 30
0.0
 40
0.5
  0
CIRCLE
  5
640
330
1F
100
AcDbEntity
  8
Multi-Layer
100
AcDbCircle
 10
57.096520193040305
 20
45.46558293116584
 30
0.0
 40
0.8500000000000001
0
HATCH
5
641
100
AcDbEntity
8
Multi-Layer
100
AcDbHatch
10
0
20
0
30
0
210
0
220
0
230
1
2
SOLID
70
1
71
0
91
1
92
7
72
1
73
1
93
2
10
56.246520193040304
20
45.46558293116584
42
1
10
57.94652019304031
20
45.46558293116584
42
1
97
1
330

75
0
76
1
47
0.8681437583925616
98
1
10
3.629517071192367
20
33.92795499968543
450
0
451
0
460
0
461
0
452
1
462
1
453
2
463
0
63
5
421
255
463
1
63
7
421
16777215
470
LINEAR
1001
ACAD
1010
0
1020
0
1030
0
  0
CIRCLE
  5
642
330
1F
100
AcDbEntity
  8
TopSolderMaskLayer
100
AcDbCircle
 10
57.09654559309115
 20
42.92557785115571
 30
0.0
 40
0.5149412063530009
  0
CIRCLE
  5
643
330
1F
100
AcDbEntity
  8
TopSolderMaskLayer
100
AcDbCircle
 10
57.096520193040305
 20
42.92557785115571
 30
0.0
 40
0.8754000508001016
0
HATCH
5
644
100
AcDbEntity
8
TopSolderMaskLayer
100
AcDbHatch
10
0
20
0
30
0
210
0
220
0
230
1
2
SOLID
70
1
71
0
91
1
92
7
72
1
73
1
93
2
10
56.2211201422402
20
42.92557785115571
42
1
10
57.97192024384041
20
42.92557785115571
42
1
97
1
330

75
0
76
1
47
0.8681437583925616
98
1
10
3.629517071192367
20
33.92795499968543
450
0
451
0
460
0
461
0
452
1
462
1
453
2
463
0
63
5
421
255
463
1
63
7
421
16777215
470
LINEAR
1001
ACAD
1010
0
1020
0
1030
0
  0
CIRCLE
  5
645
330
1F
100
AcDbEntity
  8
BottomSolderMaskLayer
100
AcDbCircle
 10
57.09654559309115
 20
42.92557785115571
 30
0.0
 40
0.5149412063530009
  0
CIRCLE
  5
646
330
1F
100
AcDbEntity
  8
BottomSolderMaskLayer
100
AcDbCircle
 10
57.096520193040305
 20
42.92557785115571
 30
0.0
 40
0.8754000508001016
0
HATCH
5
647
100
AcDbEntity
8
BottomSolderMaskLayer
100
AcDbHatch
10
0
20
0
30
0
210
0
220
0
230
1
2
SOLID
70
1
71
0
91
1
92
7
72
1
73
1
93
2
10
56.2211201422402
20
42.92557785115571
42
1
10
57.97192024384041
20
42.92557785115571
42
1
97
1
330

75
0
76
1
47
0.8681437583925616
98
1
10
3.629517071192367
20
33.92795499968543
450
0
451
0
460
0
461
0
452
1
462
1
453
2
463
0
63
5
421
255
463
1
63
7
421
16777215
470
LINEAR
1001
ACAD
1010
0
1020
0
1030
0
  0
CIRCLE
  5
648
330
1F
100
AcDbEntity
  8
Multi-Layer
100
AcDbCircle
 10
57.09654559309115
 20
42.92557785115571
 30
0.0
 40
0.5
  0
CIRCLE
  5
649
330
1F
100
AcDbEntity
  8
Multi-Layer
100
AcDbCircle
 10
57.096520193040305
 20
42.92557785115571
 30
0.0
 40
0.8500000000000001
0
HATCH
5
64a
100
AcDbEntity
8
Multi-Layer
100
AcDbHatch
10
0
20
0
30
0
210
0
220
0
230
1
2
SOLID
70
1
71
0
91
1
92
7
72
1
73
1
93
2
10
56.246520193040304
20
42.92557785115571
42
1
10
57.94652019304031
20
42.92557785115571
42
1
97
1
330

75
0
76
1
47
0.8681437583925616
98
1
10
3.629517071192367
20
33.92795499968543
450
0
451
0
460
0
461
0
452
1
462
1
453
2
463
0
63
5
421
255
463
1
63
7
421
16777215
470
LINEAR
1001
ACAD
1010
0
1020
0
1030
0
  0
CIRCLE
  5
64b
330
1F
100
AcDbEntity
  8
TopSolderMaskLayer
100
AcDbCircle
 10
57.09654559309115
 20
40.385572771145576
 30
0.0
 40
0.5149412063530009
  0
CIRCLE
  5
64c
330
1F
100
AcDbEntity
  8
TopSolderMaskLayer
100
AcDbCircle
 10
57.096520193040305
 20
40.385572771145576
 30
0.0
 40
0.8754000508001016
0
HATCH
5
64d
100
AcDbEntity
8
TopSolderMaskLayer
100
AcDbHatch
10
0
20
0
30
0
210
0
220
0
230
1
2
SOLID
70
1
71
0
91
1
92
7
72
1
73
1
93
2
10
56.2211201422402
20
40.385572771145576
42
1
10
57.97192024384041
20
40.385572771145576
42
1
97
1
330

75
0
76
1
47
0.8681437583925616
98
1
10
3.629517071192367
20
33.92795499968543
450
0
451
0
460
0
461
0
452
1
462
1
453
2
463
0
63
5
421
255
463
1
63
7
421
16777215
470
LINEAR
1001
ACAD
1010
0
1020
0
1030
0
  0
CIRCLE
  5
64e
330
1F
100
AcDbEntity
  8
BottomSolderMaskLayer
100
AcDbCircle
 10
57.09654559309115
 20
40.385572771145576
 30
0.0
 40
0.5149412063530009
  0
CIRCLE
  5
64f
330
1F
100
AcDbEntity
  8
BottomSolderMaskLayer
100
AcDbCircle
 10
57.096520193040305
 20
40.385572771145576
 30
0.0
 40
0.8754000508001016
0
HATCH
5
650
100
AcDbEntity
8
BottomSolderMaskLayer
100
AcDbHatch
10
0
20
0
30
0
210
0
220
0
230
1
2
SOLID
70
1
71
0
91
1
92
7
72
1
73
1
93
2
10
56.2211201422402
20
40.385572771145576
42
1
10
57.97192024384041
20
40.385572771145576
42
1
97
1
330

75
0
76
1
47
0.8681437583925616
98
1
10
3.629517071192367
20
33.92795499968543
450
0
451
0
460
0
461
0
452
1
462
1
453
2
463
0
63
5
421
255
463
1
63
7
421
16777215
470
LINEAR
1001
ACAD
1010
0
1020
0
1030
0
  0
CIRCLE
  5
651
330
1F
100
AcDbEntity
  8
Multi-Layer
100
AcDbCircle
 10
57.09654559309115
 20
40.385572771145576
 30
0.0
 40
0.5
  0
CIRCLE
  5
652
330
1F
100
AcDbEntity
  8
Multi-Layer
100
AcDbCircle
 10
57.096520193040305
 20
40.385572771145576
 30
0.0
 40
0.8500000000000001
0
HATCH
5
653
100
AcDbEntity
8
Multi-Layer
100
AcDbHatch
10
0
20
0
30
0
210
0
220
0
230
1
2
SOLID
70
1
71
0
91
1
92
7
72
1
73
1
93
2
10
56.246520193040304
20
40.385572771145576
42
1
10
57.94652019304031
20
40.385572771145576
42
1
97
1
330

75
0
76
1
47
0.8681437583925616
98
1
10
3.629517071192367
20
33.92795499968543
450
0
451
0
460
0
461
0
452
1
462
1
453
2
463
0
63
5
421
255
463
1
63
7
421
16777215
470
LINEAR
1001
ACAD
1010
0
1020
0
1030
0
  0
CIRCLE
  5
654
330
1F
100
AcDbEntity
  8
TopSolderMaskLayer
100
AcDbCircle
 10
57.09654559309115
 20
37.84556769113544
 30
0.0
 40
0.5149412063530009
  0
CIRCLE
  5
655
330
1F
100
AcDbEntity
  8
TopSolderMaskLayer
100
AcDbCircle
 10
57.096520193040305
 20
37.84556769113544
 30
0.0
 40
0.8754000508001016
0
HATCH
5
656
100
AcDbEntity
8
TopSolderMaskLayer
100
AcDbHatch
10
0
20
0
30
0
210
0
220
0
230
1
2
SOLID
70
1
71
0
91
1
92
7
72
1
73
1
93
2
10
56.2211201422402
20
37.84556769113544
42
1
10
57.97192024384041
20
37.84556769113544
42
1
97
1
330

75
0
76
1
47
0.8681437583925616
98
1
10
3.629517071192367
20
33.92795499968543
450
0
451
0
460
0
461
0
452
1
462
1
453
2
463
0
63
5
421
255
463
1
63
7
421
16777215
470
LINEAR
1001
ACAD
1010
0
1020
0
1030
0
  0
CIRCLE
  5
657
330
1F
100
AcDbEntity
  8
BottomSolderMaskLayer
100
AcDbCircle
 10
57.09654559309115
 20
37.84556769113544
 30
0.0
 40
0.5149412063530009
  0
CIRCLE
  5
658
330
1F
100
AcDbEntity
  8
BottomSolderMaskLayer
100
AcDbCircle
 10
57.096520193040305
 20
37.84556769113544
 30
0.0
 40
0.8754000508001016
0
HATCH
5
659
100
AcDbEntity
8
BottomSolderMaskLayer
100
AcDbHatch
10
0
20
0
30
0
210
0
220
0
230
1
2
SOLID
70
1
71
0
91
1
92
7
72
1
73
1
93
2
10
56.2211201422402
20
37.84556769113544
42
1
10
57.97192024384041
20
37.84556769113544
42
1
97
1
330

75
0
76
1
47
0.8681437583925616
98
1
10
3.629517071192367
20
33.92795499968543
450
0
451
0
460
0
461
0
452
1
462
1
453
2
463
0
63
5
421
255
463
1
63
7
421
16777215
470
LINEAR
1001
ACAD
1010
0
1020
0
1030
0
  0
CIRCLE
  5
65a
330
1F
100
AcDbEntity
  8
Multi-Layer
100
AcDbCircle
 10
57.09654559309115
 20
37.84556769113544
 30
0.0
 40
0.5
  0
CIRCLE
  5
65b
330
1F
100
AcDbEntity
  8
Multi-Layer
100
AcDbCircle
 10
57.096520193040305
 20
37.84556769113544
 30
0.0
 40
0.8500000000000001
0
HATCH
5
65c
100
AcDbEntity
8
Multi-Layer
100
AcDbHatch
10
0
20
0
30
0
210
0
220
0
230
1
2
SOLID
70
1
71
0
91
1
92
7
72
1
73
1
93
2
10
56.246520193040304
20
37.84556769113544
42
1
10
57.94652019304031
20
37.84556769113544
42
1
97
1
330

75
0
76
1
47
0.8681437583925616
98
1
10
3.629517071192367
20
33.92795499968543
450
0
451
0
460
0
461
0
452
1
462
1
453
2
463
0
63
5
421
255
463
1
63
7
421
16777215
470
LINEAR
1001
ACAD
1010
0
1020
0
1030
0
  0
CIRCLE
  5
65d
330
1F
100
AcDbEntity
  8
TopSolderMaskLayer
100
AcDbCircle
 10
57.09654559309115
 20
35.3055626111252
 30
0.0
 40
0.5149412063530009
  0
CIRCLE
  5
65e
330
1F
100
AcDbEntity
  8
TopSolderMaskLayer
100
AcDbCircle
 10
57.096520193040305
 20
35.3055626111252
 30
0.0
 40
0.8754000508001016
0
HATCH
5
65f
100
AcDbEntity
8
TopSolderMaskLayer
100
AcDbHatch
10
0
20
0
30
0
210
0
220
0
230
1
2
SOLID
70
1
71
0
91
1
92
7
72
1
73
1
93
2
10
56.2211201422402
20
35.3055626111252
42
1
10
57.97192024384041
20
35.3055626111252
42
1
97
1
330

75
0
76
1
47
0.8681437583925616
98
1
10
3.629517071192367
20
33.92795499968543
450
0
451
0
460
0
461
0
452
1
462
1
453
2
463
0
63
5
421
255
463
1
63
7
421
16777215
470
LINEAR
1001
ACAD
1010
0
1020
0
1030
0
  0
CIRCLE
  5
660
330
1F
100
AcDbEntity
  8
BottomSolderMaskLayer
100
AcDbCircle
 10
57.09654559309115
 20
35.3055626111252
 30
0.0
 40
0.5149412063530009
  0
CIRCLE
  5
661
330
1F
100
AcDbEntity
  8
BottomSolderMaskLayer
100
AcDbCircle
 10
57.096520193040305
 20
35.3055626111252
 30
0.0
 40
0.8754000508001016
0
HATCH
5
662
100
AcDbEntity
8
BottomSolderMaskLayer
100
AcDbHatch
10
0
20
0
30
0
210
0
220
0
230
1
2
SOLID
70
1
71
0
91
1
92
7
72
1
73
1
93
2
10
56.2211201422402
20
35.3055626111252
42
1
10
57.97192024384041
20
35.3055626111252
42
1
97
1
330

75
0
76
1
47
0.8681437583925616
98
1
10
3.629517071192367
20
33.92795499968543
450
0
451
0
460
0
461
0
452
1
462
1
453
2
463
0
63
5
421
255
463
1
63
7
421
16777215
470
LINEAR
1001
ACAD
1010
0
1020
0
1030
0
  0
CIRCLE
  5
663
330
1F
100
AcDbEntity
  8
Multi-Layer
100
AcDbCircle
 10
57.09654559309115
 20
35.3055626111252
 30
0.0
 40
0.5
  0
CIRCLE
  5
664
330
1F
100
AcDbEntity
  8
Multi-Layer
100
AcDbCircle
 10
57.096520193040305
 20
35.3055626111252
 30
0.0
 40
0.8500000000000001
0
HATCH
5
665
100
AcDbEntity
8
Multi-Layer
100
AcDbHatch
10
0
20
0
30
0
210
0
220
0
230
1
2
SOLID
70
1
71
0
91
1
92
7
72
1
73
1
93
2
10
56.246520193040304
20
35.3055626111252
42
1
10
57.94652019304031
20
35.3055626111252
42
1
97
1
330

75
0
76
1
47
0.8681437583925616
98
1
10
3.629517071192367
20
33.92795499968543
450
0
451
0
460
0
461
0
452
1
462
1
453
2
463
0
63
5
421
255
463
1
63
7
421
16777215
470
LINEAR
1001
ACAD
1010
0
1020
0
1030
0
  0
CIRCLE
  5
666
330
1F
100
AcDbEntity
  8
TopSolderMaskLayer
100
AcDbCircle
 10
57.09654559309115
 20
32.765557531115064
 30
0.0
 40
0.5149412063530009
  0
CIRCLE
  5
667
330
1F
100
AcDbEntity
  8
TopSolderMaskLayer
100
AcDbCircle
 10
57.096520193040305
 20
32.765557531115064
 30
0.0
 40
0.8754000508001016
0
HATCH
5
668
100
AcDbEntity
8
TopSolderMaskLayer
100
AcDbHatch
10
0
20
0
30
0
210
0
220
0
230
1
2
SOLID
70
1
71
0
91
1
92
7
72
1
73
1
93
2
10
56.2211201422402
20
32.765557531115064
42
1
10
57.97192024384041
20
32.765557531115064
42
1
97
1
330

75
0
76
1
47
0.8681437583925616
98
1
10
3.629517071192367
20
33.92795499968543
450
0
451
0
460
0
461
0
452
1
462
1
453
2
463
0
63
5
421
255
463
1
63
7
421
16777215
470
LINEAR
1001
ACAD
1010
0
1020
0
1030
0
  0
CIRCLE
  5
669
330
1F
100
AcDbEntity
  8
BottomSolderMaskLayer
100
AcDbCircle
 10
57.09654559309115
 20
32.765557531115064
 30
0.0
 40
0.5149412063530009
  0
CIRCLE
  5
66a
330
1F
100
AcDbEntity
  8
BottomSolderMaskLayer
100
AcDbCircle
 10
57.096520193040305
 20
32.765557531115064
 30
0.0
 40
0.8754000508001016
0
HATCH
5
66b
100
AcDbEntity
8
BottomSolderMaskLayer
100
AcDbHatch
10
0
20
0
30
0
210
0
220
0
230
1
2
SOLID
70
1
71
0
91
1
92
7
72
1
73
1
93
2
10
56.2211201422402
20
32.765557531115064
42
1
10
57.97192024384041
20
32.765557531115064
42
1
97
1
330

75
0
76
1
47
0.8681437583925616
98
1
10
3.629517071192367
20
33.92795499968543
450
0
451
0
460
0
461
0
452
1
462
1
453
2
463
0
63
5
421
255
463
1
63
7
421
16777215
470
LINEAR
1001
ACAD
1010
0
1020
0
1030
0
  0
CIRCLE
  5
66c
330
1F
100
AcDbEntity
  8
Multi-Layer
100
AcDbCircle
 10
57.09654559309115
 20
32.765557531115064
 30
0.0
 40
0.5
  0
CIRCLE
  5
66d
330
1F
100
AcDbEntity
  8
Multi-Layer
100
AcDbCircle
 10
57.096520193040305
 20
32.765557531115064
 30
0.0
 40
0.8500000000000001
0
HATCH
5
66e
100
AcDbEntity
8
Multi-Layer
100
AcDbHatch
10
0
20
0
30
0
210
0
220
0
230
1
2
SOLID
70
1
71
0
91
1
92
7
72
1
73
1
93
2
10
56.246520193040304
20
32.765557531115064
42
1
10
57.94652019304031
20
32.765557531115064
42
1
97
1
330

75
0
76
1
47
0.8681437583925616
98
1
10
3.629517071192367
20
33.92795499968543
450
0
451
0
460
0
461
0
452
1
462
1
453
2
463
0
63
5
421
255
463
1
63
7
421
16777215
470
LINEAR
1001
ACAD
1010
0
1020
0
1030
0
  0
CIRCLE
  5
66f
330
1F
100
AcDbEntity
  8
TopSolderMaskLayer
100
AcDbCircle
 10
57.09654559309115
 20
30.22555245110493
 30
0.0
 40
0.5149412063530009
  0
CIRCLE
  5
670
330
1F
100
AcDbEntity
  8
TopSolderMaskLayer
100
AcDbCircle
 10
57.096520193040305
 20
30.22555245110493
 30
0.0
 40
0.8754000508001016
0
HATCH
5
671
100
AcDbEntity
8
TopSolderMaskLayer
100
AcDbHatch
10
0
20
0
30
0
210
0
220
0
230
1
2
SOLID
70
1
71
0
91
1
92
7
72
1
73
1
93
2
10
56.2211201422402
20
30.22555245110493
42
1
10
57.97192024384041
20
30.22555245110493
42
1
97
1
330

75
0
76
1
47
0.8681437583925616
98
1
10
3.629517071192367
20
33.92795499968543
450
0
451
0
460
0
461
0
452
1
462
1
453
2
463
0
63
5
421
255
463
1
63
7
421
16777215
470
LINEAR
1001
ACAD
1010
0
1020
0
1030
0
  0
CIRCLE
  5
672
330
1F
100
AcDbEntity
  8
BottomSolderMaskLayer
100
AcDbCircle
 10
57.09654559309115
 20
30.22555245110493
 30
0.0
 40
0.5149412063530009
  0
CIRCLE
  5
673
330
1F
100
AcDbEntity
  8
BottomSolderMaskLayer
100
AcDbCircle
 10
57.096520193040305
 20
30.22555245110493
 30
0.0
 40
0.8754000508001016
0
HATCH
5
674
100
AcDbEntity
8
BottomSolderMaskLayer
100
AcDbHatch
10
0
20
0
30
0
210
0
220
0
230
1
2
SOLID
70
1
71
0
91
1
92
7
72
1
73
1
93
2
10
56.2211201422402
20
30.22555245110493
42
1
10
57.97192024384041
20
30.22555245110493
42
1
97
1
330

75
0
76
1
47
0.8681437583925616
98
1
10
3.629517071192367
20
33.92795499968543
450
0
451
0
460
0
461
0
452
1
462
1
453
2
463
0
63
5
421
255
463
1
63
7
421
16777215
470
LINEAR
1001
ACAD
1010
0
1020
0
1030
0
  0
CIRCLE
  5
675
330
1F
100
AcDbEntity
  8
Multi-Layer
100
AcDbCircle
 10
57.09654559309115
 20
30.22555245110493
 30
0.0
 40
0.5
  0
CIRCLE
  5
676
330
1F
100
AcDbEntity
  8
Multi-Layer
100
AcDbCircle
 10
57.096520193040305
 20
30.22555245110493
 30
0.0
 40
0.8500000000000001
0
HATCH
5
677
100
AcDbEntity
8
Multi-Layer
100
AcDbHatch
10
0
20
0
30
0
210
0
220
0
230
1
2
SOLID
70
1
71
0
91
1
92
7
72
1
73
1
93
2
10
56.246520193040304
20
30.22555245110493
42
1
10
57.94652019304031
20
30.22555245110493
42
1
97
1
330

75
0
76
1
47
0.8681437583925616
98
1
10
3.629517071192367
20
33.92795499968543
450
0
451
0
460
0
461
0
452
1
462
1
453
2
463
0
63
5
421
255
463
1
63
7
421
16777215
470
LINEAR
1001
ACAD
1010
0
1020
0
1030
0
  0
CIRCLE
  5
678
330
1F
100
AcDbEntity
  8
TopSolderMaskLayer
100
AcDbCircle
 10
57.09654559309115
 20
27.6855473710948
 30
0.0
 40
0.5149412063530009
  0
CIRCLE
  5
679
330
1F
100
AcDbEntity
  8
TopSolderMaskLayer
100
AcDbCircle
 10
57.096520193040305
 20
27.6855473710948
 30
0.0
 40
0.8754000508001016
0
HATCH
5
67a
100
AcDbEntity
8
TopSolderMaskLayer
100
AcDbHatch
10
0
20
0
30
0
210
0
220
0
230
1
2
SOLID
70
1
71
0
91
1
92
7
72
1
73
1
93
2
10
56.2211201422402
20
27.6855473710948
42
1
10
57.97192024384041
20
27.6855473710948
42
1
97
1
330

75
0
76
1
47
0.8681437583925616
98
1
10
3.629517071192367
20
33.92795499968543
450
0
451
0
460
0
461
0
452
1
462
1
453
2
463
0
63
5
421
255
463
1
63
7
421
16777215
470
LINEAR
1001
ACAD
1010
0
1020
0
1030
0
  0
CIRCLE
  5
67b
330
1F
100
AcDbEntity
  8
BottomSolderMaskLayer
100
AcDbCircle
 10
57.09654559309115
 20
27.6855473710948
 30
0.0
 40
0.5149412063530009
  0
CIRCLE
  5
67c
330
1F
100
AcDbEntity
  8
BottomSolderMaskLayer
100
AcDbCircle
 10
57.096520193040305
 20
27.6855473710948
 30
0.0
 40
0.8754000508001016
0
HATCH
5
67d
100
AcDbEntity
8
BottomSolderMaskLayer
100
AcDbHatch
10
0
20
0
30
0
210
0
220
0
230
1
2
SOLID
70
1
71
0
91
1
92
7
72
1
73
1
93
2
10
56.2211201422402
20
27.6855473710948
42
1
10
57.97192024384041
20
27.6855473710948
42
1
97
1
330

75
0
76
1
47
0.8681437583925616
98
1
10
3.629517071192367
20
33.92795499968543
450
0
451
0
460
0
461
0
452
1
462
1
453
2
463
0
63
5
421
255
463
1
63
7
421
16777215
470
LINEAR
1001
ACAD
1010
0
1020
0
1030
0
  0
CIRCLE
  5
67e
330
1F
100
AcDbEntity
  8
Multi-Layer
100
AcDbCircle
 10
57.09654559309115
 20
27.6855473710948
 30
0.0
 40
0.5
  0
CIRCLE
  5
67f
330
1F
100
AcDbEntity
  8
Multi-Layer
100
AcDbCircle
 10
57.096520193040305
 20
27.6855473710948
 30
0.0
 40
0.8500000000000001
0
HATCH
5
680
100
AcDbEntity
8
Multi-Layer
100
AcDbHatch
10
0
20
0
30
0
210
0
220
0
230
1
2
SOLID
70
1
71
0
91
1
92
7
72
1
73
1
93
2
10
56.246520193040304
20
27.6855473710948
42
1
10
57.94652019304031
20
27.6855473710948
42
1
97
1
330

75
0
76
1
47
0.8681437583925616
98
1
10
3.629517071192367
20
33.92795499968543
450
0
451
0
460
0
461
0
452
1
462
1
453
2
463
0
63
5
421
255
463
1
63
7
421
16777215
470
LINEAR
1001
ACAD
1010
0
1020
0
1030
0
  0
CIRCLE
  5
681
330
1F
100
AcDbEntity
  8
TopSolderMaskLayer
100
AcDbCircle
 10
15.113030226060573
 20
74.6761493522987
 30
0.0
 40
0.4213895164632435
  0
CIRCLE
  5
682
330
1F
100
AcDbEntity
  8
TopSolderMaskLayer
100
AcDbCircle
 10
15.113030226060573
 20
74.6761493522987
 30
0.0
 40
1.0008001016002033
0
HATCH
5
683
100
AcDbEntity
8
TopSolderMaskLayer
100
AcDbHatch
10
0
20
0
30
0
210
0
220
0
230
1
2
SOLID
70
1
71
0
91
1
92
7
72
1
73
1
93
2
10
14.11223012446037
20
74.6761493522987
42
1
10
16.113830327660775
20
74.6761493522987
42
1
97
1
330

75
0
76
1
47
0.8681437583925616
98
1
10
3.629517071192367
20
33.92795499968543
450
0
451
0
460
0
461
0
452
1
462
1
453
2
463
0
63
5
421
255
463
1
63
7
421
16777215
470
LINEAR
1001
ACAD
1010
0
1020
0
1030
0
  0
CIRCLE
  5
684
330
1F
100
AcDbEntity
  8
BottomSolderMaskLayer
100
AcDbCircle
 10
15.113030226060573
 20
74.6761493522987
 30
0.0
 40
0.4213895164632435
  0
CIRCLE
  5
685
330
1F
100
AcDbEntity
  8
BottomSolderMaskLayer
100
AcDbCircle
 10
15.113030226060573
 20
74.6761493522987
 30
0.0
 40
1.0008001016002033
0
HATCH
5
686
100
AcDbEntity
8
BottomSolderMaskLayer
100
AcDbHatch
10
0
20
0
30
0
210
0
220
0
230
1
2
SOLID
70
1
71
0
91
1
92
7
72
1
73
1
93
2
10
14.11223012446037
20
74.6761493522987
42
1
10
16.113830327660775
20
74.6761493522987
42
1
97
1
330

75
0
76
1
47
0.8681437583925616
98
1
10
3.629517071192367
20
33.92795499968543
450
0
451
0
460
0
461
0
452
1
462
1
453
2
463
0
63
5
421
255
463
1
63
7
421
16777215
470
LINEAR
1001
ACAD
1010
0
1020
0
1030
0
  0
CIRCLE
  5
687
330
1F
100
AcDbEntity
  8
Multi-Layer
100
AcDbCircle
 10
15.113030226060573
 20
74.6761493522987
 30
0.0
 40
0.4
  0
CIRCLE
  5
688
330
1F
100
AcDbEntity
  8
Multi-Layer
100
AcDbCircle
 10
15.113030226060573
 20
74.6761493522987
 30
0.0
 40
0.9500000000000001
0
HATCH
5
689
100
AcDbEntity
8
Multi-Layer
100
AcDbHatch
10
0
20
0
30
0
210
0
220
0
230
1
2
SOLID
70
1
71
0
91
1
92
7
72
1
73
1
93
2
10
14.163030226060574
20
74.6761493522987
42
1
10
16.063030226060572
20
74.6761493522987
42
1
97
1
330

75
0
76
1
47
0.8681437583925616
98
1
10
3.629517071192367
20
33.92795499968543
450
0
451
0
460
0
461
0
452
1
462
1
453
2
463
0
63
5
421
255
463
1
63
7
421
16777215
470
LINEAR
1001
ACAD
1010
0
1020
0
1030
0
  0
CIRCLE
  5
68a
330
1F
100
AcDbEntity
  8
TopSolderMaskLayer
100
AcDbCircle
 10
15.113030226060573
 20
67.57612395224794
 30
0.0
 40
0.4213895164632435
  0
CIRCLE
  5
68b
330
1F
100
AcDbEntity
  8
TopSolderMaskLayer
100
AcDbCircle
 10
15.113030226060573
 20
67.57607315214636
 30
0.0
 40
1.0008001016002033
0
HATCH
5
68c
100
AcDbEntity
8
TopSolderMaskLayer
100
AcDbHatch
10
0
20
0
30
0
210
0
220
0
230
1
2
SOLID
70
1
71
0
91
1
92
7
72
1
73
1
93
2
10
14.11223012446037
20
67.57607315214636
42
1
10
16.113830327660775
20
67.57607315214636
42
1
97
1
330

75
0
76
1
47
0.8681437583925616
98
1
10
3.629517071192367
20
33.92795499968543
450
0
451
0
460
0
461
0
452
1
462
1
453
2
463
0
63
5
421
255
463
1
63
7
421
16777215
470
LINEAR
1001
ACAD
1010
0
1020
0
1030
0
  0
CIRCLE
  5
68d
330
1F
100
AcDbEntity
  8
BottomSolderMaskLayer
100
AcDbCircle
 10
15.113030226060573
 20
67.57612395224794
 30
0.0
 40
0.4213895164632435
  0
CIRCLE
  5
68e
330
1F
100
AcDbEntity
  8
BottomSolderMaskLayer
100
AcDbCircle
 10
15.113030226060573
 20
67.57607315214636
 30
0.0
 40
1.0008001016002033
0
HATCH
5
68f
100
AcDbEntity
8
BottomSolderMaskLayer
100
AcDbHatch
10
0
20
0
30
0
210
0
220
0
230
1
2
SOLID
70
1
71
0
91
1
92
7
72
1
73
1
93
2
10
14.11223012446037
20
67.57607315214636
42
1
10
16.113830327660775
20
67.57607315214636
42
1
97
1
330

75
0
76
1
47
0.8681437583925616
98
1
10
3.629517071192367
20
33.92795499968543
450
0
451
0
460
0
461
0
452
1
462
1
453
2
463
0
63
5
421
255
463
1
63
7
421
16777215
470
LINEAR
1001
ACAD
1010
0
1020
0
1030
0
  0
CIRCLE
  5
690
330
1F
100
AcDbEntity
  8
Multi-Layer
100
AcDbCircle
 10
15.113030226060573
 20
67.57612395224794
 30
0.0
 40
0.4
  0
CIRCLE
  5
691
330
1F
100
AcDbEntity
  8
Multi-Layer
100
AcDbCircle
 10
15.113030226060573
 20
67.57607315214636
 30
0.0
 40
0.9500000000000001
0
HATCH
5
692
100
AcDbEntity
8
Multi-Layer
100
AcDbHatch
10
0
20
0
30
0
210
0
220
0
230
1
2
SOLID
70
1
71
0
91
1
92
7
72
1
73
1
93
2
10
14.163030226060574
20
67.57607315214636
42
1
10
16.063030226060572
20
67.57607315214636
42
1
97
1
330

75
0
76
1
47
0.8681437583925616
98
1
10
3.629517071192367
20
33.92795499968543
450
0
451
0
460
0
461
0
452
1
462
1
453
2
463
0
63
5
421
255
463
1
63
7
421
16777215
470
LINEAR
1001
ACAD
1010
0
1020
0
1030
0
  0
CIRCLE
  5
693
330
1F
100
AcDbEntity
  8
TopSolderMaskLayer
100
AcDbCircle
 10
3.8100076200153126
 20
74.6761493522987
 30
0.0
 40
0.4213895164632435
  0
CIRCLE
  5
694
330
1F
100
AcDbEntity
  8
TopSolderMaskLayer
100
AcDbCircle
 10
3.8100076200153126
 20
74.6761493522987
 30
0.0
 40
1.0008001016002033
0
HATCH
5
695
100
AcDbEntity
8
TopSolderMaskLayer
100
AcDbHatch
10
0
20
0
30
0
210
0
220
0
230
1
2
SOLID
70
1
71
0
91
1
92
7
72
1
73
1
93
2
10
2.8092075184151093
20
74.6761493522987
42
1
10
4.810807721615516
20
74.6761493522987
42
1
97
1
330

75
0
76
1
47
0.8681437583925616
98
1
10
3.629517071192367
20
33.92795499968543
450
0
451
0
460
0
461
0
452
1
462
1
453
2
463
0
63
5
421
255
463
1
63
7
421
16777215
470
LINEAR
1001
ACAD
1010
0
1020
0
1030
0
  0
CIRCLE
  5
696
330
1F
100
AcDbEntity
  8
BottomSolderMaskLayer
100
AcDbCircle
 10
3.8100076200153126
 20
74.6761493522987
 30
0.0
 40
0.4213895164632435
  0
CIRCLE
  5
697
330
1F
100
AcDbEntity
  8
BottomSolderMaskLayer
100
AcDbCircle
 10
3.8100076200153126
 20
74.6761493522987
 30
0.0
 40
1.0008001016002033
0
HATCH
5
698
100
AcDbEntity
8
BottomSolderMaskLayer
100
AcDbHatch
10
0
20
0
30
0
210
0
220
0
230
1
2
SOLID
70
1
71
0
91
1
92
7
72
1
73
1
93
2
10
2.8092075184151093
20
74.6761493522987
42
1
10
4.810807721615516
20
74.6761493522987
42
1
97
1
330

75
0
76
1
47
0.8681437583925616
98
1
10
3.629517071192367
20
33.92795499968543
450
0
451
0
460
0
461
0
452
1
462
1
453
2
463
0
63
5
421
255
463
1
63
7
421
16777215
470
LINEAR
1001
ACAD
1010
0
1020
0
1030
0
  0
CIRCLE
  5
699
330
1F
100
AcDbEntity
  8
Multi-Layer
100
AcDbCircle
 10
3.8100076200153126
 20
74.6761493522987
 30
0.0
 40
0.4
  0
CIRCLE
  5
69a
330
1F
100
AcDbEntity
  8
Multi-Layer
100
AcDbCircle
 10
3.8100076200153126
 20
74.6761493522987
 30
0.0
 40
0.9500000000000001
0
HATCH
5
69b
100
AcDbEntity
8
Multi-Layer
100
AcDbHatch
10
0
20
0
30
0
210
0
220
0
230
1
2
SOLID
70
1
71
0
91
1
92
7
72
1
73
1
93
2
10
2.8600076200153124
20
74.6761493522987
42
1
10
4.760007620015313
20
74.6761493522987
42
1
97
1
330

75
0
76
1
47
0.8681437583925616
98
1
10
3.629517071192367
20
33.92795499968543
450
0
451
0
460
0
461
0
452
1
462
1
453
2
463
0
63
5
421
255
463
1
63
7
421
16777215
470
LINEAR
1001
ACAD
1010
0
1020
0
1030
0
  0
CIRCLE
  5
69c
330
1F
100
AcDbEntity
  8
TopSolderMaskLayer
100
AcDbCircle
 10
3.8100076200153126
 20
67.57612395224794
 30
0.0
 40
0.4213895164632435
  0
CIRCLE
  5
69d
330
1F
100
AcDbEntity
  8
TopSolderMaskLayer
100
AcDbCircle
 10
3.8100076200153126
 20
67.57607315214636
 30
0.0
 40
1.0008001016002033
0
HATCH
5
69e
100
AcDbEntity
8
TopSolderMaskLayer
100
AcDbHatch
10
0
20
0
30
0
210
0
220
0
230
1
2
SOLID
70
1
71
0
91
1
92
7
72
1
73
1
93
2
10
2.8092075184151093
20
67.57607315214636
42
1
10
4.810807721615516
20
67.57607315214636
42
1
97
1
330

75
0
76
1
47
0.8681437583925616
98
1
10
3.629517071192367
20
33.92795499968543
450
0
451
0
460
0
461
0
452
1
462
1
453
2
463
0
63
5
421
255
463
1
63
7
421
16777215
470
LINEAR
1001
ACAD
1010
0
1020
0
1030
0
  0
CIRCLE
  5
69f
330
1F
100
AcDbEntity
  8
BottomSolderMaskLayer
100
AcDbCircle
 10
3.8100076200153126
 20
67.57612395224794
 30
0.0
 40
0.4213895164632435
  0
CIRCLE
  5
6a0
330
1F
100
AcDbEntity
  8
BottomSolderMaskLayer
100
AcDbCircle
 10
3.8100076200153126
 20
67.57607315214636
 30
0.0
 40
1.0008001016002033
0
HATCH
5
6a1
100
AcDbEntity
8
BottomSolderMaskLayer
100
AcDbHatch
10
0
20
0
30
0
210
0
220
0
230
1
2
SOLID
70
1
71
0
91
1
92
7
72
1
73
1
93
2
10
2.8092075184151093
20
67.57607315214636
42
1
10
4.810807721615516
20
67.57607315214636
42
1
97
1
330

75
0
76
1
47
0.8681437583925616
98
1
10
3.629517071192367
20
33.92795499968543
450
0
451
0
460
0
461
0
452
1
462
1
453
2
463
0
63
5
421
255
463
1
63
7
421
16777215
470
LINEAR
1001
ACAD
1010
0
1020
0
1030
0
  0
CIRCLE
  5
6a2
330
1F
100
AcDbEntity
  8
Multi-Layer
100
AcDbCircle
 10
3.8100076200153126
 20
67.57612395224794
 30
0.0
 40
0.4
  0
CIRCLE
  5
6a3
330
1F
100
AcDbEntity
  8
Multi-Layer
100
AcDbCircle
 10
3.8100076200153126
 20
67.57607315214636
 30
0.0
 40
0.9500000000000001
0
HATCH
5
6a4
100
AcDbEntity
8
Multi-Layer
100
AcDbHatch
10
0
20
0
30
0
210
0
220
0
230
1
2
SOLID
70
1
71
0
91
1
92
7
72
1
73
1
93
2
10
2.8600076200153124
20
67.57607315214636
42
1
10
4.760007620015313
20
67.57607315214636
42
1
97
1
330

75
0
76
1
47
0.8681437583925616
98
1
10
3.629517071192367
20
33.92795499968543
450
0
451
0
460
0
461
0
452
1
462
1
453
2
463
0
63
5
421
255
463
1
63
7
421
16777215
470
LINEAR
1001
ACAD
1010
0
1020
0
1030
0
  0
CIRCLE
  5
6a5
330
1F
100
AcDbEntity
  8
TopSolderMaskLayer
100
AcDbCircle
 10
9.46151892303783
 20
74.6761493522987
 30
0.0
 40
0.4213895164632435
  0
CIRCLE
  5
6a6
330
1F
100
AcDbEntity
  8
TopSolderMaskLayer
100
AcDbCircle
 10
9.46151892303783
 20
74.6761493522987
 30
0.0
 40
1.0008001016002033
0
HATCH
5
6a7
100
AcDbEntity
8
TopSolderMaskLayer
100
AcDbHatch
10
0
20
0
30
0
210
0
220
0
230
1
2
SOLID
70
1
71
0
91
1
92
7
72
1
73
1
93
2
10
8.460718821437625
20
74.6761493522987
42
1
10
10.462319024638033
20
74.6761493522987
42
1
97
1
330

75
0
76
1
47
0.8681437583925616
98
1
10
3.629517071192367
20
33.92795499968543
450
0
451
0
460
0
461
0
452
1
462
1
453
2
463
0
63
5
421
255
463
1
63
7
421
16777215
470
LINEAR
1001
ACAD
1010
0
1020
0
1030
0
  0
CIRCLE
  5
6a8
330
1F
100
AcDbEntity
  8
BottomSolderMaskLayer
100
AcDbCircle
 10
9.46151892303783
 20
74.6761493522987
 30
0.0
 40
0.4213895164632435
  0
CIRCLE
  5
6a9
330
1F
100
AcDbEntity
  8
BottomSolderMaskLayer
100
AcDbCircle
 10
9.46151892303783
 20
74.6761493522987
 30
0.0
 40
1.0008001016002033
0
HATCH
5
6aa
100
AcDbEntity
8
BottomSolderMaskLayer
100
AcDbHatch
10
0
20
0
30
0
210
0
220
0
230
1
2
SOLID
70
1
71
0
91
1
92
7
72
1
73
1
93
2
10
8.460718821437625
20
74.6761493522987
42
1
10
10.462319024638033
20
74.6761493522987
42
1
97
1
330

75
0
76
1
47
0.8681437583925616
98
1
10
3.629517071192367
20
33.92795499968543
450
0
451
0
460
0
461
0
452
1
462
1
453
2
463
0
63
5
421
255
463
1
63
7
421
16777215
470
LINEAR
1001
ACAD
1010
0
1020
0
1030
0
  0
CIRCLE
  5
6ab
330
1F
100
AcDbEntity
  8
Multi-Layer
100
AcDbCircle
 10
9.46151892303783
 20
74.6761493522987
 30
0.0
 40
0.4
  0
CIRCLE
  5
6ac
330
1F
100
AcDbEntity
  8
Multi-Layer
100
AcDbCircle
 10
9.46151892303783
 20
74.6761493522987
 30
0.0
 40
0.9500000000000001
0
HATCH
5
6ad
100
AcDbEntity
8
Multi-Layer
100
AcDbHatch
10
0
20
0
30
0
210
0
220
0
230
1
2
SOLID
70
1
71
0
91
1
92
7
72
1
73
1
93
2
10
8.51151892303783
20
74.6761493522987
42
1
10
10.411518923037828
20
74.6761493522987
42
1
97
1
330

75
0
76
1
47
0.8681437583925616
98
1
10
3.629517071192367
20
33.92795499968543
450
0
451
0
460
0
461
0
452
1
462
1
453
2
463
0
63
5
421
255
463
1
63
7
421
16777215
470
LINEAR
1001
ACAD
1010
0
1020
0
1030
0
  0
CIRCLE
  5
6ae
330
1F
100
AcDbEntity
  8
TopSolderMaskLayer
100
AcDbCircle
 10
9.46151892303783
 20
67.57612395224794
 30
0.0
 40
0.4213895164632435
  0
CIRCLE
  5
6af
330
1F
100
AcDbEntity
  8
TopSolderMaskLayer
100
AcDbCircle
 10
9.46151892303783
 20
67.57607315214636
 30
0.0
 40
1.0008001016002033
0
HATCH
5
6b0
100
AcDbEntity
8
TopSolderMaskLayer
100
AcDbHatch
10
0
20
0
30
0
210
0
220
0
230
1
2
SOLID
70
1
71
0
91
1
92
7
72
1
73
1
93
2
10
8.460718821437625
20
67.57607315214636
42
1
10
10.462319024638033
20
67.57607315214636
42
1
97
1
330

75
0
76
1
47
0.8681437583925616
98
1
10
3.629517071192367
20
33.92795499968543
450
0
451
0
460
0
461
0
452
1
462
1
453
2
463
0
63
5
421
255
463
1
63
7
421
16777215
470
LINEAR
1001
ACAD
1010
0
1020
0
1030
0
  0
CIRCLE
  5
6b1
330
1F
100
AcDbEntity
  8
BottomSolderMaskLayer
100
AcDbCircle
 10
9.46151892303783
 20
67.57612395224794
 30
0.0
 40
0.4213895164632435
  0
CIRCLE
  5
6b2
330
1F
100
AcDbEntity
  8
BottomSolderMaskLayer
100
AcDbCircle
 10
9.46151892303783
 20
67.57607315214636
 30
0.0
 40
1.0008001016002033
0
HATCH
5
6b3
100
AcDbEntity
8
BottomSolderMaskLayer
100
AcDbHatch
10
0
20
0
30
0
210
0
220
0
230
1
2
SOLID
70
1
71
0
91
1
92
7
72
1
73
1
93
2
10
8.460718821437625
20
67.57607315214636
42
1
10
10.462319024638033
20
67.57607315214636
42
1
97
1
330

75
0
76
1
47
0.8681437583925616
98
1
10
3.629517071192367
20
33.92795499968543
450
0
451
0
460
0
461
0
452
1
462
1
453
2
463
0
63
5
421
255
463
1
63
7
421
16777215
470
LINEAR
1001
ACAD
1010
0
1020
0
1030
0
  0
CIRCLE
  5
6b4
330
1F
100
AcDbEntity
  8
Multi-Layer
100
AcDbCircle
 10
9.46151892303783
 20
67.57612395224794
 30
0.0
 40
0.4
  0
CIRCLE
  5
6b5
330
1F
100
AcDbEntity
  8
Multi-Layer
100
AcDbCircle
 10
9.46151892303783
 20
67.57607315214636
 30
0.0
 40
0.9500000000000001
0
HATCH
5
6b6
100
AcDbEntity
8
Multi-Layer
100
AcDbHatch
10
0
20
0
30
0
210
0
220
0
230
1
2
SOLID
70
1
71
0
91
1
92
7
72
1
73
1
93
2
10
8.51151892303783
20
67.57607315214636
42
1
10
10.411518923037828
20
67.57607315214636
42
1
97
1
330

75
0
76
1
47
0.8681437583925616
98
1
10
3.629517071192367
20
33.92795499968543
450
0
451
0
460
0
461
0
452
1
462
1
453
2
463
0
63
5
421
255
463
1
63
7
421
16777215
470
LINEAR
1001
ACAD
1010
0
1020
0
1030
0
  0
CIRCLE
  5
6b7
330
1F
100
AcDbEntity
  8
TopSolderMaskLayer
100
AcDbCircle
 10
13.877063754127448
 20
79.50215900431806
 30
0.0
 40
0.5599999999999999
  0
CIRCLE
  5
6b8
330
1F
100
AcDbEntity
  8
TopSolderMaskLayer
100
AcDbCircle
 10
13.877063754127448
 20
79.50215900431806
 30
0.0
 40
1.4
0
HATCH
5
6b9
100
AcDbEntity
8
TopSolderMaskLayer
100
AcDbHatch
10
0
20
0
30
0
210
0
220
0
230
1
2
SOLID
70
1
71
0
91
1
92
7
72
1
73
1
93
2
10
12.477063754127448
20
79.50215900431806
42
1
10
15.277063754127449
20
79.50215900431806
42
1
97
1
330

75
0
76
1
47
0.8681437583925616
98
1
10
3.629517071192367
20
33.92795499968543
450
0
451
0
460
0
461
0
452
1
462
1
453
2
463
0
63
5
421
255
463
1
63
7
421
16777215
470
LINEAR
1001
ACAD
1010
0
1020
0
1030
0
  0
CIRCLE
  5
6ba
330
1F
100
AcDbEntity
  8
BottomSolderMaskLayer
100
AcDbCircle
 10
13.877063754127448
 20
79.50215900431806
 30
0.0
 40
0.5599999999999999
  0
CIRCLE
  5
6bb
330
1F
100
AcDbEntity
  8
BottomSolderMaskLayer
100
AcDbCircle
 10
13.877063754127448
 20
79.50215900431806
 30
0.0
 40
1.4
0
HATCH
5
6bc
100
AcDbEntity
8
BottomSolderMaskLayer
100
AcDbHatch
10
0
20
0
30
0
210
0
220
0
230
1
2
SOLID
70
1
71
0
91
1
92
7
72
1
73
1
93
2
10
12.477063754127448
20
79.50215900431806
42
1
10
15.277063754127449
20
79.50215900431806
42
1
97
1
330

75
0
76
1
47
0.8681437583925616
98
1
10
3.629517071192367
20
33.92795499968543
450
0
451
0
460
0
461
0
452
1
462
1
453
2
463
0
63
5
421
255
463
1
63
7
421
16777215
470
LINEAR
1001
ACAD
1010
0
1020
0
1030
0
  0
CIRCLE
  5
6bd
330
1F
100
AcDbEntity
  8
Multi-Layer
100
AcDbCircle
 10
13.877063754127448
 20
79.50215900431806
 30
0.0
 40
0.5
  0
CIRCLE
  5
6be
330
1F
100
AcDbEntity
  8
Multi-Layer
100
AcDbCircle
 10
13.877063754127448
 20
79.50215900431806
 30
0.0
 40
1.25
0
HATCH
5
6bf
100
AcDbEntity
8
Multi-Layer
100
AcDbHatch
10
0
20
0
30
0
210
0
220
0
230
1
2
SOLID
70
1
71
0
91
1
92
7
72
1
73
1
93
2
10
12.627063754127448
20
79.50215900431806
42
1
10
15.127063754127448
20
79.50215900431806
42
1
97
1
330

75
0
76
1
47
0.8681437583925616
98
1
10
3.629517071192367
20
33.92795499968543
450
0
451
0
460
0
461
0
452
1
462
1
453
2
463
0
63
5
421
255
463
1
63
7
421
16777215
470
LINEAR
1001
ACAD
1010
0
1020
0
1030
0
  0
CIRCLE
  5
6c0
330
1F
100
AcDbEntity
  8
TopSolderMaskLayer
100
AcDbCircle
 10
31.844043688087368
 20
79.50215900431806
 30
0.0
 40
0.5599999999999999
  0
CIRCLE
  5
6c1
330
1F
100
AcDbEntity
  8
TopSolderMaskLayer
100
AcDbCircle
 10
31.844043688087368
 20
79.50215900431806
 30
0.0
 40
1.4
0
HATCH
5
6c2
100
AcDbEntity
8
TopSolderMaskLayer
100
AcDbHatch
10
0
20
0
30
0
210
0
220
0
230
1
2
SOLID
70
1
71
0
91
1
92
7
72
1
73
1
93
2
10
30.44404368808737
20
79.50215900431806
42
1
10
33.244043688087366
20
79.50215900431806
42
1
97
1
330

75
0
76
1
47
0.8681437583925616
98
1
10
3.629517071192367
20
33.92795499968543
450
0
451
0
460
0
461
0
452
1
462
1
453
2
463
0
63
5
421
255
463
1
63
7
421
16777215
470
LINEAR
1001
ACAD
1010
0
1020
0
1030
0
  0
CIRCLE
  5
6c3
330
1F
100
AcDbEntity
  8
BottomSolderMaskLayer
100
AcDbCircle
 10
31.844043688087368
 20
79.50215900431806
 30
0.0
 40
0.5599999999999999
  0
CIRCLE
  5
6c4
330
1F
100
AcDbEntity
  8
BottomSolderMaskLayer
100
AcDbCircle
 10
31.844043688087368
 20
79.50215900431806
 30
0.0
 40
1.4
0
HATCH
5
6c5
100
AcDbEntity
8
BottomSolderMaskLayer
100
AcDbHatch
10
0
20
0
30
0
210
0
220
0
230
1
2
SOLID
70
1
71
0
91
1
92
7
72
1
73
1
93
2
10
30.44404368808737
20
79.50215900431806
42
1
10
33.244043688087366
20
79.50215900431806
42
1
97
1
330

75
0
76
1
47
0.8681437583925616
98
1
10
3.629517071192367
20
33.92795499968543
450
0
451
0
460
0
461
0
452
1
462
1
453
2
463
0
63
5
421
255
463
1
63
7
421
16777215
470
LINEAR
1001
ACAD
1010
0
1020
0
1030
0
  0
CIRCLE
  5
6c6
330
1F
100
AcDbEntity
  8
Multi-Layer
100
AcDbCircle
 10
31.844043688087368
 20
79.50215900431806
 30
0.0
 40
0.5
  0
CIRCLE
  5
6c7
330
1F
100
AcDbEntity
  8
Multi-Layer
100
AcDbCircle
 10
31.844043688087368
 20
79.50215900431806
 30
0.0
 40
1.25
0
HATCH
5
6c8
100
AcDbEntity
8
Multi-Layer
100
AcDbHatch
10
0
20
0
30
0
210
0
220
0
230
1
2
SOLID
70
1
71
0
91
1
92
7
72
1
73
1
93
2
10
30.594043688087368
20
79.50215900431806
42
1
10
33.09404368808737
20
79.50215900431806
42
1
97
1
330

75
0
76
1
47
0.8681437583925616
98
1
10
3.629517071192367
20
33.92795499968543
450
0
451
0
460
0
461
0
452
1
462
1
453
2
463
0
63
5
421
255
463
1
63
7
421
16777215
470
LINEAR
1001
ACAD
1010
0
1020
0
1030
0
  0
CIRCLE
  5
6c9
330
1F
100
AcDbEntity
  8
TopSolderMaskLayer
100
AcDbCircle
 10
61.46812293624589
 20
82.16916433832864
 30
0.0
 40
0.45883962735667416
  0
CIRCLE
  5
6ca
330
1F
100
AcDbEntity
  8
TopSolderMaskLayer
100
AcDbCircle
 10
61.46812293624589
 20
82.16916433832864
 30
0.0
 40
0.8128016256032513
0
HATCH
5
6cb
100
AcDbEntity
8
TopSolderMaskLayer
100
AcDbHatch
10
0
20
0
30
0
210
0
220
0
230
1
2
SOLID
70
1
71
0
91
1
92
7
72
1
73
1
93
2
10
60.65532131064264
20
82.16916433832864
42
1
10
62.28092456184914
20
82.16916433832864
42
1
97
1
330

75
0
76
1
47
0.8681437583925616
98
1
10
3.629517071192367
20
33.92795499968543
450
0
451
0
460
0
461
0
452
1
462
1
453
2
463
0
63
5
421
255
463
1
63
7
421
16777215
470
LINEAR
1001
ACAD
1010
0
1020
0
1030
0
  0
CIRCLE
  5
6cc
330
1F
100
AcDbEntity
  8
BottomSolderMaskLayer
100
AcDbCircle
 10
61.46812293624589
 20
82.16916433832864
 30
0.0
 40
0.45883962735667416
  0
CIRCLE
  5
6cd
330
1F
100
AcDbEntity
  8
BottomSolderMaskLayer
100
AcDbCircle
 10
61.46812293624589
 20
82.16916433832864
 30
0.0
 40
0.8128016256032513
0
HATCH
5
6ce
100
AcDbEntity
8
BottomSolderMaskLayer
100
AcDbHatch
10
0
20
0
30
0
210
0
220
0
230
1
2
SOLID
70
1
71
0
91
1
92
7
72
1
73
1
93
2
10
60.65532131064264
20
82.16916433832864
42
1
10
62.28092456184914
20
82.16916433832864
42
1
97
1
330

75
0
76
1
47
0.8681437583925616
98
1
10
3.629517071192367
20
33.92795499968543
450
0
451
0
460
0
461
0
452
1
462
1
453
2
463
0
63
5
421
255
463
1
63
7
421
16777215
470
LINEAR
1001
ACAD
1010
0
1020
0
1030
0
  0
CIRCLE
  5
6cf
330
1F
100
AcDbEntity
  8
Multi-Layer
100
AcDbCircle
 10
61.46812293624589
 20
82.16916433832864
 30
0.0
 40
0.4445008890017781
  0
CIRCLE
  5
6d0
330
1F
100
AcDbEntity
  8
Multi-Layer
100
AcDbCircle
 10
61.46812293624589
 20
82.16916433832864
 30
0.0
 40
0.7874015748031498
0
HATCH
5
6d1
100
AcDbEntity
8
Multi-Layer
100
AcDbHatch
10
0
20
0
30
0
210
0
220
0
230
1
2
SOLID
70
1
71
0
91
1
92
7
72
1
73
1
93
2
10
60.68072136144274
20
82.16916433832864
42
1
10
62.25552451104904
20
82.16916433832864
42
1
97
1
330

75
0
76
1
47
0.8681437583925616
98
1
10
3.629517071192367
20
33.92795499968543
450
0
451
0
460
0
461
0
452
1
462
1
453
2
463
0
63
5
421
255
463
1
63
7
421
16777215
470
LINEAR
1001
ACAD
1010
0
1020
0
1030
0
  0
CIRCLE
  5
6d2
330
1F
100
AcDbEntity
  8
TopSolderMaskLayer
100
AcDbCircle
 10
61.46812293624589
 20
79.62915925831851
 30
0.0
 40
0.45883962735667416
  0
CIRCLE
  5
6d3
330
1F
100
AcDbEntity
  8
TopSolderMaskLayer
100
AcDbCircle
 10
61.46812293624589
 20
79.62915925831851
 30
0.0
 40
0.8128016256032513
0
HATCH
5
6d4
100
AcDbEntity
8
TopSolderMaskLayer
100
AcDbHatch
10
0
20
0
30
0
210
0
220
0
230
1
2
SOLID
70
1
71
0
91
1
92
7
72
1
73
1
93
2
10
60.65532131064264
20
79.62915925831851
42
1
10
62.28092456184914
20
79.62915925831851
42
1
97
1
330

75
0
76
1
47
0.8681437583925616
98
1
10
3.629517071192367
20
33.92795499968543
450
0
451
0
460
0
461
0
452
1
462
1
453
2
463
0
63
5
421
255
463
1
63
7
421
16777215
470
LINEAR
1001
ACAD
1010
0
1020
0
1030
0
  0
CIRCLE
  5
6d5
330
1F
100
AcDbEntity
  8
BottomSolderMaskLayer
100
AcDbCircle
 10
61.46812293624589
 20
79.62915925831851
 30
0.0
 40
0.45883962735667416
  0
CIRCLE
  5
6d6
330
1F
100
AcDbEntity
  8
BottomSolderMaskLayer
100
AcDbCircle
 10
61.46812293624589
 20
79.62915925831851
 30
0.0
 40
0.8128016256032513
0
HATCH
5
6d7
100
AcDbEntity
8
BottomSolderMaskLayer
100
AcDbHatch
10
0
20
0
30
0
210
0
220
0
230
1
2
SOLID
70
1
71
0
91
1
92
7
72
1
73
1
93
2
10
60.65532131064264
20
79.62915925831851
42
1
10
62.28092456184914
20
79.62915925831851
42
1
97
1
330

75
0
76
1
47
0.8681437583925616
98
1
10
3.629517071192367
20
33.92795499968543
450
0
451
0
460
0
461
0
452
1
462
1
453
2
463
0
63
5
421
255
463
1
63
7
421
16777215
470
LINEAR
1001
ACAD
1010
0
1020
0
1030
0
  0
CIRCLE
  5
6d8
330
1F
100
AcDbEntity
  8
Multi-Layer
100
AcDbCircle
 10
61.46812293624589
 20
79.62915925831851
 30
0.0
 40
0.4445008890017781
  0
CIRCLE
  5
6d9
330
1F
100
AcDbEntity
  8
Multi-Layer
100
AcDbCircle
 10
61.46812293624589
 20
79.62915925831851
 30
0.0
 40
0.7874015748031498
0
HATCH
5
6da
100
AcDbEntity
8
Multi-Layer
100
AcDbHatch
10
0
20
0
30
0
210
0
220
0
230
1
2
SOLID
70
1
71
0
91
1
92
7
72
1
73
1
93
2
10
60.68072136144274
20
79.62915925831851
42
1
10
62.25552451104904
20
79.62915925831851
42
1
97
1
330

75
0
76
1
47
0.8681437583925616
98
1
10
3.629517071192367
20
33.92795499968543
450
0
451
0
460
0
461
0
452
1
462
1
453
2
463
0
63
5
421
255
463
1
63
7
421
16777215
470
LINEAR
1001
ACAD
1010
0
1020
0
1030
0
  0
CIRCLE
  5
6db
330
1F
100
AcDbEntity
  8
TopSolderMaskLayer
100
AcDbCircle
 10
58.92811785623576
 20
82.16916433832864
 30
0.0
 40
0.45883962735667416
  0
CIRCLE
  5
6dc
330
1F
100
AcDbEntity
  8
TopSolderMaskLayer
100
AcDbCircle
 10
58.92811785623576
 20
82.16916433832864
 30
0.0
 40
0.8128016256032513
0
HATCH
5
6dd
100
AcDbEntity
8
TopSolderMaskLayer
100
AcDbHatch
10
0
20
0
30
0
210
0
220
0
230
1
2
SOLID
70
1
71
0
91
1
92
7
72
1
73
1
93
2
10
58.11531623063251
20
82.16916433832864
42
1
10
59.74091948183901
20
82.16916433832864
42
1
97
1
330

75
0
76
1
47
0.8681437583925616
98
1
10
3.629517071192367
20
33.92795499968543
450
0
451
0
460
0
461
0
452
1
462
1
453
2
463
0
63
5
421
255
463
1
63
7
421
16777215
470
LINEAR
1001
ACAD
1010
0
1020
0
1030
0
  0
CIRCLE
  5
6de
330
1F
100
AcDbEntity
  8
BottomSolderMaskLayer
100
AcDbCircle
 10
58.92811785623576
 20
82.16916433832864
 30
0.0
 40
0.45883962735667416
  0
CIRCLE
  5
6df
330
1F
100
AcDbEntity
  8
BottomSolderMaskLayer
100
AcDbCircle
 10
58.92811785623576
 20
82.16916433832864
 30
0.0
 40
0.8128016256032513
0
HATCH
5
6e0
100
AcDbEntity
8
BottomSolderMaskLayer
100
AcDbHatch
10
0
20
0
30
0
210
0
220
0
230
1
2
SOLID
70
1
71
0
91
1
92
7
72
1
73
1
93
2
10
58.11531623063251
20
82.16916433832864
42
1
10
59.74091948183901
20
82.16916433832864
42
1
97
1
330

75
0
76
1
47
0.8681437583925616
98
1
10
3.629517071192367
20
33.92795499968543
450
0
451
0
460
0
461
0
452
1
462
1
453
2
463
0
63
5
421
255
463
1
63
7
421
16777215
470
LINEAR
1001
ACAD
1010
0
1020
0
1030
0
  0
CIRCLE
  5
6e1
330
1F
100
AcDbEntity
  8
Multi-Layer
100
AcDbCircle
 10
58.92811785623576
 20
82.16916433832864
 30
0.0
 40
0.4445008890017781
  0
CIRCLE
  5
6e2
330
1F
100
AcDbEntity
  8
Multi-Layer
100
AcDbCircle
 10
58.92811785623576
 20
82.16916433832864
 30
0.0
 40
0.7874015748031498
0
HATCH
5
6e3
100
AcDbEntity
8
Multi-Layer
100
AcDbHatch
10
0
20
0
30
0
210
0
220
0
230
1
2
SOLID
70
1
71
0
91
1
92
7
72
1
73
1
93
2
10
58.14071628143261
20
82.16916433832864
42
1
10
59.715519431038906
20
82.16916433832864
42
1
97
1
330

75
0
76
1
47
0.8681437583925616
98
1
10
3.629517071192367
20
33.92795499968543
450
0
451
0
460
0
461
0
452
1
462
1
453
2
463
0
63
5
421
255
463
1
63
7
421
16777215
470
LINEAR
1001
ACAD
1010
0
1020
0
1030
0
  0
CIRCLE
  5
6e4
330
1F
100
AcDbEntity
  8
TopSolderMaskLayer
100
AcDbCircle
 10
58.92811785623576
 20
79.62915925831851
 30
0.0
 40
0.45883962735667416
  0
CIRCLE
  5
6e5
330
1F
100
AcDbEntity
  8
TopSolderMaskLayer
100
AcDbCircle
 10
58.92811785623576
 20
79.62915925831851
 30
0.0
 40
0.8128016256032513
0
HATCH
5
6e6
100
AcDbEntity
8
TopSolderMaskLayer
100
AcDbHatch
10
0
20
0
30
0
210
0
220
0
230
1
2
SOLID
70
1
71
0
91
1
92
7
72
1
73
1
93
2
10
58.11531623063251
20
79.62915925831851
42
1
10
59.74091948183901
20
79.62915925831851
42
1
97
1
330

75
0
76
1
47
0.8681437583925616
98
1
10
3.629517071192367
20
33.92795499968543
450
0
451
0
460
0
461
0
452
1
462
1
453
2
463
0
63
5
421
255
463
1
63
7
421
16777215
470
LINEAR
1001
ACAD
1010
0
1020
0
1030
0
  0
CIRCLE
  5
6e7
330
1F
100
AcDbEntity
  8
BottomSolderMaskLayer
100
AcDbCircle
 10
58.92811785623576
 20
79.62915925831851
 30
0.0
 40
0.45883962735667416
  0
CIRCLE
  5
6e8
330
1F
100
AcDbEntity
  8
BottomSolderMaskLayer
100
AcDbCircle
 10
58.92811785623576
 20
79.62915925831851
 30
0.0
 40
0.8128016256032513
0
HATCH
5
6e9
100
AcDbEntity
8
BottomSolderMaskLayer
100
AcDbHatch
10
0
20
0
30
0
210
0
220
0
230
1
2
SOLID
70
1
71
0
91
1
92
7
72
1
73
1
93
2
10
58.11531623063251
20
79.62915925831851
42
1
10
59.74091948183901
20
79.62915925831851
42
1
97
1
330

75
0
76
1
47
0.8681437583925616
98
1
10
3.629517071192367
20
33.92795499968543
450
0
451
0
460
0
461
0
452
1
462
1
453
2
463
0
63
5
421
255
463
1
63
7
421
16777215
470
LINEAR
1001
ACAD
1010
0
1020
0
1030
0
  0
CIRCLE
  5
6ea
330
1F
100
AcDbEntity
  8
Multi-Layer
100
AcDbCircle
 10
58.92811785623576
 20
79.62915925831851
 30
0.0
 40
0.4445008890017781
  0
CIRCLE
  5
6eb
330
1F
100
AcDbEntity
  8
Multi-Layer
100
AcDbCircle
 10
58.92811785623576
 20
79.62915925831851
 30
0.0
 40
0.7874015748031498
0
HATCH
5
6ec
100
AcDbEntity
8
Multi-Layer
100
AcDbHatch
10
0
20
0
30
0
210
0
220
0
230
1
2
SOLID
70
1
71
0
91
1
92
7
72
1
73
1
93
2
10
58.14071628143261
20
79.62915925831851
42
1
10
59.715519431038906
20
79.62915925831851
42
1
97
1
330

75
0
76
1
47
0.8681437583925616
98
1
10
3.629517071192367
20
33.92795499968543
450
0
451
0
460
0
461
0
452
1
462
1
453
2
463
0
63
5
421
255
463
1
63
7
421
16777215
470
LINEAR
1001
ACAD
1010
0
1020
0
1030
0
  0
CIRCLE
  5
6ed
330
1F
100
AcDbEntity
  8
TopSolderMaskLayer
100
AcDbCircle
 10
56.388112776225626
 20
82.16916433832864
 30
0.0
 40
0.45883962735667416
  0
CIRCLE
  5
6ee
330
1F
100
AcDbEntity
  8
TopSolderMaskLayer
100
AcDbCircle
 10
56.388112776225626
 20
82.16916433832864
 30
0.0
 40
0.8128016256032513
0
HATCH
5
6ef
100
AcDbEntity
8
TopSolderMaskLayer
100
AcDbHatch
10
0
20
0
30
0
210
0
220
0
230
1
2
SOLID
70
1
71
0
91
1
92
7
72
1
73
1
93
2
10
55.575311150622376
20
82.16916433832864
42
1
10
57.200914401828875
20
82.16916433832864
42
1
97
1
330

75
0
76
1
47
0.8681437583925616
98
1
10
3.629517071192367
20
33.92795499968543
450
0
451
0
460
0
461
0
452
1
462
1
453
2
463
0
63
5
421
255
463
1
63
7
421
16777215
470
LINEAR
1001
ACAD
1010
0
1020
0
1030
0
  0
CIRCLE
  5
6f0
330
1F
100
AcDbEntity
  8
BottomSolderMaskLayer
100
AcDbCircle
 10
56.388112776225626
 20
82.16916433832864
 30
0.0
 40
0.45883962735667416
  0
CIRCLE
  5
6f1
330
1F
100
AcDbEntity
  8
BottomSolderMaskLayer
100
AcDbCircle
 10
56.388112776225626
 20
82.16916433832864
 30
0.0
 40
0.8128016256032513
0
HATCH
5
6f2
100
AcDbEntity
8
BottomSolderMaskLayer
100
AcDbHatch
10
0
20
0
30
0
210
0
220
0
230
1
2
SOLID
70
1
71
0
91
1
92
7
72
1
73
1
93
2
10
55.575311150622376
20
82.16916433832864
42
1
10
57.200914401828875
20
82.16916433832864
42
1
97
1
330

75
0
76
1
47
0.8681437583925616
98
1
10
3.629517071192367
20
33.92795499968543
450
0
451
0
460
0
461
0
452
1
462
1
453
2
463
0
63
5
421
255
463
1
63
7
421
16777215
470
LINEAR
1001
ACAD
1010
0
1020
0
1030
0
  0
CIRCLE
  5
6f3
330
1F
100
AcDbEntity
  8
Multi-Layer
100
AcDbCircle
 10
56.388112776225626
 20
82.16916433832864
 30
0.0
 40
0.4445008890017781
  0
CIRCLE
  5
6f4
330
1F
100
AcDbEntity
  8
Multi-Layer
100
AcDbCircle
 10
56.388112776225626
 20
82.16916433832864
 30
0.0
 40
0.7874015748031498
0
HATCH
5
6f5
100
AcDbEntity
8
Multi-Layer
100
AcDbHatch
10
0
20
0
30
0
210
0
220
0
230
1
2
SOLID
70
1
71
0
91
1
92
7
72
1
73
1
93
2
10
55.60071120142248
20
82.16916433832864
42
1
10
57.175514351028774
20
82.16916433832864
42
1
97
1
330

75
0
76
1
47
0.8681437583925616
98
1
10
3.629517071192367
20
33.92795499968543
450
0
451
0
460
0
461
0
452
1
462
1
453
2
463
0
63
5
421
255
463
1
63
7
421
16777215
470
LINEAR
1001
ACAD
1010
0
1020
0
1030
0
  0
CIRCLE
  5
6f6
330
1F
100
AcDbEntity
  8
TopSolderMaskLayer
100
AcDbCircle
 10
56.388112776225626
 20
79.62915925831851
 30
0.0
 40
0.45883962735667416
  0
CIRCLE
  5
6f7
330
1F
100
AcDbEntity
  8
TopSolderMaskLayer
100
AcDbCircle
 10
56.388112776225626
 20
79.62915925831851
 30
0.0
 40
0.8128016256032513
0
HATCH
5
6f8
100
AcDbEntity
8
TopSolderMaskLayer
100
AcDbHatch
10
0
20
0
30
0
210
0
220
0
230
1
2
SOLID
70
1
71
0
91
1
92
7
72
1
73
1
93
2
10
55.575311150622376
20
79.62915925831851
42
1
10
57.200914401828875
20
79.62915925831851
42
1
97
1
330

75
0
76
1
47
0.8681437583925616
98
1
10
3.629517071192367
20
33.92795499968543
450
0
451
0
460
0
461
0
452
1
462
1
453
2
463
0
63
5
421
255
463
1
63
7
421
16777215
470
LINEAR
1001
ACAD
1010
0
1020
0
1030
0
  0
CIRCLE
  5
6f9
330
1F
100
AcDbEntity
  8
BottomSolderMaskLayer
100
AcDbCircle
 10
56.388112776225626
 20
79.62915925831851
 30
0.0
 40
0.45883962735667416
  0
CIRCLE
  5
6fa
330
1F
100
AcDbEntity
  8
BottomSolderMaskLayer
100
AcDbCircle
 10
56.388112776225626
 20
79.62915925831851
 30
0.0
 40
0.8128016256032513
0
HATCH
5
6fb
100
AcDbEntity
8
BottomSolderMaskLayer
100
AcDbHatch
10
0
20
0
30
0
210
0
220
0
230
1
2
SOLID
70
1
71
0
91
1
92
7
72
1
73
1
93
2
10
55.575311150622376
20
79.62915925831851
42
1
10
57.200914401828875
20
79.62915925831851
42
1
97
1
330

75
0
76
1
47
0.8681437583925616
98
1
10
3.629517071192367
20
33.92795499968543
450
0
451
0
460
0
461
0
452
1
462
1
453
2
463
0
63
5
421
255
463
1
63
7
421
16777215
470
LINEAR
1001
ACAD
1010
0
1020
0
1030
0
  0
CIRCLE
  5
6fc
330
1F
100
AcDbEntity
  8
Multi-Layer
100
AcDbCircle
 10
56.388112776225626
 20
79.62915925831851
 30
0.0
 40
0.4445008890017781
  0
CIRCLE
  5
6fd
330
1F
100
AcDbEntity
  8
Multi-Layer
100
AcDbCircle
 10
56.388112776225626
 20
79.62915925831851
 30
0.0
 40
0.7874015748031498
0
HATCH
5
6fe
100
AcDbEntity
8
Multi-Layer
100
AcDbHatch
10
0
20
0
30
0
210
0
220
0
230
1
2
SOLID
70
1
71
0
91
1
92
7
72
1
73
1
93
2
10
55.60071120142248
20
79.62915925831851
42
1
10
57.175514351028774
20
79.62915925831851
42
1
97
1
330

75
0
76
1
47
0.8681437583925616
98
1
10
3.629517071192367
20
33.92795499968543
450
0
451
0
460
0
461
0
452
1
462
1
453
2
463
0
63
5
421
255
463
1
63
7
421
16777215
470
LINEAR
1001
ACAD
1010
0
1020
0
1030
0
  0
CIRCLE
  5
6ff
330
1F
100
AcDbEntity
  8
TopSolderMaskLayer
100
AcDbCircle
 10
53.84810769621549
 20
82.16916433832864
 30
0.0
 40
0.45883962735667416
  0
CIRCLE
  5
700
330
1F
100
AcDbEntity
  8
TopSolderMaskLayer
100
AcDbCircle
 10
53.84810769621549
 20
82.16916433832864
 30
0.0
 40
0.8128016256032513
0
HATCH
5
701
100
AcDbEntity
8
TopSolderMaskLayer
100
AcDbHatch
10
0
20
0
30
0
210
0
220
0
230
1
2
SOLID
70
1
71
0
91
1
92
7
72
1
73
1
93
2
10
53.03530607061224
20
82.16916433832864
42
1
10
54.66090932181874
20
82.16916433832864
42
1
97
1
330

75
0
76
1
47
0.8681437583925616
98
1
10
3.629517071192367
20
33.92795499968543
450
0
451
0
460
0
461
0
452
1
462
1
453
2
463
0
63
5
421
255
463
1
63
7
421
16777215
470
LINEAR
1001
ACAD
1010
0
1020
0
1030
0
  0
CIRCLE
  5
702
330
1F
100
AcDbEntity
  8
BottomSolderMaskLayer
100
AcDbCircle
 10
53.84810769621549
 20
82.16916433832864
 30
0.0
 40
0.45883962735667416
  0
CIRCLE
  5
703
330
1F
100
AcDbEntity
  8
BottomSolderMaskLayer
100
AcDbCircle
 10
53.84810769621549
 20
82.16916433832864
 30
0.0
 40
0.8128016256032513
0
HATCH
5
704
100
AcDbEntity
8
BottomSolderMaskLayer
100
AcDbHatch
10
0
20
0
30
0
210
0
220
0
230
1
2
SOLID
70
1
71
0
91
1
92
7
72
1
73
1
93
2
10
53.03530607061224
20
82.16916433832864
42
1
10
54.66090932181874
20
82.16916433832864
42
1
97
1
330

75
0
76
1
47
0.8681437583925616
98
1
10
3.629517071192367
20
33.92795499968543
450
0
451
0
460
0
461
0
452
1
462
1
453
2
463
0
63
5
421
255
463
1
63
7
421
16777215
470
LINEAR
1001
ACAD
1010
0
1020
0
1030
0
  0
CIRCLE
  5
705
330
1F
100
AcDbEntity
  8
Multi-Layer
100
AcDbCircle
 10
53.84810769621549
 20
82.16916433832864
 30
0.0
 40
0.4445008890017781
  0
CIRCLE
  5
706
330
1F
100
AcDbEntity
  8
Multi-Layer
100
AcDbCircle
 10
53.84810769621549
 20
82.16916433832864
 30
0.0
 40
0.7874015748031498
0
HATCH
5
707
100
AcDbEntity
8
Multi-Layer
100
AcDbHatch
10
0
20
0
30
0
210
0
220
0
230
1
2
SOLID
70
1
71
0
91
1
92
7
72
1
73
1
93
2
10
53.060706121412345
20
82.16916433832864
42
1
10
54.63550927101864
20
82.16916433832864
42
1
97
1
330

75
0
76
1
47
0.8681437583925616
98
1
10
3.629517071192367
20
33.92795499968543
450
0
451
0
460
0
461
0
452
1
462
1
453
2
463
0
63
5
421
255
463
1
63
7
421
16777215
470
LINEAR
1001
ACAD
1010
0
1020
0
1030
0
  0
CIRCLE
  5
708
330
1F
100
AcDbEntity
  8
TopSolderMaskLayer
100
AcDbCircle
 10
53.84810769621549
 20
79.62915925831851
 30
0.0
 40
0.45883962735667416
  0
CIRCLE
  5
709
330
1F
100
AcDbEntity
  8
TopSolderMaskLayer
100
AcDbCircle
 10
53.84810769621549
 20
79.62915925831851
 30
0.0
 40
0.8128016256032513
0
HATCH
5
70a
100
AcDbEntity
8
TopSolderMaskLayer
100
AcDbHatch
10
0
20
0
30
0
210
0
220
0
230
1
2
SOLID
70
1
71
0
91
1
92
7
72
1
73
1
93
2
10
53.03530607061224
20
79.62915925831851
42
1
10
54.66090932181874
20
79.62915925831851
42
1
97
1
330

75
0
76
1
47
0.8681437583925616
98
1
10
3.629517071192367
20
33.92795499968543
450
0
451
0
460
0
461
0
452
1
462
1
453
2
463
0
63
5
421
255
463
1
63
7
421
16777215
470
LINEAR
1001
ACAD
1010
0
1020
0
1030
0
  0
CIRCLE
  5
70b
330
1F
100
AcDbEntity
  8
BottomSolderMaskLayer
100
AcDbCircle
 10
53.84810769621549
 20
79.62915925831851
 30
0.0
 40
0.45883962735667416
  0
CIRCLE
  5
70c
330
1F
100
AcDbEntity
  8
BottomSolderMaskLayer
100
AcDbCircle
 10
53.84810769621549
 20
79.62915925831851
 30
0.0
 40
0.8128016256032513
0
HATCH
5
70d
100
AcDbEntity
8
BottomSolderMaskLayer
100
AcDbHatch
10
0
20
0
30
0
210
0
220
0
230
1
2
SOLID
70
1
71
0
91
1
92
7
72
1
73
1
93
2
10
53.03530607061224
20
79.62915925831851
42
1
10
54.66090932181874
20
79.62915925831851
42
1
97
1
330

75
0
76
1
47
0.8681437583925616
98
1
10
3.629517071192367
20
33.92795499968543
450
0
451
0
460
0
461
0
452
1
462
1
453
2
463
0
63
5
421
255
463
1
63
7
421
16777215
470
LINEAR
1001
ACAD
1010
0
1020
0
1030
0
  0
CIRCLE
  5
70e
330
1F
100
AcDbEntity
  8
Multi-Layer
100
AcDbCircle
 10
53.84810769621549
 20
79.62915925831851
 30
0.0
 40
0.4445008890017781
  0
CIRCLE
  5
70f
330
1F
100
AcDbEntity
  8
Multi-Layer
100
AcDbCircle
 10
53.84810769621549
 20
79.62915925831851
 30
0.0
 40
0.7874015748031498
0
HATCH
5
710
100
AcDbEntity
8
Multi-Layer
100
AcDbHatch
10
0
20
0
30
0
210
0
220
0
230
1
2
SOLID
70
1
71
0
91
1
92
7
72
1
73
1
93
2
10
53.060706121412345
20
79.62915925831851
42
1
10
54.63550927101864
20
79.62915925831851
42
1
97
1
330

75
0
76
1
47
0.8681437583925616
98
1
10
3.629517071192367
20
33.92795499968543
450
0
451
0
460
0
461
0
452
1
462
1
453
2
463
0
63
5
421
255
463
1
63
7
421
16777215
470
LINEAR
1001
ACAD
1010
0
1020
0
1030
0
  0
CIRCLE
  5
711
330
1F
100
AcDbEntity
  8
TopSolderMaskLayer
100
AcDbCircle
 10
51.30810261620536
 20
82.16916433832864
 30
0.0
 40
0.45883962735667416
  0
CIRCLE
  5
712
330
1F
100
AcDbEntity
  8
TopSolderMaskLayer
100
AcDbCircle
 10
51.30810261620536
 20
82.16916433832864
 30
0.0
 40
0.8128016256032513
0
HATCH
5
713
100
AcDbEntity
8
TopSolderMaskLayer
100
AcDbHatch
10
0
20
0
30
0
210
0
220
0
230
1
2
SOLID
70
1
71
0
91
1
92
7
72
1
73
1
93
2
10
50.49530099060211
20
82.16916433832864
42
1
10
52.12090424180861
20
82.16916433832864
42
1
97
1
330

75
0
76
1
47
0.8681437583925616
98
1
10
3.629517071192367
20
33.92795499968543
450
0
451
0
460
0
461
0
452
1
462
1
453
2
463
0
63
5
421
255
463
1
63
7
421
16777215
470
LINEAR
1001
ACAD
1010
0
1020
0
1030
0
  0
CIRCLE
  5
714
330
1F
100
AcDbEntity
  8
BottomSolderMaskLayer
100
AcDbCircle
 10
51.30810261620536
 20
82.16916433832864
 30
0.0
 40
0.45883962735667416
  0
CIRCLE
  5
715
330
1F
100
AcDbEntity
  8
BottomSolderMaskLayer
100
AcDbCircle
 10
51.30810261620536
 20
82.16916433832864
 30
0.0
 40
0.8128016256032513
0
HATCH
5
716
100
AcDbEntity
8
BottomSolderMaskLayer
100
AcDbHatch
10
0
20
0
30
0
210
0
220
0
230
1
2
SOLID
70
1
71
0
91
1
92
7
72
1
73
1
93
2
10
50.49530099060211
20
82.16916433832864
42
1
10
52.12090424180861
20
82.16916433832864
42
1
97
1
330

75
0
76
1
47
0.8681437583925616
98
1
10
3.629517071192367
20
33.92795499968543
450
0
451
0
460
0
461
0
452
1
462
1
453
2
463
0
63
5
421
255
463
1
63
7
421
16777215
470
LINEAR
1001
ACAD
1010
0
1020
0
1030
0
  0
CIRCLE
  5
717
330
1F
100
AcDbEntity
  8
Multi-Layer
100
AcDbCircle
 10
51.30810261620536
 20
82.16916433832864
 30
0.0
 40
0.4445008890017781
  0
CIRCLE
  5
718
330
1F
100
AcDbEntity
  8
Multi-Layer
100
AcDbCircle
 10
51.30810261620536
 20
82.16916433832864
 30
0.0
 40
0.7874015748031498
0
HATCH
5
719
100
AcDbEntity
8
Multi-Layer
100
AcDbHatch
10
0
20
0
30
0
210
0
220
0
230
1
2
SOLID
70
1
71
0
91
1
92
7
72
1
73
1
93
2
10
50.52070104140221
20
82.16916433832864
42
1
10
52.09550419100851
20
82.16916433832864
42
1
97
1
330

75
0
76
1
47
0.8681437583925616
98
1
10
3.629517071192367
20
33.92795499968543
450
0
451
0
460
0
461
0
452
1
462
1
453
2
463
0
63
5
421
255
463
1
63
7
421
16777215
470
LINEAR
1001
ACAD
1010
0
1020
0
1030
0
  0
CIRCLE
  5
71a
330
1F
100
AcDbEntity
  8
TopSolderMaskLayer
100
AcDbCircle
 10
51.30810261620536
 20
79.62915925831851
 30
0.0
 40
0.45883962735667416
  0
CIRCLE
  5
71b
330
1F
100
AcDbEntity
  8
TopSolderMaskLayer
100
AcDbCircle
 10
51.30810261620536
 20
79.62915925831851
 30
0.0
 40
0.8128016256032513
0
HATCH
5
71c
100
AcDbEntity
8
TopSolderMaskLayer
100
AcDbHatch
10
0
20
0
30
0
210
0
220
0
230
1
2
SOLID
70
1
71
0
91
1
92
7
72
1
73
1
93
2
10
50.49530099060211
20
79.62915925831851
42
1
10
52.12090424180861
20
79.62915925831851
42
1
97
1
330

75
0
76
1
47
0.8681437583925616
98
1
10
3.629517071192367
20
33.92795499968543
450
0
451
0
460
0
461
0
452
1
462
1
453
2
463
0
63
5
421
255
463
1
63
7
421
16777215
470
LINEAR
1001
ACAD
1010
0
1020
0
1030
0
  0
CIRCLE
  5
71d
330
1F
100
AcDbEntity
  8
BottomSolderMaskLayer
100
AcDbCircle
 10
51.30810261620536
 20
79.62915925831851
 30
0.0
 40
0.45883962735667416
  0
CIRCLE
  5
71e
330
1F
100
AcDbEntity
  8
BottomSolderMaskLayer
100
AcDbCircle
 10
51.30810261620536
 20
79.62915925831851
 30
0.0
 40
0.8128016256032513
0
HATCH
5
71f
100
AcDbEntity
8
BottomSolderMaskLayer
100
AcDbHatch
10
0
20
0
30
0
210
0
220
0
230
1
2
SOLID
70
1
71
0
91
1
92
7
72
1
73
1
93
2
10
50.49530099060211
20
79.62915925831851
42
1
10
52.12090424180861
20
79.62915925831851
42
1
97
1
330

75
0
76
1
47
0.8681437583925616
98
1
10
3.629517071192367
20
33.92795499968543
450
0
451
0
460
0
461
0
452
1
462
1
453
2
463
0
63
5
421
255
463
1
63
7
421
16777215
470
LINEAR
1001
ACAD
1010
0
1020
0
1030
0
  0
CIRCLE
  5
720
330
1F
100
AcDbEntity
  8
Multi-Layer
100
AcDbCircle
 10
51.30810261620536
 20
79.62915925831851
 30
0.0
 40
0.4445008890017781
  0
CIRCLE
  5
721
330
1F
100
AcDbEntity
  8
Multi-Layer
100
AcDbCircle
 10
51.30810261620536
 20
79.62915925831851
 30
0.0
 40
0.7874015748031498
0
HATCH
5
722
100
AcDbEntity
8
Multi-Layer
100
AcDbHatch
10
0
20
0
30
0
210
0
220
0
230
1
2
SOLID
70
1
71
0
91
1
92
7
72
1
73
1
93
2
10
50.52070104140221
20
79.62915925831851
42
1
10
52.09550419100851
20
79.62915925831851
42
1
97
1
330

75
0
76
1
47
0.8681437583925616
98
1
10
3.629517071192367
20
33.92795499968543
450
0
451
0
460
0
461
0
452
1
462
1
453
2
463
0
63
5
421
255
463
1
63
7
421
16777215
470
LINEAR
1001
ACAD
1010
0
1020
0
1030
0
  0
CIRCLE
  5
723
330
1F
100
AcDbEntity
  8
TopSolderMaskLayer
100
AcDbCircle
 10
48.768097536195
 20
82.16916433832864
 30
0.0
 40
0.45883962735667416
  0
CIRCLE
  5
724
330
1F
100
AcDbEntity
  8
TopSolderMaskLayer
100
AcDbCircle
 10
48.768097536195
 20
82.16916433832864
 30
0.0
 40
0.8128016256032513
0
HATCH
5
725
100
AcDbEntity
8
TopSolderMaskLayer
100
AcDbHatch
10
0
20
0
30
0
210
0
220
0
230
1
2
SOLID
70
1
71
0
91
1
92
7
72
1
73
1
93
2
10
47.95529591059175
20
82.16916433832864
42
1
10
49.58089916179825
20
82.16916433832864
42
1
97
1
330

75
0
76
1
47
0.8681437583925616
98
1
10
3.629517071192367
20
33.92795499968543
450
0
451
0
460
0
461
0
452
1
462
1
453
2
463
0
63
5
421
255
463
1
63
7
421
16777215
470
LINEAR
1001
ACAD
1010
0
1020
0
1030
0
  0
CIRCLE
  5
726
330
1F
100
AcDbEntity
  8
BottomSolderMaskLayer
100
AcDbCircle
 10
48.768097536195
 20
82.16916433832864
 30
0.0
 40
0.45883962735667416
  0
CIRCLE
  5
727
330
1F
100
AcDbEntity
  8
BottomSolderMaskLayer
100
AcDbCircle
 10
48.768097536195
 20
82.16916433832864
 30
0.0
 40
0.8128016256032513
0
HATCH
5
728
100
AcDbEntity
8
BottomSolderMaskLayer
100
AcDbHatch
10
0
20
0
30
0
210
0
220
0
230
1
2
SOLID
70
1
71
0
91
1
92
7
72
1
73
1
93
2
10
47.95529591059175
20
82.16916433832864
42
1
10
49.58089916179825
20
82.16916433832864
42
1
97
1
330

75
0
76
1
47
0.8681437583925616
98
1
10
3.629517071192367
20
33.92795499968543
450
0
451
0
460
0
461
0
452
1
462
1
453
2
463
0
63
5
421
255
463
1
63
7
421
16777215
470
LINEAR
1001
ACAD
1010
0
1020
0
1030
0
  0
CIRCLE
  5
729
330
1F
100
AcDbEntity
  8
Multi-Layer
100
AcDbCircle
 10
48.768097536195
 20
82.16916433832864
 30
0.0
 40
0.4445008890017781
  0
CIRCLE
  5
72a
330
1F
100
AcDbEntity
  8
Multi-Layer
100
AcDbCircle
 10
48.768097536195
 20
82.16916433832864
 30
0.0
 40
0.7874015748031498
0
HATCH
5
72b
100
AcDbEntity
8
Multi-Layer
100
AcDbHatch
10
0
20
0
30
0
210
0
220
0
230
1
2
SOLID
70
1
71
0
91
1
92
7
72
1
73
1
93
2
10
47.98069596139185
20
82.16916433832864
42
1
10
49.55549911099815
20
82.16916433832864
42
1
97
1
330

75
0
76
1
47
0.8681437583925616
98
1
10
3.629517071192367
20
33.92795499968543
450
0
451
0
460
0
461
0
452
1
462
1
453
2
463
0
63
5
421
255
463
1
63
7
421
16777215
470
LINEAR
1001
ACAD
1010
0
1020
0
1030
0
  0
CIRCLE
  5
72c
330
1F
100
AcDbEntity
  8
TopSolderMaskLayer
100
AcDbCircle
 10
48.768097536195
 20
79.62915925831851
 30
0.0
 40
0.45883962735667416
  0
CIRCLE
  5
72d
330
1F
100
AcDbEntity
  8
TopSolderMaskLayer
100
AcDbCircle
 10
48.768097536195
 20
79.62915925831851
 30
0.0
 40
0.8128016256032513
0
HATCH
5
72e
100
AcDbEntity
8
TopSolderMaskLayer
100
AcDbHatch
10
0
20
0
30
0
210
0
220
0
230
1
2
SOLID
70
1
71
0
91
1
92
7
72
1
73
1
93
2
10
47.95529591059175
20
79.62915925831851
42
1
10
49.58089916179825
20
79.62915925831851
42
1
97
1
330

75
0
76
1
47
0.8681437583925616
98
1
10
3.629517071192367
20
33.92795499968543
450
0
451
0
460
0
461
0
452
1
462
1
453
2
463
0
63
5
421
255
463
1
63
7
421
16777215
470
LINEAR
1001
ACAD
1010
0
1020
0
1030
0
  0
CIRCLE
  5
72f
330
1F
100
AcDbEntity
  8
BottomSolderMaskLayer
100
AcDbCircle
 10
48.768097536195
 20
79.62915925831851
 30
0.0
 40
0.45883962735667416
  0
CIRCLE
  5
730
330
1F
100
AcDbEntity
  8
BottomSolderMaskLayer
100
AcDbCircle
 10
48.768097536195
 20
79.62915925831851
 30
0.0
 40
0.8128016256032513
0
HATCH
5
731
100
AcDbEntity
8
BottomSolderMaskLayer
100
AcDbHatch
10
0
20
0
30
0
210
0
220
0
230
1
2
SOLID
70
1
71
0
91
1
92
7
72
1
73
1
93
2
10
47.95529591059175
20
79.62915925831851
42
1
10
49.58089916179825
20
79.62915925831851
42
1
97
1
330

75
0
76
1
47
0.8681437583925616
98
1
10
3.629517071192367
20
33.92795499968543
450
0
451
0
460
0
461
0
452
1
462
1
453
2
463
0
63
5
421
255
463
1
63
7
421
16777215
470
LINEAR
1001
ACAD
1010
0
1020
0
1030
0
  0
CIRCLE
  5
732
330
1F
100
AcDbEntity
  8
Multi-Layer
100
AcDbCircle
 10
48.768097536195
 20
79.62915925831851
 30
0.0
 40
0.4445008890017781
  0
CIRCLE
  5
733
330
1F
100
AcDbEntity
  8
Multi-Layer
100
AcDbCircle
 10
48.768097536195
 20
79.62915925831851
 30
0.0
 40
0.7874015748031498
0
HATCH
5
734
100
AcDbEntity
8
Multi-Layer
100
AcDbHatch
10
0
20
0
30
0
210
0
220
0
230
1
2
SOLID
70
1
71
0
91
1
92
7
72
1
73
1
93
2
10
47.98069596139185
20
79.62915925831851
42
1
10
49.55549911099815
20
79.62915925831851
42
1
97
1
330

75
0
76
1
47
0.8681437583925616
98
1
10
3.629517071192367
20
33.92795499968543
450
0
451
0
460
0
461
0
452
1
462
1
453
2
463
0
63
5
421
255
463
1
63
7
421
16777215
470
LINEAR
1001
ACAD
1010
0
1020
0
1030
0
  0
CIRCLE
  5
735
330
1F
100
AcDbEntity
  8
TopSolderMaskLayer
100
AcDbCircle
 10
46.22809245618487
 20
82.16916433832864
 30
0.0
 40
0.45883962735667416
  0
CIRCLE
  5
736
330
1F
100
AcDbEntity
  8
TopSolderMaskLayer
100
AcDbCircle
 10
46.22809245618487
 20
82.16916433832864
 30
0.0
 40
0.8128016256032513
0
HATCH
5
737
100
AcDbEntity
8
TopSolderMaskLayer
100
AcDbHatch
10
0
20
0
30
0
210
0
220
0
230
1
2
SOLID
70
1
71
0
91
1
92
7
72
1
73
1
93
2
10
45.41529083058162
20
82.16916433832864
42
1
10
47.04089408178812
20
82.16916433832864
42
1
97
1
330

75
0
76
1
47
0.8681437583925616
98
1
10
3.629517071192367
20
33.92795499968543
450
0
451
0
460
0
461
0
452
1
462
1
453
2
463
0
63
5
421
255
463
1
63
7
421
16777215
470
LINEAR
1001
ACAD
1010
0
1020
0
1030
0
  0
CIRCLE
  5
738
330
1F
100
AcDbEntity
  8
BottomSolderMaskLayer
100
AcDbCircle
 10
46.22809245618487
 20
82.16916433832864
 30
0.0
 40
0.45883962735667416
  0
CIRCLE
  5
739
330
1F
100
AcDbEntity
  8
BottomSolderMaskLayer
100
AcDbCircle
 10
46.22809245618487
 20
82.16916433832864
 30
0.0
 40
0.8128016256032513
0
HATCH
5
73a
100
AcDbEntity
8
BottomSolderMaskLayer
100
AcDbHatch
10
0
20
0
30
0
210
0
220
0
230
1
2
SOLID
70
1
71
0
91
1
92
7
72
1
73
1
93
2
10
45.41529083058162
20
82.16916433832864
42
1
10
47.04089408178812
20
82.16916433832864
42
1
97
1
330

75
0
76
1
47
0.8681437583925616
98
1
10
3.629517071192367
20
33.92795499968543
450
0
451
0
460
0
461
0
452
1
462
1
453
2
463
0
63
5
421
255
463
1
63
7
421
16777215
470
LINEAR
1001
ACAD
1010
0
1020
0
1030
0
  0
CIRCLE
  5
73b
330
1F
100
AcDbEntity
  8
Multi-Layer
100
AcDbCircle
 10
46.22809245618487
 20
82.16916433832864
 30
0.0
 40
0.4445008890017781
  0
CIRCLE
  5
73c
330
1F
100
AcDbEntity
  8
Multi-Layer
100
AcDbCircle
 10
46.22809245618487
 20
82.16916433832864
 30
0.0
 40
0.7874015748031498
0
HATCH
5
73d
100
AcDbEntity
8
Multi-Layer
100
AcDbHatch
10
0
20
0
30
0
210
0
220
0
230
1
2
SOLID
70
1
71
0
91
1
92
7
72
1
73
1
93
2
10
45.44069088138172
20
82.16916433832864
42
1
10
47.015494030988016
20
82.16916433832864
42
1
97
1
330

75
0
76
1
47
0.8681437583925616
98
1
10
3.629517071192367
20
33.92795499968543
450
0
451
0
460
0
461
0
452
1
462
1
453
2
463
0
63
5
421
255
463
1
63
7
421
16777215
470
LINEAR
1001
ACAD
1010
0
1020
0
1030
0
  0
CIRCLE
  5
73e
330
1F
100
AcDbEntity
  8
TopSolderMaskLayer
100
AcDbCircle
 10
46.22809245618487
 20
79.62915925831851
 30
0.0
 40
0.45883962735667416
  0
CIRCLE
  5
73f
330
1F
100
AcDbEntity
  8
TopSolderMaskLayer
100
AcDbCircle
 10
46.22809245618487
 20
79.62915925831851
 30
0.0
 40
0.8128016256032513
0
HATCH
5
740
100
AcDbEntity
8
TopSolderMaskLayer
100
AcDbHatch
10
0
20
0
30
0
210
0
220
0
230
1
2
SOLID
70
1
71
0
91
1
92
7
72
1
73
1
93
2
10
45.41529083058162
20
79.62915925831851
42
1
10
47.04089408178812
20
79.62915925831851
42
1
97
1
330

75
0
76
1
47
0.8681437583925616
98
1
10
3.629517071192367
20
33.92795499968543
450
0
451
0
460
0
461
0
452
1
462
1
453
2
463
0
63
5
421
255
463
1
63
7
421
16777215
470
LINEAR
1001
ACAD
1010
0
1020
0
1030
0
  0
CIRCLE
  5
741
330
1F
100
AcDbEntity
  8
BottomSolderMaskLayer
100
AcDbCircle
 10
46.22809245618487
 20
79.62915925831851
 30
0.0
 40
0.45883962735667416
  0
CIRCLE
  5
742
330
1F
100
AcDbEntity
  8
BottomSolderMaskLayer
100
AcDbCircle
 10
46.22809245618487
 20
79.62915925831851
 30
0.0
 40
0.8128016256032513
0
HATCH
5
743
100
AcDbEntity
8
BottomSolderMaskLayer
100
AcDbHatch
10
0
20
0
30
0
210
0
220
0
230
1
2
SOLID
70
1
71
0
91
1
92
7
72
1
73
1
93
2
10
45.41529083058162
20
79.62915925831851
42
1
10
47.04089408178812
20
79.62915925831851
42
1
97
1
330

75
0
76
1
47
0.8681437583925616
98
1
10
3.629517071192367
20
33.92795499968543
450
0
451
0
460
0
461
0
452
1
462
1
453
2
463
0
63
5
421
255
463
1
63
7
421
16777215
470
LINEAR
1001
ACAD
1010
0
1020
0
1030
0
  0
CIRCLE
  5
744
330
1F
100
AcDbEntity
  8
Multi-Layer
100
AcDbCircle
 10
46.22809245618487
 20
79.62915925831851
 30
0.0
 40
0.4445008890017781
  0
CIRCLE
  5
745
330
1F
100
AcDbEntity
  8
Multi-Layer
100
AcDbCircle
 10
46.22809245618487
 20
79.62915925831851
 30
0.0
 40
0.7874015748031498
0
HATCH
5
746
100
AcDbEntity
8
Multi-Layer
100
AcDbHatch
10
0
20
0
30
0
210
0
220
0
230
1
2
SOLID
70
1
71
0
91
1
92
7
72
1
73
1
93
2
10
45.44069088138172
20
79.62915925831851
42
1
10
47.015494030988016
20
79.62915925831851
42
1
97
1
330

75
0
76
1
47
0.8681437583925616
98
1
10
3.629517071192367
20
33.92795499968543
450
0
451
0
460
0
461
0
452
1
462
1
453
2
463
0
63
5
421
255
463
1
63
7
421
16777215
470
LINEAR
1001
ACAD
1010
0
1020
0
1030
0
  0
CIRCLE
  5
747
330
1F
100
AcDbEntity
  8
TopSolderMaskLayer
100
AcDbCircle
 10
43.688087376174735
 20
82.16916433832864
 30
0.0
 40
0.45883962735667416
  0
CIRCLE
  5
748
330
1F
100
AcDbEntity
  8
TopSolderMaskLayer
100
AcDbCircle
 10
43.688087376174735
 20
82.16916433832864
 30
0.0
 40
0.8128016256032513
0
HATCH
5
749
100
AcDbEntity
8
TopSolderMaskLayer
100
AcDbHatch
10
0
20
0
30
0
210
0
220
0
230
1
2
SOLID
70
1
71
0
91
1
92
7
72
1
73
1
93
2
10
42.875285750571486
20
82.16916433832864
42
1
10
44.500889001777985
20
82.16916433832864
42
1
97
1
330

75
0
76
1
47
0.8681437583925616
98
1
10
3.629517071192367
20
33.92795499968543
450
0
451
0
460
0
461
0
452
1
462
1
453
2
463
0
63
5
421
255
463
1
63
7
421
16777215
470
LINEAR
1001
ACAD
1010
0
1020
0
1030
0
  0
CIRCLE
  5
74a
330
1F
100
AcDbEntity
  8
BottomSolderMaskLayer
100
AcDbCircle
 10
43.688087376174735
 20
82.16916433832864
 30
0.0
 40
0.45883962735667416
  0
CIRCLE
  5
74b
330
1F
100
AcDbEntity
  8
BottomSolderMaskLayer
100
AcDbCircle
 10
43.688087376174735
 20
82.16916433832864
 30
0.0
 40
0.8128016256032513
0
HATCH
5
74c
100
AcDbEntity
8
BottomSolderMaskLayer
100
AcDbHatch
10
0
20
0
30
0
210
0
220
0
230
1
2
SOLID
70
1
71
0
91
1
92
7
72
1
73
1
93
2
10
42.875285750571486
20
82.16916433832864
42
1
10
44.500889001777985
20
82.16916433832864
42
1
97
1
330

75
0
76
1
47
0.8681437583925616
98
1
10
3.629517071192367
20
33.92795499968543
450
0
451
0
460
0
461
0
452
1
462
1
453
2
463
0
63
5
421
255
463
1
63
7
421
16777215
470
LINEAR
1001
ACAD
1010
0
1020
0
1030
0
  0
CIRCLE
  5
74d
330
1F
100
AcDbEntity
  8
Multi-Layer
100
AcDbCircle
 10
43.688087376174735
 20
82.16916433832864
 30
0.0
 40
0.4445008890017781
  0
CIRCLE
  5
74e
330
1F
100
AcDbEntity
  8
Multi-Layer
100
AcDbCircle
 10
43.688087376174735
 20
82.16916433832864
 30
0.0
 40
0.7874015748031498
0
HATCH
5
74f
100
AcDbEntity
8
Multi-Layer
100
AcDbHatch
10
0
20
0
30
0
210
0
220
0
230
1
2
SOLID
70
1
71
0
91
1
92
7
72
1
73
1
93
2
10
42.90068580137159
20
82.16916433832864
42
1
10
44.47548895097788
20
82.16916433832864
42
1
97
1
330

75
0
76
1
47
0.8681437583925616
98
1
10
3.629517071192367
20
33.92795499968543
450
0
451
0
460
0
461
0
452
1
462
1
453
2
463
0
63
5
421
255
463
1
63
7
421
16777215
470
LINEAR
1001
ACAD
1010
0
1020
0
1030
0
  0
CIRCLE
  5
750
330
1F
100
AcDbEntity
  8
TopSolderMaskLayer
100
AcDbCircle
 10
43.688087376174735
 20
79.62915925831851
 30
0.0
 40
0.45883962735667416
  0
CIRCLE
  5
751
330
1F
100
AcDbEntity
  8
TopSolderMaskLayer
100
AcDbCircle
 10
43.688087376174735
 20
79.62915925831851
 30
0.0
 40
0.8128016256032513
0
HATCH
5
752
100
AcDbEntity
8
TopSolderMaskLayer
100
AcDbHatch
10
0
20
0
30
0
210
0
220
0
230
1
2
SOLID
70
1
71
0
91
1
92
7
72
1
73
1
93
2
10
42.875285750571486
20
79.62915925831851
42
1
10
44.500889001777985
20
79.62915925831851
42
1
97
1
330

75
0
76
1
47
0.8681437583925616
98
1
10
3.629517071192367
20
33.92795499968543
450
0
451
0
460
0
461
0
452
1
462
1
453
2
463
0
63
5
421
255
463
1
63
7
421
16777215
470
LINEAR
1001
ACAD
1010
0
1020
0
1030
0
  0
CIRCLE
  5
753
330
1F
100
AcDbEntity
  8
BottomSolderMaskLayer
100
AcDbCircle
 10
43.688087376174735
 20
79.62915925831851
 30
0.0
 40
0.45883962735667416
  0
CIRCLE
  5
754
330
1F
100
AcDbEntity
  8
BottomSolderMaskLayer
100
AcDbCircle
 10
43.688087376174735
 20
79.62915925831851
 30
0.0
 40
0.8128016256032513
0
HATCH
5
755
100
AcDbEntity
8
BottomSolderMaskLayer
100
AcDbHatch
10
0
20
0
30
0
210
0
220
0
230
1
2
SOLID
70
1
71
0
91
1
92
7
72
1
73
1
93
2
10
42.875285750571486
20
79.62915925831851
42
1
10
44.500889001777985
20
79.62915925831851
42
1
97
1
330

75
0
76
1
47
0.8681437583925616
98
1
10
3.629517071192367
20
33.92795499968543
450
0
451
0
460
0
461
0
452
1
462
1
453
2
463
0
63
5
421
255
463
1
63
7
421
16777215
470
LINEAR
1001
ACAD
1010
0
1020
0
1030
0
  0
CIRCLE
  5
756
330
1F
100
AcDbEntity
  8
Multi-Layer
100
AcDbCircle
 10
43.688087376174735
 20
79.62915925831851
 30
0.0
 40
0.4445008890017781
  0
CIRCLE
  5
757
330
1F
100
AcDbEntity
  8
Multi-Layer
100
AcDbCircle
 10
43.688087376174735
 20
79.62915925831851
 30
0.0
 40
0.7874015748031498
0
HATCH
5
758
100
AcDbEntity
8
Multi-Layer
100
AcDbHatch
10
0
20
0
30
0
210
0
220
0
230
1
2
SOLID
70
1
71
0
91
1
92
7
72
1
73
1
93
2
10
42.90068580137159
20
79.62915925831851
42
1
10
44.47548895097788
20
79.62915925831851
42
1
97
1
330

75
0
76
1
47
0.8681437583925616
98
1
10
3.629517071192367
20
33.92795499968543
450
0
451
0
460
0
461
0
452
1
462
1
453
2
463
0
63
5
421
255
463
1
63
7
421
16777215
470
LINEAR
1001
ACAD
1010
0
1020
0
1030
0
  0
CIRCLE
  5
759
330
1F
100
AcDbEntity
  8
TopSolderMaskLayer
100
AcDbCircle
 10
41.1480822961646
 20
82.16916433832864
 30
0.0
 40
0.45883962735667416
  0
CIRCLE
  5
75a
330
1F
100
AcDbEntity
  8
TopSolderMaskLayer
100
AcDbCircle
 10
41.1480822961646
 20
82.16916433832864
 30
0.0
 40
0.8128016256032513
0
HATCH
5
75b
100
AcDbEntity
8
TopSolderMaskLayer
100
AcDbHatch
10
0
20
0
30
0
210
0
220
0
230
1
2
SOLID
70
1
71
0
91
1
92
7
72
1
73
1
93
2
10
40.33528067056135
20
82.16916433832864
42
1
10
41.96088392176785
20
82.16916433832864
42
1
97
1
330

75
0
76
1
47
0.8681437583925616
98
1
10
3.629517071192367
20
33.92795499968543
450
0
451
0
460
0
461
0
452
1
462
1
453
2
463
0
63
5
421
255
463
1
63
7
421
16777215
470
LINEAR
1001
ACAD
1010
0
1020
0
1030
0
  0
CIRCLE
  5
75c
330
1F
100
AcDbEntity
  8
BottomSolderMaskLayer
100
AcDbCircle
 10
41.1480822961646
 20
82.16916433832864
 30
0.0
 40
0.45883962735667416
  0
CIRCLE
  5
75d
330
1F
100
AcDbEntity
  8
BottomSolderMaskLayer
100
AcDbCircle
 10
41.1480822961646
 20
82.16916433832864
 30
0.0
 40
0.8128016256032513
0
HATCH
5
75e
100
AcDbEntity
8
BottomSolderMaskLayer
100
AcDbHatch
10
0
20
0
30
0
210
0
220
0
230
1
2
SOLID
70
1
71
0
91
1
92
7
72
1
73
1
93
2
10
40.33528067056135
20
82.16916433832864
42
1
10
41.96088392176785
20
82.16916433832864
42
1
97
1
330

75
0
76
1
47
0.8681437583925616
98
1
10
3.629517071192367
20
33.92795499968543
450
0
451
0
460
0
461
0
452
1
462
1
453
2
463
0
63
5
421
255
463
1
63
7
421
16777215
470
LINEAR
1001
ACAD
1010
0
1020
0
1030
0
  0
CIRCLE
  5
75f
330
1F
100
AcDbEntity
  8
Multi-Layer
100
AcDbCircle
 10
41.1480822961646
 20
82.16916433832864
 30
0.0
 40
0.4445008890017781
  0
CIRCLE
  5
760
330
1F
100
AcDbEntity
  8
Multi-Layer
100
AcDbCircle
 10
41.1480822961646
 20
82.16916433832864
 30
0.0
 40
0.7874015748031498
0
HATCH
5
761
100
AcDbEntity
8
Multi-Layer
100
AcDbHatch
10
0
20
0
30
0
210
0
220
0
230
1
2
SOLID
70
1
71
0
91
1
92
7
72
1
73
1
93
2
10
40.360680721361454
20
82.16916433832864
42
1
10
41.93548387096775
20
82.16916433832864
42
1
97
1
330

75
0
76
1
47
0.8681437583925616
98
1
10
3.629517071192367
20
33.92795499968543
450
0
451
0
460
0
461
0
452
1
462
1
453
2
463
0
63
5
421
255
463
1
63
7
421
16777215
470
LINEAR
1001
ACAD
1010
0
1020
0
1030
0
  0
CIRCLE
  5
762
330
1F
100
AcDbEntity
  8
TopSolderMaskLayer
100
AcDbCircle
 10
41.1480822961646
 20
79.62915925831851
 30
0.0
 40
0.45883962735667416
  0
CIRCLE
  5
763
330
1F
100
AcDbEntity
  8
TopSolderMaskLayer
100
AcDbCircle
 10
41.1480822961646
 20
79.62915925831851
 30
0.0
 40
0.8128016256032513
0
HATCH
5
764
100
AcDbEntity
8
TopSolderMaskLayer
100
AcDbHatch
10
0
20
0
30
0
210
0
220
0
230
1
2
SOLID
70
1
71
0
91
1
92
7
72
1
73
1
93
2
10
40.33528067056135
20
79.62915925831851
42
1
10
41.96088392176785
20
79.62915925831851
42
1
97
1
330

75
0
76
1
47
0.8681437583925616
98
1
10
3.629517071192367
20
33.92795499968543
450
0
451
0
460
0
461
0
452
1
462
1
453
2
463
0
63
5
421
255
463
1
63
7
421
16777215
470
LINEAR
1001
ACAD
1010
0
1020
0
1030
0
  0
CIRCLE
  5
765
330
1F
100
AcDbEntity
  8
BottomSolderMaskLayer
100
AcDbCircle
 10
41.1480822961646
 20
79.62915925831851
 30
0.0
 40
0.45883962735667416
  0
CIRCLE
  5
766
330
1F
100
AcDbEntity
  8
BottomSolderMaskLayer
100
AcDbCircle
 10
41.1480822961646
 20
79.62915925831851
 30
0.0
 40
0.8128016256032513
0
HATCH
5
767
100
AcDbEntity
8
BottomSolderMaskLayer
100
AcDbHatch
10
0
20
0
30
0
210
0
220
0
230
1
2
SOLID
70
1
71
0
91
1
92
7
72
1
73
1
93
2
10
40.33528067056135
20
79.62915925831851
42
1
10
41.96088392176785
20
79.62915925831851
42
1
97
1
330

75
0
76
1
47
0.8681437583925616
98
1
10
3.629517071192367
20
33.92795499968543
450
0
451
0
460
0
461
0
452
1
462
1
453
2
463
0
63
5
421
255
463
1
63
7
421
16777215
470
LINEAR
1001
ACAD
1010
0
1020
0
1030
0
  0
CIRCLE
  5
768
330
1F
100
AcDbEntity
  8
Multi-Layer
100
AcDbCircle
 10
41.1480822961646
 20
79.62915925831851
 30
0.0
 40
0.4445008890017781
  0
CIRCLE
  5
769
330
1F
100
AcDbEntity
  8
Multi-Layer
100
AcDbCircle
 10
41.1480822961646
 20
79.62915925831851
 30
0.0
 40
0.7874015748031498
0
HATCH
5
76a
100
AcDbEntity
8
Multi-Layer
100
AcDbHatch
10
0
20
0
30
0
210
0
220
0
230
1
2
SOLID
70
1
71
0
91
1
92
7
72
1
73
1
93
2
10
40.360680721361454
20
79.62915925831851
42
1
10
41.93548387096775
20
79.62915925831851
42
1
97
1
330

75
0
76
1
47
0.8681437583925616
98
1
10
3.629517071192367
20
33.92795499968543
450
0
451
0
460
0
461
0
452
1
462
1
453
2
463
0
63
5
421
255
463
1
63
7
421
16777215
470
LINEAR
1001
ACAD
1010
0
1020
0
1030
0
  0
CIRCLE
  5
76b
330
1F
100
AcDbEntity
  8
TopSolderMaskLayer
100
AcDbCircle
 10
38.60807721615447
 20
82.16916433832864
 30
0.0
 40
0.45883962735667416
  0
CIRCLE
  5
76c
330
1F
100
AcDbEntity
  8
TopSolderMaskLayer
100
AcDbCircle
 10
38.60807721615447
 20
82.16916433832864
 30
0.0
 40
0.8128016256032513
0
HATCH
5
76d
100
AcDbEntity
8
TopSolderMaskLayer
100
AcDbHatch
10
0
20
0
30
0
210
0
220
0
230
1
2
SOLID
70
1
71
0
91
1
92
7
72
1
73
1
93
2
10
37.79527559055122
20
82.16916433832864
42
1
10
39.42087884175772
20
82.16916433832864
42
1
97
1
330

75
0
76
1
47
0.8681437583925616
98
1
10
3.629517071192367
20
33.92795499968543
450
0
451
0
460
0
461
0
452
1
462
1
453
2
463
0
63
5
421
255
463
1
63
7
421
16777215
470
LINEAR
1001
ACAD
1010
0
1020
0
1030
0
  0
CIRCLE
  5
76e
330
1F
100
AcDbEntity
  8
BottomSolderMaskLayer
100
AcDbCircle
 10
38.60807721615447
 20
82.16916433832864
 30
0.0
 40
0.45883962735667416
  0
CIRCLE
  5
76f
330
1F
100
AcDbEntity
  8
BottomSolderMaskLayer
100
AcDbCircle
 10
38.60807721615447
 20
82.16916433832864
 30
0.0
 40
0.8128016256032513
0
HATCH
5
770
100
AcDbEntity
8
BottomSolderMaskLayer
100
AcDbHatch
10
0
20
0
30
0
210
0
220
0
230
1
2
SOLID
70
1
71
0
91
1
92
7
72
1
73
1
93
2
10
37.79527559055122
20
82.16916433832864
42
1
10
39.42087884175772
20
82.16916433832864
42
1
97
1
330

75
0
76
1
47
0.8681437583925616
98
1
10
3.629517071192367
20
33.92795499968543
450
0
451
0
460
0
461
0
452
1
462
1
453
2
463
0
63
5
421
255
463
1
63
7
421
16777215
470
LINEAR
1001
ACAD
1010
0
1020
0
1030
0
  0
CIRCLE
  5
771
330
1F
100
AcDbEntity
  8
Multi-Layer
100
AcDbCircle
 10
38.60807721615447
 20
82.16916433832864
 30
0.0
 40
0.4445008890017781
  0
CIRCLE
  5
772
330
1F
100
AcDbEntity
  8
Multi-Layer
100
AcDbCircle
 10
38.60807721615447
 20
82.16916433832864
 30
0.0
 40
0.7874015748031498
0
HATCH
5
773
100
AcDbEntity
8
Multi-Layer
100
AcDbHatch
10
0
20
0
30
0
210
0
220
0
230
1
2
SOLID
70
1
71
0
91
1
92
7
72
1
73
1
93
2
10
37.82067564135132
20
82.16916433832864
42
1
10
39.39547879095762
20
82.16916433832864
42
1
97
1
330

75
0
76
1
47
0.8681437583925616
98
1
10
3.629517071192367
20
33.92795499968543
450
0
451
0
460
0
461
0
452
1
462
1
453
2
463
0
63
5
421
255
463
1
63
7
421
16777215
470
LINEAR
1001
ACAD
1010
0
1020
0
1030
0
  0
CIRCLE
  5
77d
330
1F
100
AcDbEntity
  8
TopSolderMaskLayer
100
AcDbCircle
 10
70.73914147828305
 20
82.93116586233168
 30
0.0
 40
0.47244094488188987
  0
CIRCLE
  5
77e
330
1F
100
AcDbEntity
  8
TopSolderMaskLayer
100
AcDbCircle
 10
70.73914147828305
 20
82.93116586233168
 30
0.0
 40
0.7874015748031498
0
HATCH
5
77f
100
AcDbEntity
8
TopSolderMaskLayer
100
AcDbHatch
10
0
20
0
30
0
210
0
220
0
230
1
2
SOLID
70
1
71
0
91
1
92
7
72
1
73
1
93
2
10
69.95173990347989
20
82.93116586233168
42
1
10
71.5265430530862
20
82.93116586233168
42
1
97
1
330

75
0
76
1
47
0.8681437583925616
98
1
10
3.629517071192367
20
33.92795499968543
450
0
451
0
460
0
461
0
452
1
462
1
453
2
463
0
63
5
421
255
463
1
63
7
421
16777215
470
LINEAR
1001
ACAD
1010
0
1020
0
1030
0
  0
CIRCLE
  5
780
330
1F
100
AcDbEntity
  8
BottomSolderMaskLayer
100
AcDbCircle
 10
70.73914147828305
 20
82.93116586233168
 30
0.0
 40
0.47244094488188987
  0
CIRCLE
  5
781
330
1F
100
AcDbEntity
  8
BottomSolderMaskLayer
100
AcDbCircle
 10
70.73914147828305
 20
82.93116586233168
 30
0.0
 40
0.7874015748031498
0
HATCH
5
782
100
AcDbEntity
8
BottomSolderMaskLayer
100
AcDbHatch
10
0
20
0
30
0
210
0
220
0
230
1
2
SOLID
70
1
71
0
91
1
92
7
72
1
73
1
93
2
10
69.95173990347989
20
82.93116586233168
42
1
10
71.5265430530862
20
82.93116586233168
42
1
97
1
330

75
0
76
1
47
0.8681437583925616
98
1
10
3.629517071192367
20
33.92795499968543
450
0
451
0
460
0
461
0
452
1
462
1
453
2
463
0
63
5
421
255
463
1
63
7
421
16777215
470
LINEAR
1001
ACAD
1010
0
1020
0
1030
0
  0
CIRCLE
  5
783
330
1F
100
AcDbEntity
  8
Multi-Layer
100
AcDbCircle
 10
70.73914147828305
 20
82.93116586233168
 30
0.0
 40
0.45720091440182886
  0
CIRCLE
  5
784
330
1F
100
AcDbEntity
  8
Multi-Layer
100
AcDbCircle
 10
70.73914147828305
 20
82.93116586233168
 30
0.0
 40
0.7620015240030481
0
HATCH
5
785
100
AcDbEntity
8
Multi-Layer
100
AcDbHatch
10
0
20
0
30
0
210
0
220
0
230
1
2
SOLID
70
1
71
0
91
1
92
7
72
1
73
1
93
2
10
69.97713995427999
20
82.93116586233168
42
1
10
71.5011430022861
20
82.93116586233168
42
1
97
1
330

75
0
76
1
47
0.8681437583925616
98
1
10
3.629517071192367
20
33.92795499968543
450
0
451
0
460
0
461
0
452
1
462
1
453
2
463
0
63
5
421
255
463
1
63
7
421
16777215
470
LINEAR
1001
ACAD
1010
0
1020
0
1030
0
  0
CIRCLE
  5
786
330
1F
100
AcDbEntity
  8
TopSolderMaskLayer
100
AcDbCircle
 10
70.73914147828305
 20
80.39116078232155
 30
0.0
 40
0.47244094488188987
  0
CIRCLE
  5
787
330
1F
100
AcDbEntity
  8
TopSolderMaskLayer
100
AcDbCircle
 10
70.73914147828305
 20
80.39116078232155
 30
0.0
 40
0.7874015748031498
0
HATCH
5
788
100
AcDbEntity
8
TopSolderMaskLayer
100
AcDbHatch
10
0
20
0
30
0
210
0
220
0
230
1
2
SOLID
70
1
71
0
91
1
92
7
72
1
73
1
93
2
10
69.95173990347989
20
80.39116078232155
42
1
10
71.5265430530862
20
80.39116078232155
42
1
97
1
330

75
0
76
1
47
0.8681437583925616
98
1
10
3.629517071192367
20
33.92795499968543
450
0
451
0
460
0
461
0
452
1
462
1
453
2
463
0
63
5
421
255
463
1
63
7
421
16777215
470
LINEAR
1001
ACAD
1010
0
1020
0
1030
0
  0
CIRCLE
  5
789
330
1F
100
AcDbEntity
  8
BottomSolderMaskLayer
100
AcDbCircle
 10
70.73914147828305
 20
80.39116078232155
 30
0.0
 40
0.47244094488188987
  0
CIRCLE
  5
78a
330
1F
100
AcDbEntity
  8
BottomSolderMaskLayer
100
AcDbCircle
 10
70.73914147828305
 20
80.39116078232155
 30
0.0
 40
0.7874015748031498
0
HATCH
5
78b
100
AcDbEntity
8
BottomSolderMaskLayer
100
AcDbHatch
10
0
20
0
30
0
210
0
220
0
230
1
2
SOLID
70
1
71
0
91
1
92
7
72
1
73
1
93
2
10
69.95173990347989
20
80.39116078232155
42
1
10
71.5265430530862
20
80.39116078232155
42
1
97
1
330

75
0
76
1
47
0.8681437583925616
98
1
10
3.629517071192367
20
33.92795499968543
450
0
451
0
460
0
461
0
452
1
462
1
453
2
463
0
63
5
421
255
463
1
63
7
421
16777215
470
LINEAR
1001
ACAD
1010
0
1020
0
1030
0
  0
CIRCLE
  5
78c
330
1F
100
AcDbEntity
  8
Multi-Layer
100
AcDbCircle
 10
70.73914147828305
 20
80.39116078232155
 30
0.0
 40
0.45720091440182886
  0
CIRCLE
  5
78d
330
1F
100
AcDbEntity
  8
Multi-Layer
100
AcDbCircle
 10
70.73914147828305
 20
80.39116078232155
 30
0.0
 40
0.7620015240030481
0
HATCH
5
78e
100
AcDbEntity
8
Multi-Layer
100
AcDbHatch
10
0
20
0
30
0
210
0
220
0
230
1
2
SOLID
70
1
71
0
91
1
92
7
72
1
73
1
93
2
10
69.97713995427999
20
80.39116078232155
42
1
10
71.5011430022861
20
80.39116078232155
42
1
97
1
330

75
0
76
1
47
0.8681437583925616
98
1
10
3.629517071192367
20
33.92795499968543
450
0
451
0
460
0
461
0
452
1
462
1
453
2
463
0
63
5
421
255
463
1
63
7
421
16777215
470
LINEAR
1001
ACAD
1010
0
1020
0
1030
0
  0
CIRCLE
  5
78f
330
1F
100
AcDbEntity
  8
TopSolderMaskLayer
100
AcDbCircle
 10
70.73914147828305
 20
77.85115570231142
 30
0.0
 40
0.47244094488188987
  0
CIRCLE
  5
790
330
1F
100
AcDbEntity
  8
TopSolderMaskLayer
100
AcDbCircle
 10
70.73914147828305
 20
77.85115570231142
 30
0.0
 40
0.7874015748031498
0
HATCH
5
791
100
AcDbEntity
8
TopSolderMaskLayer
100
AcDbHatch
10
0
20
0
30
0
210
0
220
0
230
1
2
SOLID
70
1
71
0
91
1
92
7
72
1
73
1
93
2
10
69.95173990347989
20
77.85115570231142
42
1
10
71.5265430530862
20
77.85115570231142
42
1
97
1
330

75
0
76
1
47
0.8681437583925616
98
1
10
3.629517071192367
20
33.92795499968543
450
0
451
0
460
0
461
0
452
1
462
1
453
2
463
0
63
5
421
255
463
1
63
7
421
16777215
470
LINEAR
1001
ACAD
1010
0
1020
0
1030
0
  0
CIRCLE
  5
792
330
1F
100
AcDbEntity
  8
BottomSolderMaskLayer
100
AcDbCircle
 10
70.73914147828305
 20
77.85115570231142
 30
0.0
 40
0.47244094488188987
  0
CIRCLE
  5
793
330
1F
100
AcDbEntity
  8
BottomSolderMaskLayer
100
AcDbCircle
 10
70.73914147828305
 20
77.85115570231142
 30
0.0
 40
0.7874015748031498
0
HATCH
5
794
100
AcDbEntity
8
BottomSolderMaskLayer
100
AcDbHatch
10
0
20
0
30
0
210
0
220
0
230
1
2
SOLID
70
1
71
0
91
1
92
7
72
1
73
1
93
2
10
69.95173990347989
20
77.85115570231142
42
1
10
71.5265430530862
20
77.85115570231142
42
1
97
1
330

75
0
76
1
47
0.8681437583925616
98
1
10
3.629517071192367
20
33.92795499968543
450
0
451
0
460
0
461
0
452
1
462
1
453
2
463
0
63
5
421
255
463
1
63
7
421
16777215
470
LINEAR
1001
ACAD
1010
0
1020
0
1030
0
  0
CIRCLE
  5
795
330
1F
100
AcDbEntity
  8
Multi-Layer
100
AcDbCircle
 10
70.73914147828305
 20
77.85115570231142
 30
0.0
 40
0.45720091440182886
  0
CIRCLE
  5
796
330
1F
100
AcDbEntity
  8
Multi-Layer
100
AcDbCircle
 10
70.73914147828305
 20
77.85115570231142
 30
0.0
 40
0.7620015240030481
0
HATCH
5
797
100
AcDbEntity
8
Multi-Layer
100
AcDbHatch
10
0
20
0
30
0
210
0
220
0
230
1
2
SOLID
70
1
71
0
91
1
92
7
72
1
73
1
93
2
10
69.97713995427999
20
77.85115570231142
42
1
10
71.5011430022861
20
77.85115570231142
42
1
97
1
330

75
0
76
1
47
0.8681437583925616
98
1
10
3.629517071192367
20
33.92795499968543
450
0
451
0
460
0
461
0
452
1
462
1
453
2
463
0
63
5
421
255
463
1
63
7
421
16777215
470
LINEAR
1001
ACAD
1010
0
1020
0
1030
0
  0
CIRCLE
  5
798
330
1F
100
AcDbEntity
  8
TopSolderMaskLayer
100
AcDbCircle
 10
70.73914147828305
 20
75.31115062230128
 30
0.0
 40
0.47244094488188987
  0
CIRCLE
  5
799
330
1F
100
AcDbEntity
  8
TopSolderMaskLayer
100
AcDbCircle
 10
70.73914147828305
 20
75.31115062230128
 30
0.0
 40
0.7874015748031498
0
HATCH
5
79a
100
AcDbEntity
8
TopSolderMaskLayer
100
AcDbHatch
10
0
20
0
30
0
210
0
220
0
230
1
2
SOLID
70
1
71
0
91
1
92
7
72
1
73
1
93
2
10
69.95173990347989
20
75.31115062230128
42
1
10
71.5265430530862
20
75.31115062230128
42
1
97
1
330

75
0
76
1
47
0.8681437583925616
98
1
10
3.629517071192367
20
33.92795499968543
450
0
451
0
460
0
461
0
452
1
462
1
453
2
463
0
63
5
421
255
463
1
63
7
421
16777215
470
LINEAR
1001
ACAD
1010
0
1020
0
1030
0
  0
CIRCLE
  5
79b
330
1F
100
AcDbEntity
  8
BottomSolderMaskLayer
100
AcDbCircle
 10
70.73914147828305
 20
75.31115062230128
 30
0.0
 40
0.47244094488188987
  0
CIRCLE
  5
79c
330
1F
100
AcDbEntity
  8
BottomSolderMaskLayer
100
AcDbCircle
 10
70.73914147828305
 20
75.31115062230128
 30
0.0
 40
0.7874015748031498
0
HATCH
5
79d
100
AcDbEntity
8
BottomSolderMaskLayer
100
AcDbHatch
10
0
20
0
30
0
210
0
220
0
230
1
2
SOLID
70
1
71
0
91
1
92
7
72
1
73
1
93
2
10
69.95173990347989
20
75.31115062230128
42
1
10
71.5265430530862
20
75.31115062230128
42
1
97
1
330

75
0
76
1
47
0.8681437583925616
98
1
10
3.629517071192367
20
33.92795499968543
450
0
451
0
460
0
461
0
452
1
462
1
453
2
463
0
63
5
421
255
463
1
63
7
421
16777215
470
LINEAR
1001
ACAD
1010
0
1020
0
1030
0
  0
CIRCLE
  5
79e
330
1F
100
AcDbEntity
  8
Multi-Layer
100
AcDbCircle
 10
70.73914147828305
 20
75.31115062230128
 30
0.0
 40
0.45720091440182886
  0
CIRCLE
  5
79f
330
1F
100
AcDbEntity
  8
Multi-Layer
100
AcDbCircle
 10
70.73914147828305
 20
75.31115062230128
 30
0.0
 40
0.7620015240030481
0
HATCH
5
7a0
100
AcDbEntity
8
Multi-Layer
100
AcDbHatch
10
0
20
0
30
0
210
0
220
0
230
1
2
SOLID
70
1
71
0
91
1
92
7
72
1
73
1
93
2
10
69.97713995427999
20
75.31115062230128
42
1
10
71.5011430022861
20
75.31115062230128
42
1
97
1
330

75
0
76
1
47
0.8681437583925616
98
1
10
3.629517071192367
20
33.92795499968543
450
0
451
0
460
0
461
0
452
1
462
1
453
2
463
0
63
5
421
255
463
1
63
7
421
16777215
470
LINEAR
1001
ACAD
1010
0
1020
0
1030
0
  0
CIRCLE
  5
7a1
330
1F
100
AcDbEntity
  8
TopSolderMaskLayer
100
AcDbCircle
 10
70.73914147828305
 20
72.77114554229104
 30
0.0
 40
0.47244094488188987
  0
CIRCLE
  5
7a2
330
1F
100
AcDbEntity
  8
TopSolderMaskLayer
100
AcDbCircle
 10
70.73914147828305
 20
72.77114554229104
 30
0.0
 40
0.7874015748031498
0
HATCH
5
7a3
100
AcDbEntity
8
TopSolderMaskLayer
100
AcDbHatch
10
0
20
0
30
0
210
0
220
0
230
1
2
SOLID
70
1
71
0
91
1
92
7
72
1
73
1
93
2
10
69.95173990347989
20
72.77114554229104
42
1
10
71.5265430530862
20
72.77114554229104
42
1
97
1
330

75
0
76
1
47
0.8681437583925616
98
1
10
3.629517071192367
20
33.92795499968543
450
0
451
0
460
0
461
0
452
1
462
1
453
2
463
0
63
5
421
255
463
1
63
7
421
16777215
470
LINEAR
1001
ACAD
1010
0
1020
0
1030
0
  0
CIRCLE
  5
7a4
330
1F
100
AcDbEntity
  8
BottomSolderMaskLayer
100
AcDbCircle
 10
70.73914147828305
 20
72.77114554229104
 30
0.0
 40
0.47244094488188987
  0
CIRCLE
  5
7a5
330
1F
100
AcDbEntity
  8
BottomSolderMaskLayer
100
AcDbCircle
 10
70.73914147828305
 20
72.77114554229104
 30
0.0
 40
0.7874015748031498
0
HATCH
5
7a6
100
AcDbEntity
8
BottomSolderMaskLayer
100
AcDbHatch
10
0
20
0
30
0
210
0
220
0
230
1
2
SOLID
70
1
71
0
91
1
92
7
72
1
73
1
93
2
10
69.95173990347989
20
72.77114554229104
42
1
10
71.5265430530862
20
72.77114554229104
42
1
97
1
330

75
0
76
1
47
0.8681437583925616
98
1
10
3.629517071192367
20
33.92795499968543
450
0
451
0
460
0
461
0
452
1
462
1
453
2
463
0
63
5
421
255
463
1
63
7
421
16777215
470
LINEAR
1001
ACAD
1010
0
1020
0
1030
0
  0
CIRCLE
  5
7a7
330
1F
100
AcDbEntity
  8
Multi-Layer
100
AcDbCircle
 10
70.73914147828305
 20
72.77114554229104
 30
0.0
 40
0.45720091440182886
  0
CIRCLE
  5
7a8
330
1F
100
AcDbEntity
  8
Multi-Layer
100
AcDbCircle
 10
70.73914147828305
 20
72.77114554229104
 30
0.0
 40
0.7620015240030481
0
HATCH
5
7a9
100
AcDbEntity
8
Multi-Layer
100
AcDbHatch
10
0
20
0
30
0
210
0
220
0
230
1
2
SOLID
70
1
71
0
91
1
92
7
72
1
73
1
93
2
10
69.97713995427999
20
72.77114554229104
42
1
10
71.5011430022861
20
72.77114554229104
42
1
97
1
330

75
0
76
1
47
0.8681437583925616
98
1
10
3.629517071192367
20
33.92795499968543
450
0
451
0
460
0
461
0
452
1
462
1
453
2
463
0
63
5
421
255
463
1
63
7
421
16777215
470
LINEAR
1001
ACAD
1010
0
1020
0
1030
0
  0
CIRCLE
  5
7aa
330
1F
100
AcDbEntity
  8
TopSolderMaskLayer
100
AcDbCircle
 10
70.73914147828305
 20
70.2311404622809
 30
0.0
 40
0.47244094488188987
  0
CIRCLE
  5
7ab
330
1F
100
AcDbEntity
  8
TopSolderMaskLayer
100
AcDbCircle
 10
70.73914147828305
 20
70.2311404622809
 30
0.0
 40
0.7874015748031498
0
HATCH
5
7ac
100
AcDbEntity
8
TopSolderMaskLayer
100
AcDbHatch
10
0
20
0
30
0
210
0
220
0
230
1
2
SOLID
70
1
71
0
91
1
92
7
72
1
73
1
93
2
10
69.95173990347989
20
70.2311404622809
42
1
10
71.5265430530862
20
70.2311404622809
42
1
97
1
330

75
0
76
1
47
0.8681437583925616
98
1
10
3.629517071192367
20
33.92795499968543
450
0
451
0
460
0
461
0
452
1
462
1
453
2
463
0
63
5
421
255
463
1
63
7
421
16777215
470
LINEAR
1001
ACAD
1010
0
1020
0
1030
0
  0
CIRCLE
  5
7ad
330
1F
100
AcDbEntity
  8
BottomSolderMaskLayer
100
AcDbCircle
 10
70.73914147828305
 20
70.2311404622809
 30
0.0
 40
0.47244094488188987
  0
CIRCLE
  5
7ae
330
1F
100
AcDbEntity
  8
BottomSolderMaskLayer
100
AcDbCircle
 10
70.73914147828305
 20
70.2311404622809
 30
0.0
 40
0.7874015748031498
0
HATCH
5
7af
100
AcDbEntity
8
BottomSolderMaskLayer
100
AcDbHatch
10
0
20
0
30
0
210
0
220
0
230
1
2
SOLID
70
1
71
0
91
1
92
7
72
1
73
1
93
2
10
69.95173990347989
20
70.2311404622809
42
1
10
71.5265430530862
20
70.2311404622809
42
1
97
1
330

75
0
76
1
47
0.8681437583925616
98
1
10
3.629517071192367
20
33.92795499968543
450
0
451
0
460
0
461
0
452
1
462
1
453
2
463
0
63
5
421
255
463
1
63
7
421
16777215
470
LINEAR
1001
ACAD
1010
0
1020
0
1030
0
  0
CIRCLE
  5
7b0
330
1F
100
AcDbEntity
  8
Multi-Layer
100
AcDbCircle
 10
70.73914147828305
 20
70.2311404622809
 30
0.0
 40
0.45720091440182886
  0
CIRCLE
  5
7b1
330
1F
100
AcDbEntity
  8
Multi-Layer
100
AcDbCircle
 10
70.73914147828305
 20
70.2311404622809
 30
0.0
 40
0.7620015240030481
0
HATCH
5
7b2
100
AcDbEntity
8
Multi-Layer
100
AcDbHatch
10
0
20
0
30
0
210
0
220
0
230
1
2
SOLID
70
1
71
0
91
1
92
7
72
1
73
1
93
2
10
69.97713995427999
20
70.2311404622809
42
1
10
71.5011430022861
20
70.2311404622809
42
1
97
1
330

75
0
76
1
47
0.8681437583925616
98
1
10
3.629517071192367
20
33.92795499968543
450
0
451
0
460
0
461
0
452
1
462
1
453
2
463
0
63
5
421
255
463
1
63
7
421
16777215
470
LINEAR
1001
ACAD
1010
0
1020
0
1030
0
  0
CIRCLE
  5
7b3
330
1F
100
AcDbEntity
  8
TopSolderMaskLayer
100
AcDbCircle
 10
70.73914147828305
 20
67.69113538227077
 30
0.0
 40
0.47244094488188987
  0
CIRCLE
  5
7b4
330
1F
100
AcDbEntity
  8
TopSolderMaskLayer
100
AcDbCircle
 10
70.73914147828305
 20
67.69113538227077
 30
0.0
 40
0.7874015748031498
0
HATCH
5
7b5
100
AcDbEntity
8
TopSolderMaskLayer
100
AcDbHatch
10
0
20
0
30
0
210
0
220
0
230
1
2
SOLID
70
1
71
0
91
1
92
7
72
1
73
1
93
2
10
69.95173990347989
20
67.69113538227077
42
1
10
71.5265430530862
20
67.69113538227077
42
1
97
1
330

75
0
76
1
47
0.8681437583925616
98
1
10
3.629517071192367
20
33.92795499968543
450
0
451
0
460
0
461
0
452
1
462
1
453
2
463
0
63
5
421
255
463
1
63
7
421
16777215
470
LINEAR
1001
ACAD
1010
0
1020
0
1030
0
  0
CIRCLE
  5
7b6
330
1F
100
AcDbEntity
  8
BottomSolderMaskLayer
100
AcDbCircle
 10
70.73914147828305
 20
67.69113538227077
 30
0.0
 40
0.47244094488188987
  0
CIRCLE
  5
7b7
330
1F
100
AcDbEntity
  8
BottomSolderMaskLayer
100
AcDbCircle
 10
70.73914147828305
 20
67.69113538227077
 30
0.0
 40
0.7874015748031498
0
HATCH
5
7b8
100
AcDbEntity
8
BottomSolderMaskLayer
100
AcDbHatch
10
0
20
0
30
0
210
0
220
0
230
1
2
SOLID
70
1
71
0
91
1
92
7
72
1
73
1
93
2
10
69.95173990347989
20
67.69113538227077
42
1
10
71.5265430530862
20
67.69113538227077
42
1
97
1
330

75
0
76
1
47
0.8681437583925616
98
1
10
3.629517071192367
20
33.92795499968543
450
0
451
0
460
0
461
0
452
1
462
1
453
2
463
0
63
5
421
255
463
1
63
7
421
16777215
470
LINEAR
1001
ACAD
1010
0
1020
0
1030
0
  0
CIRCLE
  5
7b9
330
1F
100
AcDbEntity
  8
Multi-Layer
100
AcDbCircle
 10
70.73914147828305
 20
67.69113538227077
 30
0.0
 40
0.45720091440182886
  0
CIRCLE
  5
7ba
330
1F
100
AcDbEntity
  8
Multi-Layer
100
AcDbCircle
 10
70.73914147828305
 20
67.69113538227077
 30
0.0
 40
0.7620015240030481
0
HATCH
5
7bb
100
AcDbEntity
8
Multi-Layer
100
AcDbHatch
10
0
20
0
30
0
210
0
220
0
230
1
2
SOLID
70
1
71
0
91
1
92
7
72
1
73
1
93
2
10
69.97713995427999
20
67.69113538227077
42
1
10
71.5011430022861
20
67.69113538227077
42
1
97
1
330

75
0
76
1
47
0.8681437583925616
98
1
10
3.629517071192367
20
33.92795499968543
450
0
451
0
460
0
461
0
452
1
462
1
453
2
463
0
63
5
421
255
463
1
63
7
421
16777215
470
LINEAR
1001
ACAD
1010
0
1020
0
1030
0
  0
CIRCLE
  5
7bc
330
1F
100
AcDbEntity
  8
TopSolderMaskLayer
100
AcDbCircle
 10
70.73914147828305
 20
65.15113030226064
 30
0.0
 40
0.47244094488188987
  0
CIRCLE
  5
7bd
330
1F
100
AcDbEntity
  8
TopSolderMaskLayer
100
AcDbCircle
 10
70.73914147828305
 20
65.15113030226064
 30
0.0
 40
0.7874015748031498
0
HATCH
5
7be
100
AcDbEntity
8
TopSolderMaskLayer
100
AcDbHatch
10
0
20
0
30
0
210
0
220
0
230
1
2
SOLID
70
1
71
0
91
1
92
7
72
1
73
1
93
2
10
69.95173990347989
20
65.15113030226064
42
1
10
71.5265430530862
20
65.15113030226064
42
1
97
1
330

75
0
76
1
47
0.8681437583925616
98
1
10
3.629517071192367
20
33.92795499968543
450
0
451
0
460
0
461
0
452
1
462
1
453
2
463
0
63
5
421
255
463
1
63
7
421
16777215
470
LINEAR
1001
ACAD
1010
0
1020
0
1030
0
  0
CIRCLE
  5
7bf
330
1F
100
AcDbEntity
  8
BottomSolderMaskLayer
100
AcDbCircle
 10
70.73914147828305
 20
65.15113030226064
 30
0.0
 40
0.47244094488188987
  0
CIRCLE
  5
7c0
330
1F
100
AcDbEntity
  8
BottomSolderMaskLayer
100
AcDbCircle
 10
70.73914147828305
 20
65.15113030226064
 30
0.0
 40
0.7874015748031498
0
HATCH
5
7c1
100
AcDbEntity
8
BottomSolderMaskLayer
100
AcDbHatch
10
0
20
0
30
0
210
0
220
0
230
1
2
SOLID
70
1
71
0
91
1
92
7
72
1
73
1
93
2
10
69.95173990347989
20
65.15113030226064
42
1
10
71.5265430530862
20
65.15113030226064
42
1
97
1
330

75
0
76
1
47
0.8681437583925616
98
1
10
3.629517071192367
20
33.92795499968543
450
0
451
0
460
0
461
0
452
1
462
1
453
2
463
0
63
5
421
255
463
1
63
7
421
16777215
470
LINEAR
1001
ACAD
1010
0
1020
0
1030
0
  0
CIRCLE
  5
7c2
330
1F
100
AcDbEntity
  8
Multi-Layer
100
AcDbCircle
 10
70.73914147828305
 20
65.15113030226064
 30
0.0
 40
0.45720091440182886
  0
CIRCLE
  5
7c3
330
1F
100
AcDbEntity
  8
Multi-Layer
100
AcDbCircle
 10
70.73914147828305
 20
65.15113030226064
 30
0.0
 40
0.7620015240030481
0
HATCH
5
7c4
100
AcDbEntity
8
Multi-Layer
100
AcDbHatch
10
0
20
0
30
0
210
0
220
0
230
1
2
SOLID
70
1
71
0
91
1
92
7
72
1
73
1
93
2
10
69.97713995427999
20
65.15113030226064
42
1
10
71.5011430022861
20
65.15113030226064
42
1
97
1
330

75
0
76
1
47
0.8681437583925616
98
1
10
3.629517071192367
20
33.92795499968543
450
0
451
0
460
0
461
0
452
1
462
1
453
2
463
0
63
5
421
255
463
1
63
7
421
16777215
470
LINEAR
1001
ACAD
1010
0
1020
0
1030
0
  0
CIRCLE
  5
7c5
330
1F
100
AcDbEntity
  8
TopSolderMaskLayer
100
AcDbCircle
 10
70.73914147828305
 20
62.611125222250394
 30
0.0
 40
0.47244094488188987
  0
CIRCLE
  5
7c6
330
1F
100
AcDbEntity
  8
TopSolderMaskLayer
100
AcDbCircle
 10
70.73914147828305
 20
62.611125222250394
 30
0.0
 40
0.7874015748031498
0
HATCH
5
7c7
100
AcDbEntity
8
TopSolderMaskLayer
100
AcDbHatch
10
0
20
0
30
0
210
0
220
0
230
1
2
SOLID
70
1
71
0
91
1
92
7
72
1
73
1
93
2
10
69.95173990347989
20
62.611125222250394
42
1
10
71.5265430530862
20
62.611125222250394
42
1
97
1
330

75
0
76
1
47
0.8681437583925616
98
1
10
3.629517071192367
20
33.92795499968543
450
0
451
0
460
0
461
0
452
1
462
1
453
2
463
0
63
5
421
255
463
1
63
7
421
16777215
470
LINEAR
1001
ACAD
1010
0
1020
0
1030
0
  0
CIRCLE
  5
7c8
330
1F
100
AcDbEntity
  8
BottomSolderMaskLayer
100
AcDbCircle
 10
70.73914147828305
 20
62.611125222250394
 30
0.0
 40
0.47244094488188987
  0
CIRCLE
  5
7c9
330
1F
100
AcDbEntity
  8
BottomSolderMaskLayer
100
AcDbCircle
 10
70.73914147828305
 20
62.611125222250394
 30
0.0
 40
0.7874015748031498
0
HATCH
5
7ca
100
AcDbEntity
8
BottomSolderMaskLayer
100
AcDbHatch
10
0
20
0
30
0
210
0
220
0
230
1
2
SOLID
70
1
71
0
91
1
92
7
72
1
73
1
93
2
10
69.95173990347989
20
62.611125222250394
42
1
10
71.5265430530862
20
62.611125222250394
42
1
97
1
330

75
0
76
1
47
0.8681437583925616
98
1
10
3.629517071192367
20
33.92795499968543
450
0
451
0
460
0
461
0
452
1
462
1
453
2
463
0
63
5
421
255
463
1
63
7
421
16777215
470
LINEAR
1001
ACAD
1010
0
1020
0
1030
0
  0
CIRCLE
  5
7cb
330
1F
100
AcDbEntity
  8
Multi-Layer
100
AcDbCircle
 10
70.73914147828305
 20
62.611125222250394
 30
0.0
 40
0.45720091440182886
  0
CIRCLE
  5
7cc
330
1F
100
AcDbEntity
  8
Multi-Layer
100
AcDbCircle
 10
70.73914147828305
 20
62.611125222250394
 30
0.0
 40
0.7620015240030481
0
HATCH
5
7cd
100
AcDbEntity
8
Multi-Layer
100
AcDbHatch
10
0
20
0
30
0
210
0
220
0
230
1
2
SOLID
70
1
71
0
91
1
92
7
72
1
73
1
93
2
10
69.97713995427999
20
62.611125222250394
42
1
10
71.5011430022861
20
62.611125222250394
42
1
97
1
330

75
0
76
1
47
0.8681437583925616
98
1
10
3.629517071192367
20
33.92795499968543
450
0
451
0
460
0
461
0
452
1
462
1
453
2
463
0
63
5
421
255
463
1
63
7
421
16777215
470
LINEAR
1001
ACAD
1010
0
1020
0
1030
0
  0
CIRCLE
  5
7ce
330
1F
100
AcDbEntity
  8
TopSolderMaskLayer
100
AcDbCircle
 10
70.73914147828305
 20
60.07112014224026
 30
0.0
 40
0.47244094488188987
  0
CIRCLE
  5
7cf
330
1F
100
AcDbEntity
  8
TopSolderMaskLayer
100
AcDbCircle
 10
70.73914147828305
 20
60.07112014224026
 30
0.0
 40
0.7874015748031498
0
HATCH
5
7d0
100
AcDbEntity
8
TopSolderMaskLayer
100
AcDbHatch
10
0
20
0
30
0
210
0
220
0
230
1
2
SOLID
70
1
71
0
91
1
92
7
72
1
73
1
93
2
10
69.95173990347989
20
60.07112014224026
42
1
10
71.5265430530862
20
60.07112014224026
42
1
97
1
330

75
0
76
1
47
0.8681437583925616
98
1
10
3.629517071192367
20
33.92795499968543
450
0
451
0
460
0
461
0
452
1
462
1
453
2
463
0
63
5
421
255
463
1
63
7
421
16777215
470
LINEAR
1001
ACAD
1010
0
1020
0
1030
0
  0
CIRCLE
  5
7d1
330
1F
100
AcDbEntity
  8
BottomSolderMaskLayer
100
AcDbCircle
 10
70.73914147828305
 20
60.07112014224026
 30
0.0
 40
0.47244094488188987
  0
CIRCLE
  5
7d2
330
1F
100
AcDbEntity
  8
BottomSolderMaskLayer
100
AcDbCircle
 10
70.73914147828305
 20
60.07112014224026
 30
0.0
 40
0.7874015748031498
0
HATCH
5
7d3
100
AcDbEntity
8
BottomSolderMaskLayer
100
AcDbHatch
10
0
20
0
30
0
210
0
220
0
230
1
2
SOLID
70
1
71
0
91
1
92
7
72
1
73
1
93
2
10
69.95173990347989
20
60.07112014224026
42
1
10
71.5265430530862
20
60.07112014224026
42
1
97
1
330

75
0
76
1
47
0.8681437583925616
98
1
10
3.629517071192367
20
33.92795499968543
450
0
451
0
460
0
461
0
452
1
462
1
453
2
463
0
63
5
421
255
463
1
63
7
421
16777215
470
LINEAR
1001
ACAD
1010
0
1020
0
1030
0
  0
CIRCLE
  5
7d4
330
1F
100
AcDbEntity
  8
Multi-Layer
100
AcDbCircle
 10
70.73914147828305
 20
60.07112014224026
 30
0.0
 40
0.45720091440182886
  0
CIRCLE
  5
7d5
330
1F
100
AcDbEntity
  8
Multi-Layer
100
AcDbCircle
 10
70.73914147828305
 20
60.07112014224026
 30
0.0
 40
0.7620015240030481
0
HATCH
5
7d6
100
AcDbEntity
8
Multi-Layer
100
AcDbHatch
10
0
20
0
30
0
210
0
220
0
230
1
2
SOLID
70
1
71
0
91
1
92
7
72
1
73
1
93
2
10
69.97713995427999
20
60.07112014224026
42
1
10
71.5011430022861
20
60.07112014224026
42
1
97
1
330

75
0
76
1
47
0.8681437583925616
98
1
10
3.629517071192367
20
33.92795499968543
450
0
451
0
460
0
461
0
452
1
462
1
453
2
463
0
63
5
421
255
463
1
63
7
421
16777215
470
LINEAR
1001
ACAD
1010
0
1020
0
1030
0
  0
CIRCLE
  5
7d7
330
1F
100
AcDbEntity
  8
TopSolderMaskLayer
100
AcDbCircle
 10
70.73914147828305
 20
57.53111506223013
 30
0.0
 40
0.47244094488188987
  0
CIRCLE
  5
7d8
330
1F
100
AcDbEntity
  8
TopSolderMaskLayer
100
AcDbCircle
 10
70.73914147828305
 20
57.53111506223013
 30
0.0
 40
0.7874015748031498
0
HATCH
5
7d9
100
AcDbEntity
8
TopSolderMaskLayer
100
AcDbHatch
10
0
20
0
30
0
210
0
220
0
230
1
2
SOLID
70
1
71
0
91
1
92
7
72
1
73
1
93
2
10
69.95173990347989
20
57.53111506223013
42
1
10
71.5265430530862
20
57.53111506223013
42
1
97
1
330

75
0
76
1
47
0.8681437583925616
98
1
10
3.629517071192367
20
33.92795499968543
450
0
451
0
460
0
461
0
452
1
462
1
453
2
463
0
63
5
421
255
463
1
63
7
421
16777215
470
LINEAR
1001
ACAD
1010
0
1020
0
1030
0
  0
CIRCLE
  5
7da
330
1F
100
AcDbEntity
  8
BottomSolderMaskLayer
100
AcDbCircle
 10
70.73914147828305
 20
57.53111506223013
 30
0.0
 40
0.47244094488188987
  0
CIRCLE
  5
7db
330
1F
100
AcDbEntity
  8
BottomSolderMaskLayer
100
AcDbCircle
 10
70.73914147828305
 20
57.53111506223013
 30
0.0
 40
0.7874015748031498
0
HATCH
5
7dc
100
AcDbEntity
8
BottomSolderMaskLayer
100
AcDbHatch
10
0
20
0
30
0
210
0
220
0
230
1
2
SOLID
70
1
71
0
91
1
92
7
72
1
73
1
93
2
10
69.95173990347989
20
57.53111506223013
42
1
10
71.5265430530862
20
57.53111506223013
42
1
97
1
330

75
0
76
1
47
0.8681437583925616
98
1
10
3.629517071192367
20
33.92795499968543
450
0
451
0
460
0
461
0
452
1
462
1
453
2
463
0
63
5
421
255
463
1
63
7
421
16777215
470
LINEAR
1001
ACAD
1010
0
1020
0
1030
0
  0
CIRCLE
  5
7dd
330
1F
100
AcDbEntity
  8
Multi-Layer
100
AcDbCircle
 10
70.73914147828305
 20
57.53111506223013
 30
0.0
 40
0.45720091440182886
  0
CIRCLE
  5
7de
330
1F
100
AcDbEntity
  8
Multi-Layer
100
AcDbCircle
 10
70.73914147828305
 20
57.53111506223013
 30
0.0
 40
0.7620015240030481
0
HATCH
5
7df
100
AcDbEntity
8
Multi-Layer
100
AcDbHatch
10
0
20
0
30
0
210
0
220
0
230
1
2
SOLID
70
1
71
0
91
1
92
7
72
1
73
1
93
2
10
69.97713995427999
20
57.53111506223013
42
1
10
71.5011430022861
20
57.53111506223013
42
1
97
1
330

75
0
76
1
47
0.8681437583925616
98
1
10
3.629517071192367
20
33.92795499968543
450
0
451
0
460
0
461
0
452
1
462
1
453
2
463
0
63
5
421
255
463
1
63
7
421
16777215
470
LINEAR
1001
ACAD
1010
0
1020
0
1030
0
  0
CIRCLE
  5
7e0
330
1F
100
AcDbEntity
  8
TopSolderMaskLayer
100
AcDbCircle
 10
70.73914147828305
 20
54.991109982219996
 30
0.0
 40
0.47244094488188987
  0
CIRCLE
  5
7e1
330
1F
100
AcDbEntity
  8
TopSolderMaskLayer
100
AcDbCircle
 10
70.73914147828305
 20
54.991109982219996
 30
0.0
 40
0.7874015748031498
0
HATCH
5
7e2
100
AcDbEntity
8
TopSolderMaskLayer
100
AcDbHatch
10
0
20
0
30
0
210
0
220
0
230
1
2
SOLID
70
1
71
0
91
1
92
7
72
1
73
1
93
2
10
69.95173990347989
20
54.991109982219996
42
1
10
71.5265430530862
20
54.991109982219996
42
1
97
1
330

75
0
76
1
47
0.8681437583925616
98
1
10
3.629517071192367
20
33.92795499968543
450
0
451
0
460
0
461
0
452
1
462
1
453
2
463
0
63
5
421
255
463
1
63
7
421
16777215
470
LINEAR
1001
ACAD
1010
0
1020
0
1030
0
  0
CIRCLE
  5
7e3
330
1F
100
AcDbEntity
  8
BottomSolderMaskLayer
100
AcDbCircle
 10
70.73914147828305
 20
54.991109982219996
 30
0.0
 40
0.47244094488188987
  0
CIRCLE
  5
7e4
330
1F
100
AcDbEntity
  8
BottomSolderMaskLayer
100
AcDbCircle
 10
70.73914147828305
 20
54.991109982219996
 30
0.0
 40
0.7874015748031498
0
HATCH
5
7e5
100
AcDbEntity
8
BottomSolderMaskLayer
100
AcDbHatch
10
0
20
0
30
0
210
0
220
0
230
1
2
SOLID
70
1
71
0
91
1
92
7
72
1
73
1
93
2
10
69.95173990347989
20
54.991109982219996
42
1
10
71.5265430530862
20
54.991109982219996
42
1
97
1
330

75
0
76
1
47
0.8681437583925616
98
1
10
3.629517071192367
20
33.92795499968543
450
0
451
0
460
0
461
0
452
1
462
1
453
2
463
0
63
5
421
255
463
1
63
7
421
16777215
470
LINEAR
1001
ACAD
1010
0
1020
0
1030
0
  0
CIRCLE
  5
7e6
330
1F
100
AcDbEntity
  8
Multi-Layer
100
AcDbCircle
 10
70.73914147828305
 20
54.991109982219996
 30
0.0
 40
0.45720091440182886
  0
CIRCLE
  5
7e7
330
1F
100
AcDbEntity
  8
Multi-Layer
100
AcDbCircle
 10
70.73914147828305
 20
54.991109982219996
 30
0.0
 40
0.7620015240030481
0
HATCH
5
7e8
100
AcDbEntity
8
Multi-Layer
100
AcDbHatch
10
0
20
0
30
0
210
0
220
0
230
1
2
SOLID
70
1
71
0
91
1
92
7
72
1
73
1
93
2
10
69.97713995427999
20
54.991109982219996
42
1
10
71.5011430022861
20
54.991109982219996
42
1
97
1
330

75
0
76
1
47
0.8681437583925616
98
1
10
3.629517071192367
20
33.92795499968543
450
0
451
0
460
0
461
0
452
1
462
1
453
2
463
0
63
5
421
255
463
1
63
7
421
16777215
470
LINEAR
1001
ACAD
1010
0
1020
0
1030
0
  0
CIRCLE
  5
7e9
330
1F
100
AcDbEntity
  8
TopSolderMaskLayer
100
AcDbCircle
 10
70.73914147828305
 20
52.45110490220975
 30
0.0
 40
0.47244094488188987
  0
CIRCLE
  5
7ea
330
1F
100
AcDbEntity
  8
TopSolderMaskLayer
100
AcDbCircle
 10
70.73914147828305
 20
52.45110490220975
 30
0.0
 40
0.7874015748031498
0
HATCH
5
7eb
100
AcDbEntity
8
TopSolderMaskLayer
100
AcDbHatch
10
0
20
0
30
0
210
0
220
0
230
1
2
SOLID
70
1
71
0
91
1
92
7
72
1
73
1
93
2
10
69.95173990347989
20
52.45110490220975
42
1
10
71.5265430530862
20
52.45110490220975
42
1
97
1
330

75
0
76
1
47
0.8681437583925616
98
1
10
3.629517071192367
20
33.92795499968543
450
0
451
0
460
0
461
0
452
1
462
1
453
2
463
0
63
5
421
255
463
1
63
7
421
16777215
470
LINEAR
1001
ACAD
1010
0
1020
0
1030
0
  0
CIRCLE
  5
7ec
330
1F
100
AcDbEntity
  8
BottomSolderMaskLayer
100
AcDbCircle
 10
70.73914147828305
 20
52.45110490220975
 30
0.0
 40
0.47244094488188987
  0
CIRCLE
  5
7ed
330
1F
100
AcDbEntity
  8
BottomSolderMaskLayer
100
AcDbCircle
 10
70.73914147828305
 20
52.45110490220975
 30
0.0
 40
0.7874015748031498
0
HATCH
5
7ee
100
AcDbEntity
8
BottomSolderMaskLayer
100
AcDbHatch
10
0
20
0
30
0
210
0
220
0
230
1
2
SOLID
70
1
71
0
91
1
92
7
72
1
73
1
93
2
10
69.95173990347989
20
52.45110490220975
42
1
10
71.5265430530862
20
52.45110490220975
42
1
97
1
330

75
0
76
1
47
0.8681437583925616
98
1
10
3.629517071192367
20
33.92795499968543
450
0
451
0
460
0
461
0
452
1
462
1
453
2
463
0
63
5
421
255
463
1
63
7
421
16777215
470
LINEAR
1001
ACAD
1010
0
1020
0
1030
0
  0
CIRCLE
  5
7ef
330
1F
100
AcDbEntity
  8
Multi-Layer
100
AcDbCircle
 10
70.73914147828305
 20
52.45110490220975
 30
0.0
 40
0.45720091440182886
  0
CIRCLE
  5
7f0
330
1F
100
AcDbEntity
  8
Multi-Layer
100
AcDbCircle
 10
70.73914147828305
 20
52.45110490220975
 30
0.0
 40
0.7620015240030481
0
HATCH
5
7f1
100
AcDbEntity
8
Multi-Layer
100
AcDbHatch
10
0
20
0
30
0
210
0
220
0
230
1
2
SOLID
70
1
71
0
91
1
92
7
72
1
73
1
93
2
10
69.97713995427999
20
52.45110490220975
42
1
10
71.5011430022861
20
52.45110490220975
42
1
97
1
330

75
0
76
1
47
0.8681437583925616
98
1
10
3.629517071192367
20
33.92795499968543
450
0
451
0
460
0
461
0
452
1
462
1
453
2
463
0
63
5
421
255
463
1
63
7
421
16777215
470
LINEAR
1001
ACAD
1010
0
1020
0
1030
0
  0
CIRCLE
  5
7f2
330
1F
100
AcDbEntity
  8
TopSolderMaskLayer
100
AcDbCircle
 10
70.73914147828305
 20
49.91109982219962
 30
0.0
 40
0.47244094488188987
  0
CIRCLE
  5
7f3
330
1F
100
AcDbEntity
  8
TopSolderMaskLayer
100
AcDbCircle
 10
70.73914147828305
 20
49.91109982219962
 30
0.0
 40
0.7874015748031498
0
HATCH
5
7f4
100
AcDbEntity
8
TopSolderMaskLayer
100
AcDbHatch
10
0
20
0
30
0
210
0
220
0
230
1
2
SOLID
70
1
71
0
91
1
92
7
72
1
73
1
93
2
10
69.95173990347989
20
49.91109982219962
42
1
10
71.5265430530862
20
49.91109982219962
42
1
97
1
330

75
0
76
1
47
0.8681437583925616
98
1
10
3.629517071192367
20
33.92795499968543
450
0
451
0
460
0
461
0
452
1
462
1
453
2
463
0
63
5
421
255
463
1
63
7
421
16777215
470
LINEAR
1001
ACAD
1010
0
1020
0
1030
0
  0
CIRCLE
  5
7f5
330
1F
100
AcDbEntity
  8
BottomSolderMaskLayer
100
AcDbCircle
 10
70.73914147828305
 20
49.91109982219962
 30
0.0
 40
0.47244094488188987
  0
CIRCLE
  5
7f6
330
1F
100
AcDbEntity
  8
BottomSolderMaskLayer
100
AcDbCircle
 10
70.73914147828305
 20
49.91109982219962
 30
0.0
 40
0.7874015748031498
0
HATCH
5
7f7
100
AcDbEntity
8
BottomSolderMaskLayer
100
AcDbHatch
10
0
20
0
30
0
210
0
220
0
230
1
2
SOLID
70
1
71
0
91
1
92
7
72
1
73
1
93
2
10
69.95173990347989
20
49.91109982219962
42
1
10
71.5265430530862
20
49.91109982219962
42
1
97
1
330

75
0
76
1
47
0.8681437583925616
98
1
10
3.629517071192367
20
33.92795499968543
450
0
451
0
460
0
461
0
452
1
462
1
453
2
463
0
63
5
421
255
463
1
63
7
421
16777215
470
LINEAR
1001
ACAD
1010
0
1020
0
1030
0
  0
CIRCLE
  5
7f8
330
1F
100
AcDbEntity
  8
Multi-Layer
100
AcDbCircle
 10
70.73914147828305
 20
49.91109982219962
 30
0.0
 40
0.45720091440182886
  0
CIRCLE
  5
7f9
330
1F
100
AcDbEntity
  8
Multi-Layer
100
AcDbCircle
 10
70.73914147828305
 20
49.91109982219962
 30
0.0
 40
0.7620015240030481
0
HATCH
5
7fa
100
AcDbEntity
8
Multi-Layer
100
AcDbHatch
10
0
20
0
30
0
210
0
220
0
230
1
2
SOLID
70
1
71
0
91
1
92
7
72
1
73
1
93
2
10
69.97713995427999
20
49.91109982219962
42
1
10
71.5011430022861
20
49.91109982219962
42
1
97
1
330

75
0
76
1
47
0.8681437583925616
98
1
10
3.629517071192367
20
33.92795499968543
450
0
451
0
460
0
461
0
452
1
462
1
453
2
463
0
63
5
421
255
463
1
63
7
421
16777215
470
LINEAR
1001
ACAD
1010
0
1020
0
1030
0
  0
CIRCLE
  5
7fb
330
1F
100
AcDbEntity
  8
TopSolderMaskLayer
100
AcDbCircle
 10
70.73914147828305
 20
47.371094742189484
 30
0.0
 40
0.47244094488188987
  0
CIRCLE
  5
7fc
330
1F
100
AcDbEntity
  8
TopSolderMaskLayer
100
AcDbCircle
 10
70.73914147828305
 20
47.371094742189484
 30
0.0
 40
0.7874015748031498
0
HATCH
5
7fd
100
AcDbEntity
8
TopSolderMaskLayer
100
AcDbHatch
10
0
20
0
30
0
210
0
220
0
230
1
2
SOLID
70
1
71
0
91
1
92
7
72
1
73
1
93
2
10
69.95173990347989
20
47.371094742189484
42
1
10
71.5265430530862
20
47.371094742189484
42
1
97
1
330

75
0
76
1
47
0.8681437583925616
98
1
10
3.629517071192367
20
33.92795499968543
450
0
451
0
460
0
461
0
452
1
462
1
453
2
463
0
63
5
421
255
463
1
63
7
421
16777215
470
LINEAR
1001
ACAD
1010
0
1020
0
1030
0
  0
CIRCLE
  5
7fe
330
1F
100
AcDbEntity
  8
BottomSolderMaskLayer
100
AcDbCircle
 10
70.73914147828305
 20
47.371094742189484
 30
0.0
 40
0.47244094488188987
  0
CIRCLE
  5
7ff
330
1F
100
AcDbEntity
  8
BottomSolderMaskLayer
100
AcDbCircle
 10
70.73914147828305
 20
47.371094742189484
 30
0.0
 40
0.7874015748031498
0
HATCH
5
800
100
AcDbEntity
8
BottomSolderMaskLayer
100
AcDbHatch
10
0
20
0
30
0
210
0
220
0
230
1
2
SOLID
70
1
71
0
91
1
92
7
72
1
73
1
93
2
10
69.95173990347989
20
47.371094742189484
42
1
10
71.5265430530862
20
47.371094742189484
42
1
97
1
330

75
0
76
1
47
0.8681437583925616
98
1
10
3.629517071192367
20
33.92795499968543
450
0
451
0
460
0
461
0
452
1
462
1
453
2
463
0
63
5
421
255
463
1
63
7
421
16777215
470
LINEAR
1001
ACAD
1010
0
1020
0
1030
0
  0
CIRCLE
  5
801
330
1F
100
AcDbEntity
  8
Multi-Layer
100
AcDbCircle
 10
70.73914147828305
 20
47.371094742189484
 30
0.0
 40
0.45720091440182886
  0
CIRCLE
  5
802
330
1F
100
AcDbEntity
  8
Multi-Layer
100
AcDbCircle
 10
70.73914147828305
 20
47.371094742189484
 30
0.0
 40
0.7620015240030481
0
HATCH
5
803
100
AcDbEntity
8
Multi-Layer
100
AcDbHatch
10
0
20
0
30
0
210
0
220
0
230
1
2
SOLID
70
1
71
0
91
1
92
7
72
1
73
1
93
2
10
69.97713995427999
20
47.371094742189484
42
1
10
71.5011430022861
20
47.371094742189484
42
1
97
1
330

75
0
76
1
47
0.8681437583925616
98
1
10
3.629517071192367
20
33.92795499968543
450
0
451
0
460
0
461
0
452
1
462
1
453
2
463
0
63
5
421
255
463
1
63
7
421
16777215
470
LINEAR
1001
ACAD
1010
0
1020
0
1030
0
  0
CIRCLE
  5
804
330
1F
100
AcDbEntity
  8
TopSolderMaskLayer
100
AcDbCircle
 10
85.97917195834384
 20
82.93116586233168
 30
0.0
 40
0.47244094488188987
  0
CIRCLE
  5
805
330
1F
100
AcDbEntity
  8
TopSolderMaskLayer
100
AcDbCircle
 10
85.97917195834384
 20
82.93116586233168
 30
0.0
 40
0.7874015748031498
0
HATCH
5
806
100
AcDbEntity
8
TopSolderMaskLayer
100
AcDbHatch
10
0
20
0
30
0
210
0
220
0
230
1
2
SOLID
70
1
71
0
91
1
92
7
72
1
73
1
93
2
10
85.19177038354069
20
82.93116586233168
42
1
10
86.766573533147
20
82.93116586233168
42
1
97
1
330

75
0
76
1
47
0.8681437583925616
98
1
10
3.629517071192367
20
33.92795499968543
450
0
451
0
460
0
461
0
452
1
462
1
453
2
463
0
63
5
421
255
463
1
63
7
421
16777215
470
LINEAR
1001
ACAD
1010
0
1020
0
1030
0
  0
CIRCLE
  5
807
330
1F
100
AcDbEntity
  8
BottomSolderMaskLayer
100
AcDbCircle
 10
85.97917195834384
 20
82.93116586233168
 30
0.0
 40
0.47244094488188987
  0
CIRCLE
  5
808
330
1F
100
AcDbEntity
  8
BottomSolderMaskLayer
100
AcDbCircle
 10
85.97917195834384
 20
82.93116586233168
 30
0.0
 40
0.7874015748031498
0
HATCH
5
809
100
AcDbEntity
8
BottomSolderMaskLayer
100
AcDbHatch
10
0
20
0
30
0
210
0
220
0
230
1
2
SOLID
70
1
71
0
91
1
92
7
72
1
73
1
93
2
10
85.19177038354069
20
82.93116586233168
42
1
10
86.766573533147
20
82.93116586233168
42
1
97
1
330

75
0
76
1
47
0.8681437583925616
98
1
10
3.629517071192367
20
33.92795499968543
450
0
451
0
460
0
461
0
452
1
462
1
453
2
463
0
63
5
421
255
463
1
63
7
421
16777215
470
LINEAR
1001
ACAD
1010
0
1020
0
1030
0
  0
CIRCLE
  5
80a
330
1F
100
AcDbEntity
  8
Multi-Layer
100
AcDbCircle
 10
85.97917195834384
 20
82.93116586233168
 30
0.0
 40
0.45720091440182886
  0
CIRCLE
  5
80b
330
1F
100
AcDbEntity
  8
Multi-Layer
100
AcDbCircle
 10
85.97917195834384
 20
82.93116586233168
 30
0.0
 40
0.7620015240030481
0
HATCH
5
80c
100
AcDbEntity
8
Multi-Layer
100
AcDbHatch
10
0
20
0
30
0
210
0
220
0
230
1
2
SOLID
70
1
71
0
91
1
92
7
72
1
73
1
93
2
10
85.21717043434079
20
82.93116586233168
42
1
10
86.7411734823469
20
82.93116586233168
42
1
97
1
330

75
0
76
1
47
0.8681437583925616
98
1
10
3.629517071192367
20
33.92795499968543
450
0
451
0
460
0
461
0
452
1
462
1
453
2
463
0
63
5
421
255
463
1
63
7
421
16777215
470
LINEAR
1001
ACAD
1010
0
1020
0
1030
0
  0
CIRCLE
  5
80d
330
1F
100
AcDbEntity
  8
TopSolderMaskLayer
100
AcDbCircle
 10
85.97917195834384
 20
80.39116078232155
 30
0.0
 40
0.47244094488188987
  0
CIRCLE
  5
80e
330
1F
100
AcDbEntity
  8
TopSolderMaskLayer
100
AcDbCircle
 10
85.97917195834384
 20
80.39116078232155
 30
0.0
 40
0.7874015748031498
0
HATCH
5
80f
100
AcDbEntity
8
TopSolderMaskLayer
100
AcDbHatch
10
0
20
0
30
0
210
0
220
0
230
1
2
SOLID
70
1
71
0
91
1
92
7
72
1
73
1
93
2
10
85.19177038354069
20
80.39116078232155
42
1
10
86.766573533147
20
80.39116078232155
42
1
97
1
330

75
0
76
1
47
0.8681437583925616
98
1
10
3.629517071192367
20
33.92795499968543
450
0
451
0
460
0
461
0
452
1
462
1
453
2
463
0
63
5
421
255
463
1
63
7
421
16777215
470
LINEAR
1001
ACAD
1010
0
1020
0
1030
0
  0
CIRCLE
  5
810
330
1F
100
AcDbEntity
  8
BottomSolderMaskLayer
100
AcDbCircle
 10
85.97917195834384
 20
80.39116078232155
 30
0.0
 40
0.47244094488188987
  0
CIRCLE
  5
811
330
1F
100
AcDbEntity
  8
BottomSolderMaskLayer
100
AcDbCircle
 10
85.97917195834384
 20
80.39116078232155
 30
0.0
 40
0.7874015748031498
0
HATCH
5
812
100
AcDbEntity
8
BottomSolderMaskLayer
100
AcDbHatch
10
0
20
0
30
0
210
0
220
0
230
1
2
SOLID
70
1
71
0
91
1
92
7
72
1
73
1
93
2
10
85.19177038354069
20
80.39116078232155
42
1
10
86.766573533147
20
80.39116078232155
42
1
97
1
330

75
0
76
1
47
0.8681437583925616
98
1
10
3.629517071192367
20
33.92795499968543
450
0
451
0
460
0
461
0
452
1
462
1
453
2
463
0
63
5
421
255
463
1
63
7
421
16777215
470
LINEAR
1001
ACAD
1010
0
1020
0
1030
0
  0
CIRCLE
  5
813
330
1F
100
AcDbEntity
  8
Multi-Layer
100
AcDbCircle
 10
85.97917195834384
 20
80.39116078232155
 30
0.0
 40
0.45720091440182886
  0
CIRCLE
  5
814
330
1F
100
AcDbEntity
  8
Multi-Layer
100
AcDbCircle
 10
85.97917195834384
 20
80.39116078232155
 30
0.0
 40
0.7620015240030481
0
HATCH
5
815
100
AcDbEntity
8
Multi-Layer
100
AcDbHatch
10
0
20
0
30
0
210
0
220
0
230
1
2
SOLID
70
1
71
0
91
1
92
7
72
1
73
1
93
2
10
85.21717043434079
20
80.39116078232155
42
1
10
86.7411734823469
20
80.39116078232155
42
1
97
1
330

75
0
76
1
47
0.8681437583925616
98
1
10
3.629517071192367
20
33.92795499968543
450
0
451
0
460
0
461
0
452
1
462
1
453
2
463
0
63
5
421
255
463
1
63
7
421
16777215
470
LINEAR
1001
ACAD
1010
0
1020
0
1030
0
  0
CIRCLE
  5
816
330
1F
100
AcDbEntity
  8
TopSolderMaskLayer
100
AcDbCircle
 10
85.97917195834384
 20
77.85115570231142
 30
0.0
 40
0.47244094488188987
  0
CIRCLE
  5
817
330
1F
100
AcDbEntity
  8
TopSolderMaskLayer
100
AcDbCircle
 10
85.97917195834384
 20
77.85115570231142
 30
0.0
 40
0.7874015748031498
0
HATCH
5
818
100
AcDbEntity
8
TopSolderMaskLayer
100
AcDbHatch
10
0
20
0
30
0
210
0
220
0
230
1
2
SOLID
70
1
71
0
91
1
92
7
72
1
73
1
93
2
10
85.19177038354069
20
77.85115570231142
42
1
10
86.766573533147
20
77.85115570231142
42
1
97
1
330

75
0
76
1
47
0.8681437583925616
98
1
10
3.629517071192367
20
33.92795499968543
450
0
451
0
460
0
461
0
452
1
462
1
453
2
463
0
63
5
421
255
463
1
63
7
421
16777215
470
LINEAR
1001
ACAD
1010
0
1020
0
1030
0
  0
CIRCLE
  5
819
330
1F
100
AcDbEntity
  8
BottomSolderMaskLayer
100
AcDbCircle
 10
85.97917195834384
 20
77.85115570231142
 30
0.0
 40
0.47244094488188987
  0
CIRCLE
  5
81a
330
1F
100
AcDbEntity
  8
BottomSolderMaskLayer
100
AcDbCircle
 10
85.97917195834384
 20
77.85115570231142
 30
0.0
 40
0.7874015748031498
0
HATCH
5
81b
100
AcDbEntity
8
BottomSolderMaskLayer
100
AcDbHatch
10
0
20
0
30
0
210
0
220
0
230
1
2
SOLID
70
1
71
0
91
1
92
7
72
1
73
1
93
2
10
85.19177038354069
20
77.85115570231142
42
1
10
86.766573533147
20
77.85115570231142
42
1
97
1
330

75
0
76
1
47
0.8681437583925616
98
1
10
3.629517071192367
20
33.92795499968543
450
0
451
0
460
0
461
0
452
1
462
1
453
2
463
0
63
5
421
255
463
1
63
7
421
16777215
470
LINEAR
1001
ACAD
1010
0
1020
0
1030
0
  0
CIRCLE
  5
81c
330
1F
100
AcDbEntity
  8
Multi-Layer
100
AcDbCircle
 10
85.97917195834384
 20
77.85115570231142
 30
0.0
 40
0.45720091440182886
  0
CIRCLE
  5
81d
330
1F
100
AcDbEntity
  8
Multi-Layer
100
AcDbCircle
 10
85.97917195834384
 20
77.85115570231142
 30
0.0
 40
0.7620015240030481
0
HATCH
5
81e
100
AcDbEntity
8
Multi-Layer
100
AcDbHatch
10
0
20
0
30
0
210
0
220
0
230
1
2
SOLID
70
1
71
0
91
1
92
7
72
1
73
1
93
2
10
85.21717043434079
20
77.85115570231142
42
1
10
86.7411734823469
20
77.85115570231142
42
1
97
1
330

75
0
76
1
47
0.8681437583925616
98
1
10
3.629517071192367
20
33.92795499968543
450
0
451
0
460
0
461
0
452
1
462
1
453
2
463
0
63
5
421
255
463
1
63
7
421
16777215
470
LINEAR
1001
ACAD
1010
0
1020
0
1030
0
  0
CIRCLE
  5
81f
330
1F
100
AcDbEntity
  8
TopSolderMaskLayer
100
AcDbCircle
 10
85.97917195834384
 20
75.31115062230128
 30
0.0
 40
0.47244094488188987
  0
CIRCLE
  5
820
330
1F
100
AcDbEntity
  8
TopSolderMaskLayer
100
AcDbCircle
 10
85.97917195834384
 20
75.31115062230128
 30
0.0
 40
0.7874015748031498
0
HATCH
5
821
100
AcDbEntity
8
TopSolderMaskLayer
100
AcDbHatch
10
0
20
0
30
0
210
0
220
0
230
1
2
SOLID
70
1
71
0
91
1
92
7
72
1
73
1
93
2
10
85.19177038354069
20
75.31115062230128
42
1
10
86.766573533147
20
75.31115062230128
42
1
97
1
330

75
0
76
1
47
0.8681437583925616
98
1
10
3.629517071192367
20
33.92795499968543
450
0
451
0
460
0
461
0
452
1
462
1
453
2
463
0
63
5
421
255
463
1
63
7
421
16777215
470
LINEAR
1001
ACAD
1010
0
1020
0
1030
0
  0
CIRCLE
  5
822
330
1F
100
AcDbEntity
  8
BottomSolderMaskLayer
100
AcDbCircle
 10
85.97917195834384
 20
75.31115062230128
 30
0.0
 40
0.47244094488188987
  0
CIRCLE
  5
823
330
1F
100
AcDbEntity
  8
BottomSolderMaskLayer
100
AcDbCircle
 10
85.97917195834384
 20
75.31115062230128
 30
0.0
 40
0.7874015748031498
0
HATCH
5
824
100
AcDbEntity
8
BottomSolderMaskLayer
100
AcDbHatch
10
0
20
0
30
0
210
0
220
0
230
1
2
SOLID
70
1
71
0
91
1
92
7
72
1
73
1
93
2
10
85.19177038354069
20
75.31115062230128
42
1
10
86.766573533147
20
75.31115062230128
42
1
97
1
330

75
0
76
1
47
0.8681437583925616
98
1
10
3.629517071192367
20
33.92795499968543
450
0
451
0
460
0
461
0
452
1
462
1
453
2
463
0
63
5
421
255
463
1
63
7
421
16777215
470
LINEAR
1001
ACAD
1010
0
1020
0
1030
0
  0
CIRCLE
  5
825
330
1F
100
AcDbEntity
  8
Multi-Layer
100
AcDbCircle
 10
85.97917195834384
 20
75.31115062230128
 30
0.0
 40
0.45720091440182886
  0
CIRCLE
  5
826
330
1F
100
AcDbEntity
  8
Multi-Layer
100
AcDbCircle
 10
85.97917195834384
 20
75.31115062230128
 30
0.0
 40
0.7620015240030481
0
HATCH
5
827
100
AcDbEntity
8
Multi-Layer
100
AcDbHatch
10
0
20
0
30
0
210
0
220
0
230
1
2
SOLID
70
1
71
0
91
1
92
7
72
1
73
1
93
2
10
85.21717043434079
20
75.31115062230128
42
1
10
86.7411734823469
20
75.31115062230128
42
1
97
1
330

75
0
76
1
47
0.8681437583925616
98
1
10
3.629517071192367
20
33.92795499968543
450
0
451
0
460
0
461
0
452
1
462
1
453
2
463
0
63
5
421
255
463
1
63
7
421
16777215
470
LINEAR
1001
ACAD
1010
0
1020
0
1030
0
  0
CIRCLE
  5
828
330
1F
100
AcDbEntity
  8
TopSolderMaskLayer
100
AcDbCircle
 10
85.97917195834384
 20
72.77114554229104
 30
0.0
 40
0.47244094488188987
  0
CIRCLE
  5
829
330
1F
100
AcDbEntity
  8
TopSolderMaskLayer
100
AcDbCircle
 10
85.97917195834384
 20
72.77114554229104
 30
0.0
 40
0.7874015748031498
0
HATCH
5
82a
100
AcDbEntity
8
TopSolderMaskLayer
100
AcDbHatch
10
0
20
0
30
0
210
0
220
0
230
1
2
SOLID
70
1
71
0
91
1
92
7
72
1
73
1
93
2
10
85.19177038354069
20
72.77114554229104
42
1
10
86.766573533147
20
72.77114554229104
42
1
97
1
330

75
0
76
1
47
0.8681437583925616
98
1
10
3.629517071192367
20
33.92795499968543
450
0
451
0
460
0
461
0
452
1
462
1
453
2
463
0
63
5
421
255
463
1
63
7
421
16777215
470
LINEAR
1001
ACAD
1010
0
1020
0
1030
0
  0
CIRCLE
  5
82b
330
1F
100
AcDbEntity
  8
BottomSolderMaskLayer
100
AcDbCircle
 10
85.97917195834384
 20
72.77114554229104
 30
0.0
 40
0.47244094488188987
  0
CIRCLE
  5
82c
330
1F
100
AcDbEntity
  8
BottomSolderMaskLayer
100
AcDbCircle
 10
85.97917195834384
 20
72.77114554229104
 30
0.0
 40
0.7874015748031498
0
HATCH
5
82d
100
AcDbEntity
8
BottomSolderMaskLayer
100
AcDbHatch
10
0
20
0
30
0
210
0
220
0
230
1
2
SOLID
70
1
71
0
91
1
92
7
72
1
73
1
93
2
10
85.19177038354069
20
72.77114554229104
42
1
10
86.766573533147
20
72.77114554229104
42
1
97
1
330

75
0
76
1
47
0.8681437583925616
98
1
10
3.629517071192367
20
33.92795499968543
450
0
451
0
460
0
461
0
452
1
462
1
453
2
463
0
63
5
421
255
463
1
63
7
421
16777215
470
LINEAR
1001
ACAD
1010
0
1020
0
1030
0
  0
CIRCLE
  5
82e
330
1F
100
AcDbEntity
  8
Multi-Layer
100
AcDbCircle
 10
85.97917195834384
 20
72.77114554229104
 30
0.0
 40
0.45720091440182886
  0
CIRCLE
  5
82f
330
1F
100
AcDbEntity
  8
Multi-Layer
100
AcDbCircle
 10
85.97917195834384
 20
72.77114554229104
 30
0.0
 40
0.7620015240030481
0
HATCH
5
830
100
AcDbEntity
8
Multi-Layer
100
AcDbHatch
10
0
20
0
30
0
210
0
220
0
230
1
2
SOLID
70
1
71
0
91
1
92
7
72
1
73
1
93
2
10
85.21717043434079
20
72.77114554229104
42
1
10
86.7411734823469
20
72.77114554229104
42
1
97
1
330

75
0
76
1
47
0.8681437583925616
98
1
10
3.629517071192367
20
33.92795499968543
450
0
451
0
460
0
461
0
452
1
462
1
453
2
463
0
63
5
421
255
463
1
63
7
421
16777215
470
LINEAR
1001
ACAD
1010
0
1020
0
1030
0
  0
CIRCLE
  5
831
330
1F
100
AcDbEntity
  8
TopSolderMaskLayer
100
AcDbCircle
 10
85.97917195834384
 20
70.2311404622809
 30
0.0
 40
0.47244094488188987
  0
CIRCLE
  5
832
330
1F
100
AcDbEntity
  8
TopSolderMaskLayer
100
AcDbCircle
 10
85.97917195834384
 20
70.2311404622809
 30
0.0
 40
0.7874015748031498
0
HATCH
5
833
100
AcDbEntity
8
TopSolderMaskLayer
100
AcDbHatch
10
0
20
0
30
0
210
0
220
0
230
1
2
SOLID
70
1
71
0
91
1
92
7
72
1
73
1
93
2
10
85.19177038354069
20
70.2311404622809
42
1
10
86.766573533147
20
70.2311404622809
42
1
97
1
330

75
0
76
1
47
0.8681437583925616
98
1
10
3.629517071192367
20
33.92795499968543
450
0
451
0
460
0
461
0
452
1
462
1
453
2
463
0
63
5
421
255
463
1
63
7
421
16777215
470
LINEAR
1001
ACAD
1010
0
1020
0
1030
0
  0
CIRCLE
  5
834
330
1F
100
AcDbEntity
  8
BottomSolderMaskLayer
100
AcDbCircle
 10
85.97917195834384
 20
70.2311404622809
 30
0.0
 40
0.47244094488188987
  0
CIRCLE
  5
835
330
1F
100
AcDbEntity
  8
BottomSolderMaskLayer
100
AcDbCircle
 10
85.97917195834384
 20
70.2311404622809
 30
0.0
 40
0.7874015748031498
0
HATCH
5
836
100
AcDbEntity
8
BottomSolderMaskLayer
100
AcDbHatch
10
0
20
0
30
0
210
0
220
0
230
1
2
SOLID
70
1
71
0
91
1
92
7
72
1
73
1
93
2
10
85.19177038354069
20
70.2311404622809
42
1
10
86.766573533147
20
70.2311404622809
42
1
97
1
330

75
0
76
1
47
0.8681437583925616
98
1
10
3.629517071192367
20
33.92795499968543
450
0
451
0
460
0
461
0
452
1
462
1
453
2
463
0
63
5
421
255
463
1
63
7
421
16777215
470
LINEAR
1001
ACAD
1010
0
1020
0
1030
0
  0
CIRCLE
  5
837
330
1F
100
AcDbEntity
  8
Multi-Layer
100
AcDbCircle
 10
85.97917195834384
 20
70.2311404622809
 30
0.0
 40
0.45720091440182886
  0
CIRCLE
  5
838
330
1F
100
AcDbEntity
  8
Multi-Layer
100
AcDbCircle
 10
85.97917195834384
 20
70.2311404622809
 30
0.0
 40
0.7620015240030481
0
HATCH
5
839
100
AcDbEntity
8
Multi-Layer
100
AcDbHatch
10
0
20
0
30
0
210
0
220
0
230
1
2
SOLID
70
1
71
0
91
1
92
7
72
1
73
1
93
2
10
85.21717043434079
20
70.2311404622809
42
1
10
86.7411734823469
20
70.2311404622809
42
1
97
1
330

75
0
76
1
47
0.8681437583925616
98
1
10
3.629517071192367
20
33.92795499968543
450
0
451
0
460
0
461
0
452
1
462
1
453
2
463
0
63
5
421
255
463
1
63
7
421
16777215
470
LINEAR
1001
ACAD
1010
0
1020
0
1030
0
  0
CIRCLE
  5
83a
330
1F
100
AcDbEntity
  8
TopSolderMaskLayer
100
AcDbCircle
 10
85.97917195834384
 20
67.69113538227077
 30
0.0
 40
0.47244094488188987
  0
CIRCLE
  5
83b
330
1F
100
AcDbEntity
  8
TopSolderMaskLayer
100
AcDbCircle
 10
85.97917195834384
 20
67.69113538227077
 30
0.0
 40
0.7874015748031498
0
HATCH
5
83c
100
AcDbEntity
8
TopSolderMaskLayer
100
AcDbHatch
10
0
20
0
30
0
210
0
220
0
230
1
2
SOLID
70
1
71
0
91
1
92
7
72
1
73
1
93
2
10
85.19177038354069
20
67.69113538227077
42
1
10
86.766573533147
20
67.69113538227077
42
1
97
1
330

75
0
76
1
47
0.8681437583925616
98
1
10
3.629517071192367
20
33.92795499968543
450
0
451
0
460
0
461
0
452
1
462
1
453
2
463
0
63
5
421
255
463
1
63
7
421
16777215
470
LINEAR
1001
ACAD
1010
0
1020
0
1030
0
  0
CIRCLE
  5
83d
330
1F
100
AcDbEntity
  8
BottomSolderMaskLayer
100
AcDbCircle
 10
85.97917195834384
 20
67.69113538227077
 30
0.0
 40
0.47244094488188987
  0
CIRCLE
  5
83e
330
1F
100
AcDbEntity
  8
BottomSolderMaskLayer
100
AcDbCircle
 10
85.97917195834384
 20
67.69113538227077
 30
0.0
 40
0.7874015748031498
0
HATCH
5
83f
100
AcDbEntity
8
BottomSolderMaskLayer
100
AcDbHatch
10
0
20
0
30
0
210
0
220
0
230
1
2
SOLID
70
1
71
0
91
1
92
7
72
1
73
1
93
2
10
85.19177038354069
20
67.69113538227077
42
1
10
86.766573533147
20
67.69113538227077
42
1
97
1
330

75
0
76
1
47
0.8681437583925616
98
1
10
3.629517071192367
20
33.92795499968543
450
0
451
0
460
0
461
0
452
1
462
1
453
2
463
0
63
5
421
255
463
1
63
7
421
16777215
470
LINEAR
1001
ACAD
1010
0
1020
0
1030
0
  0
CIRCLE
  5
840
330
1F
100
AcDbEntity
  8
Multi-Layer
100
AcDbCircle
 10
85.97917195834384
 20
67.69113538227077
 30
0.0
 40
0.45720091440182886
  0
CIRCLE
  5
841
330
1F
100
AcDbEntity
  8
Multi-Layer
100
AcDbCircle
 10
85.97917195834384
 20
67.69113538227077
 30
0.0
 40
0.7620015240030481
0
HATCH
5
842
100
AcDbEntity
8
Multi-Layer
100
AcDbHatch
10
0
20
0
30
0
210
0
220
0
230
1
2
SOLID
70
1
71
0
91
1
92
7
72
1
73
1
93
2
10
85.21717043434079
20
67.69113538227077
42
1
10
86.7411734823469
20
67.69113538227077
42
1
97
1
330

75
0
76
1
47
0.8681437583925616
98
1
10
3.629517071192367
20
33.92795499968543
450
0
451
0
460
0
461
0
452
1
462
1
453
2
463
0
63
5
421
255
463
1
63
7
421
16777215
470
LINEAR
1001
ACAD
1010
0
1020
0
1030
0
  0
CIRCLE
  5
843
330
1F
100
AcDbEntity
  8
TopSolderMaskLayer
100
AcDbCircle
 10
85.97917195834384
 20
65.15113030226064
 30
0.0
 40
0.47244094488188987
  0
CIRCLE
  5
844
330
1F
100
AcDbEntity
  8
TopSolderMaskLayer
100
AcDbCircle
 10
85.97917195834384
 20
65.15113030226064
 30
0.0
 40
0.7874015748031498
0
HATCH
5
845
100
AcDbEntity
8
TopSolderMaskLayer
100
AcDbHatch
10
0
20
0
30
0
210
0
220
0
230
1
2
SOLID
70
1
71
0
91
1
92
7
72
1
73
1
93
2
10
85.19177038354069
20
65.15113030226064
42
1
10
86.766573533147
20
65.15113030226064
42
1
97
1
330

75
0
76
1
47
0.8681437583925616
98
1
10
3.629517071192367
20
33.92795499968543
450
0
451
0
460
0
461
0
452
1
462
1
453
2
463
0
63
5
421
255
463
1
63
7
421
16777215
470
LINEAR
1001
ACAD
1010
0
1020
0
1030
0
  0
CIRCLE
  5
846
330
1F
100
AcDbEntity
  8
BottomSolderMaskLayer
100
AcDbCircle
 10
85.97917195834384
 20
65.15113030226064
 30
0.0
 40
0.47244094488188987
  0
CIRCLE
  5
847
330
1F
100
AcDbEntity
  8
BottomSolderMaskLayer
100
AcDbCircle
 10
85.97917195834384
 20
65.15113030226064
 30
0.0
 40
0.7874015748031498
0
HATCH
5
848
100
AcDbEntity
8
BottomSolderMaskLayer
100
AcDbHatch
10
0
20
0
30
0
210
0
220
0
230
1
2
SOLID
70
1
71
0
91
1
92
7
72
1
73
1
93
2
10
85.19177038354069
20
65.15113030226064
42
1
10
86.766573533147
20
65.15113030226064
42
1
97
1
330

75
0
76
1
47
0.8681437583925616
98
1
10
3.629517071192367
20
33.92795499968543
450
0
451
0
460
0
461
0
452
1
462
1
453
2
463
0
63
5
421
255
463
1
63
7
421
16777215
470
LINEAR
1001
ACAD
1010
0
1020
0
1030
0
  0
CIRCLE
  5
849
330
1F
100
AcDbEntity
  8
Multi-Layer
100
AcDbCircle
 10
85.97917195834384
 20
65.15113030226064
 30
0.0
 40
0.45720091440182886
  0
CIRCLE
  5
84a
330
1F
100
AcDbEntity
  8
Multi-Layer
100
AcDbCircle
 10
85.97917195834384
 20
65.15113030226064
 30
0.0
 40
0.7620015240030481
0
HATCH
5
84b
100
AcDbEntity
8
Multi-Layer
100
AcDbHatch
10
0
20
0
30
0
210
0
220
0
230
1
2
SOLID
70
1
71
0
91
1
92
7
72
1
73
1
93
2
10
85.21717043434079
20
65.15113030226064
42
1
10
86.7411734823469
20
65.15113030226064
42
1
97
1
330

75
0
76
1
47
0.8681437583925616
98
1
10
3.629517071192367
20
33.92795499968543
450
0
451
0
460
0
461
0
452
1
462
1
453
2
463
0
63
5
421
255
463
1
63
7
421
16777215
470
LINEAR
1001
ACAD
1010
0
1020
0
1030
0
  0
CIRCLE
  5
84c
330
1F
100
AcDbEntity
  8
TopSolderMaskLayer
100
AcDbCircle
 10
85.97917195834384
 20
62.611125222250394
 30
0.0
 40
0.47244094488188987
  0
CIRCLE
  5
84d
330
1F
100
AcDbEntity
  8
TopSolderMaskLayer
100
AcDbCircle
 10
85.97917195834384
 20
62.611125222250394
 30
0.0
 40
0.7874015748031498
0
HATCH
5
84e
100
AcDbEntity
8
TopSolderMaskLayer
100
AcDbHatch
10
0
20
0
30
0
210
0
220
0
230
1
2
SOLID
70
1
71
0
91
1
92
7
72
1
73
1
93
2
10
85.19177038354069
20
62.611125222250394
42
1
10
86.766573533147
20
62.611125222250394
42
1
97
1
330

75
0
76
1
47
0.8681437583925616
98
1
10
3.629517071192367
20
33.92795499968543
450
0
451
0
460
0
461
0
452
1
462
1
453
2
463
0
63
5
421
255
463
1
63
7
421
16777215
470
LINEAR
1001
ACAD
1010
0
1020
0
1030
0
  0
CIRCLE
  5
84f
330
1F
100
AcDbEntity
  8
BottomSolderMaskLayer
100
AcDbCircle
 10
85.97917195834384
 20
62.611125222250394
 30
0.0
 40
0.47244094488188987
  0
CIRCLE
  5
850
330
1F
100
AcDbEntity
  8
BottomSolderMaskLayer
100
AcDbCircle
 10
85.97917195834384
 20
62.611125222250394
 30
0.0
 40
0.7874015748031498
0
HATCH
5
851
100
AcDbEntity
8
BottomSolderMaskLayer
100
AcDbHatch
10
0
20
0
30
0
210
0
220
0
230
1
2
SOLID
70
1
71
0
91
1
92
7
72
1
73
1
93
2
10
85.19177038354069
20
62.611125222250394
42
1
10
86.766573533147
20
62.611125222250394
42
1
97
1
330

75
0
76
1
47
0.8681437583925616
98
1
10
3.629517071192367
20
33.92795499968543
450
0
451
0
460
0
461
0
452
1
462
1
453
2
463
0
63
5
421
255
463
1
63
7
421
16777215
470
LINEAR
1001
ACAD
1010
0
1020
0
1030
0
  0
CIRCLE
  5
852
330
1F
100
AcDbEntity
  8
Multi-Layer
100
AcDbCircle
 10
85.97917195834384
 20
62.611125222250394
 30
0.0
 40
0.45720091440182886
  0
CIRCLE
  5
853
330
1F
100
AcDbEntity
  8
Multi-Layer
100
AcDbCircle
 10
85.97917195834384
 20
62.611125222250394
 30
0.0
 40
0.7620015240030481
0
HATCH
5
854
100
AcDbEntity
8
Multi-Layer
100
AcDbHatch
10
0
20
0
30
0
210
0
220
0
230
1
2
SOLID
70
1
71
0
91
1
92
7
72
1
73
1
93
2
10
85.21717043434079
20
62.611125222250394
42
1
10
86.7411734823469
20
62.611125222250394
42
1
97
1
330

75
0
76
1
47
0.8681437583925616
98
1
10
3.629517071192367
20
33.92795499968543
450
0
451
0
460
0
461
0
452
1
462
1
453
2
463
0
63
5
421
255
463
1
63
7
421
16777215
470
LINEAR
1001
ACAD
1010
0
1020
0
1030
0
  0
CIRCLE
  5
855
330
1F
100
AcDbEntity
  8
TopSolderMaskLayer
100
AcDbCircle
 10
85.97917195834384
 20
60.07112014224026
 30
0.0
 40
0.47244094488188987
  0
CIRCLE
  5
856
330
1F
100
AcDbEntity
  8
TopSolderMaskLayer
100
AcDbCircle
 10
85.97917195834384
 20
60.07112014224026
 30
0.0
 40
0.7874015748031498
0
HATCH
5
857
100
AcDbEntity
8
TopSolderMaskLayer
100
AcDbHatch
10
0
20
0
30
0
210
0
220
0
230
1
2
SOLID
70
1
71
0
91
1
92
7
72
1
73
1
93
2
10
85.19177038354069
20
60.07112014224026
42
1
10
86.766573533147
20
60.07112014224026
42
1
97
1
330

75
0
76
1
47
0.8681437583925616
98
1
10
3.629517071192367
20
33.92795499968543
450
0
451
0
460
0
461
0
452
1
462
1
453
2
463
0
63
5
421
255
463
1
63
7
421
16777215
470
LINEAR
1001
ACAD
1010
0
1020
0
1030
0
  0
CIRCLE
  5
858
330
1F
100
AcDbEntity
  8
BottomSolderMaskLayer
100
AcDbCircle
 10
85.97917195834384
 20
60.07112014224026
 30
0.0
 40
0.47244094488188987
  0
CIRCLE
  5
859
330
1F
100
AcDbEntity
  8
BottomSolderMaskLayer
100
AcDbCircle
 10
85.97917195834384
 20
60.07112014224026
 30
0.0
 40
0.7874015748031498
0
HATCH
5
85a
100
AcDbEntity
8
BottomSolderMaskLayer
100
AcDbHatch
10
0
20
0
30
0
210
0
220
0
230
1
2
SOLID
70
1
71
0
91
1
92
7
72
1
73
1
93
2
10
85.19177038354069
20
60.07112014224026
42
1
10
86.766573533147
20
60.07112014224026
42
1
97
1
330

75
0
76
1
47
0.8681437583925616
98
1
10
3.629517071192367
20
33.92795499968543
450
0
451
0
460
0
461
0
452
1
462
1
453
2
463
0
63
5
421
255
463
1
63
7
421
16777215
470
LINEAR
1001
ACAD
1010
0
1020
0
1030
0
  0
CIRCLE
  5
85b
330
1F
100
AcDbEntity
  8
Multi-Layer
100
AcDbCircle
 10
85.97917195834384
 20
60.07112014224026
 30
0.0
 40
0.45720091440182886
  0
CIRCLE
  5
85c
330
1F
100
AcDbEntity
  8
Multi-Layer
100
AcDbCircle
 10
85.97917195834384
 20
60.07112014224026
 30
0.0
 40
0.7620015240030481
0
HATCH
5
85d
100
AcDbEntity
8
Multi-Layer
100
AcDbHatch
10
0
20
0
30
0
210
0
220
0
230
1
2
SOLID
70
1
71
0
91
1
92
7
72
1
73
1
93
2
10
85.21717043434079
20
60.07112014224026
42
1
10
86.7411734823469
20
60.07112014224026
42
1
97
1
330

75
0
76
1
47
0.8681437583925616
98
1
10
3.629517071192367
20
33.92795499968543
450
0
451
0
460
0
461
0
452
1
462
1
453
2
463
0
63
5
421
255
463
1
63
7
421
16777215
470
LINEAR
1001
ACAD
1010
0
1020
0
1030
0
  0
CIRCLE
  5
85e
330
1F
100
AcDbEntity
  8
TopSolderMaskLayer
100
AcDbCircle
 10
85.97917195834384
 20
57.53111506223013
 30
0.0
 40
0.47244094488188987
  0
CIRCLE
  5
85f
330
1F
100
AcDbEntity
  8
TopSolderMaskLayer
100
AcDbCircle
 10
85.97917195834384
 20
57.53111506223013
 30
0.0
 40
0.7874015748031498
0
HATCH
5
860
100
AcDbEntity
8
TopSolderMaskLayer
100
AcDbHatch
10
0
20
0
30
0
210
0
220
0
230
1
2
SOLID
70
1
71
0
91
1
92
7
72
1
73
1
93
2
10
85.19177038354069
20
57.53111506223013
42
1
10
86.766573533147
20
57.53111506223013
42
1
97
1
330

75
0
76
1
47
0.8681437583925616
98
1
10
3.629517071192367
20
33.92795499968543
450
0
451
0
460
0
461
0
452
1
462
1
453
2
463
0
63
5
421
255
463
1
63
7
421
16777215
470
LINEAR
1001
ACAD
1010
0
1020
0
1030
0
  0
CIRCLE
  5
861
330
1F
100
AcDbEntity
  8
BottomSolderMaskLayer
100
AcDbCircle
 10
85.97917195834384
 20
57.53111506223013
 30
0.0
 40
0.47244094488188987
  0
CIRCLE
  5
862
330
1F
100
AcDbEntity
  8
BottomSolderMaskLayer
100
AcDbCircle
 10
85.97917195834384
 20
57.53111506223013
 30
0.0
 40
0.7874015748031498
0
HATCH
5
863
100
AcDbEntity
8
BottomSolderMaskLayer
100
AcDbHatch
10
0
20
0
30
0
210
0
220
0
230
1
2
SOLID
70
1
71
0
91
1
92
7
72
1
73
1
93
2
10
85.19177038354069
20
57.53111506223013
42
1
10
86.766573533147
20
57.53111506223013
42
1
97
1
330

75
0
76
1
47
0.8681437583925616
98
1
10
3.629517071192367
20
33.92795499968543
450
0
451
0
460
0
461
0
452
1
462
1
453
2
463
0
63
5
421
255
463
1
63
7
421
16777215
470
LINEAR
1001
ACAD
1010
0
1020
0
1030
0
  0
CIRCLE
  5
864
330
1F
100
AcDbEntity
  8
Multi-Layer
100
AcDbCircle
 10
85.97917195834384
 20
57.53111506223013
 30
0.0
 40
0.45720091440182886
  0
CIRCLE
  5
865
330
1F
100
AcDbEntity
  8
Multi-Layer
100
AcDbCircle
 10
85.97917195834384
 20
57.53111506223013
 30
0.0
 40
0.7620015240030481
0
HATCH
5
866
100
AcDbEntity
8
Multi-Layer
100
AcDbHatch
10
0
20
0
30
0
210
0
220
0
230
1
2
SOLID
70
1
71
0
91
1
92
7
72
1
73
1
93
2
10
85.21717043434079
20
57.53111506223013
42
1
10
86.7411734823469
20
57.53111506223013
42
1
97
1
330

75
0
76
1
47
0.8681437583925616
98
1
10
3.629517071192367
20
33.92795499968543
450
0
451
0
460
0
461
0
452
1
462
1
453
2
463
0
63
5
421
255
463
1
63
7
421
16777215
470
LINEAR
1001
ACAD
1010
0
1020
0
1030
0
  0
CIRCLE
  5
867
330
1F
100
AcDbEntity
  8
TopSolderMaskLayer
100
AcDbCircle
 10
85.97917195834384
 20
54.991109982219996
 30
0.0
 40
0.47244094488188987
  0
CIRCLE
  5
868
330
1F
100
AcDbEntity
  8
TopSolderMaskLayer
100
AcDbCircle
 10
85.97917195834384
 20
54.991109982219996
 30
0.0
 40
0.7874015748031498
0
HATCH
5
869
100
AcDbEntity
8
TopSolderMaskLayer
100
AcDbHatch
10
0
20
0
30
0
210
0
220
0
230
1
2
SOLID
70
1
71
0
91
1
92
7
72
1
73
1
93
2
10
85.19177038354069
20
54.991109982219996
42
1
10
86.766573533147
20
54.991109982219996
42
1
97
1
330

75
0
76
1
47
0.8681437583925616
98
1
10
3.629517071192367
20
33.92795499968543
450
0
451
0
460
0
461
0
452
1
462
1
453
2
463
0
63
5
421
255
463
1
63
7
421
16777215
470
LINEAR
1001
ACAD
1010
0
1020
0
1030
0
  0
CIRCLE
  5
86a
330
1F
100
AcDbEntity
  8
BottomSolderMaskLayer
100
AcDbCircle
 10
85.97917195834384
 20
54.991109982219996
 30
0.0
 40
0.47244094488188987
  0
CIRCLE
  5
86b
330
1F
100
AcDbEntity
  8
BottomSolderMaskLayer
100
AcDbCircle
 10
85.97917195834384
 20
54.991109982219996
 30
0.0
 40
0.7874015748031498
0
HATCH
5
86c
100
AcDbEntity
8
BottomSolderMaskLayer
100
AcDbHatch
10
0
20
0
30
0
210
0
220
0
230
1
2
SOLID
70
1
71
0
91
1
92
7
72
1
73
1
93
2
10
85.19177038354069
20
54.991109982219996
42
1
10
86.766573533147
20
54.991109982219996
42
1
97
1
330

75
0
76
1
47
0.8681437583925616
98
1
10
3.629517071192367
20
33.92795499968543
450
0
451
0
460
0
461
0
452
1
462
1
453
2
463
0
63
5
421
255
463
1
63
7
421
16777215
470
LINEAR
1001
ACAD
1010
0
1020
0
1030
0
  0
CIRCLE
  5
86d
330
1F
100
AcDbEntity
  8
Multi-Layer
100
AcDbCircle
 10
85.97917195834384
 20
54.991109982219996
 30
0.0
 40
0.45720091440182886
  0
CIRCLE
  5
86e
330
1F
100
AcDbEntity
  8
Multi-Layer
100
AcDbCircle
 10
85.97917195834384
 20
54.991109982219996
 30
0.0
 40
0.7620015240030481
0
HATCH
5
86f
100
AcDbEntity
8
Multi-Layer
100
AcDbHatch
10
0
20
0
30
0
210
0
220
0
230
1
2
SOLID
70
1
71
0
91
1
92
7
72
1
73
1
93
2
10
85.21717043434079
20
54.991109982219996
42
1
10
86.7411734823469
20
54.991109982219996
42
1
97
1
330

75
0
76
1
47
0.8681437583925616
98
1
10
3.629517071192367
20
33.92795499968543
450
0
451
0
460
0
461
0
452
1
462
1
453
2
463
0
63
5
421
255
463
1
63
7
421
16777215
470
LINEAR
1001
ACAD
1010
0
1020
0
1030
0
  0
CIRCLE
  5
870
330
1F
100
AcDbEntity
  8
TopSolderMaskLayer
100
AcDbCircle
 10
85.97917195834384
 20
52.45110490220975
 30
0.0
 40
0.47244094488188987
  0
CIRCLE
  5
871
330
1F
100
AcDbEntity
  8
TopSolderMaskLayer
100
AcDbCircle
 10
85.97917195834384
 20
52.45110490220975
 30
0.0
 40
0.7874015748031498
0
HATCH
5
872
100
AcDbEntity
8
TopSolderMaskLayer
100
AcDbHatch
10
0
20
0
30
0
210
0
220
0
230
1
2
SOLID
70
1
71
0
91
1
92
7
72
1
73
1
93
2
10
85.19177038354069
20
52.45110490220975
42
1
10
86.766573533147
20
52.45110490220975
42
1
97
1
330

75
0
76
1
47
0.8681437583925616
98
1
10
3.629517071192367
20
33.92795499968543
450
0
451
0
460
0
461
0
452
1
462
1
453
2
463
0
63
5
421
255
463
1
63
7
421
16777215
470
LINEAR
1001
ACAD
1010
0
1020
0
1030
0
  0
CIRCLE
  5
873
330
1F
100
AcDbEntity
  8
BottomSolderMaskLayer
100
AcDbCircle
 10
85.97917195834384
 20
52.45110490220975
 30
0.0
 40
0.47244094488188987
  0
CIRCLE
  5
874
330
1F
100
AcDbEntity
  8
BottomSolderMaskLayer
100
AcDbCircle
 10
85.97917195834384
 20
52.45110490220975
 30
0.0
 40
0.7874015748031498
0
HATCH
5
875
100
AcDbEntity
8
BottomSolderMaskLayer
100
AcDbHatch
10
0
20
0
30
0
210
0
220
0
230
1
2
SOLID
70
1
71
0
91
1
92
7
72
1
73
1
93
2
10
85.19177038354069
20
52.45110490220975
42
1
10
86.766573533147
20
52.45110490220975
42
1
97
1
330

75
0
76
1
47
0.8681437583925616
98
1
10
3.629517071192367
20
33.92795499968543
450
0
451
0
460
0
461
0
452
1
462
1
453
2
463
0
63
5
421
255
463
1
63
7
421
16777215
470
LINEAR
1001
ACAD
1010
0
1020
0
1030
0
  0
CIRCLE
  5
876
330
1F
100
AcDbEntity
  8
Multi-Layer
100
AcDbCircle
 10
85.97917195834384
 20
52.45110490220975
 30
0.0
 40
0.45720091440182886
  0
CIRCLE
  5
877
330
1F
100
AcDbEntity
  8
Multi-Layer
100
AcDbCircle
 10
85.97917195834384
 20
52.45110490220975
 30
0.0
 40
0.7620015240030481
0
HATCH
5
878
100
AcDbEntity
8
Multi-Layer
100
AcDbHatch
10
0
20
0
30
0
210
0
220
0
230
1
2
SOLID
70
1
71
0
91
1
92
7
72
1
73
1
93
2
10
85.21717043434079
20
52.45110490220975
42
1
10
86.7411734823469
20
52.45110490220975
42
1
97
1
330

75
0
76
1
47
0.8681437583925616
98
1
10
3.629517071192367
20
33.92795499968543
450
0
451
0
460
0
461
0
452
1
462
1
453
2
463
0
63
5
421
255
463
1
63
7
421
16777215
470
LINEAR
1001
ACAD
1010
0
1020
0
1030
0
  0
CIRCLE
  5
879
330
1F
100
AcDbEntity
  8
TopSolderMaskLayer
100
AcDbCircle
 10
85.97917195834384
 20
49.91109982219962
 30
0.0
 40
0.47244094488188987
  0
CIRCLE
  5
87a
330
1F
100
AcDbEntity
  8
TopSolderMaskLayer
100
AcDbCircle
 10
85.97917195834384
 20
49.91109982219962
 30
0.0
 40
0.7874015748031498
0
HATCH
5
87b
100
AcDbEntity
8
TopSolderMaskLayer
100
AcDbHatch
10
0
20
0
30
0
210
0
220
0
230
1
2
SOLID
70
1
71
0
91
1
92
7
72
1
73
1
93
2
10
85.19177038354069
20
49.91109982219962
42
1
10
86.766573533147
20
49.91109982219962
42
1
97
1
330

75
0
76
1
47
0.8681437583925616
98
1
10
3.629517071192367
20
33.92795499968543
450
0
451
0
460
0
461
0
452
1
462
1
453
2
463
0
63
5
421
255
463
1
63
7
421
16777215
470
LINEAR
1001
ACAD
1010
0
1020
0
1030
0
  0
CIRCLE
  5
87c
330
1F
100
AcDbEntity
  8
BottomSolderMaskLayer
100
AcDbCircle
 10
85.97917195834384
 20
49.91109982219962
 30
0.0
 40
0.47244094488188987
  0
CIRCLE
  5
87d
330
1F
100
AcDbEntity
  8
BottomSolderMaskLayer
100
AcDbCircle
 10
85.97917195834384
 20
49.91109982219962
 30
0.0
 40
0.7874015748031498
0
HATCH
5
87e
100
AcDbEntity
8
BottomSolderMaskLayer
100
AcDbHatch
10
0
20
0
30
0
210
0
220
0
230
1
2
SOLID
70
1
71
0
91
1
92
7
72
1
73
1
93
2
10
85.19177038354069
20
49.91109982219962
42
1
10
86.766573533147
20
49.91109982219962
42
1
97
1
330

75
0
76
1
47
0.8681437583925616
98
1
10
3.629517071192367
20
33.92795499968543
450
0
451
0
460
0
461
0
452
1
462
1
453
2
463
0
63
5
421
255
463
1
63
7
421
16777215
470
LINEAR
1001
ACAD
1010
0
1020
0
1030
0
  0
CIRCLE
  5
87f
330
1F
100
AcDbEntity
  8
Multi-Layer
100
AcDbCircle
 10
85.97917195834384
 20
49.91109982219962
 30
0.0
 40
0.45720091440182886
  0
CIRCLE
  5
880
330
1F
100
AcDbEntity
  8
Multi-Layer
100
AcDbCircle
 10
85.97917195834384
 20
49.91109982219962
 30
0.0
 40
0.7620015240030481
0
HATCH
5
881
100
AcDbEntity
8
Multi-Layer
100
AcDbHatch
10
0
20
0
30
0
210
0
220
0
230
1
2
SOLID
70
1
71
0
91
1
92
7
72
1
73
1
93
2
10
85.21717043434079
20
49.91109982219962
42
1
10
86.7411734823469
20
49.91109982219962
42
1
97
1
330

75
0
76
1
47
0.8681437583925616
98
1
10
3.629517071192367
20
33.92795499968543
450
0
451
0
460
0
461
0
452
1
462
1
453
2
463
0
63
5
421
255
463
1
63
7
421
16777215
470
LINEAR
1001
ACAD
1010
0
1020
0
1030
0
  0
CIRCLE
  5
882
330
1F
100
AcDbEntity
  8
TopSolderMaskLayer
100
AcDbCircle
 10
85.97917195834384
 20
47.371094742189484
 30
0.0
 40
0.47244094488188987
  0
CIRCLE
  5
883
330
1F
100
AcDbEntity
  8
TopSolderMaskLayer
100
AcDbCircle
 10
85.97917195834384
 20
47.371094742189484
 30
0.0
 40
0.7874015748031498
0
HATCH
5
884
100
AcDbEntity
8
TopSolderMaskLayer
100
AcDbHatch
10
0
20
0
30
0
210
0
220
0
230
1
2
SOLID
70
1
71
0
91
1
92
7
72
1
73
1
93
2
10
85.19177038354069
20
47.371094742189484
42
1
10
86.766573533147
20
47.371094742189484
42
1
97
1
330

75
0
76
1
47
0.8681437583925616
98
1
10
3.629517071192367
20
33.92795499968543
450
0
451
0
460
0
461
0
452
1
462
1
453
2
463
0
63
5
421
255
463
1
63
7
421
16777215
470
LINEAR
1001
ACAD
1010
0
1020
0
1030
0
  0
CIRCLE
  5
885
330
1F
100
AcDbEntity
  8
BottomSolderMaskLayer
100
AcDbCircle
 10
85.97917195834384
 20
47.371094742189484
 30
0.0
 40
0.47244094488188987
  0
CIRCLE
  5
886
330
1F
100
AcDbEntity
  8
BottomSolderMaskLayer
100
AcDbCircle
 10
85.97917195834384
 20
47.371094742189484
 30
0.0
 40
0.7874015748031498
0
HATCH
5
887
100
AcDbEntity
8
BottomSolderMaskLayer
100
AcDbHatch
10
0
20
0
30
0
210
0
220
0
230
1
2
SOLID
70
1
71
0
91
1
92
7
72
1
73
1
93
2
10
85.19177038354069
20
47.371094742189484
42
1
10
86.766573533147
20
47.371094742189484
42
1
97
1
330

75
0
76
1
47
0.8681437583925616
98
1
10
3.629517071192367
20
33.92795499968543
450
0
451
0
460
0
461
0
452
1
462
1
453
2
463
0
63
5
421
255
463
1
63
7
421
16777215
470
LINEAR
1001
ACAD
1010
0
1020
0
1030
0
  0
CIRCLE
  5
888
330
1F
100
AcDbEntity
  8
Multi-Layer
100
AcDbCircle
 10
85.97917195834384
 20
47.371094742189484
 30
0.0
 40
0.45720091440182886
  0
CIRCLE
  5
889
330
1F
100
AcDbEntity
  8
Multi-Layer
100
AcDbCircle
 10
85.97917195834384
 20
47.371094742189484
 30
0.0
 40
0.7620015240030481
0
HATCH
5
88a
100
AcDbEntity
8
Multi-Layer
100
AcDbHatch
10
0
20
0
30
0
210
0
220
0
230
1
2
SOLID
70
1
71
0
91
1
92
7
72
1
73
1
93
2
10
85.21717043434079
20
47.371094742189484
42
1
10
86.7411734823469
20
47.371094742189484
42
1
97
1
330

75
0
76
1
47
0.8681437583925616
98
1
10
3.629517071192367
20
33.92795499968543
450
0
451
0
460
0
461
0
452
1
462
1
453
2
463
0
63
5
421
255
463
1
63
7
421
16777215
470
LINEAR
1001
ACAD
1010
0
1020
0
1030
0
 0
ARC
  5
9c8
330
1F
100
AcDbEntity
  8
TopSolderMaskLayer
100
AcDbCircle
 10
23.622047244094574
 20
26.670187597518066
 30
0.0
 40
0.5284371711600566
100
AcDbArc
 50
360
 51
540
 0
ARC
  5
9c9
330
1F
100
AcDbEntity
  8
TopSolderMaskLayer
100
AcDbCircle
 10
23.622047244094574
 20
26.669919082695287
 30
0.0
 40
0.5284371711600566
100
AcDbArc
 50
540
 51
360
 0
LWPOLYLINE
  5
9ca
330
1F
100
AcDbEntity
  8
TopSolderMaskLayer
100
AcDbPolyline
 90
1
 70
 1
 43
0
 10
23.093610072934517
 20
26.669919082695287
 10
23.093610072934517
 20
26.670187597518066
 0
LWPOLYLINE
  5
9cb
330
1F
100
AcDbEntity
  8
TopSolderMaskLayer
100
AcDbPolyline
 90
1
 70
 1
 43
0
 10
24.15048441525463
 20
26.669919082695287
 10
24.15048441525463
 20
26.670187597518066
  0
CIRCLE
  5
9c7
330
1F
100
AcDbEntity
  8
TopSolderMaskLayer
100
AcDbCircle
 10
23.622047244094574
 20
26.670053340106733
 30
0.0
 40
0.9398018796037594
0
HATCH
5
9cc
100
AcDbEntity
8
TopSolderMaskLayer
100
AcDbHatch
10
0
20
0
30
0
210
0
220
0
230
1
2
SOLID
70
1
71
0
91
1
92
7
72
1
73
1
93
2
10
22.682245364490814
20
26.670053340106733
42
1
10
24.561849123698334
20
26.670053340106733
42
1
97
1
330

75
0
76
1
47
0.8681437583925616
98
1
10
3.629517071192367
20
33.92795499968543
450
0
451
0
460
0
461
0
452
1
462
1
453
2
463
0
63
5
421
255
463
1
63
7
421
16777215
470
LINEAR
1001
ACAD
1010
0
1020
0
1030
0
 0
ARC
  5
9cf
330
1F
100
AcDbEntity
  8
BottomSolderMaskLayer
100
AcDbCircle
 10
23.622047244094574
 20
26.670187597518066
 30
0.0
 40
0.5284371711600566
100
AcDbArc
 50
360
 51
540
 0
ARC
  5
9d0
330
1F
100
AcDbEntity
  8
BottomSolderMaskLayer
100
AcDbCircle
 10
23.622047244094574
 20
26.669919082695287
 30
0.0
 40
0.5284371711600566
100
AcDbArc
 50
540
 51
360
 0
LWPOLYLINE
  5
9d1
330
1F
100
AcDbEntity
  8
BottomSolderMaskLayer
100
AcDbPolyline
 90
1
 70
 1
 43
0
 10
23.093610072934517
 20
26.669919082695287
 10
23.093610072934517
 20
26.670187597518066
 0
LWPOLYLINE
  5
9d2
330
1F
100
AcDbEntity
  8
BottomSolderMaskLayer
100
AcDbPolyline
 90
1
 70
 1
 43
0
 10
24.15048441525463
 20
26.669919082695287
 10
24.15048441525463
 20
26.670187597518066
  0
CIRCLE
  5
9ce
330
1F
100
AcDbEntity
  8
BottomSolderMaskLayer
100
AcDbCircle
 10
23.622047244094574
 20
26.670053340106733
 30
0.0
 40
0.9398018796037594
0
HATCH
5
9d3
100
AcDbEntity
8
BottomSolderMaskLayer
100
AcDbHatch
10
0
20
0
30
0
210
0
220
0
230
1
2
SOLID
70
1
71
0
91
1
92
7
72
1
73
1
93
2
10
22.682245364490814
20
26.670053340106733
42
1
10
24.561849123698334
20
26.670053340106733
42
1
97
1
330

75
0
76
1
47
0.8681437583925616
98
1
10
3.629517071192367
20
33.92795499968543
450
0
451
0
460
0
461
0
452
1
462
1
453
2
463
0
63
5
421
255
463
1
63
7
421
16777215
470
LINEAR
1001
ACAD
1010
0
1020
0
1030
0
 0
ARC
  5
9d6
330
1F
100
AcDbEntity
  8
Multi-Layer
100
AcDbCircle
 10
23.622047244094574
 20
26.67018034036073
 30
0.0
 40
0.4998729997459995
100
AcDbArc
 50
360
 51
540
 0
ARC
  5
9d7
330
1F
100
AcDbEntity
  8
Multi-Layer
100
AcDbCircle
 10
23.622047244094574
 20
26.669926339852623
 30
0.0
 40
0.4998729997459995
100
AcDbArc
 50
540
 51
360
 0
LWPOLYLINE
  5
9d8
330
1F
100
AcDbEntity
  8
Multi-Layer
100
AcDbPolyline
 90
1
 70
 1
 43
0
 10
23.122174244348574
 20
26.669926339852623
 10
23.122174244348574
 20
26.67018034036073
 0
LWPOLYLINE
  5
9d9
330
1F
100
AcDbEntity
  8
Multi-Layer
100
AcDbPolyline
 90
1
 70
 1
 43
0
 10
24.121920243840574
 20
26.669926339852623
 10
24.121920243840574
 20
26.67018034036073
  0
CIRCLE
  5
9d5
330
1F
100
AcDbEntity
  8
Multi-Layer
100
AcDbCircle
 10
23.622047244094574
 20
26.670053340106733
 30
0.0
 40
0.8890017780035562
0
HATCH
5
9da
100
AcDbEntity
8
Multi-Layer
100
AcDbHatch
10
0
20
0
30
0
210
0
220
0
230
1
2
SOLID
70
1
71
0
91
1
92
7
72
1
73
1
93
2
10
22.733045466091017
20
26.670053340106733
42
1
10
24.51104902209813
20
26.670053340106733
42
1
97
1
330

75
0
76
1
47
0.8681437583925616
98
1
10
3.629517071192367
20
33.92795499968543
450
0
451
0
460
0
461
0
452
1
462
1
453
2
463
0
63
5
421
255
463
1
63
7
421
16777215
470
LINEAR
1001
ACAD
1010
0
1020
0
1030
0
 0
ARC
  5
9dd
330
1F
100
AcDbEntity
  8
TopSolderMaskLayer
100
AcDbCircle
 10
21.08204216408444
 20
26.670187597518066
 30
0.0
 40
0.5284371711600566
100
AcDbArc
 50
360
 51
540
 0
ARC
  5
9de
330
1F
100
AcDbEntity
  8
TopSolderMaskLayer
100
AcDbCircle
 10
21.08204216408444
 20
26.669919082695287
 30
0.0
 40
0.5284371711600566
100
AcDbArc
 50
540
 51
360
 0
LWPOLYLINE
  5
9df
330
1F
100
AcDbEntity
  8
TopSolderMaskLayer
100
AcDbPolyline
 90
1
 70
 1
 43
0
 10
20.553604992924384
 20
26.669919082695287
 10
20.553604992924384
 20
26.670187597518066
 0
LWPOLYLINE
  5
9e0
330
1F
100
AcDbEntity
  8
TopSolderMaskLayer
100
AcDbPolyline
 90
1
 70
 1
 43
0
 10
21.6104793352445
 20
26.669919082695287
 10
21.6104793352445
 20
26.670187597518066
  0
CIRCLE
  5
9dc
330
1F
100
AcDbEntity
  8
TopSolderMaskLayer
100
AcDbCircle
 10
21.08204216408444
 20
26.670053340106733
 30
0.0
 40
0.9398018796037594
0
HATCH
5
9e1
100
AcDbEntity
8
TopSolderMaskLayer
100
AcDbHatch
10
0
20
0
30
0
210
0
220
0
230
1
2
SOLID
70
1
71
0
91
1
92
7
72
1
73
1
93
2
10
20.142240284480682
20
26.670053340106733
42
1
10
22.0218440436882
20
26.670053340106733
42
1
97
1
330

75
0
76
1
47
0.8681437583925616
98
1
10
3.629517071192367
20
33.92795499968543
450
0
451
0
460
0
461
0
452
1
462
1
453
2
463
0
63
5
421
255
463
1
63
7
421
16777215
470
LINEAR
1001
ACAD
1010
0
1020
0
1030
0
 0
ARC
  5
9e4
330
1F
100
AcDbEntity
  8
BottomSolderMaskLayer
100
AcDbCircle
 10
21.08204216408444
 20
26.670187597518066
 30
0.0
 40
0.5284371711600566
100
AcDbArc
 50
360
 51
540
 0
ARC
  5
9e5
330
1F
100
AcDbEntity
  8
BottomSolderMaskLayer
100
AcDbCircle
 10
21.08204216408444
 20
26.669919082695287
 30
0.0
 40
0.5284371711600566
100
AcDbArc
 50
540
 51
360
 0
LWPOLYLINE
  5
9e6
330
1F
100
AcDbEntity
  8
BottomSolderMaskLayer
100
AcDbPolyline
 90
1
 70
 1
 43
0
 10
20.553604992924384
 20
26.669919082695287
 10
20.553604992924384
 20
26.670187597518066
 0
LWPOLYLINE
  5
9e7
330
1F
100
AcDbEntity
  8
BottomSolderMaskLayer
100
AcDbPolyline
 90
1
 70
 1
 43
0
 10
21.6104793352445
 20
26.669919082695287
 10
21.6104793352445
 20
26.670187597518066
  0
CIRCLE
  5
9e3
330
1F
100
AcDbEntity
  8
BottomSolderMaskLayer
100
AcDbCircle
 10
21.08204216408444
 20
26.670053340106733
 30
0.0
 40
0.9398018796037594
0
HATCH
5
9e8
100
AcDbEntity
8
BottomSolderMaskLayer
100
AcDbHatch
10
0
20
0
30
0
210
0
220
0
230
1
2
SOLID
70
1
71
0
91
1
92
7
72
1
73
1
93
2
10
20.142240284480682
20
26.670053340106733
42
1
10
22.0218440436882
20
26.670053340106733
42
1
97
1
330

75
0
76
1
47
0.8681437583925616
98
1
10
3.629517071192367
20
33.92795499968543
450
0
451
0
460
0
461
0
452
1
462
1
453
2
463
0
63
5
421
255
463
1
63
7
421
16777215
470
LINEAR
1001
ACAD
1010
0
1020
0
1030
0
 0
ARC
  5
9eb
330
1F
100
AcDbEntity
  8
Multi-Layer
100
AcDbCircle
 10
21.08204216408444
 20
26.67018034036073
 30
0.0
 40
0.4998729997459995
100
AcDbArc
 50
360
 51
540
 0
ARC
  5
9ec
330
1F
100
AcDbEntity
  8
Multi-Layer
100
AcDbCircle
 10
21.08204216408444
 20
26.669926339852623
 30
0.0
 40
0.4998729997459995
100
AcDbArc
 50
540
 51
360
 0
LWPOLYLINE
  5
9ed
330
1F
100
AcDbEntity
  8
Multi-Layer
100
AcDbPolyline
 90
1
 70
 1
 43
0
 10
20.582169164338442
 20
26.669926339852623
 10
20.582169164338442
 20
26.67018034036073
 0
LWPOLYLINE
  5
9ee
330
1F
100
AcDbEntity
  8
Multi-Layer
100
AcDbPolyline
 90
1
 70
 1
 43
0
 10
21.58191516383044
 20
26.669926339852623
 10
21.58191516383044
 20
26.67018034036073
  0
CIRCLE
  5
9ea
330
1F
100
AcDbEntity
  8
Multi-Layer
100
AcDbCircle
 10
21.08204216408444
 20
26.670053340106733
 30
0.0
 40
0.8890017780035562
0
HATCH
5
9ef
100
AcDbEntity
8
Multi-Layer
100
AcDbHatch
10
0
20
0
30
0
210
0
220
0
230
1
2
SOLID
70
1
71
0
91
1
92
7
72
1
73
1
93
2
10
20.193040386080884
20
26.670053340106733
42
1
10
21.971043942088
20
26.670053340106733
42
1
97
1
330

75
0
76
1
47
0.8681437583925616
98
1
10
3.629517071192367
20
33.92795499968543
450
0
451
0
460
0
461
0
452
1
462
1
453
2
463
0
63
5
421
255
463
1
63
7
421
16777215
470
LINEAR
1001
ACAD
1010
0
1020
0
1030
0
 0
ARC
  5
9f2
330
1F
100
AcDbEntity
  8
TopSolderMaskLayer
100
AcDbCircle
 10
18.54203708407408
 20
26.670187597518066
 30
0.0
 40
0.5284371711600566
100
AcDbArc
 50
360
 51
540
 0
ARC
  5
9f3
330
1F
100
AcDbEntity
  8
TopSolderMaskLayer
100
AcDbCircle
 10
18.54203708407408
 20
26.669919082695287
 30
0.0
 40
0.5284371711600566
100
AcDbArc
 50
540
 51
360
 0
LWPOLYLINE
  5
9f4
330
1F
100
AcDbEntity
  8
TopSolderMaskLayer
100
AcDbPolyline
 90
1
 70
 1
 43
0
 10
18.013599912914025
 20
26.669919082695287
 10
18.013599912914025
 20
26.670187597518066
 0
LWPOLYLINE
  5
9f5
330
1F
100
AcDbEntity
  8
TopSolderMaskLayer
100
AcDbPolyline
 90
1
 70
 1
 43
0
 10
19.07047425523414
 20
26.669919082695287
 10
19.07047425523414
 20
26.670187597518066
  0
CIRCLE
  5
9f1
330
1F
100
AcDbEntity
  8
TopSolderMaskLayer
100
AcDbCircle
 10
18.54203708407408
 20
26.670053340106733
 30
0.0
 40
0.9398018796037594
0
HATCH
5
9f6
100
AcDbEntity
8
TopSolderMaskLayer
100
AcDbHatch
10
0
20
0
30
0
210
0
220
0
230
1
2
SOLID
70
1
71
0
91
1
92
7
72
1
73
1
93
2
10
17.602235204470322
20
26.670053340106733
42
1
10
19.48183896367784
20
26.670053340106733
42
1
97
1
330

75
0
76
1
47
0.8681437583925616
98
1
10
3.629517071192367
20
33.92795499968543
450
0
451
0
460
0
461
0
452
1
462
1
453
2
463
0
63
5
421
255
463
1
63
7
421
16777215
470
LINEAR
1001
ACAD
1010
0
1020
0
1030
0
 0
ARC
  5
9f9
330
1F
100
AcDbEntity
  8
BottomSolderMaskLayer
100
AcDbCircle
 10
18.54203708407408
 20
26.670187597518066
 30
0.0
 40
0.5284371711600566
100
AcDbArc
 50
360
 51
540
 0
ARC
  5
9fa
330
1F
100
AcDbEntity
  8
BottomSolderMaskLayer
100
AcDbCircle
 10
18.54203708407408
 20
26.669919082695287
 30
0.0
 40
0.5284371711600566
100
AcDbArc
 50
540
 51
360
 0
LWPOLYLINE
  5
9fb
330
1F
100
AcDbEntity
  8
BottomSolderMaskLayer
100
AcDbPolyline
 90
1
 70
 1
 43
0
 10
18.013599912914025
 20
26.669919082695287
 10
18.013599912914025
 20
26.670187597518066
 0
LWPOLYLINE
  5
9fc
330
1F
100
AcDbEntity
  8
BottomSolderMaskLayer
100
AcDbPolyline
 90
1
 70
 1
 43
0
 10
19.07047425523414
 20
26.669919082695287
 10
19.07047425523414
 20
26.670187597518066
  0
CIRCLE
  5
9f8
330
1F
100
AcDbEntity
  8
BottomSolderMaskLayer
100
AcDbCircle
 10
18.54203708407408
 20
26.670053340106733
 30
0.0
 40
0.9398018796037594
0
HATCH
5
9fd
100
AcDbEntity
8
BottomSolderMaskLayer
100
AcDbHatch
10
0
20
0
30
0
210
0
220
0
230
1
2
SOLID
70
1
71
0
91
1
92
7
72
1
73
1
93
2
10
17.602235204470322
20
26.670053340106733
42
1
10
19.48183896367784
20
26.670053340106733
42
1
97
1
330

75
0
76
1
47
0.8681437583925616
98
1
10
3.629517071192367
20
33.92795499968543
450
0
451
0
460
0
461
0
452
1
462
1
453
2
463
0
63
5
421
255
463
1
63
7
421
16777215
470
LINEAR
1001
ACAD
1010
0
1020
0
1030
0
 0
ARC
  5
a00
330
1F
100
AcDbEntity
  8
Multi-Layer
100
AcDbCircle
 10
18.54203708407408
 20
26.67018034036073
 30
0.0
 40
0.4998729997459995
100
AcDbArc
 50
360
 51
540
 0
ARC
  5
a01
330
1F
100
AcDbEntity
  8
Multi-Layer
100
AcDbCircle
 10
18.54203708407408
 20
26.669926339852623
 30
0.0
 40
0.4998729997459995
100
AcDbArc
 50
540
 51
360
 0
LWPOLYLINE
  5
a02
330
1F
100
AcDbEntity
  8
Multi-Layer
100
AcDbPolyline
 90
1
 70
 1
 43
0
 10
18.042164084328082
 20
26.669926339852623
 10
18.042164084328082
 20
26.67018034036073
 0
LWPOLYLINE
  5
a03
330
1F
100
AcDbEntity
  8
Multi-Layer
100
AcDbPolyline
 90
1
 70
 1
 43
0
 10
19.04191008382008
 20
26.669926339852623
 10
19.04191008382008
 20
26.67018034036073
  0
CIRCLE
  5
9ff
330
1F
100
AcDbEntity
  8
Multi-Layer
100
AcDbCircle
 10
18.54203708407408
 20
26.670053340106733
 30
0.0
 40
0.8890017780035562
0
HATCH
5
a04
100
AcDbEntity
8
Multi-Layer
100
AcDbHatch
10
0
20
0
30
0
210
0
220
0
230
1
2
SOLID
70
1
71
0
91
1
92
7
72
1
73
1
93
2
10
17.653035306070525
20
26.670053340106733
42
1
10
19.43103886207764
20
26.670053340106733
42
1
97
1
330

75
0
76
1
47
0.8681437583925616
98
1
10
3.629517071192367
20
33.92795499968543
450
0
451
0
460
0
461
0
452
1
462
1
453
2
463
0
63
5
421
255
463
1
63
7
421
16777215
470
LINEAR
1001
ACAD
1010
0
1020
0
1030
0
  0
CIRCLE
  5
a1a
330
1F
100
AcDbEntity
  8
TopSolderMaskLayer
100
AcDbCircle
 10
19.81203962407926
 20
70.35814071628147
 30
0.0
 40
0.47244094488188987
  0
CIRCLE
  5
a1b
330
1F
100
AcDbEntity
  8
TopSolderMaskLayer
100
AcDbCircle
 10
19.81203962407926
 20
70.35814071628147
 30
0.0
 40
0.7874015748031498
0
HATCH
5
a1c
100
AcDbEntity
8
TopSolderMaskLayer
100
AcDbHatch
10
0
20
0
30
0
210
0
220
0
230
1
2
SOLID
70
1
71
0
91
1
92
7
72
1
73
1
93
2
10
19.024638049276113
20
70.35814071628147
42
1
10
20.59944119888241
20
70.35814071628147
42
1
97
1
330

75
0
76
1
47
0.8681437583925616
98
1
10
3.629517071192367
20
33.92795499968543
450
0
451
0
460
0
461
0
452
1
462
1
453
2
463
0
63
5
421
255
463
1
63
7
421
16777215
470
LINEAR
1001
ACAD
1010
0
1020
0
1030
0
  0
CIRCLE
  5
a1d
330
1F
100
AcDbEntity
  8
BottomSolderMaskLayer
100
AcDbCircle
 10
19.81203962407926
 20
70.35814071628147
 30
0.0
 40
0.47244094488188987
  0
CIRCLE
  5
a1e
330
1F
100
AcDbEntity
  8
BottomSolderMaskLayer
100
AcDbCircle
 10
19.81203962407926
 20
70.35814071628147
 30
0.0
 40
0.7874015748031498
0
HATCH
5
a1f
100
AcDbEntity
8
BottomSolderMaskLayer
100
AcDbHatch
10
0
20
0
30
0
210
0
220
0
230
1
2
SOLID
70
1
71
0
91
1
92
7
72
1
73
1
93
2
10
19.024638049276113
20
70.35814071628147
42
1
10
20.59944119888241
20
70.35814071628147
42
1
97
1
330

75
0
76
1
47
0.8681437583925616
98
1
10
3.629517071192367
20
33.92795499968543
450
0
451
0
460
0
461
0
452
1
462
1
453
2
463
0
63
5
421
255
463
1
63
7
421
16777215
470
LINEAR
1001
ACAD
1010
0
1020
0
1030
0
  0
CIRCLE
  5
a20
330
1F
100
AcDbEntity
  8
Multi-Layer
100
AcDbCircle
 10
19.81203962407926
 20
70.35814071628147
 30
0.0
 40
0.45720091440182886
  0
CIRCLE
  5
a21
330
1F
100
AcDbEntity
  8
Multi-Layer
100
AcDbCircle
 10
19.81203962407926
 20
70.35814071628147
 30
0.0
 40
0.7620015240030481
0
HATCH
5
a22
100
AcDbEntity
8
Multi-Layer
100
AcDbHatch
10
0
20
0
30
0
210
0
220
0
230
1
2
SOLID
70
1
71
0
91
1
92
7
72
1
73
1
93
2
10
19.050038100076215
20
70.35814071628147
42
1
10
20.57404114808231
20
70.35814071628147
42
1
97
1
330

75
0
76
1
47
0.8681437583925616
98
1
10
3.629517071192367
20
33.92795499968543
450
0
451
0
460
0
461
0
452
1
462
1
453
2
463
0
63
5
421
255
463
1
63
7
421
16777215
470
LINEAR
1001
ACAD
1010
0
1020
0
1030
0
  0
CIRCLE
  5
a23
330
1F
100
AcDbEntity
  8
TopSolderMaskLayer
100
AcDbCircle
 10
19.81203962407926
 20
67.81813563627122
 30
0.0
 40
0.47244094488188987
  0
CIRCLE
  5
a24
330
1F
100
AcDbEntity
  8
TopSolderMaskLayer
100
AcDbCircle
 10
19.81203962407926
 20
67.81813563627122
 30
0.0
 40
0.7874015748031498
0
HATCH
5
a25
100
AcDbEntity
8
TopSolderMaskLayer
100
AcDbHatch
10
0
20
0
30
0
210
0
220
0
230
1
2
SOLID
70
1
71
0
91
1
92
7
72
1
73
1
93
2
10
19.024638049276113
20
67.81813563627122
42
1
10
20.59944119888241
20
67.81813563627122
42
1
97
1
330

75
0
76
1
47
0.8681437583925616
98
1
10
3.629517071192367
20
33.92795499968543
450
0
451
0
460
0
461
0
452
1
462
1
453
2
463
0
63
5
421
255
463
1
63
7
421
16777215
470
LINEAR
1001
ACAD
1010
0
1020
0
1030
0
  0
CIRCLE
  5
a26
330
1F
100
AcDbEntity
  8
BottomSolderMaskLayer
100
AcDbCircle
 10
19.81203962407926
 20
67.81813563627122
 30
0.0
 40
0.47244094488188987
  0
CIRCLE
  5
a27
330
1F
100
AcDbEntity
  8
BottomSolderMaskLayer
100
AcDbCircle
 10
19.81203962407926
 20
67.81813563627122
 30
0.0
 40
0.7874015748031498
0
HATCH
5
a28
100
AcDbEntity
8
BottomSolderMaskLayer
100
AcDbHatch
10
0
20
0
30
0
210
0
220
0
230
1
2
SOLID
70
1
71
0
91
1
92
7
72
1
73
1
93
2
10
19.024638049276113
20
67.81813563627122
42
1
10
20.59944119888241
20
67.81813563627122
42
1
97
1
330

75
0
76
1
47
0.8681437583925616
98
1
10
3.629517071192367
20
33.92795499968543
450
0
451
0
460
0
461
0
452
1
462
1
453
2
463
0
63
5
421
255
463
1
63
7
421
16777215
470
LINEAR
1001
ACAD
1010
0
1020
0
1030
0
  0
CIRCLE
  5
a29
330
1F
100
AcDbEntity
  8
Multi-Layer
100
AcDbCircle
 10
19.81203962407926
 20
67.81813563627122
 30
0.0
 40
0.45720091440182886
  0
CIRCLE
  5
a2a
330
1F
100
AcDbEntity
  8
Multi-Layer
100
AcDbCircle
 10
19.81203962407926
 20
67.81813563627122
 30
0.0
 40
0.7620015240030481
0
HATCH
5
a2b
100
AcDbEntity
8
Multi-Layer
100
AcDbHatch
10
0
20
0
30
0
210
0
220
0
230
1
2
SOLID
70
1
71
0
91
1
92
7
72
1
73
1
93
2
10
19.050038100076215
20
67.81813563627122
42
1
10
20.57404114808231
20
67.81813563627122
42
1
97
1
330

75
0
76
1
47
0.8681437583925616
98
1
10
3.629517071192367
20
33.92795499968543
450
0
451
0
460
0
461
0
452
1
462
1
453
2
463
0
63
5
421
255
463
1
63
7
421
16777215
470
LINEAR
1001
ACAD
1010
0
1020
0
1030
0
  0
CIRCLE
  5
a2c
330
1F
100
AcDbEntity
  8
TopSolderMaskLayer
100
AcDbCircle
 10
19.81203962407926
 20
65.27813055626109
 30
0.0
 40
0.47244094488188987
  0
CIRCLE
  5
a2d
330
1F
100
AcDbEntity
  8
TopSolderMaskLayer
100
AcDbCircle
 10
19.81203962407926
 20
65.27813055626109
 30
0.0
 40
0.7874015748031498
0
HATCH
5
a2e
100
AcDbEntity
8
TopSolderMaskLayer
100
AcDbHatch
10
0
20
0
30
0
210
0
220
0
230
1
2
SOLID
70
1
71
0
91
1
92
7
72
1
73
1
93
2
10
19.024638049276113
20
65.27813055626109
42
1
10
20.59944119888241
20
65.27813055626109
42
1
97
1
330

75
0
76
1
47
0.8681437583925616
98
1
10
3.629517071192367
20
33.92795499968543
450
0
451
0
460
0
461
0
452
1
462
1
453
2
463
0
63
5
421
255
463
1
63
7
421
16777215
470
LINEAR
1001
ACAD
1010
0
1020
0
1030
0
  0
CIRCLE
  5
a2f
330
1F
100
AcDbEntity
  8
BottomSolderMaskLayer
100
AcDbCircle
 10
19.81203962407926
 20
65.27813055626109
 30
0.0
 40
0.47244094488188987
  0
CIRCLE
  5
a30
330
1F
100
AcDbEntity
  8
BottomSolderMaskLayer
100
AcDbCircle
 10
19.81203962407926
 20
65.27813055626109
 30
0.0
 40
0.7874015748031498
0
HATCH
5
a31
100
AcDbEntity
8
BottomSolderMaskLayer
100
AcDbHatch
10
0
20
0
30
0
210
0
220
0
230
1
2
SOLID
70
1
71
0
91
1
92
7
72
1
73
1
93
2
10
19.024638049276113
20
65.27813055626109
42
1
10
20.59944119888241
20
65.27813055626109
42
1
97
1
330

75
0
76
1
47
0.8681437583925616
98
1
10
3.629517071192367
20
33.92795499968543
450
0
451
0
460
0
461
0
452
1
462
1
453
2
463
0
63
5
421
255
463
1
63
7
421
16777215
470
LINEAR
1001
ACAD
1010
0
1020
0
1030
0
  0
CIRCLE
  5
a32
330
1F
100
AcDbEntity
  8
Multi-Layer
100
AcDbCircle
 10
19.81203962407926
 20
65.27813055626109
 30
0.0
 40
0.45720091440182886
  0
CIRCLE
  5
a33
330
1F
100
AcDbEntity
  8
Multi-Layer
100
AcDbCircle
 10
19.81203962407926
 20
65.27813055626109
 30
0.0
 40
0.7620015240030481
0
HATCH
5
a34
100
AcDbEntity
8
Multi-Layer
100
AcDbHatch
10
0
20
0
30
0
210
0
220
0
230
1
2
SOLID
70
1
71
0
91
1
92
7
72
1
73
1
93
2
10
19.050038100076215
20
65.27813055626109
42
1
10
20.57404114808231
20
65.27813055626109
42
1
97
1
330

75
0
76
1
47
0.8681437583925616
98
1
10
3.629517071192367
20
33.92795499968543
450
0
451
0
460
0
461
0
452
1
462
1
453
2
463
0
63
5
421
255
463
1
63
7
421
16777215
470
LINEAR
1001
ACAD
1010
0
1020
0
1030
0
  0
CIRCLE
  5
a35
330
1F
100
AcDbEntity
  8
TopSolderMaskLayer
100
AcDbCircle
 10
19.81203962407926
 20
62.73812547625096
 30
0.0
 40
0.47244094488188987
  0
CIRCLE
  5
a36
330
1F
100
AcDbEntity
  8
TopSolderMaskLayer
100
AcDbCircle
 10
19.81203962407926
 20
62.73812547625096
 30
0.0
 40
0.7874015748031498
0
HATCH
5
a37
100
AcDbEntity
8
TopSolderMaskLayer
100
AcDbHatch
10
0
20
0
30
0
210
0
220
0
230
1
2
SOLID
70
1
71
0
91
1
92
7
72
1
73
1
93
2
10
19.024638049276113
20
62.73812547625096
42
1
10
20.59944119888241
20
62.73812547625096
42
1
97
1
330

75
0
76
1
47
0.8681437583925616
98
1
10
3.629517071192367
20
33.92795499968543
450
0
451
0
460
0
461
0
452
1
462
1
453
2
463
0
63
5
421
255
463
1
63
7
421
16777215
470
LINEAR
1001
ACAD
1010
0
1020
0
1030
0
  0
CIRCLE
  5
a38
330
1F
100
AcDbEntity
  8
BottomSolderMaskLayer
100
AcDbCircle
 10
19.81203962407926
 20
62.73812547625096
 30
0.0
 40
0.47244094488188987
  0
CIRCLE
  5
a39
330
1F
100
AcDbEntity
  8
BottomSolderMaskLayer
100
AcDbCircle
 10
19.81203962407926
 20
62.73812547625096
 30
0.0
 40
0.7874015748031498
0
HATCH
5
a3a
100
AcDbEntity
8
BottomSolderMaskLayer
100
AcDbHatch
10
0
20
0
30
0
210
0
220
0
230
1
2
SOLID
70
1
71
0
91
1
92
7
72
1
73
1
93
2
10
19.024638049276113
20
62.73812547625096
42
1
10
20.59944119888241
20
62.73812547625096
42
1
97
1
330

75
0
76
1
47
0.8681437583925616
98
1
10
3.629517071192367
20
33.92795499968543
450
0
451
0
460
0
461
0
452
1
462
1
453
2
463
0
63
5
421
255
463
1
63
7
421
16777215
470
LINEAR
1001
ACAD
1010
0
1020
0
1030
0
  0
CIRCLE
  5
a3b
330
1F
100
AcDbEntity
  8
Multi-Layer
100
AcDbCircle
 10
19.81203962407926
 20
62.73812547625096
 30
0.0
 40
0.45720091440182886
  0
CIRCLE
  5
a3c
330
1F
100
AcDbEntity
  8
Multi-Layer
100
AcDbCircle
 10
19.81203962407926
 20
62.73812547625096
 30
0.0
 40
0.7620015240030481
0
HATCH
5
a3d
100
AcDbEntity
8
Multi-Layer
100
AcDbHatch
10
0
20
0
30
0
210
0
220
0
230
1
2
SOLID
70
1
71
0
91
1
92
7
72
1
73
1
93
2
10
19.050038100076215
20
62.73812547625096
42
1
10
20.57404114808231
20
62.73812547625096
42
1
97
1
330

75
0
76
1
47
0.8681437583925616
98
1
10
3.629517071192367
20
33.92795499968543
450
0
451
0
460
0
461
0
452
1
462
1
453
2
463
0
63
5
421
255
463
1
63
7
421
16777215
470
LINEAR
1001
ACAD
1010
0
1020
0
1030
0
  0
CIRCLE
  5
a3e
330
1F
100
AcDbEntity
  8
TopSolderMaskLayer
100
AcDbCircle
 10
19.81203962407926
 20
60.198120396240824
 30
0.0
 40
0.47244094488188987
  0
CIRCLE
  5
a3f
330
1F
100
AcDbEntity
  8
TopSolderMaskLayer
100
AcDbCircle
 10
19.81203962407926
 20
60.198120396240824
 30
0.0
 40
0.7874015748031498
0
HATCH
5
a40
100
AcDbEntity
8
TopSolderMaskLayer
100
AcDbHatch
10
0
20
0
30
0
210
0
220
0
230
1
2
SOLID
70
1
71
0
91
1
92
7
72
1
73
1
93
2
10
19.024638049276113
20
60.198120396240824
42
1
10
20.59944119888241
20
60.198120396240824
42
1
97
1
330

75
0
76
1
47
0.8681437583925616
98
1
10
3.629517071192367
20
33.92795499968543
450
0
451
0
460
0
461
0
452
1
462
1
453
2
463
0
63
5
421
255
463
1
63
7
421
16777215
470
LINEAR
1001
ACAD
1010
0
1020
0
1030
0
  0
CIRCLE
  5
a41
330
1F
100
AcDbEntity
  8
BottomSolderMaskLayer
100
AcDbCircle
 10
19.81203962407926
 20
60.198120396240824
 30
0.0
 40
0.47244094488188987
  0
CIRCLE
  5
a42
330
1F
100
AcDbEntity
  8
BottomSolderMaskLayer
100
AcDbCircle
 10
19.81203962407926
 20
60.198120396240824
 30
0.0
 40
0.7874015748031498
0
HATCH
5
a43
100
AcDbEntity
8
BottomSolderMaskLayer
100
AcDbHatch
10
0
20
0
30
0
210
0
220
0
230
1
2
SOLID
70
1
71
0
91
1
92
7
72
1
73
1
93
2
10
19.024638049276113
20
60.198120396240824
42
1
10
20.59944119888241
20
60.198120396240824
42
1
97
1
330

75
0
76
1
47
0.8681437583925616
98
1
10
3.629517071192367
20
33.92795499968543
450
0
451
0
460
0
461
0
452
1
462
1
453
2
463
0
63
5
421
255
463
1
63
7
421
16777215
470
LINEAR
1001
ACAD
1010
0
1020
0
1030
0
  0
CIRCLE
  5
a44
330
1F
100
AcDbEntity
  8
Multi-Layer
100
AcDbCircle
 10
19.81203962407926
 20
60.198120396240824
 30
0.0
 40
0.45720091440182886
  0
CIRCLE
  5
a45
330
1F
100
AcDbEntity
  8
Multi-Layer
100
AcDbCircle
 10
19.81203962407926
 20
60.198120396240824
 30
0.0
 40
0.7620015240030481
0
HATCH
5
a46
100
AcDbEntity
8
Multi-Layer
100
AcDbHatch
10
0
20
0
30
0
210
0
220
0
230
1
2
SOLID
70
1
71
0
91
1
92
7
72
1
73
1
93
2
10
19.050038100076215
20
60.198120396240824
42
1
10
20.57404114808231
20
60.198120396240824
42
1
97
1
330

75
0
76
1
47
0.8681437583925616
98
1
10
3.629517071192367
20
33.92795499968543
450
0
451
0
460
0
461
0
452
1
462
1
453
2
463
0
63
5
421
255
463
1
63
7
421
16777215
470
LINEAR
1001
ACAD
1010
0
1020
0
1030
0
  0
CIRCLE
  5
a47
330
1F
100
AcDbEntity
  8
TopSolderMaskLayer
100
AcDbCircle
 10
19.81203962407926
 20
57.65811531623058
 30
0.0
 40
0.47244094488188987
  0
CIRCLE
  5
a48
330
1F
100
AcDbEntity
  8
TopSolderMaskLayer
100
AcDbCircle
 10
19.81203962407926
 20
57.65811531623058
 30
0.0
 40
0.7874015748031498
0
HATCH
5
a49
100
AcDbEntity
8
TopSolderMaskLayer
100
AcDbHatch
10
0
20
0
30
0
210
0
220
0
230
1
2
SOLID
70
1
71
0
91
1
92
7
72
1
73
1
93
2
10
19.024638049276113
20
57.65811531623058
42
1
10
20.59944119888241
20
57.65811531623058
42
1
97
1
330

75
0
76
1
47
0.8681437583925616
98
1
10
3.629517071192367
20
33.92795499968543
450
0
451
0
460
0
461
0
452
1
462
1
453
2
463
0
63
5
421
255
463
1
63
7
421
16777215
470
LINEAR
1001
ACAD
1010
0
1020
0
1030
0
  0
CIRCLE
  5
a4a
330
1F
100
AcDbEntity
  8
BottomSolderMaskLayer
100
AcDbCircle
 10
19.81203962407926
 20
57.65811531623058
 30
0.0
 40
0.47244094488188987
  0
CIRCLE
  5
a4b
330
1F
100
AcDbEntity
  8
BottomSolderMaskLayer
100
AcDbCircle
 10
19.81203962407926
 20
57.65811531623058
 30
0.0
 40
0.7874015748031498
0
HATCH
5
a4c
100
AcDbEntity
8
BottomSolderMaskLayer
100
AcDbHatch
10
0
20
0
30
0
210
0
220
0
230
1
2
SOLID
70
1
71
0
91
1
92
7
72
1
73
1
93
2
10
19.024638049276113
20
57.65811531623058
42
1
10
20.59944119888241
20
57.65811531623058
42
1
97
1
330

75
0
76
1
47
0.8681437583925616
98
1
10
3.629517071192367
20
33.92795499968543
450
0
451
0
460
0
461
0
452
1
462
1
453
2
463
0
63
5
421
255
463
1
63
7
421
16777215
470
LINEAR
1001
ACAD
1010
0
1020
0
1030
0
  0
CIRCLE
  5
a4d
330
1F
100
AcDbEntity
  8
Multi-Layer
100
AcDbCircle
 10
19.81203962407926
 20
57.65811531623058
 30
0.0
 40
0.45720091440182886
  0
CIRCLE
  5
a4e
330
1F
100
AcDbEntity
  8
Multi-Layer
100
AcDbCircle
 10
19.81203962407926
 20
57.65811531623058
 30
0.0
 40
0.7620015240030481
0
HATCH
5
a4f
100
AcDbEntity
8
Multi-Layer
100
AcDbHatch
10
0
20
0
30
0
210
0
220
0
230
1
2
SOLID
70
1
71
0
91
1
92
7
72
1
73
1
93
2
10
19.050038100076215
20
57.65811531623058
42
1
10
20.57404114808231
20
57.65811531623058
42
1
97
1
330

75
0
76
1
47
0.8681437583925616
98
1
10
3.629517071192367
20
33.92795499968543
450
0
451
0
460
0
461
0
452
1
462
1
453
2
463
0
63
5
421
255
463
1
63
7
421
16777215
470
LINEAR
1001
ACAD
1010
0
1020
0
1030
0
  0
CIRCLE
  5
a50
330
1F
100
AcDbEntity
  8
TopSolderMaskLayer
100
AcDbCircle
 10
19.81203962407926
 20
55.118110236220446
 30
0.0
 40
0.47244094488188987
  0
CIRCLE
  5
a51
330
1F
100
AcDbEntity
  8
TopSolderMaskLayer
100
AcDbCircle
 10
19.81203962407926
 20
55.118110236220446
 30
0.0
 40
0.7874015748031498
0
HATCH
5
a52
100
AcDbEntity
8
TopSolderMaskLayer
100
AcDbHatch
10
0
20
0
30
0
210
0
220
0
230
1
2
SOLID
70
1
71
0
91
1
92
7
72
1
73
1
93
2
10
19.024638049276113
20
55.118110236220446
42
1
10
20.59944119888241
20
55.118110236220446
42
1
97
1
330

75
0
76
1
47
0.8681437583925616
98
1
10
3.629517071192367
20
33.92795499968543
450
0
451
0
460
0
461
0
452
1
462
1
453
2
463
0
63
5
421
255
463
1
63
7
421
16777215
470
LINEAR
1001
ACAD
1010
0
1020
0
1030
0
  0
CIRCLE
  5
a53
330
1F
100
AcDbEntity
  8
BottomSolderMaskLayer
100
AcDbCircle
 10
19.81203962407926
 20
55.118110236220446
 30
0.0
 40
0.47244094488188987
  0
CIRCLE
  5
a54
330
1F
100
AcDbEntity
  8
BottomSolderMaskLayer
100
AcDbCircle
 10
19.81203962407926
 20
55.118110236220446
 30
0.0
 40
0.7874015748031498
0
HATCH
5
a55
100
AcDbEntity
8
BottomSolderMaskLayer
100
AcDbHatch
10
0
20
0
30
0
210
0
220
0
230
1
2
SOLID
70
1
71
0
91
1
92
7
72
1
73
1
93
2
10
19.024638049276113
20
55.118110236220446
42
1
10
20.59944119888241
20
55.118110236220446
42
1
97
1
330

75
0
76
1
47
0.8681437583925616
98
1
10
3.629517071192367
20
33.92795499968543
450
0
451
0
460
0
461
0
452
1
462
1
453
2
463
0
63
5
421
255
463
1
63
7
421
16777215
470
LINEAR
1001
ACAD
1010
0
1020
0
1030
0
  0
CIRCLE
  5
a56
330
1F
100
AcDbEntity
  8
Multi-Layer
100
AcDbCircle
 10
19.81203962407926
 20
55.118110236220446
 30
0.0
 40
0.45720091440182886
  0
CIRCLE
  5
a57
330
1F
100
AcDbEntity
  8
Multi-Layer
100
AcDbCircle
 10
19.81203962407926
 20
55.118110236220446
 30
0.0
 40
0.7620015240030481
0
HATCH
5
a58
100
AcDbEntity
8
Multi-Layer
100
AcDbHatch
10
0
20
0
30
0
210
0
220
0
230
1
2
SOLID
70
1
71
0
91
1
92
7
72
1
73
1
93
2
10
19.050038100076215
20
55.118110236220446
42
1
10
20.57404114808231
20
55.118110236220446
42
1
97
1
330

75
0
76
1
47
0.8681437583925616
98
1
10
3.629517071192367
20
33.92795499968543
450
0
451
0
460
0
461
0
452
1
462
1
453
2
463
0
63
5
421
255
463
1
63
7
421
16777215
470
LINEAR
1001
ACAD
1010
0
1020
0
1030
0
  0
CIRCLE
  5
a59
330
1F
100
AcDbEntity
  8
TopSolderMaskLayer
100
AcDbCircle
 10
19.81203962407926
 20
52.57810515621031
 30
0.0
 40
0.47244094488188987
  0
CIRCLE
  5
a5a
330
1F
100
AcDbEntity
  8
TopSolderMaskLayer
100
AcDbCircle
 10
19.81203962407926
 20
52.57810515621031
 30
0.0
 40
0.7874015748031498
0
HATCH
5
a5b
100
AcDbEntity
8
TopSolderMaskLayer
100
AcDbHatch
10
0
20
0
30
0
210
0
220
0
230
1
2
SOLID
70
1
71
0
91
1
92
7
72
1
73
1
93
2
10
19.024638049276113
20
52.57810515621031
42
1
10
20.59944119888241
20
52.57810515621031
42
1
97
1
330

75
0
76
1
47
0.8681437583925616
98
1
10
3.629517071192367
20
33.92795499968543
450
0
451
0
460
0
461
0
452
1
462
1
453
2
463
0
63
5
421
255
463
1
63
7
421
16777215
470
LINEAR
1001
ACAD
1010
0
1020
0
1030
0
  0
CIRCLE
  5
a5c
330
1F
100
AcDbEntity
  8
BottomSolderMaskLayer
100
AcDbCircle
 10
19.81203962407926
 20
52.57810515621031
 30
0.0
 40
0.47244094488188987
  0
CIRCLE
  5
a5d
330
1F
100
AcDbEntity
  8
BottomSolderMaskLayer
100
AcDbCircle
 10
19.81203962407926
 20
52.57810515621031
 30
0.0
 40
0.7874015748031498
0
HATCH
5
a5e
100
AcDbEntity
8
BottomSolderMaskLayer
100
AcDbHatch
10
0
20
0
30
0
210
0
220
0
230
1
2
SOLID
70
1
71
0
91
1
92
7
72
1
73
1
93
2
10
19.024638049276113
20
52.57810515621031
42
1
10
20.59944119888241
20
52.57810515621031
42
1
97
1
330

75
0
76
1
47
0.8681437583925616
98
1
10
3.629517071192367
20
33.92795499968543
450
0
451
0
460
0
461
0
452
1
462
1
453
2
463
0
63
5
421
255
463
1
63
7
421
16777215
470
LINEAR
1001
ACAD
1010
0
1020
0
1030
0
  0
CIRCLE
  5
a5f
330
1F
100
AcDbEntity
  8
Multi-Layer
100
AcDbCircle
 10
19.81203962407926
 20
52.57810515621031
 30
0.0
 40
0.45720091440182886
  0
CIRCLE
  5
a60
330
1F
100
AcDbEntity
  8
Multi-Layer
100
AcDbCircle
 10
19.81203962407926
 20
52.57810515621031
 30
0.0
 40
0.7620015240030481
0
HATCH
5
a61
100
AcDbEntity
8
Multi-Layer
100
AcDbHatch
10
0
20
0
30
0
210
0
220
0
230
1
2
SOLID
70
1
71
0
91
1
92
7
72
1
73
1
93
2
10
19.050038100076215
20
52.57810515621031
42
1
10
20.57404114808231
20
52.57810515621031
42
1
97
1
330

75
0
76
1
47
0.8681437583925616
98
1
10
3.629517071192367
20
33.92795499968543
450
0
451
0
460
0
461
0
452
1
462
1
453
2
463
0
63
5
421
255
463
1
63
7
421
16777215
470
LINEAR
1001
ACAD
1010
0
1020
0
1030
0
  0
CIRCLE
  5
a62
330
1F
100
AcDbEntity
  8
TopSolderMaskLayer
100
AcDbCircle
 10
19.81203962407926
 20
50.03810007620018
 30
0.0
 40
0.47244094488188987
  0
CIRCLE
  5
a63
330
1F
100
AcDbEntity
  8
TopSolderMaskLayer
100
AcDbCircle
 10
19.81203962407926
 20
50.03810007620018
 30
0.0
 40
0.7874015748031498
0
HATCH
5
a64
100
AcDbEntity
8
TopSolderMaskLayer
100
AcDbHatch
10
0
20
0
30
0
210
0
220
0
230
1
2
SOLID
70
1
71
0
91
1
92
7
72
1
73
1
93
2
10
19.024638049276113
20
50.03810007620018
42
1
10
20.59944119888241
20
50.03810007620018
42
1
97
1
330

75
0
76
1
47
0.8681437583925616
98
1
10
3.629517071192367
20
33.92795499968543
450
0
451
0
460
0
461
0
452
1
462
1
453
2
463
0
63
5
421
255
463
1
63
7
421
16777215
470
LINEAR
1001
ACAD
1010
0
1020
0
1030
0
  0
CIRCLE
  5
a65
330
1F
100
AcDbEntity
  8
BottomSolderMaskLayer
100
AcDbCircle
 10
19.81203962407926
 20
50.03810007620018
 30
0.0
 40
0.47244094488188987
  0
CIRCLE
  5
a66
330
1F
100
AcDbEntity
  8
BottomSolderMaskLayer
100
AcDbCircle
 10
19.81203962407926
 20
50.03810007620018
 30
0.0
 40
0.7874015748031498
0
HATCH
5
a67
100
AcDbEntity
8
BottomSolderMaskLayer
100
AcDbHatch
10
0
20
0
30
0
210
0
220
0
230
1
2
SOLID
70
1
71
0
91
1
92
7
72
1
73
1
93
2
10
19.024638049276113
20
50.03810007620018
42
1
10
20.59944119888241
20
50.03810007620018
42
1
97
1
330

75
0
76
1
47
0.8681437583925616
98
1
10
3.629517071192367
20
33.92795499968543
450
0
451
0
460
0
461
0
452
1
462
1
453
2
463
0
63
5
421
255
463
1
63
7
421
16777215
470
LINEAR
1001
ACAD
1010
0
1020
0
1030
0
  0
CIRCLE
  5
a68
330
1F
100
AcDbEntity
  8
Multi-Layer
100
AcDbCircle
 10
19.81203962407926
 20
50.03810007620018
 30
0.0
 40
0.45720091440182886
  0
CIRCLE
  5
a69
330
1F
100
AcDbEntity
  8
Multi-Layer
100
AcDbCircle
 10
19.81203962407926
 20
50.03810007620018
 30
0.0
 40
0.7620015240030481
0
HATCH
5
a6a
100
AcDbEntity
8
Multi-Layer
100
AcDbHatch
10
0
20
0
30
0
210
0
220
0
230
1
2
SOLID
70
1
71
0
91
1
92
7
72
1
73
1
93
2
10
19.050038100076215
20
50.03810007620018
42
1
10
20.57404114808231
20
50.03810007620018
42
1
97
1
330

75
0
76
1
47
0.8681437583925616
98
1
10
3.629517071192367
20
33.92795499968543
450
0
451
0
460
0
461
0
452
1
462
1
453
2
463
0
63
5
421
255
463
1
63
7
421
16777215
470
LINEAR
1001
ACAD
1010
0
1020
0
1030
0
  0
CIRCLE
  5
498
330
1F
100
AcDbEntity
  8
TopSolderMaskLayer
100
AcDbCircle
 10
39.243078486156946
 20
5.588011176022292
 30
0.0
 40
0.45883962735667416
0
HATCH
5
49a
100
AcDbEntity
8
TopSolderMaskLayer
100
AcDbHatch
10
0
20
0
30
0
210
0
220
0
230
1
2
SOLID
70
1
71
0
91
1
92
7
72
0
73
1
93
4
10
38.43027686055348
20
6.400812801625534
10
40.055880111760416
20
6.400812801625534
10
40.055880111760416
20
4.775209550419163
10
38.43027686055348
20
4.775209550419163
97
1
330

75
0
76
1
47
0.4128176842155181
98
1
10
34.90568961886538
20
22.81183545379326
450
0
451
0
460
0
461
0
452
1
462
1
453
2
463
0
63
5
421
255
463
1
63
7
421
16777215
470
LINEAR
1001
ACAD
1010
0
1020
0
1030
0
  0
CIRCLE
  5
49b
330
1F
100
AcDbEntity
  8
BottomSolderMaskLayer
100
AcDbCircle
 10
39.243078486156946
 20
5.588011176022292
 30
0.0
 40
0.45883962735667416
0
HATCH
5
49d
100
AcDbEntity
8
BottomSolderMaskLayer
100
AcDbHatch
10
0
20
0
30
0
210
0
220
0
230
1
2
SOLID
70
1
71
0
91
1
92
7
72
0
73
1
93
4
10
38.43027686055348
20
6.400812801625534
10
40.055880111760416
20
6.400812801625534
10
40.055880111760416
20
4.775209550419163
10
38.43027686055348
20
4.775209550419163
97
1
330

75
0
76
1
47
0.4128176842155181
98
1
10
34.90568961886538
20
22.81183545379326
450
0
451
0
460
0
461
0
452
1
462
1
453
2
463
0
63
5
421
255
463
1
63
7
421
16777215
470
LINEAR
1001
ACAD
1010
0
1020
0
1030
0
  0
CIRCLE
  5
49e
330
1F
100
AcDbEntity
  8
Multi-Layer
100
AcDbCircle
 10
39.243078486156946
 20
5.588011176022292
 30
0.0
 40
0.4445008890017781
0
HATCH
5
4a0
100
AcDbEntity
8
Multi-Layer
100
AcDbHatch
10
0
20
0
30
0
210
0
220
0
230
1
2
SOLID
70
1
71
0
91
1
92
7
72
0
73
1
93
4
10
38.45567691135375
20
6.37541275082549
10
40.030480060960144
20
6.37541275082549
10
40.030480060960144
20
4.800609601219207
10
38.45567691135375
20
4.800609601219207
97
1
330

75
0
76
1
47
0.4128176842155181
98
1
10
34.90568961886538
20
22.81183545379326
450
0
451
0
460
0
461
0
452
1
462
1
453
2
463
0
63
5
421
255
463
1
63
7
421
16777215
470
LINEAR
1001
ACAD
1010
0
1020
0
1030
0
  0
CIRCLE
  5
50a
330
1F
100
AcDbEntity
  8
TopSolderMaskLayer
100
AcDbCircle
 10
7.112014224028371
 20
59.563119126238234
 30
0.0
 40
0.36976901193945755
0
HATCH
5
510
100
AcDbEntity
8
TopSolderMaskLayer
100
AcDbHatch
10
0
20
0
30
0
210
0
220
0
230
1
2
SOLID
70
1
71
0
91
1
92
7
72
1
73
1
93
4
10
7.587414274828473
20
59.92423164846332
42
-0.7853981633974483
10
6.63661417322827
20
59.92423164846332
42
0
10
6.63661417322827
20
59.20200660401326
42
-0.7853981633974483
10
7.587414274828473
20
59.20200660401326
42
0
97
1
330

75
0
76
1
47
0.4128176842155181
98
1
10
34.90568961886538
20
22.81183545379326
450
0
451
0
460
0
461
0
452
1
462
1
453
2
463
0
63
5
421
255
463
1
63
7
421
16777215
470
LINEAR
1001
ACAD
1010
0
1020
0
1030
0
  0
CIRCLE
  5
511
330
1F
100
AcDbEntity
  8
BottomSolderMaskLayer
100
AcDbCircle
 10
7.112014224028371
 20
59.563119126238234
 30
0.0
 40
0.36976901193945755
0
HATCH
5
517
100
AcDbEntity
8
BottomSolderMaskLayer
100
AcDbHatch
10
0
20
0
30
0
210
0
220
0
230
1
2
SOLID
70
1
71
0
91
1
92
7
72
1
73
1
93
4
10
7.587414274828473
20
59.92423164846332
42
-0.7853981633974483
10
6.63661417322827
20
59.92423164846332
42
0
10
6.63661417322827
20
59.20200660401326
42
-0.7853981633974483
10
7.587414274828473
20
59.20200660401326
42
0
97
1
330

75
0
76
1
47
0.4128176842155181
98
1
10
34.90568961886538
20
22.81183545379326
450
0
451
0
460
0
461
0
452
1
462
1
453
2
463
0
63
5
421
255
463
1
63
7
421
16777215
470
LINEAR
1001
ACAD
1010
0
1020
0
1030
0
  0
CIRCLE
  5
518
330
1F
100
AcDbEntity
  8
Multi-Layer
100
AcDbCircle
 10
7.112014224028371
 20
59.563119126238234
 30
0.0
 40
0.3500127000254001
0
HATCH
5
51e
100
AcDbEntity
8
Multi-Layer
100
AcDbHatch
10
0
20
0
30
0
210
0
220
0
230
1
2
SOLID
70
1
71
0
91
1
92
7
72
1
73
1
93
4
10
7.562014224028371
20
59.91311912623826
42
-0.7853981633974483
10
6.662014224028371
20
59.91311912623826
42
0
10
6.662014224028371
20
59.21311912623821
42
-0.7853981633974483
10
7.562014224028371
20
59.21311912623821
42
0
97
1
330

75
0
76
1
47
0.4128176842155181
98
1
10
34.90568961886538
20
22.81183545379326
450
0
451
0
460
0
461
0
452
1
462
1
453
2
463
0
63
5
421
255
463
1
63
7
421
16777215
470
LINEAR
1001
ACAD
1010
0
1020
0
1030
0
  0
CIRCLE
  5
51f
330
1F
100
AcDbEntity
  8
TopSolderMaskLayer
100
AcDbCircle
 10
5.842011684023419
 20
59.563119126238234
 30
0.0
 40
0.36976901193945755
0
HATCH
5
525
100
AcDbEntity
8
TopSolderMaskLayer
100
AcDbHatch
10
0
20
0
30
0
210
0
220
0
230
1
2
SOLID
70
1
71
0
91
1
92
7
72
1
73
1
93
4
10
6.31741173482352
20
59.92423164846332
42
-0.7853981633974483
10
5.366611633223317
20
59.92423164846332
42
0
10
5.366611633223317
20
59.20200660401326
42
-0.7853981633974483
10
6.31741173482352
20
59.20200660401326
42
0
97
1
330

75
0
76
1
47
0.4128176842155181
98
1
10
34.90568961886538
20
22.81183545379326
450
0
451
0
460
0
461
0
452
1
462
1
453
2
463
0
63
5
421
255
463
1
63
7
421
16777215
470
LINEAR
1001
ACAD
1010
0
1020
0
1030
0
  0
CIRCLE
  5
526
330
1F
100
AcDbEntity
  8
BottomSolderMaskLayer
100
AcDbCircle
 10
5.842011684023419
 20
59.563119126238234
 30
0.0
 40
0.36976901193945755
0
HATCH
5
52c
100
AcDbEntity
8
BottomSolderMaskLayer
100
AcDbHatch
10
0
20
0
30
0
210
0
220
0
230
1
2
SOLID
70
1
71
0
91
1
92
7
72
1
73
1
93
4
10
6.31741173482352
20
59.92423164846332
42
-0.7853981633974483
10
5.366611633223317
20
59.92423164846332
42
0
10
5.366611633223317
20
59.20200660401326
42
-0.7853981633974483
10
6.31741173482352
20
59.20200660401326
42
0
97
1
330

75
0
76
1
47
0.4128176842155181
98
1
10
34.90568961886538
20
22.81183545379326
450
0
451
0
460
0
461
0
452
1
462
1
453
2
463
0
63
5
421
255
463
1
63
7
421
16777215
470
LINEAR
1001
ACAD
1010
0
1020
0
1030
0
  0
CIRCLE
  5
52d
330
1F
100
AcDbEntity
  8
Multi-Layer
100
AcDbCircle
 10
5.842011684023419
 20
59.563119126238234
 30
0.0
 40
0.3500127000254001
0
HATCH
5
533
100
AcDbEntity
8
Multi-Layer
100
AcDbHatch
10
0
20
0
30
0
210
0
220
0
230
1
2
SOLID
70
1
71
0
91
1
92
7
72
1
73
1
93
4
10
6.292011684023419
20
59.91311912623826
42
-0.7853981633974483
10
5.3920116840234185
20
59.91311912623826
42
0
10
5.3920116840234185
20
59.21311912623821
42
-0.7853981633974483
10
6.292011684023419
20
59.21311912623821
42
0
97
1
330

75
0
76
1
47
0.4128176842155181
98
1
10
34.90568961886538
20
22.81183545379326
450
0
451
0
460
0
461
0
452
1
462
1
453
2
463
0
63
5
421
255
463
1
63
7
421
16777215
470
LINEAR
1001
ACAD
1010
0
1020
0
1030
0
  0
CIRCLE
  5
534
330
1F
100
AcDbEntity
  8
TopSolderMaskLayer
100
AcDbCircle
 10
4.572009144018239
 20
59.563119126238234
 30
0.0
 40
0.36976901193945755
0
HATCH
5
536
100
AcDbEntity
8
TopSolderMaskLayer
100
AcDbHatch
10
0
20
0
30
0
210
0
220
0
230
1
2
SOLID
70
1
71
0
91
1
92
7
72
0
73
1
93
4
10
4.096622510091038
20
60.38851917703835
10
5.04742261169099
20
60.38851917703835
10
5.04742261169099
20
58.73771907543812
10
4.096622510091038
20
58.73771907543812
97
1
330

75
0
76
1
47
0.4128176842155181
98
1
10
34.90568961886538
20
22.81183545379326
450
0
451
0
460
0
461
0
452
1
462
1
453
2
463
0
63
5
421
255
463
1
63
7
421
16777215
470
LINEAR
1001
ACAD
1010
0
1020
0
1030
0
  0
CIRCLE
  5
537
330
1F
100
AcDbEntity
  8
BottomSolderMaskLayer
100
AcDbCircle
 10
4.572009144018239
 20
59.563119126238234
 30
0.0
 40
0.36976901193945755
0
HATCH
5
539
100
AcDbEntity
8
BottomSolderMaskLayer
100
AcDbHatch
10
0
20
0
30
0
210
0
220
0
230
1
2
SOLID
70
1
71
0
91
1
92
7
72
0
73
1
93
4
10
4.096622510091038
20
60.38851917703835
10
5.04742261169099
20
60.38851917703835
10
5.04742261169099
20
58.73771907543812
10
4.096622510091038
20
58.73771907543812
97
1
330

75
0
76
1
47
0.4128176842155181
98
1
10
34.90568961886538
20
22.81183545379326
450
0
451
0
460
0
461
0
452
1
462
1
453
2
463
0
63
5
421
255
463
1
63
7
421
16777215
470
LINEAR
1001
ACAD
1010
0
1020
0
1030
0
  0
CIRCLE
  5
53a
330
1F
100
AcDbEntity
  8
Multi-Layer
100
AcDbCircle
 10
4.572009144018239
 20
59.563119126238234
 30
0.0
 40
0.3500127000254001
0
HATCH
5
53c
100
AcDbEntity
8
Multi-Layer
100
AcDbHatch
10
0
20
0
30
0
210
0
220
0
230
1
2
SOLID
70
1
71
0
91
1
92
7
72
0
73
1
93
4
10
4.122021844043729
20
60.3631191262383
10
5.022021844043593
20
60.3631191262383
10
5.022021844043593
20
58.763119126238166
10
4.122021844043729
20
58.763119126238166
97
1
330

75
0
76
1
47
0.4128176842155181
98
1
10
34.90568961886538
20
22.81183545379326
450
0
451
0
460
0
461
0
452
1
462
1
453
2
463
0
63
5
421
255
463
1
63
7
421
16777215
470
LINEAR
1001
ACAD
1010
0
1020
0
1030
0
  0
CIRCLE
  5
53d
330
1F
100
AcDbEntity
  8
TopSolderMaskLayer
100
AcDbCircle
 10
5.461010922021842
 20
40.005080010159986
 30
0.0
 40
0.41754695274096437
0
HATCH
5
53f
100
AcDbEntity
8
TopSolderMaskLayer
100
AcDbHatch
10
0
20
0
30
0
210
0
220
0
230
1
2
SOLID
70
1
71
0
91
1
92
7
72
0
73
1
93
4
10
6.591313182626436
20
39.35483870967744
10
4.330708661417475
20
39.35483870967744
10
4.330708661417475
20
40.65532131064265
10
6.591313182626436
20
40.65532131064265
97
1
330

75
0
76
1
47
0.4128176842155181
98
1
10
34.90568961886538
20
22.81183545379326
450
0
451
0
460
0
461
0
452
1
462
1
453
2
463
0
63
5
421
255
463
1
63
7
421
16777215
470
LINEAR
1001
ACAD
1010
0
1020
0
1030
0
  0
CIRCLE
  5
540
330
1F
100
AcDbEntity
  8
BottomSolderMaskLayer
100
AcDbCircle
 10
5.461010922021842
 20
40.005080010159986
 30
0.0
 40
0.41754695274096437
0
HATCH
5
542
100
AcDbEntity
8
BottomSolderMaskLayer
100
AcDbHatch
10
0
20
0
30
0
210
0
220
0
230
1
2
SOLID
70
1
71
0
91
1
92
7
72
0
73
1
93
4
10
6.591313182626436
20
39.35483870967744
10
4.330708661417475
20
39.35483870967744
10
4.330708661417475
20
40.65532131064265
10
6.591313182626436
20
40.65532131064265
97
1
330

75
0
76
1
47
0.4128176842155181
98
1
10
34.90568961886538
20
22.81183545379326
450
0
451
0
460
0
461
0
452
1
462
1
453
2
463
0
63
5
421
255
463
1
63
7
421
16777215
470
LINEAR
1001
ACAD
1010
0
1020
0
1030
0
  0
CIRCLE
  5
543
330
1F
100
AcDbEntity
  8
Multi-Layer
100
AcDbCircle
 10
5.461010922021842
 20
40.005080010159986
 30
0.0
 40
0.3987807975615952
0
HATCH
5
545
100
AcDbEntity
8
Multi-Layer
100
AcDbHatch
10
0
20
0
30
0
210
0
220
0
230
1
2
SOLID
70
1
71
0
91
1
92
7
72
0
73
1
93
4
10
6.54051308102612
20
39.40563881127764
10
4.381508763017564
20
39.40563881127764
10
4.381508763017564
20
40.604521209042446
10
6.54051308102612
20
40.604521209042446
97
1
330

75
0
76
1
47
0.4128176842155181
98
1
10
34.90568961886538
20
22.81183545379326
450
0
451
0
460
0
461
0
452
1
462
1
453
2
463
0
63
5
421
255
463
1
63
7
421
16777215
470
LINEAR
1001
ACAD
1010
0
1020
0
1030
0
  0
CIRCLE
  5
546
330
1F
100
AcDbEntity
  8
TopSolderMaskLayer
100
AcDbCircle
 10
5.461010922021842
 20
42.54508509017023
 30
0.0
 40
0.41754695274096437
0
HATCH
5
548
100
AcDbEntity
8
TopSolderMaskLayer
100
AcDbHatch
10
0
20
0
30
0
210
0
220
0
230
1
2
SOLID
70
1
71
0
91
1
92
7
72
0
73
1
93
4
10
6.591313182626436
20
41.89484378968757
10
4.330708661417475
20
41.89484378968757
10
4.330708661417475
20
43.19532639065278
10
6.591313182626436
20
43.19532639065278
97
1
330

75
0
76
1
47
0.4128176842155181
98
1
10
34.90568961886538
20
22.81183545379326
450
0
451
0
460
0
461
0
452
1
462
1
453
2
463
0
63
5
421
255
463
1
63
7
421
16777215
470
LINEAR
1001
ACAD
1010
0
1020
0
1030
0
  0
CIRCLE
  5
549
330
1F
100
AcDbEntity
  8
BottomSolderMaskLayer
100
AcDbCircle
 10
5.461010922021842
 20
42.54508509017023
 30
0.0
 40
0.41754695274096437
0
HATCH
5
54b
100
AcDbEntity
8
BottomSolderMaskLayer
100
AcDbHatch
10
0
20
0
30
0
210
0
220
0
230
1
2
SOLID
70
1
71
0
91
1
92
7
72
0
73
1
93
4
10
6.591313182626436
20
41.89484378968757
10
4.330708661417475
20
41.89484378968757
10
4.330708661417475
20
43.19532639065278
10
6.591313182626436
20
43.19532639065278
97
1
330

75
0
76
1
47
0.4128176842155181
98
1
10
34.90568961886538
20
22.81183545379326
450
0
451
0
460
0
461
0
452
1
462
1
453
2
463
0
63
5
421
255
463
1
63
7
421
16777215
470
LINEAR
1001
ACAD
1010
0
1020
0
1030
0
  0
CIRCLE
  5
54c
330
1F
100
AcDbEntity
  8
Multi-Layer
100
AcDbCircle
 10
5.461010922021842
 20
42.54508509017023
 30
0.0
 40
0.3987807975615952
0
HATCH
5
54e
100
AcDbEntity
8
Multi-Layer
100
AcDbHatch
10
0
20
0
30
0
210
0
220
0
230
1
2
SOLID
70
1
71
0
91
1
92
7
72
0
73
1
93
4
10
6.54051308102612
20
41.94564389128777
10
4.381508763017564
20
41.94564389128777
10
4.381508763017564
20
43.14452628905258
10
6.54051308102612
20
43.14452628905258
97
1
330

75
0
76
1
47
0.4128176842155181
98
1
10
34.90568961886538
20
22.81183545379326
450
0
451
0
460
0
461
0
452
1
462
1
453
2
463
0
63
5
421
255
463
1
63
7
421
16777215
470
LINEAR
1001
ACAD
1010
0
1020
0
1030
0
  0
CIRCLE
  5
54f
330
1F
100
AcDbEntity
  8
TopSolderMaskLayer
100
AcDbCircle
 10
5.461010922021842
 20
45.085090170180365
 30
0.0
 40
0.41754695274096437
0
HATCH
5
551
100
AcDbEntity
8
TopSolderMaskLayer
100
AcDbHatch
10
0
20
0
30
0
210
0
220
0
230
1
2
SOLID
70
1
71
0
91
1
92
7
72
0
73
1
93
4
10
6.591313182626436
20
44.4348488696977
10
4.330708661417475
20
44.4348488696977
10
4.330708661417475
20
45.73533147066291
10
6.591313182626436
20
45.73533147066291
97
1
330

75
0
76
1
47
0.4128176842155181
98
1
10
34.90568961886538
20
22.81183545379326
450
0
451
0
460
0
461
0
452
1
462
1
453
2
463
0
63
5
421
255
463
1
63
7
421
16777215
470
LINEAR
1001
ACAD
1010
0
1020
0
1030
0
  0
CIRCLE
  5
552
330
1F
100
AcDbEntity
  8
BottomSolderMaskLayer
100
AcDbCircle
 10
5.461010922021842
 20
45.085090170180365
 30
0.0
 40
0.41754695274096437
0
HATCH
5
554
100
AcDbEntity
8
BottomSolderMaskLayer
100
AcDbHatch
10
0
20
0
30
0
210
0
220
0
230
1
2
SOLID
70
1
71
0
91
1
92
7
72
0
73
1
93
4
10
6.591313182626436
20
44.4348488696977
10
4.330708661417475
20
44.4348488696977
10
4.330708661417475
20
45.73533147066291
10
6.591313182626436
20
45.73533147066291
97
1
330

75
0
76
1
47
0.4128176842155181
98
1
10
34.90568961886538
20
22.81183545379326
450
0
451
0
460
0
461
0
452
1
462
1
453
2
463
0
63
5
421
255
463
1
63
7
421
16777215
470
LINEAR
1001
ACAD
1010
0
1020
0
1030
0
  0
CIRCLE
  5
555
330
1F
100
AcDbEntity
  8
Multi-Layer
100
AcDbCircle
 10
5.461010922021842
 20
45.085090170180365
 30
0.0
 40
0.3987807975615952
0
HATCH
5
557
100
AcDbEntity
8
Multi-Layer
100
AcDbHatch
10
0
20
0
30
0
210
0
220
0
230
1
2
SOLID
70
1
71
0
91
1
92
7
72
0
73
1
93
4
10
6.54051308102612
20
44.485648971297906
10
4.381508763017564
20
44.485648971297906
10
4.381508763017564
20
45.684531369062825
10
6.54051308102612
20
45.684531369062825
97
1
330

75
0
76
1
47
0.4128176842155181
98
1
10
34.90568961886538
20
22.81183545379326
450
0
451
0
460
0
461
0
452
1
462
1
453
2
463
0
63
5
421
255
463
1
63
7
421
16777215
470
LINEAR
1001
ACAD
1010
0
1020
0
1030
0
  0
CIRCLE
  5
558
330
1F
100
AcDbEntity
  8
TopSolderMaskLayer
100
AcDbCircle
 10
5.461010922021842
 20
47.6250952501905
 30
0.0
 40
0.41754695274096437
0
HATCH
5
55a
100
AcDbEntity
8
TopSolderMaskLayer
100
AcDbHatch
10
0
20
0
30
0
210
0
220
0
230
1
2
SOLID
70
1
71
0
91
1
92
7
72
0
73
1
93
4
10
6.591313182626436
20
46.97485394970795
10
4.330708661417475
20
46.97485394970795
10
4.330708661417475
20
48.275336550673046
10
6.591313182626436
20
48.275336550673046
97
1
330

75
0
76
1
47
0.4128176842155181
98
1
10
34.90568961886538
20
22.81183545379326
450
0
451
0
460
0
461
0
452
1
462
1
453
2
463
0
63
5
421
255
463
1
63
7
421
16777215
470
LINEAR
1001
ACAD
1010
0
1020
0
1030
0
  0
CIRCLE
  5
55b
330
1F
100
AcDbEntity
  8
BottomSolderMaskLayer
100
AcDbCircle
 10
5.461010922021842
 20
47.6250952501905
 30
0.0
 40
0.41754695274096437
0
HATCH
5
55d
100
AcDbEntity
8
BottomSolderMaskLayer
100
AcDbHatch
10
0
20
0
30
0
210
0
220
0
230
1
2
SOLID
70
1
71
0
91
1
92
7
72
0
73
1
93
4
10
6.591313182626436
20
46.97485394970795
10
4.330708661417475
20
46.97485394970795
10
4.330708661417475
20
48.275336550673046
10
6.591313182626436
20
48.275336550673046
97
1
330

75
0
76
1
47
0.4128176842155181
98
1
10
34.90568961886538
20
22.81183545379326
450
0
451
0
460
0
461
0
452
1
462
1
453
2
463
0
63
5
421
255
463
1
63
7
421
16777215
470
LINEAR
1001
ACAD
1010
0
1020
0
1030
0
  0
CIRCLE
  5
55e
330
1F
100
AcDbEntity
  8
Multi-Layer
100
AcDbCircle
 10
5.461010922021842
 20
47.6250952501905
 30
0.0
 40
0.3987807975615952
0
HATCH
5
560
100
AcDbEntity
8
Multi-Layer
100
AcDbHatch
10
0
20
0
30
0
210
0
220
0
230
1
2
SOLID
70
1
71
0
91
1
92
7
72
0
73
1
93
4
10
6.54051308102612
20
47.02565405130804
10
4.381508763017564
20
47.02565405130804
10
4.381508763017564
20
48.22453644907296
10
6.54051308102612
20
48.22453644907296
97
1
330

75
0
76
1
47
0.4128176842155181
98
1
10
34.90568961886538
20
22.81183545379326
450
0
451
0
460
0
461
0
452
1
462
1
453
2
463
0
63
5
421
255
463
1
63
7
421
16777215
470
LINEAR
1001
ACAD
1010
0
1020
0
1030
0
  0
CIRCLE
  5
561
330
1F
100
AcDbEntity
  8
TopSolderMaskLayer
100
AcDbCircle
 10
64.69669799339613
 20
51.053594107188246
 30
0.0
 40
0.5149412063530009
0
HATCH
5
563
100
AcDbEntity
8
TopSolderMaskLayer
100
AcDbHatch
10
0
20
0
30
0
210
0
220
0
230
1
2
SOLID
70
1
71
0
91
1
92
7
72
0
73
1
93
4
10
65.57211036471404
20
50.17820713592096
10
63.82131026311367
20
50.17820713592096
10
63.82131026311367
20
51.92900723752109
10
65.57211036471404
20
51.92900723752109
97
1
330

75
0
76
1
47
0.4128176842155181
98
1
10
34.90568961886538
20
22.81183545379326
450
0
451
0
460
0
461
0
452
1
462
1
453
2
463
0
63
5
421
255
463
1
63
7
421
16777215
470
LINEAR
1001
ACAD
1010
0
1020
0
1030
0
  0
CIRCLE
  5
564
330
1F
100
AcDbEntity
  8
BottomSolderMaskLayer
100
AcDbCircle
 10
64.69669799339613
 20
51.053594107188246
 30
0.0
 40
0.5149412063530009
0
HATCH
5
566
100
AcDbEntity
8
BottomSolderMaskLayer
100
AcDbHatch
10
0
20
0
30
0
210
0
220
0
230
1
2
SOLID
70
1
71
0
91
1
92
7
72
0
73
1
93
4
10
65.57211036471404
20
50.17820713592096
10
63.82131026311367
20
50.17820713592096
10
63.82131026311367
20
51.92900723752109
10
65.57211036471404
20
51.92900723752109
97
1
330

75
0
76
1
47
0.4128176842155181
98
1
10
34.90568961886538
20
22.81183545379326
450
0
451
0
460
0
461
0
452
1
462
1
453
2
463
0
63
5
421
255
463
1
63
7
421
16777215
470
LINEAR
1001
ACAD
1010
0
1020
0
1030
0
  0
CIRCLE
  5
567
330
1F
100
AcDbEntity
  8
Multi-Layer
100
AcDbCircle
 10
64.69669799339613
 20
51.053594107188246
 30
0.0
 40
0.5
0
HATCH
5
569
100
AcDbEntity
8
Multi-Layer
100
AcDbHatch
10
0
20
0
30
0
210
0
220
0
230
1
2
SOLID
70
1
71
0
91
1
92
7
72
0
73
1
93
4
10
65.54671069342135
20
50.203606807213646
10
63.8467106934213
20
50.203606807213646
10
63.8467106934213
20
51.90360680721369
10
65.54671069342135
20
51.90360680721369
97
1
330

75
0
76
1
47
0.4128176842155181
98
1
10
34.90568961886538
20
22.81183545379326
450
0
451
0
460
0
461
0
452
1
462
1
453
2
463
0
63
5
421
255
463
1
63
7
421
16777215
470
LINEAR
1001
ACAD
1010
0
1020
0
1030
0
  0
CIRCLE
  5
5f1
330
1F
100
AcDbEntity
  8
TopSolderMaskLayer
100
AcDbCircle
 10
64.69669799339613
 20
27.6855473710948
 30
0.0
 40
0.5149412063530009
0
HATCH
5
5f3
100
AcDbEntity
8
TopSolderMaskLayer
100
AcDbHatch
10
0
20
0
30
0
210
0
220
0
230
1
2
SOLID
70
1
71
0
91
1
92
7
72
0
73
1
93
4
10
65.57211036471404
20
26.81016039982751
10
63.82131026311367
20
26.81016039982751
10
63.82131026311367
20
28.560960501427644
10
65.57211036471404
20
28.560960501427644
97
1
330

75
0
76
1
47
0.4128176842155181
98
1
10
34.90568961886538
20
22.81183545379326
450
0
451
0
460
0
461
0
452
1
462
1
453
2
463
0
63
5
421
255
463
1
63
7
421
16777215
470
LINEAR
1001
ACAD
1010
0
1020
0
1030
0
  0
CIRCLE
  5
5f4
330
1F
100
AcDbEntity
  8
BottomSolderMaskLayer
100
AcDbCircle
 10
64.69669799339613
 20
27.6855473710948
 30
0.0
 40
0.5149412063530009
0
HATCH
5
5f6
100
AcDbEntity
8
BottomSolderMaskLayer
100
AcDbHatch
10
0
20
0
30
0
210
0
220
0
230
1
2
SOLID
70
1
71
0
91
1
92
7
72
0
73
1
93
4
10
65.57211036471404
20
26.81016039982751
10
63.82131026311367
20
26.81016039982751
10
63.82131026311367
20
28.560960501427644
10
65.57211036471404
20
28.560960501427644
97
1
330

75
0
76
1
47
0.4128176842155181
98
1
10
34.90568961886538
20
22.81183545379326
450
0
451
0
460
0
461
0
452
1
462
1
453
2
463
0
63
5
421
255
463
1
63
7
421
16777215
470
LINEAR
1001
ACAD
1010
0
1020
0
1030
0
  0
CIRCLE
  5
5f7
330
1F
100
AcDbEntity
  8
Multi-Layer
100
AcDbCircle
 10
64.69669799339613
 20
27.6855473710948
 30
0.0
 40
0.5
0
HATCH
5
5f9
100
AcDbEntity
8
Multi-Layer
100
AcDbHatch
10
0
20
0
30
0
210
0
220
0
230
1
2
SOLID
70
1
71
0
91
1
92
7
72
0
73
1
93
4
10
65.54671069342135
20
26.8355600711202
10
63.8467106934213
20
26.8355600711202
10
63.8467106934213
20
28.53556007112013
10
65.54671069342135
20
28.53556007112013
97
1
330

75
0
76
1
47
0.4128176842155181
98
1
10
34.90568961886538
20
22.81183545379326
450
0
451
0
460
0
461
0
452
1
462
1
453
2
463
0
63
5
421
255
463
1
63
7
421
16777215
470
LINEAR
1001
ACAD
1010
0
1020
0
1030
0
  0
CIRCLE
  5
774
330
1F
100
AcDbEntity
  8
TopSolderMaskLayer
100
AcDbCircle
 10
38.60807721615447
 20
79.62915925831851
 30
0.0
 40
0.45883962735667416
0
HATCH
5
776
100
AcDbEntity
8
TopSolderMaskLayer
100
AcDbHatch
10
0
20
0
30
0
210
0
220
0
230
1
2
SOLID
70
1
71
0
91
1
92
7
72
0
73
1
93
4
10
37.795275590551
20
80.44196088392175
10
39.42087884175794
20
80.44196088392175
10
39.42087884175794
20
78.81635763271527
10
37.795275590551
20
78.81635763271527
97
1
330

75
0
76
1
47
0.4128176842155181
98
1
10
34.90568961886538
20
22.81183545379326
450
0
451
0
460
0
461
0
452
1
462
1
453
2
463
0
63
5
421
255
463
1
63
7
421
16777215
470
LINEAR
1001
ACAD
1010
0
1020
0
1030
0
  0
CIRCLE
  5
777
330
1F
100
AcDbEntity
  8
BottomSolderMaskLayer
100
AcDbCircle
 10
38.60807721615447
 20
79.62915925831851
 30
0.0
 40
0.45883962735667416
0
HATCH
5
779
100
AcDbEntity
8
BottomSolderMaskLayer
100
AcDbHatch
10
0
20
0
30
0
210
0
220
0
230
1
2
SOLID
70
1
71
0
91
1
92
7
72
0
73
1
93
4
10
37.795275590551
20
80.44196088392175
10
39.42087884175794
20
80.44196088392175
10
39.42087884175794
20
78.81635763271527
10
37.795275590551
20
78.81635763271527
97
1
330

75
0
76
1
47
0.4128176842155181
98
1
10
34.90568961886538
20
22.81183545379326
450
0
451
0
460
0
461
0
452
1
462
1
453
2
463
0
63
5
421
255
463
1
63
7
421
16777215
470
LINEAR
1001
ACAD
1010
0
1020
0
1030
0
  0
CIRCLE
  5
77a
330
1F
100
AcDbEntity
  8
Multi-Layer
100
AcDbCircle
 10
38.60807721615447
 20
79.62915925831851
 30
0.0
 40
0.4445008890017781
0
HATCH
5
77c
100
AcDbEntity
8
Multi-Layer
100
AcDbHatch
10
0
20
0
30
0
210
0
220
0
230
1
2
SOLID
70
1
71
0
91
1
92
7
72
0
73
1
93
4
10
37.82067564135127
20
80.4165608331216
10
39.39547879095767
20
80.4165608331216
10
39.39547879095767
20
78.84175768351543
10
37.82067564135127
20
78.84175768351543
97
1
330

75
0
76
1
47
0.4128176842155181
98
1
10
34.90568961886538
20
22.81183545379326
450
0
451
0
460
0
461
0
452
1
462
1
453
2
463
0
63
5
421
255
463
1
63
7
421
16777215
470
LINEAR
1001
ACAD
1010
0
1020
0
1030
0
 0
ARC
  5
88d
330
1F
100
AcDbEntity
  8
TopSolderMaskLayer
100
AcDbCircle
 10
34.16044365422067
 20
24.892049784099527
 30
0.0
 40
0.5249343832020998
100
AcDbArc
 50
90
 51
270
 0
ARC
  5
88e
330
1F
100
AcDbEntity
  8
TopSolderMaskLayer
100
AcDbCircle
 10
34.16569299805269
 20
24.892049784099527
 30
0.0
 40
0.5249343832020998
100
AcDbArc
 50
270
 51
90
 0
LWPOLYLINE
  5
88f
330
1F
100
AcDbEntity
  8
TopSolderMaskLayer
100
AcDbPolyline
 90
1
 70
 1
 43
0
 10
34.16569299805269
 20
25.416984167301628
 10
34.16044365422067
 20
25.416984167301628
 0
LWPOLYLINE
  5
890
330
1F
100
AcDbEntity
  8
TopSolderMaskLayer
100
AcDbPolyline
 90
1
 70
 1
 43
0
 10
34.16569299805269
 20
24.367115400897426
 10
34.16044365422067
 20
24.367115400897426
0
HATCH
5
891
100
AcDbEntity
8
TopSolderMaskLayer
100
AcDbHatch
10
0
20
0
30
0
210
0
220
0
230
1
2
SOLID
70
1
71
0
91
1
92
7
72
0
73
1
93
4
10
33.37566675133348
20
25.679451358902725
10
34.95046990093988
20
25.679451358902725
10
34.95046990093988
20
24.104648209296442
10
33.37566675133348
20
24.104648209296442
97
1
330

75
0
76
1
47
0.4128176842155181
98
1
10
34.90568961886538
20
22.81183545379326
450
0
451
0
460
0
461
0
452
1
462
1
453
2
463
0
63
5
421
255
463
1
63
7
421
16777215
470
LINEAR
1001
ACAD
1010
0
1020
0
1030
0
 0
ARC
  5
894
330
1F
100
AcDbEntity
  8
BottomSolderMaskLayer
100
AcDbCircle
 10
34.16044365422067
 20
24.892049784099527
 30
0.0
 40
0.5249343832020998
100
AcDbArc
 50
90
 51
270
 0
ARC
  5
895
330
1F
100
AcDbEntity
  8
BottomSolderMaskLayer
100
AcDbCircle
 10
34.16569299805269
 20
24.892049784099527
 30
0.0
 40
0.5249343832020998
100
AcDbArc
 50
270
 51
90
 0
LWPOLYLINE
  5
896
330
1F
100
AcDbEntity
  8
BottomSolderMaskLayer
100
AcDbPolyline
 90
1
 70
 1
 43
0
 10
34.16569299805269
 20
25.416984167301628
 10
34.16044365422067
 20
25.416984167301628
 0
LWPOLYLINE
  5
897
330
1F
100
AcDbEntity
  8
BottomSolderMaskLayer
100
AcDbPolyline
 90
1
 70
 1
 43
0
 10
34.16569299805269
 20
24.367115400897426
 10
34.16044365422067
 20
24.367115400897426
0
HATCH
5
898
100
AcDbEntity
8
BottomSolderMaskLayer
100
AcDbHatch
10
0
20
0
30
0
210
0
220
0
230
1
2
SOLID
70
1
71
0
91
1
92
7
72
0
73
1
93
4
10
33.37566675133348
20
25.679451358902725
10
34.95046990093988
20
25.679451358902725
10
34.95046990093988
20
24.104648209296442
10
33.37566675133348
20
24.104648209296442
97
1
330

75
0
76
1
47
0.4128176842155181
98
1
10
34.90568961886538
20
22.81183545379326
450
0
451
0
460
0
461
0
452
1
462
1
453
2
463
0
63
5
421
255
463
1
63
7
421
16777215
470
LINEAR
1001
ACAD
1010
0
1020
0
1030
0
 0
ARC
  5
89b
330
1F
100
AcDbEntity
  8
Multi-Layer
100
AcDbCircle
 10
34.16052832105652
 20
24.892049784099527
 30
0.0
 40
0.5080010160020321
100
AcDbArc
 50
90
 51
270
 0
ARC
  5
89c
330
1F
100
AcDbEntity
  8
Multi-Layer
100
AcDbCircle
 10
34.165608331216845
 20
24.892049784099527
 30
0.0
 40
0.5080010160020321
100
AcDbArc
 50
270
 51
90
 0
LWPOLYLINE
  5
89d
330
1F
100
AcDbEntity
  8
Multi-Layer
100
AcDbPolyline
 90
1
 70
 1
 43
0
 10
34.165608331216845
 20
25.40005080010156
 10
34.16052832105652
 20
25.40005080010156
 0
LWPOLYLINE
  5
89e
330
1F
100
AcDbEntity
  8
Multi-Layer
100
AcDbPolyline
 90
1
 70
 1
 43
0
 10
34.165608331216845
 20
24.384048768097493
 10
34.16052832105652
 20
24.384048768097493
0
HATCH
5
89f
100
AcDbEntity
8
Multi-Layer
100
AcDbHatch
10
0
20
0
30
0
210
0
220
0
230
1
2
SOLID
70
1
71
0
91
1
92
7
72
0
73
1
93
4
10
33.40106680213353
20
25.654051308102567
10
34.925069850139835
20
25.654051308102567
10
34.925069850139835
20
24.130048260096487
10
33.40106680213353
20
24.130048260096487
97
1
330

75
0
76
1
47
0.4128176842155181
98
1
10
34.90568961886538
20
22.81183545379326
450
0
451
0
460
0
461
0
452
1
462
1
453
2
463
0
63
5
421
255
463
1
63
7
421
16777215
470
LINEAR
1001
ACAD
1010
0
1020
0
1030
0
 0
ARC
  5
8a2
330
1F
100
AcDbEntity
  8
TopSolderMaskLayer
100
AcDbCircle
 10
36.700448734230804
 20
24.892049784099527
 30
0.0
 40
0.5249343832020998
100
AcDbArc
 50
90
 51
270
 0
ARC
  5
8a3
330
1F
100
AcDbEntity
  8
TopSolderMaskLayer
100
AcDbCircle
 10
36.705698078062824
 20
24.892049784099527
 30
0.0
 40
0.5249343832020998
100
AcDbArc
 50
270
 51
90
 0
LWPOLYLINE
  5
8a4
330
1F
100
AcDbEntity
  8
TopSolderMaskLayer
100
AcDbPolyline
 90
1
 70
 1
 43
0
 10
36.705698078062824
 20
25.416984167301628
 10
36.700448734230804
 20
25.416984167301628
 0
LWPOLYLINE
  5
8a5
330
1F
100
AcDbEntity
  8
TopSolderMaskLayer
100
AcDbPolyline
 90
1
 70
 1
 43
0
 10
36.705698078062824
 20
24.367115400897426
 10
36.700448734230804
 20
24.367115400897426
0
HATCH
5
8a6
100
AcDbEntity
8
TopSolderMaskLayer
100
AcDbHatch
10
0
20
0
30
0
210
0
220
0
230
1
2
SOLID
70
1
71
0
91
1
92
7
72
0
73
1
93
4
10
35.915671831343616
20
25.679451358902725
10
37.49047498095001
20
25.679451358902725
10
37.49047498095001
20
24.104648209296442
10
35.915671831343616
20
24.104648209296442
97
1
330

75
0
76
1
47
0.4128176842155181
98
1
10
34.90568961886538
20
22.81183545379326
450
0
451
0
460
0
461
0
452
1
462
1
453
2
463
0
63
5
421
255
463
1
63
7
421
16777215
470
LINEAR
1001
ACAD
1010
0
1020
0
1030
0
 0
ARC
  5
8a9
330
1F
100
AcDbEntity
  8
BottomSolderMaskLayer
100
AcDbCircle
 10
36.700448734230804
 20
24.892049784099527
 30
0.0
 40
0.5249343832020998
100
AcDbArc
 50
90
 51
270
 0
ARC
  5
8aa
330
1F
100
AcDbEntity
  8
BottomSolderMaskLayer
100
AcDbCircle
 10
36.705698078062824
 20
24.892049784099527
 30
0.0
 40
0.5249343832020998
100
AcDbArc
 50
270
 51
90
 0
LWPOLYLINE
  5
8ab
330
1F
100
AcDbEntity
  8
BottomSolderMaskLayer
100
AcDbPolyline
 90
1
 70
 1
 43
0
 10
36.705698078062824
 20
25.416984167301628
 10
36.700448734230804
 20
25.416984167301628
 0
LWPOLYLINE
  5
8ac
330
1F
100
AcDbEntity
  8
BottomSolderMaskLayer
100
AcDbPolyline
 90
1
 70
 1
 43
0
 10
36.705698078062824
 20
24.367115400897426
 10
36.700448734230804
 20
24.367115400897426
0
HATCH
5
8ad
100
AcDbEntity
8
BottomSolderMaskLayer
100
AcDbHatch
10
0
20
0
30
0
210
0
220
0
230
1
2
SOLID
70
1
71
0
91
1
92
7
72
0
73
1
93
4
10
35.915671831343616
20
25.679451358902725
10
37.49047498095001
20
25.679451358902725
10
37.49047498095001
20
24.104648209296442
10
35.915671831343616
20
24.104648209296442
97
1
330

75
0
76
1
47
0.4128176842155181
98
1
10
34.90568961886538
20
22.81183545379326
450
0
451
0
460
0
461
0
452
1
462
1
453
2
463
0
63
5
421
255
463
1
63
7
421
16777215
470
LINEAR
1001
ACAD
1010
0
1020
0
1030
0
 0
ARC
  5
8b0
330
1F
100
AcDbEntity
  8
Multi-Layer
100
AcDbCircle
 10
36.70053340106688
 20
24.892049784099527
 30
0.0
 40
0.5080010160020321
100
AcDbArc
 50
90
 51
270
 0
ARC
  5
8b1
330
1F
100
AcDbEntity
  8
Multi-Layer
100
AcDbCircle
 10
36.70561341122698
 20
24.892049784099527
 30
0.0
 40
0.5080010160020321
100
AcDbArc
 50
270
 51
90
 0
LWPOLYLINE
  5
8b2
330
1F
100
AcDbEntity
  8
Multi-Layer
100
AcDbPolyline
 90
1
 70
 1
 43
0
 10
36.70561341122698
 20
25.40005080010156
 10
36.70053340106688
 20
25.40005080010156
 0
LWPOLYLINE
  5
8b3
330
1F
100
AcDbEntity
  8
Multi-Layer
100
AcDbPolyline
 90
1
 70
 1
 43
0
 10
36.70561341122698
 20
24.384048768097493
 10
36.70053340106688
 20
24.384048768097493
0
HATCH
5
8b4
100
AcDbEntity
8
Multi-Layer
100
AcDbHatch
10
0
20
0
30
0
210
0
220
0
230
1
2
SOLID
70
1
71
0
91
1
92
7
72
0
73
1
93
4
10
35.94107188214389
20
25.654051308102567
10
37.46507493014997
20
25.654051308102567
10
37.46507493014997
20
24.130048260096487
10
35.94107188214389
20
24.130048260096487
97
1
330

75
0
76
1
47
0.4128176842155181
98
1
10
34.90568961886538
20
22.81183545379326
450
0
451
0
460
0
461
0
452
1
462
1
453
2
463
0
63
5
421
255
463
1
63
7
421
16777215
470
LINEAR
1001
ACAD
1010
0
1020
0
1030
0
 0
ARC
  5
8b7
330
1F
100
AcDbEntity
  8
TopSolderMaskLayer
100
AcDbCircle
 10
39.24045381424094
 20
24.892049784099527
 30
0.0
 40
0.5249343832020998
100
AcDbArc
 50
90
 51
270
 0
ARC
  5
8b8
330
1F
100
AcDbEntity
  8
TopSolderMaskLayer
100
AcDbCircle
 10
39.245703158073184
 20
24.892049784099527
 30
0.0
 40
0.5249343832020998
100
AcDbArc
 50
270
 51
90
 0
LWPOLYLINE
  5
8b9
330
1F
100
AcDbEntity
  8
TopSolderMaskLayer
100
AcDbPolyline
 90
1
 70
 1
 43
0
 10
39.245703158073184
 20
25.416984167301628
 10
39.24045381424094
 20
25.416984167301628
 0
LWPOLYLINE
  5
8ba
330
1F
100
AcDbEntity
  8
TopSolderMaskLayer
100
AcDbPolyline
 90
1
 70
 1
 43
0
 10
39.245703158073184
 20
24.367115400897426
 10
39.24045381424094
 20
24.367115400897426
0
HATCH
5
8bb
100
AcDbEntity
8
TopSolderMaskLayer
100
AcDbHatch
10
0
20
0
30
0
210
0
220
0
230
1
2
SOLID
70
1
71
0
91
1
92
7
72
0
73
1
93
4
10
38.45567691135375
20
25.679451358902725
10
40.030480060960144
20
25.679451358902725
10
40.030480060960144
20
24.104648209296442
10
38.45567691135375
20
24.104648209296442
97
1
330

75
0
76
1
47
0.4128176842155181
98
1
10
34.90568961886538
20
22.81183545379326
450
0
451
0
460
0
461
0
452
1
462
1
453
2
463
0
63
5
421
255
463
1
63
7
421
16777215
470
LINEAR
1001
ACAD
1010
0
1020
0
1030
0
 0
ARC
  5
8be
330
1F
100
AcDbEntity
  8
BottomSolderMaskLayer
100
AcDbCircle
 10
39.24045381424094
 20
24.892049784099527
 30
0.0
 40
0.5249343832020998
100
AcDbArc
 50
90
 51
270
 0
ARC
  5
8bf
330
1F
100
AcDbEntity
  8
BottomSolderMaskLayer
100
AcDbCircle
 10
39.245703158073184
 20
24.892049784099527
 30
0.0
 40
0.5249343832020998
100
AcDbArc
 50
270
 51
90
 0
LWPOLYLINE
  5
8c0
330
1F
100
AcDbEntity
  8
BottomSolderMaskLayer
100
AcDbPolyline
 90
1
 70
 1
 43
0
 10
39.245703158073184
 20
25.416984167301628
 10
39.24045381424094
 20
25.416984167301628
 0
LWPOLYLINE
  5
8c1
330
1F
100
AcDbEntity
  8
BottomSolderMaskLayer
100
AcDbPolyline
 90
1
 70
 1
 43
0
 10
39.245703158073184
 20
24.367115400897426
 10
39.24045381424094
 20
24.367115400897426
0
HATCH
5
8c2
100
AcDbEntity
8
BottomSolderMaskLayer
100
AcDbHatch
10
0
20
0
30
0
210
0
220
0
230
1
2
SOLID
70
1
71
0
91
1
92
7
72
0
73
1
93
4
10
38.45567691135375
20
25.679451358902725
10
40.030480060960144
20
25.679451358902725
10
40.030480060960144
20
24.104648209296442
10
38.45567691135375
20
24.104648209296442
97
1
330

75
0
76
1
47
0.4128176842155181
98
1
10
34.90568961886538
20
22.81183545379326
450
0
451
0
460
0
461
0
452
1
462
1
453
2
463
0
63
5
421
255
463
1
63
7
421
16777215
470
LINEAR
1001
ACAD
1010
0
1020
0
1030
0
 0
ARC
  5
8c5
330
1F
100
AcDbEntity
  8
Multi-Layer
100
AcDbCircle
 10
39.24053848107701
 20
24.892049784099527
 30
0.0
 40
0.5080010160020321
100
AcDbArc
 50
90
 51
270
 0
ARC
  5
8c6
330
1F
100
AcDbEntity
  8
Multi-Layer
100
AcDbCircle
 10
39.24561849123711
 20
24.892049784099527
 30
0.0
 40
0.5080010160020321
100
AcDbArc
 50
270
 51
90
 0
LWPOLYLINE
  5
8c7
330
1F
100
AcDbEntity
  8
Multi-Layer
100
AcDbPolyline
 90
1
 70
 1
 43
0
 10
39.24561849123711
 20
25.40005080010156
 10
39.24053848107701
 20
25.40005080010156
 0
LWPOLYLINE
  5
8c8
330
1F
100
AcDbEntity
  8
Multi-Layer
100
AcDbPolyline
 90
1
 70
 1
 43
0
 10
39.24561849123711
 20
24.384048768097493
 10
39.24053848107701
 20
24.384048768097493
0
HATCH
5
8c9
100
AcDbEntity
8
Multi-Layer
100
AcDbHatch
10
0
20
0
30
0
210
0
220
0
230
1
2
SOLID
70
1
71
0
91
1
92
7
72
0
73
1
93
4
10
38.48107696215402
20
25.654051308102567
10
40.0050800101601
20
25.654051308102567
10
40.0050800101601
20
24.130048260096487
10
38.48107696215402
20
24.130048260096487
97
1
330

75
0
76
1
47
0.4128176842155181
98
1
10
34.90568961886538
20
22.81183545379326
450
0
451
0
460
0
461
0
452
1
462
1
453
2
463
0
63
5
421
255
463
1
63
7
421
16777215
470
LINEAR
1001
ACAD
1010
0
1020
0
1030
0
 0
ARC
  5
8cc
330
1F
100
AcDbEntity
  8
TopSolderMaskLayer
100
AcDbCircle
 10
41.78045889425107
 20
24.892049784099527
 30
0.0
 40
0.5249343832020998
100
AcDbArc
 50
90
 51
270
 0
ARC
  5
8cd
330
1F
100
AcDbEntity
  8
TopSolderMaskLayer
100
AcDbCircle
 10
41.785708238083316
 20
24.892049784099527
 30
0.0
 40
0.5249343832020998
100
AcDbArc
 50
270
 51
90
 0
LWPOLYLINE
  5
8ce
330
1F
100
AcDbEntity
  8
TopSolderMaskLayer
100
AcDbPolyline
 90
1
 70
 1
 43
0
 10
41.785708238083316
 20
25.416984167301628
 10
41.78045889425107
 20
25.416984167301628
 0
LWPOLYLINE
  5
8cf
330
1F
100
AcDbEntity
  8
TopSolderMaskLayer
100
AcDbPolyline
 90
1
 70
 1
 43
0
 10
41.785708238083316
 20
24.367115400897426
 10
41.78045889425107
 20
24.367115400897426
0
HATCH
5
8d0
100
AcDbEntity
8
TopSolderMaskLayer
100
AcDbHatch
10
0
20
0
30
0
210
0
220
0
230
1
2
SOLID
70
1
71
0
91
1
92
7
72
0
73
1
93
4
10
40.99568199136388
20
25.679451358902725
10
42.570485140970504
20
25.679451358902725
10
42.570485140970504
20
24.104648209296442
10
40.99568199136388
20
24.104648209296442
97
1
330

75
0
76
1
47
0.4128176842155181
98
1
10
34.90568961886538
20
22.81183545379326
450
0
451
0
460
0
461
0
452
1
462
1
453
2
463
0
63
5
421
255
463
1
63
7
421
16777215
470
LINEAR
1001
ACAD
1010
0
1020
0
1030
0
 0
ARC
  5
8d3
330
1F
100
AcDbEntity
  8
BottomSolderMaskLayer
100
AcDbCircle
 10
41.78045889425107
 20
24.892049784099527
 30
0.0
 40
0.5249343832020998
100
AcDbArc
 50
90
 51
270
 0
ARC
  5
8d4
330
1F
100
AcDbEntity
  8
BottomSolderMaskLayer
100
AcDbCircle
 10
41.785708238083316
 20
24.892049784099527
 30
0.0
 40
0.5249343832020998
100
AcDbArc
 50
270
 51
90
 0
LWPOLYLINE
  5
8d5
330
1F
100
AcDbEntity
  8
BottomSolderMaskLayer
100
AcDbPolyline
 90
1
 70
 1
 43
0
 10
41.785708238083316
 20
25.416984167301628
 10
41.78045889425107
 20
25.416984167301628
 0
LWPOLYLINE
  5
8d6
330
1F
100
AcDbEntity
  8
BottomSolderMaskLayer
100
AcDbPolyline
 90
1
 70
 1
 43
0
 10
41.785708238083316
 20
24.367115400897426
 10
41.78045889425107
 20
24.367115400897426
0
HATCH
5
8d7
100
AcDbEntity
8
BottomSolderMaskLayer
100
AcDbHatch
10
0
20
0
30
0
210
0
220
0
230
1
2
SOLID
70
1
71
0
91
1
92
7
72
0
73
1
93
4
10
40.99568199136388
20
25.679451358902725
10
42.570485140970504
20
25.679451358902725
10
42.570485140970504
20
24.104648209296442
10
40.99568199136388
20
24.104648209296442
97
1
330

75
0
76
1
47
0.4128176842155181
98
1
10
34.90568961886538
20
22.81183545379326
450
0
451
0
460
0
461
0
452
1
462
1
453
2
463
0
63
5
421
255
463
1
63
7
421
16777215
470
LINEAR
1001
ACAD
1010
0
1020
0
1030
0
 0
ARC
  5
8da
330
1F
100
AcDbEntity
  8
Multi-Layer
100
AcDbCircle
 10
41.78054356108714
 20
24.892049784099527
 30
0.0
 40
0.5080010160020321
100
AcDbArc
 50
90
 51
270
 0
ARC
  5
8db
330
1F
100
AcDbEntity
  8
Multi-Layer
100
AcDbCircle
 10
41.78562357124724
 20
24.892049784099527
 30
0.0
 40
0.5080010160020321
100
AcDbArc
 50
270
 51
90
 0
LWPOLYLINE
  5
8dc
330
1F
100
AcDbEntity
  8
Multi-Layer
100
AcDbPolyline
 90
1
 70
 1
 43
0
 10
41.78562357124724
 20
25.40005080010156
 10
41.78054356108714
 20
25.40005080010156
 0
LWPOLYLINE
  5
8dd
330
1F
100
AcDbEntity
  8
Multi-Layer
100
AcDbPolyline
 90
1
 70
 1
 43
0
 10
41.78562357124724
 20
24.384048768097493
 10
41.78054356108714
 20
24.384048768097493
0
HATCH
5
8de
100
AcDbEntity
8
Multi-Layer
100
AcDbHatch
10
0
20
0
30
0
210
0
220
0
230
1
2
SOLID
70
1
71
0
91
1
92
7
72
0
73
1
93
4
10
41.02108204216415
20
25.654051308102567
10
42.54508509017023
20
25.654051308102567
10
42.54508509017023
20
24.130048260096487
10
41.02108204216415
20
24.130048260096487
97
1
330

75
0
76
1
47
0.4128176842155181
98
1
10
34.90568961886538
20
22.81183545379326
450
0
451
0
460
0
461
0
452
1
462
1
453
2
463
0
63
5
421
255
463
1
63
7
421
16777215
470
LINEAR
1001
ACAD
1010
0
1020
0
1030
0
 0
ARC
  5
8e1
330
1F
100
AcDbEntity
  8
TopSolderMaskLayer
100
AcDbCircle
 10
44.3204639742612
 20
24.892049784099527
 30
0.0
 40
0.5249343832020998
100
AcDbArc
 50
90
 51
270
 0
ARC
  5
8e2
330
1F
100
AcDbEntity
  8
TopSolderMaskLayer
100
AcDbCircle
 10
44.32571331809345
 20
24.892049784099527
 30
0.0
 40
0.5249343832020998
100
AcDbArc
 50
270
 51
90
 0
LWPOLYLINE
  5
8e3
330
1F
100
AcDbEntity
  8
TopSolderMaskLayer
100
AcDbPolyline
 90
1
 70
 1
 43
0
 10
44.32571331809345
 20
25.416984167301628
 10
44.3204639742612
 20
25.416984167301628
 0
LWPOLYLINE
  5
8e4
330
1F
100
AcDbEntity
  8
TopSolderMaskLayer
100
AcDbPolyline
 90
1
 70
 1
 43
0
 10
44.32571331809345
 20
24.367115400897426
 10
44.3204639742612
 20
24.367115400897426
0
HATCH
5
8e5
100
AcDbEntity
8
TopSolderMaskLayer
100
AcDbHatch
10
0
20
0
30
0
210
0
220
0
230
1
2
SOLID
70
1
71
0
91
1
92
7
72
0
73
1
93
4
10
43.535687071374014
20
25.679451358902725
10
45.11049022098064
20
25.679451358902725
10
45.11049022098064
20
24.104648209296442
10
43.535687071374014
20
24.104648209296442
97
1
330

75
0
76
1
47
0.4128176842155181
98
1
10
34.90568961886538
20
22.81183545379326
450
0
451
0
460
0
461
0
452
1
462
1
453
2
463
0
63
5
421
255
463
1
63
7
421
16777215
470
LINEAR
1001
ACAD
1010
0
1020
0
1030
0
 0
ARC
  5
8e8
330
1F
100
AcDbEntity
  8
BottomSolderMaskLayer
100
AcDbCircle
 10
44.3204639742612
 20
24.892049784099527
 30
0.0
 40
0.5249343832020998
100
AcDbArc
 50
90
 51
270
 0
ARC
  5
8e9
330
1F
100
AcDbEntity
  8
BottomSolderMaskLayer
100
AcDbCircle
 10
44.32571331809345
 20
24.892049784099527
 30
0.0
 40
0.5249343832020998
100
AcDbArc
 50
270
 51
90
 0
LWPOLYLINE
  5
8ea
330
1F
100
AcDbEntity
  8
BottomSolderMaskLayer
100
AcDbPolyline
 90
1
 70
 1
 43
0
 10
44.32571331809345
 20
25.416984167301628
 10
44.3204639742612
 20
25.416984167301628
 0
LWPOLYLINE
  5
8eb
330
1F
100
AcDbEntity
  8
BottomSolderMaskLayer
100
AcDbPolyline
 90
1
 70
 1
 43
0
 10
44.32571331809345
 20
24.367115400897426
 10
44.3204639742612
 20
24.367115400897426
0
HATCH
5
8ec
100
AcDbEntity
8
BottomSolderMaskLayer
100
AcDbHatch
10
0
20
0
30
0
210
0
220
0
230
1
2
SOLID
70
1
71
0
91
1
92
7
72
0
73
1
93
4
10
43.535687071374014
20
25.679451358902725
10
45.11049022098064
20
25.679451358902725
10
45.11049022098064
20
24.104648209296442
10
43.535687071374014
20
24.104648209296442
97
1
330

75
0
76
1
47
0.4128176842155181
98
1
10
34.90568961886538
20
22.81183545379326
450
0
451
0
460
0
461
0
452
1
462
1
453
2
463
0
63
5
421
255
463
1
63
7
421
16777215
470
LINEAR
1001
ACAD
1010
0
1020
0
1030
0
 0
ARC
  5
8ef
330
1F
100
AcDbEntity
  8
Multi-Layer
100
AcDbCircle
 10
44.320548641097275
 20
24.892049784099527
 30
0.0
 40
0.5080010160020321
100
AcDbArc
 50
90
 51
270
 0
ARC
  5
8f0
330
1F
100
AcDbEntity
  8
Multi-Layer
100
AcDbCircle
 10
44.325628651257375
 20
24.892049784099527
 30
0.0
 40
0.5080010160020321
100
AcDbArc
 50
270
 51
90
 0
LWPOLYLINE
  5
8f1
330
1F
100
AcDbEntity
  8
Multi-Layer
100
AcDbPolyline
 90
1
 70
 1
 43
0
 10
44.325628651257375
 20
25.40005080010156
 10
44.320548641097275
 20
25.40005080010156
 0
LWPOLYLINE
  5
8f2
330
1F
100
AcDbEntity
  8
Multi-Layer
100
AcDbPolyline
 90
1
 70
 1
 43
0
 10
44.325628651257375
 20
24.384048768097493
 10
44.320548641097275
 20
24.384048768097493
0
HATCH
5
8f3
100
AcDbEntity
8
Multi-Layer
100
AcDbHatch
10
0
20
0
30
0
210
0
220
0
230
1
2
SOLID
70
1
71
0
91
1
92
7
72
0
73
1
93
4
10
43.561087122174285
20
25.654051308102567
10
45.085090170180365
20
25.654051308102567
10
45.085090170180365
20
24.130048260096487
10
43.561087122174285
20
24.130048260096487
97
1
330

75
0
76
1
47
0.4128176842155181
98
1
10
34.90568961886538
20
22.81183545379326
450
0
451
0
460
0
461
0
452
1
462
1
453
2
463
0
63
5
421
255
463
1
63
7
421
16777215
470
LINEAR
1001
ACAD
1010
0
1020
0
1030
0
 0
ARC
  5
8f6
330
1F
100
AcDbEntity
  8
TopSolderMaskLayer
100
AcDbCircle
 10
46.860469054271334
 20
24.892049784099527
 30
0.0
 40
0.5249343832020998
100
AcDbArc
 50
90
 51
270
 0
ARC
  5
8f7
330
1F
100
AcDbEntity
  8
TopSolderMaskLayer
100
AcDbCircle
 10
46.86571839810358
 20
24.892049784099527
 30
0.0
 40
0.5249343832020998
100
AcDbArc
 50
270
 51
90
 0
LWPOLYLINE
  5
8f8
330
1F
100
AcDbEntity
  8
TopSolderMaskLayer
100
AcDbPolyline
 90
1
 70
 1
 43
0
 10
46.86571839810358
 20
25.416984167301628
 10
46.860469054271334
 20
25.416984167301628
 0
LWPOLYLINE
  5
8f9
330
1F
100
AcDbEntity
  8
TopSolderMaskLayer
100
AcDbPolyline
 90
1
 70
 1
 43
0
 10
46.86571839810358
 20
24.367115400897426
 10
46.860469054271334
 20
24.367115400897426
0
HATCH
5
8fa
100
AcDbEntity
8
TopSolderMaskLayer
100
AcDbHatch
10
0
20
0
30
0
210
0
220
0
230
1
2
SOLID
70
1
71
0
91
1
92
7
72
0
73
1
93
4
10
46.075692151384146
20
25.679451358902725
10
47.65049530099077
20
25.679451358902725
10
47.65049530099077
20
24.104648209296442
10
46.075692151384146
20
24.104648209296442
97
1
330

75
0
76
1
47
0.4128176842155181
98
1
10
34.90568961886538
20
22.81183545379326
450
0
451
0
460
0
461
0
452
1
462
1
453
2
463
0
63
5
421
255
463
1
63
7
421
16777215
470
LINEAR
1001
ACAD
1010
0
1020
0
1030
0
 0
ARC
  5
8fd
330
1F
100
AcDbEntity
  8
BottomSolderMaskLayer
100
AcDbCircle
 10
46.860469054271334
 20
24.892049784099527
 30
0.0
 40
0.5249343832020998
100
AcDbArc
 50
90
 51
270
 0
ARC
  5
8fe
330
1F
100
AcDbEntity
  8
BottomSolderMaskLayer
100
AcDbCircle
 10
46.86571839810358
 20
24.892049784099527
 30
0.0
 40
0.5249343832020998
100
AcDbArc
 50
270
 51
90
 0
LWPOLYLINE
  5
8ff
330
1F
100
AcDbEntity
  8
BottomSolderMaskLayer
100
AcDbPolyline
 90
1
 70
 1
 43
0
 10
46.86571839810358
 20
25.416984167301628
 10
46.860469054271334
 20
25.416984167301628
 0
LWPOLYLINE
  5
900
330
1F
100
AcDbEntity
  8
BottomSolderMaskLayer
100
AcDbPolyline
 90
1
 70
 1
 43
0
 10
46.86571839810358
 20
24.367115400897426
 10
46.860469054271334
 20
24.367115400897426
0
HATCH
5
901
100
AcDbEntity
8
BottomSolderMaskLayer
100
AcDbHatch
10
0
20
0
30
0
210
0
220
0
230
1
2
SOLID
70
1
71
0
91
1
92
7
72
0
73
1
93
4
10
46.075692151384146
20
25.679451358902725
10
47.65049530099077
20
25.679451358902725
10
47.65049530099077
20
24.104648209296442
10
46.075692151384146
20
24.104648209296442
97
1
330

75
0
76
1
47
0.4128176842155181
98
1
10
34.90568961886538
20
22.81183545379326
450
0
451
0
460
0
461
0
452
1
462
1
453
2
463
0
63
5
421
255
463
1
63
7
421
16777215
470
LINEAR
1001
ACAD
1010
0
1020
0
1030
0
 0
ARC
  5
904
330
1F
100
AcDbEntity
  8
Multi-Layer
100
AcDbCircle
 10
46.86055372110741
 20
24.892049784099527
 30
0.0
 40
0.5080010160020321
100
AcDbArc
 50
90
 51
270
 0
ARC
  5
905
330
1F
100
AcDbEntity
  8
Multi-Layer
100
AcDbCircle
 10
46.86563373126751
 20
24.892049784099527
 30
0.0
 40
0.5080010160020321
100
AcDbArc
 50
270
 51
90
 0
LWPOLYLINE
  5
906
330
1F
100
AcDbEntity
  8
Multi-Layer
100
AcDbPolyline
 90
1
 70
 1
 43
0
 10
46.86563373126751
 20
25.40005080010156
 10
46.86055372110741
 20
25.40005080010156
 0
LWPOLYLINE
  5
907
330
1F
100
AcDbEntity
  8
Multi-Layer
100
AcDbPolyline
 90
1
 70
 1
 43
0
 10
46.86563373126751
 20
24.384048768097493
 10
46.86055372110741
 20
24.384048768097493
0
HATCH
5
908
100
AcDbEntity
8
Multi-Layer
100
AcDbHatch
10
0
20
0
30
0
210
0
220
0
230
1
2
SOLID
70
1
71
0
91
1
92
7
72
0
73
1
93
4
10
46.10109220218442
20
25.654051308102567
10
47.6250952501905
20
25.654051308102567
10
47.6250952501905
20
24.130048260096487
10
46.10109220218442
20
24.130048260096487
97
1
330

75
0
76
1
47
0.4128176842155181
98
1
10
34.90568961886538
20
22.81183545379326
450
0
451
0
460
0
461
0
452
1
462
1
453
2
463
0
63
5
421
255
463
1
63
7
421
16777215
470
LINEAR
1001
ACAD
1010
0
1020
0
1030
0
 0
ARC
  5
90b
330
1F
100
AcDbEntity
  8
TopSolderMaskLayer
100
AcDbCircle
 10
34.16569299805269
 20
42.67208534417068
 30
0.0
 40
0.5249343832020998
100
AcDbArc
 50
270
 51
450
 0
ARC
  5
90c
330
1F
100
AcDbEntity
  8
TopSolderMaskLayer
100
AcDbCircle
 10
34.16044365422067
 20
42.67208534417068
 30
0.0
 40
0.5249343832020998
100
AcDbArc
 50
450
 51
270
 0
LWPOLYLINE
  5
90d
330
1F
100
AcDbEntity
  8
TopSolderMaskLayer
100
AcDbPolyline
 90
1
 70
 1
 43
0
 10
34.16044365422067
 20
42.14715096096858
 10
34.16569299805269
 20
42.14715096096858
 0
LWPOLYLINE
  5
90e
330
1F
100
AcDbEntity
  8
TopSolderMaskLayer
100
AcDbPolyline
 90
1
 70
 1
 43
0
 10
34.16044365422067
 20
43.19701972737278
 10
34.16569299805269
 20
43.19701972737278
0
HATCH
5
90f
100
AcDbEntity
8
TopSolderMaskLayer
100
AcDbHatch
10
0
20
0
30
0
210
0
220
0
230
1
2
SOLID
70
1
71
0
91
1
92
7
72
0
73
1
93
4
10
34.95046990093988
20
41.8846837693676
10
33.37566675133348
20
41.8846837693676
10
33.37566675133348
20
43.45948691897377
10
34.95046990093988
20
43.45948691897377
97
1
330

75
0
76
1
47
0.4128176842155181
98
1
10
34.90568961886538
20
22.81183545379326
450
0
451
0
460
0
461
0
452
1
462
1
453
2
463
0
63
5
421
255
463
1
63
7
421
16777215
470
LINEAR
1001
ACAD
1010
0
1020
0
1030
0
 0
ARC
  5
912
330
1F
100
AcDbEntity
  8
BottomSolderMaskLayer
100
AcDbCircle
 10
34.16569299805269
 20
42.67208534417068
 30
0.0
 40
0.5249343832020998
100
AcDbArc
 50
270
 51
450
 0
ARC
  5
913
330
1F
100
AcDbEntity
  8
BottomSolderMaskLayer
100
AcDbCircle
 10
34.16044365422067
 20
42.67208534417068
 30
0.0
 40
0.5249343832020998
100
AcDbArc
 50
450
 51
270
 0
LWPOLYLINE
  5
914
330
1F
100
AcDbEntity
  8
BottomSolderMaskLayer
100
AcDbPolyline
 90
1
 70
 1
 43
0
 10
34.16044365422067
 20
42.14715096096858
 10
34.16569299805269
 20
42.14715096096858
 0
LWPOLYLINE
  5
915
330
1F
100
AcDbEntity
  8
BottomSolderMaskLayer
100
AcDbPolyline
 90
1
 70
 1
 43
0
 10
34.16044365422067
 20
43.19701972737278
 10
34.16569299805269
 20
43.19701972737278
0
HATCH
5
916
100
AcDbEntity
8
BottomSolderMaskLayer
100
AcDbHatch
10
0
20
0
30
0
210
0
220
0
230
1
2
SOLID
70
1
71
0
91
1
92
7
72
0
73
1
93
4
10
34.95046990093988
20
41.8846837693676
10
33.37566675133348
20
41.8846837693676
10
33.37566675133348
20
43.45948691897377
10
34.95046990093988
20
43.45948691897377
97
1
330

75
0
76
1
47
0.4128176842155181
98
1
10
34.90568961886538
20
22.81183545379326
450
0
451
0
460
0
461
0
452
1
462
1
453
2
463
0
63
5
421
255
463
1
63
7
421
16777215
470
LINEAR
1001
ACAD
1010
0
1020
0
1030
0
 0
ARC
  5
919
330
1F
100
AcDbEntity
  8
Multi-Layer
100
AcDbCircle
 10
34.165608331216845
 20
42.67208534417068
 30
0.0
 40
0.5080010160020321
100
AcDbArc
 50
270
 51
450
 0
ARC
  5
91a
330
1F
100
AcDbEntity
  8
Multi-Layer
100
AcDbCircle
 10
34.16052832105652
 20
42.67208534417068
 30
0.0
 40
0.5080010160020321
100
AcDbArc
 50
450
 51
270
 0
LWPOLYLINE
  5
91b
330
1F
100
AcDbEntity
  8
Multi-Layer
100
AcDbPolyline
 90
1
 70
 1
 43
0
 10
34.16052832105652
 20
42.16408432816865
 10
34.165608331216845
 20
42.16408432816865
 0
LWPOLYLINE
  5
91c
330
1F
100
AcDbEntity
  8
Multi-Layer
100
AcDbPolyline
 90
1
 70
 1
 43
0
 10
34.16052832105652
 20
43.180086360172716
 10
34.165608331216845
 20
43.180086360172716
0
HATCH
5
91d
100
AcDbEntity
8
Multi-Layer
100
AcDbHatch
10
0
20
0
30
0
210
0
220
0
230
1
2
SOLID
70
1
71
0
91
1
92
7
72
0
73
1
93
4
10
34.925069850139835
20
41.91008382016764
10
33.40106680213353
20
41.91008382016764
10
33.40106680213353
20
43.43408686817372
10
34.925069850139835
20
43.43408686817372
97
1
330

75
0
76
1
47
0.4128176842155181
98
1
10
34.90568961886538
20
22.81183545379326
450
0
451
0
460
0
461
0
452
1
462
1
453
2
463
0
63
5
421
255
463
1
63
7
421
16777215
470
LINEAR
1001
ACAD
1010
0
1020
0
1030
0
 0
ARC
  5
920
330
1F
100
AcDbEntity
  8
TopSolderMaskLayer
100
AcDbCircle
 10
36.705698078062824
 20
42.67208534417068
 30
0.0
 40
0.5249343832020998
100
AcDbArc
 50
270
 51
450
 0
ARC
  5
921
330
1F
100
AcDbEntity
  8
TopSolderMaskLayer
100
AcDbCircle
 10
36.700448734230804
 20
42.67208534417068
 30
0.0
 40
0.5249343832020998
100
AcDbArc
 50
450
 51
270
 0
LWPOLYLINE
  5
922
330
1F
100
AcDbEntity
  8
TopSolderMaskLayer
100
AcDbPolyline
 90
1
 70
 1
 43
0
 10
36.700448734230804
 20
42.14715096096858
 10
36.705698078062824
 20
42.14715096096858
 0
LWPOLYLINE
  5
923
330
1F
100
AcDbEntity
  8
TopSolderMaskLayer
100
AcDbPolyline
 90
1
 70
 1
 43
0
 10
36.700448734230804
 20
43.19701972737278
 10
36.705698078062824
 20
43.19701972737278
0
HATCH
5
924
100
AcDbEntity
8
TopSolderMaskLayer
100
AcDbHatch
10
0
20
0
30
0
210
0
220
0
230
1
2
SOLID
70
1
71
0
91
1
92
7
72
0
73
1
93
4
10
37.49047498095001
20
41.8846837693676
10
35.915671831343616
20
41.8846837693676
10
35.915671831343616
20
43.45948691897377
10
37.49047498095001
20
43.45948691897377
97
1
330

75
0
76
1
47
0.4128176842155181
98
1
10
34.90568961886538
20
22.81183545379326
450
0
451
0
460
0
461
0
452
1
462
1
453
2
463
0
63
5
421
255
463
1
63
7
421
16777215
470
LINEAR
1001
ACAD
1010
0
1020
0
1030
0
 0
ARC
  5
927
330
1F
100
AcDbEntity
  8
BottomSolderMaskLayer
100
AcDbCircle
 10
36.705698078062824
 20
42.67208534417068
 30
0.0
 40
0.5249343832020998
100
AcDbArc
 50
270
 51
450
 0
ARC
  5
928
330
1F
100
AcDbEntity
  8
BottomSolderMaskLayer
100
AcDbCircle
 10
36.700448734230804
 20
42.67208534417068
 30
0.0
 40
0.5249343832020998
100
AcDbArc
 50
450
 51
270
 0
LWPOLYLINE
  5
929
330
1F
100
AcDbEntity
  8
BottomSolderMaskLayer
100
AcDbPolyline
 90
1
 70
 1
 43
0
 10
36.700448734230804
 20
42.14715096096858
 10
36.705698078062824
 20
42.14715096096858
 0
LWPOLYLINE
  5
92a
330
1F
100
AcDbEntity
  8
BottomSolderMaskLayer
100
AcDbPolyline
 90
1
 70
 1
 43
0
 10
36.700448734230804
 20
43.19701972737278
 10
36.705698078062824
 20
43.19701972737278
0
HATCH
5
92b
100
AcDbEntity
8
BottomSolderMaskLayer
100
AcDbHatch
10
0
20
0
30
0
210
0
220
0
230
1
2
SOLID
70
1
71
0
91
1
92
7
72
0
73
1
93
4
10
37.49047498095001
20
41.8846837693676
10
35.915671831343616
20
41.8846837693676
10
35.915671831343616
20
43.45948691897377
10
37.49047498095001
20
43.45948691897377
97
1
330

75
0
76
1
47
0.4128176842155181
98
1
10
34.90568961886538
20
22.81183545379326
450
0
451
0
460
0
461
0
452
1
462
1
453
2
463
0
63
5
421
255
463
1
63
7
421
16777215
470
LINEAR
1001
ACAD
1010
0
1020
0
1030
0
 0
ARC
  5
92e
330
1F
100
AcDbEntity
  8
Multi-Layer
100
AcDbCircle
 10
36.70561341122698
 20
42.67208534417068
 30
0.0
 40
0.5080010160020321
100
AcDbArc
 50
270
 51
450
 0
ARC
  5
92f
330
1F
100
AcDbEntity
  8
Multi-Layer
100
AcDbCircle
 10
36.70053340106688
 20
42.67208534417068
 30
0.0
 40
0.5080010160020321
100
AcDbArc
 50
450
 51
270
 0
LWPOLYLINE
  5
930
330
1F
100
AcDbEntity
  8
Multi-Layer
100
AcDbPolyline
 90
1
 70
 1
 43
0
 10
36.70053340106688
 20
42.16408432816865
 10
36.70561341122698
 20
42.16408432816865
 0
LWPOLYLINE
  5
931
330
1F
100
AcDbEntity
  8
Multi-Layer
100
AcDbPolyline
 90
1
 70
 1
 43
0
 10
36.70053340106688
 20
43.180086360172716
 10
36.70561341122698
 20
43.180086360172716
0
HATCH
5
932
100
AcDbEntity
8
Multi-Layer
100
AcDbHatch
10
0
20
0
30
0
210
0
220
0
230
1
2
SOLID
70
1
71
0
91
1
92
7
72
0
73
1
93
4
10
37.46507493014997
20
41.91008382016764
10
35.94107188214389
20
41.91008382016764
10
35.94107188214389
20
43.43408686817372
10
37.46507493014997
20
43.43408686817372
97
1
330

75
0
76
1
47
0.4128176842155181
98
1
10
34.90568961886538
20
22.81183545379326
450
0
451
0
460
0
461
0
452
1
462
1
453
2
463
0
63
5
421
255
463
1
63
7
421
16777215
470
LINEAR
1001
ACAD
1010
0
1020
0
1030
0
 0
ARC
  5
935
330
1F
100
AcDbEntity
  8
TopSolderMaskLayer
100
AcDbCircle
 10
39.245703158073184
 20
42.67208534417068
 30
0.0
 40
0.5249343832020998
100
AcDbArc
 50
270
 51
450
 0
ARC
  5
936
330
1F
100
AcDbEntity
  8
TopSolderMaskLayer
100
AcDbCircle
 10
39.24045381424094
 20
42.67208534417068
 30
0.0
 40
0.5249343832020998
100
AcDbArc
 50
450
 51
270
 0
LWPOLYLINE
  5
937
330
1F
100
AcDbEntity
  8
TopSolderMaskLayer
100
AcDbPolyline
 90
1
 70
 1
 43
0
 10
39.24045381424094
 20
42.14715096096858
 10
39.245703158073184
 20
42.14715096096858
 0
LWPOLYLINE
  5
938
330
1F
100
AcDbEntity
  8
TopSolderMaskLayer
100
AcDbPolyline
 90
1
 70
 1
 43
0
 10
39.24045381424094
 20
43.19701972737278
 10
39.245703158073184
 20
43.19701972737278
0
HATCH
5
939
100
AcDbEntity
8
TopSolderMaskLayer
100
AcDbHatch
10
0
20
0
30
0
210
0
220
0
230
1
2
SOLID
70
1
71
0
91
1
92
7
72
0
73
1
93
4
10
40.030480060960144
20
41.8846837693676
10
38.45567691135375
20
41.8846837693676
10
38.45567691135375
20
43.45948691897377
10
40.030480060960144
20
43.45948691897377
97
1
330

75
0
76
1
47
0.4128176842155181
98
1
10
34.90568961886538
20
22.81183545379326
450
0
451
0
460
0
461
0
452
1
462
1
453
2
463
0
63
5
421
255
463
1
63
7
421
16777215
470
LINEAR
1001
ACAD
1010
0
1020
0
1030
0
 0
ARC
  5
93c
330
1F
100
AcDbEntity
  8
BottomSolderMaskLayer
100
AcDbCircle
 10
39.245703158073184
 20
42.67208534417068
 30
0.0
 40
0.5249343832020998
100
AcDbArc
 50
270
 51
450
 0
ARC
  5
93d
330
1F
100
AcDbEntity
  8
BottomSolderMaskLayer
100
AcDbCircle
 10
39.24045381424094
 20
42.67208534417068
 30
0.0
 40
0.5249343832020998
100
AcDbArc
 50
450
 51
270
 0
LWPOLYLINE
  5
93e
330
1F
100
AcDbEntity
  8
BottomSolderMaskLayer
100
AcDbPolyline
 90
1
 70
 1
 43
0
 10
39.24045381424094
 20
42.14715096096858
 10
39.245703158073184
 20
42.14715096096858
 0
LWPOLYLINE
  5
93f
330
1F
100
AcDbEntity
  8
BottomSolderMaskLayer
100
AcDbPolyline
 90
1
 70
 1
 43
0
 10
39.24045381424094
 20
43.19701972737278
 10
39.245703158073184
 20
43.19701972737278
0
HATCH
5
940
100
AcDbEntity
8
BottomSolderMaskLayer
100
AcDbHatch
10
0
20
0
30
0
210
0
220
0
230
1
2
SOLID
70
1
71
0
91
1
92
7
72
0
73
1
93
4
10
40.030480060960144
20
41.8846837693676
10
38.45567691135375
20
41.8846837693676
10
38.45567691135375
20
43.45948691897377
10
40.030480060960144
20
43.45948691897377
97
1
330

75
0
76
1
47
0.4128176842155181
98
1
10
34.90568961886538
20
22.81183545379326
450
0
451
0
460
0
461
0
452
1
462
1
453
2
463
0
63
5
421
255
463
1
63
7
421
16777215
470
LINEAR
1001
ACAD
1010
0
1020
0
1030
0
 0
ARC
  5
943
330
1F
100
AcDbEntity
  8
Multi-Layer
100
AcDbCircle
 10
39.24561849123711
 20
42.67208534417068
 30
0.0
 40
0.5080010160020321
100
AcDbArc
 50
270
 51
450
 0
ARC
  5
944
330
1F
100
AcDbEntity
  8
Multi-Layer
100
AcDbCircle
 10
39.24053848107701
 20
42.67208534417068
 30
0.0
 40
0.5080010160020321
100
AcDbArc
 50
450
 51
270
 0
LWPOLYLINE
  5
945
330
1F
100
AcDbEntity
  8
Multi-Layer
100
AcDbPolyline
 90
1
 70
 1
 43
0
 10
39.24053848107701
 20
42.16408432816865
 10
39.24561849123711
 20
42.16408432816865
 0
LWPOLYLINE
  5
946
330
1F
100
AcDbEntity
  8
Multi-Layer
100
AcDbPolyline
 90
1
 70
 1
 43
0
 10
39.24053848107701
 20
43.180086360172716
 10
39.24561849123711
 20
43.180086360172716
0
HATCH
5
947
100
AcDbEntity
8
Multi-Layer
100
AcDbHatch
10
0
20
0
30
0
210
0
220
0
230
1
2
SOLID
70
1
71
0
91
1
92
7
72
0
73
1
93
4
10
40.0050800101601
20
41.91008382016764
10
38.48107696215402
20
41.91008382016764
10
38.48107696215402
20
43.43408686817372
10
40.0050800101601
20
43.43408686817372
97
1
330

75
0
76
1
47
0.4128176842155181
98
1
10
34.90568961886538
20
22.81183545379326
450
0
451
0
460
0
461
0
452
1
462
1
453
2
463
0
63
5
421
255
463
1
63
7
421
16777215
470
LINEAR
1001
ACAD
1010
0
1020
0
1030
0
 0
ARC
  5
94a
330
1F
100
AcDbEntity
  8
TopSolderMaskLayer
100
AcDbCircle
 10
41.785708238083316
 20
42.67208534417068
 30
0.0
 40
0.5249343832020998
100
AcDbArc
 50
270
 51
450
 0
ARC
  5
94b
330
1F
100
AcDbEntity
  8
TopSolderMaskLayer
100
AcDbCircle
 10
41.78045889425107
 20
42.67208534417068
 30
0.0
 40
0.5249343832020998
100
AcDbArc
 50
450
 51
270
 0
LWPOLYLINE
  5
94c
330
1F
100
AcDbEntity
  8
TopSolderMaskLayer
100
AcDbPolyline
 90
1
 70
 1
 43
0
 10
41.78045889425107
 20
42.14715096096858
 10
41.785708238083316
 20
42.14715096096858
 0
LWPOLYLINE
  5
94d
330
1F
100
AcDbEntity
  8
TopSolderMaskLayer
100
AcDbPolyline
 90
1
 70
 1
 43
0
 10
41.78045889425107
 20
43.19701972737278
 10
41.785708238083316
 20
43.19701972737278
0
HATCH
5
94e
100
AcDbEntity
8
TopSolderMaskLayer
100
AcDbHatch
10
0
20
0
30
0
210
0
220
0
230
1
2
SOLID
70
1
71
0
91
1
92
7
72
0
73
1
93
4
10
42.570485140970504
20
41.8846837693676
10
40.99568199136388
20
41.8846837693676
10
40.99568199136388
20
43.45948691897377
10
42.570485140970504
20
43.45948691897377
97
1
330

75
0
76
1
47
0.4128176842155181
98
1
10
34.90568961886538
20
22.81183545379326
450
0
451
0
460
0
461
0
452
1
462
1
453
2
463
0
63
5
421
255
463
1
63
7
421
16777215
470
LINEAR
1001
ACAD
1010
0
1020
0
1030
0
 0
ARC
  5
951
330
1F
100
AcDbEntity
  8
BottomSolderMaskLayer
100
AcDbCircle
 10
41.785708238083316
 20
42.67208534417068
 30
0.0
 40
0.5249343832020998
100
AcDbArc
 50
270
 51
450
 0
ARC
  5
952
330
1F
100
AcDbEntity
  8
BottomSolderMaskLayer
100
AcDbCircle
 10
41.78045889425107
 20
42.67208534417068
 30
0.0
 40
0.5249343832020998
100
AcDbArc
 50
450
 51
270
 0
LWPOLYLINE
  5
953
330
1F
100
AcDbEntity
  8
BottomSolderMaskLayer
100
AcDbPolyline
 90
1
 70
 1
 43
0
 10
41.78045889425107
 20
42.14715096096858
 10
41.785708238083316
 20
42.14715096096858
 0
LWPOLYLINE
  5
954
330
1F
100
AcDbEntity
  8
BottomSolderMaskLayer
100
AcDbPolyline
 90
1
 70
 1
 43
0
 10
41.78045889425107
 20
43.19701972737278
 10
41.785708238083316
 20
43.19701972737278
0
HATCH
5
955
100
AcDbEntity
8
BottomSolderMaskLayer
100
AcDbHatch
10
0
20
0
30
0
210
0
220
0
230
1
2
SOLID
70
1
71
0
91
1
92
7
72
0
73
1
93
4
10
42.570485140970504
20
41.8846837693676
10
40.99568199136388
20
41.8846837693676
10
40.99568199136388
20
43.45948691897377
10
42.570485140970504
20
43.45948691897377
97
1
330

75
0
76
1
47
0.4128176842155181
98
1
10
34.90568961886538
20
22.81183545379326
450
0
451
0
460
0
461
0
452
1
462
1
453
2
463
0
63
5
421
255
463
1
63
7
421
16777215
470
LINEAR
1001
ACAD
1010
0
1020
0
1030
0
 0
ARC
  5
958
330
1F
100
AcDbEntity
  8
Multi-Layer
100
AcDbCircle
 10
41.78562357124724
 20
42.67208534417068
 30
0.0
 40
0.5080010160020321
100
AcDbArc
 50
270
 51
450
 0
ARC
  5
959
330
1F
100
AcDbEntity
  8
Multi-Layer
100
AcDbCircle
 10
41.78054356108714
 20
42.67208534417068
 30
0.0
 40
0.5080010160020321
100
AcDbArc
 50
450
 51
270
 0
LWPOLYLINE
  5
95a
330
1F
100
AcDbEntity
  8
Multi-Layer
100
AcDbPolyline
 90
1
 70
 1
 43
0
 10
41.78054356108714
 20
42.16408432816865
 10
41.78562357124724
 20
42.16408432816865
 0
LWPOLYLINE
  5
95b
330
1F
100
AcDbEntity
  8
Multi-Layer
100
AcDbPolyline
 90
1
 70
 1
 43
0
 10
41.78054356108714
 20
43.180086360172716
 10
41.78562357124724
 20
43.180086360172716
0
HATCH
5
95c
100
AcDbEntity
8
Multi-Layer
100
AcDbHatch
10
0
20
0
30
0
210
0
220
0
230
1
2
SOLID
70
1
71
0
91
1
92
7
72
0
73
1
93
4
10
42.54508509017023
20
41.91008382016764
10
41.02108204216415
20
41.91008382016764
10
41.02108204216415
20
43.43408686817372
10
42.54508509017023
20
43.43408686817372
97
1
330

75
0
76
1
47
0.4128176842155181
98
1
10
34.90568961886538
20
22.81183545379326
450
0
451
0
460
0
461
0
452
1
462
1
453
2
463
0
63
5
421
255
463
1
63
7
421
16777215
470
LINEAR
1001
ACAD
1010
0
1020
0
1030
0
 0
ARC
  5
95f
330
1F
100
AcDbEntity
  8
TopSolderMaskLayer
100
AcDbCircle
 10
44.32571331809345
 20
42.67208534417068
 30
0.0
 40
0.5249343832020998
100
AcDbArc
 50
270
 51
450
 0
ARC
  5
960
330
1F
100
AcDbEntity
  8
TopSolderMaskLayer
100
AcDbCircle
 10
44.3204639742612
 20
42.67208534417068
 30
0.0
 40
0.5249343832020998
100
AcDbArc
 50
450
 51
270
 0
LWPOLYLINE
  5
961
330
1F
100
AcDbEntity
  8
TopSolderMaskLayer
100
AcDbPolyline
 90
1
 70
 1
 43
0
 10
44.3204639742612
 20
42.14715096096858
 10
44.32571331809345
 20
42.14715096096858
 0
LWPOLYLINE
  5
962
330
1F
100
AcDbEntity
  8
TopSolderMaskLayer
100
AcDbPolyline
 90
1
 70
 1
 43
0
 10
44.3204639742612
 20
43.19701972737278
 10
44.32571331809345
 20
43.19701972737278
0
HATCH
5
963
100
AcDbEntity
8
TopSolderMaskLayer
100
AcDbHatch
10
0
20
0
30
0
210
0
220
0
230
1
2
SOLID
70
1
71
0
91
1
92
7
72
0
73
1
93
4
10
45.11049022098064
20
41.8846837693676
10
43.535687071374014
20
41.8846837693676
10
43.535687071374014
20
43.45948691897377
10
45.11049022098064
20
43.45948691897377
97
1
330

75
0
76
1
47
0.4128176842155181
98
1
10
34.90568961886538
20
22.81183545379326
450
0
451
0
460
0
461
0
452
1
462
1
453
2
463
0
63
5
421
255
463
1
63
7
421
16777215
470
LINEAR
1001
ACAD
1010
0
1020
0
1030
0
 0
ARC
  5
966
330
1F
100
AcDbEntity
  8
BottomSolderMaskLayer
100
AcDbCircle
 10
44.32571331809345
 20
42.67208534417068
 30
0.0
 40
0.5249343832020998
100
AcDbArc
 50
270
 51
450
 0
ARC
  5
967
330
1F
100
AcDbEntity
  8
BottomSolderMaskLayer
100
AcDbCircle
 10
44.3204639742612
 20
42.67208534417068
 30
0.0
 40
0.5249343832020998
100
AcDbArc
 50
450
 51
270
 0
LWPOLYLINE
  5
968
330
1F
100
AcDbEntity
  8
BottomSolderMaskLayer
100
AcDbPolyline
 90
1
 70
 1
 43
0
 10
44.3204639742612
 20
42.14715096096858
 10
44.32571331809345
 20
42.14715096096858
 0
LWPOLYLINE
  5
969
330
1F
100
AcDbEntity
  8
BottomSolderMaskLayer
100
AcDbPolyline
 90
1
 70
 1
 43
0
 10
44.3204639742612
 20
43.19701972737278
 10
44.32571331809345
 20
43.19701972737278
0
HATCH
5
96a
100
AcDbEntity
8
BottomSolderMaskLayer
100
AcDbHatch
10
0
20
0
30
0
210
0
220
0
230
1
2
SOLID
70
1
71
0
91
1
92
7
72
0
73
1
93
4
10
45.11049022098064
20
41.8846837693676
10
43.535687071374014
20
41.8846837693676
10
43.535687071374014
20
43.45948691897377
10
45.11049022098064
20
43.45948691897377
97
1
330

75
0
76
1
47
0.4128176842155181
98
1
10
34.90568961886538
20
22.81183545379326
450
0
451
0
460
0
461
0
452
1
462
1
453
2
463
0
63
5
421
255
463
1
63
7
421
16777215
470
LINEAR
1001
ACAD
1010
0
1020
0
1030
0
 0
ARC
  5
96d
330
1F
100
AcDbEntity
  8
Multi-Layer
100
AcDbCircle
 10
44.325628651257375
 20
42.67208534417068
 30
0.0
 40
0.5080010160020321
100
AcDbArc
 50
270
 51
450
 0
ARC
  5
96e
330
1F
100
AcDbEntity
  8
Multi-Layer
100
AcDbCircle
 10
44.320548641097275
 20
42.67208534417068
 30
0.0
 40
0.5080010160020321
100
AcDbArc
 50
450
 51
270
 0
LWPOLYLINE
  5
96f
330
1F
100
AcDbEntity
  8
Multi-Layer
100
AcDbPolyline
 90
1
 70
 1
 43
0
 10
44.320548641097275
 20
42.16408432816865
 10
44.325628651257375
 20
42.16408432816865
 0
LWPOLYLINE
  5
970
330
1F
100
AcDbEntity
  8
Multi-Layer
100
AcDbPolyline
 90
1
 70
 1
 43
0
 10
44.320548641097275
 20
43.180086360172716
 10
44.325628651257375
 20
43.180086360172716
0
HATCH
5
971
100
AcDbEntity
8
Multi-Layer
100
AcDbHatch
10
0
20
0
30
0
210
0
220
0
230
1
2
SOLID
70
1
71
0
91
1
92
7
72
0
73
1
93
4
10
45.085090170180365
20
41.91008382016764
10
43.561087122174285
20
41.91008382016764
10
43.561087122174285
20
43.43408686817372
10
45.085090170180365
20
43.43408686817372
97
1
330

75
0
76
1
47
0.4128176842155181
98
1
10
34.90568961886538
20
22.81183545379326
450
0
451
0
460
0
461
0
452
1
462
1
453
2
463
0
63
5
421
255
463
1
63
7
421
16777215
470
LINEAR
1001
ACAD
1010
0
1020
0
1030
0
 0
ARC
  5
974
330
1F
100
AcDbEntity
  8
TopSolderMaskLayer
100
AcDbCircle
 10
46.86571839810358
 20
42.67208534417068
 30
0.0
 40
0.5249343832020998
100
AcDbArc
 50
270
 51
450
 0
ARC
  5
975
330
1F
100
AcDbEntity
  8
TopSolderMaskLayer
100
AcDbCircle
 10
46.860469054271334
 20
42.67208534417068
 30
0.0
 40
0.5249343832020998
100
AcDbArc
 50
450
 51
270
 0
LWPOLYLINE
  5
976
330
1F
100
AcDbEntity
  8
TopSolderMaskLayer
100
AcDbPolyline
 90
1
 70
 1
 43
0
 10
46.860469054271334
 20
42.14715096096858
 10
46.86571839810358
 20
42.14715096096858
 0
LWPOLYLINE
  5
977
330
1F
100
AcDbEntity
  8
TopSolderMaskLayer
100
AcDbPolyline
 90
1
 70
 1
 43
0
 10
46.860469054271334
 20
43.19701972737278
 10
46.86571839810358
 20
43.19701972737278
0
HATCH
5
978
100
AcDbEntity
8
TopSolderMaskLayer
100
AcDbHatch
10
0
20
0
30
0
210
0
220
0
230
1
2
SOLID
70
1
71
0
91
1
92
7
72
0
73
1
93
4
10
47.65049530099077
20
41.8846837693676
10
46.075692151384146
20
41.8846837693676
10
46.075692151384146
20
43.45948691897377
10
47.65049530099077
20
43.45948691897377
97
1
330

75
0
76
1
47
0.4128176842155181
98
1
10
34.90568961886538
20
22.81183545379326
450
0
451
0
460
0
461
0
452
1
462
1
453
2
463
0
63
5
421
255
463
1
63
7
421
16777215
470
LINEAR
1001
ACAD
1010
0
1020
0
1030
0
 0
ARC
  5
97b
330
1F
100
AcDbEntity
  8
BottomSolderMaskLayer
100
AcDbCircle
 10
46.86571839810358
 20
42.67208534417068
 30
0.0
 40
0.5249343832020998
100
AcDbArc
 50
270
 51
450
 0
ARC
  5
97c
330
1F
100
AcDbEntity
  8
BottomSolderMaskLayer
100
AcDbCircle
 10
46.860469054271334
 20
42.67208534417068
 30
0.0
 40
0.5249343832020998
100
AcDbArc
 50
450
 51
270
 0
LWPOLYLINE
  5
97d
330
1F
100
AcDbEntity
  8
BottomSolderMaskLayer
100
AcDbPolyline
 90
1
 70
 1
 43
0
 10
46.860469054271334
 20
42.14715096096858
 10
46.86571839810358
 20
42.14715096096858
 0
LWPOLYLINE
  5
97e
330
1F
100
AcDbEntity
  8
BottomSolderMaskLayer
100
AcDbPolyline
 90
1
 70
 1
 43
0
 10
46.860469054271334
 20
43.19701972737278
 10
46.86571839810358
 20
43.19701972737278
0
HATCH
5
97f
100
AcDbEntity
8
BottomSolderMaskLayer
100
AcDbHatch
10
0
20
0
30
0
210
0
220
0
230
1
2
SOLID
70
1
71
0
91
1
92
7
72
0
73
1
93
4
10
47.65049530099077
20
41.8846837693676
10
46.075692151384146
20
41.8846837693676
10
46.075692151384146
20
43.45948691897377
10
47.65049530099077
20
43.45948691897377
97
1
330

75
0
76
1
47
0.4128176842155181
98
1
10
34.90568961886538
20
22.81183545379326
450
0
451
0
460
0
461
0
452
1
462
1
453
2
463
0
63
5
421
255
463
1
63
7
421
16777215
470
LINEAR
1001
ACAD
1010
0
1020
0
1030
0
 0
ARC
  5
982
330
1F
100
AcDbEntity
  8
Multi-Layer
100
AcDbCircle
 10
46.86563373126751
 20
42.67208534417068
 30
0.0
 40
0.5080010160020321
100
AcDbArc
 50
270
 51
450
 0
ARC
  5
983
330
1F
100
AcDbEntity
  8
Multi-Layer
100
AcDbCircle
 10
46.86055372110741
 20
42.67208534417068
 30
0.0
 40
0.5080010160020321
100
AcDbArc
 50
450
 51
270
 0
LWPOLYLINE
  5
984
330
1F
100
AcDbEntity
  8
Multi-Layer
100
AcDbPolyline
 90
1
 70
 1
 43
0
 10
46.86055372110741
 20
42.16408432816865
 10
46.86563373126751
 20
42.16408432816865
 0
LWPOLYLINE
  5
985
330
1F
100
AcDbEntity
  8
Multi-Layer
100
AcDbPolyline
 90
1
 70
 1
 43
0
 10
46.86055372110741
 20
43.180086360172716
 10
46.86563373126751
 20
43.180086360172716
0
HATCH
5
986
100
AcDbEntity
8
Multi-Layer
100
AcDbHatch
10
0
20
0
30
0
210
0
220
0
230
1
2
SOLID
70
1
71
0
91
1
92
7
72
0
73
1
93
4
10
47.6250952501905
20
41.91008382016764
10
46.10109220218442
20
41.91008382016764
10
46.10109220218442
20
43.43408686817372
10
47.6250952501905
20
43.43408686817372
97
1
330

75
0
76
1
47
0.4128176842155181
98
1
10
34.90568961886538
20
22.81183545379326
450
0
451
0
460
0
461
0
452
1
462
1
453
2
463
0
63
5
421
255
463
1
63
7
421
16777215
470
LINEAR
1001
ACAD
1010
0
1020
0
1030
0
  0
CIRCLE
  5
987
330
1F
100
AcDbEntity
  8
TopSolderMaskLayer
100
AcDbCircle
 10
86.741173482347
 20
31.242062484124972
 30
0.0
 40
0.47244094488188987
0
HATCH
5
98d
100
AcDbEntity
8
TopSolderMaskLayer
100
AcDbHatch
10
0
20
0
30
0
210
0
220
0
230
1
2
SOLID
70
1
71
0
91
1
92
7
72
1
73
1
93
4
10
87.26610786554897
20
32.02946405892812
42
-0.7853981633974483
10
87.26610786554897
20
30.454660909321824
42
0
10
86.21623909914501
20
30.454660909321824
42
-0.7853981633974483
10
86.21623909914501
20
32.02946405892812
42
0
97
1
330

75
0
76
1
47
0.4128176842155181
98
1
10
34.90568961886538
20
22.81183545379326
450
0
451
0
460
0
461
0
452
1
462
1
453
2
463
0
63
5
421
255
463
1
63
7
421
16777215
470
LINEAR
1001
ACAD
1010
0
1020
0
1030
0
  0
CIRCLE
  5
98e
330
1F
100
AcDbEntity
  8
BottomSolderMaskLayer
100
AcDbCircle
 10
86.741173482347
 20
31.242062484124972
 30
0.0
 40
0.47244094488188987
0
HATCH
5
994
100
AcDbEntity
8
BottomSolderMaskLayer
100
AcDbHatch
10
0
20
0
30
0
210
0
220
0
230
1
2
SOLID
70
1
71
0
91
1
92
7
72
1
73
1
93
4
10
87.26610786554897
20
32.02946405892812
42
-0.7853981633974483
10
87.26610786554897
20
30.454660909321824
42
0
10
86.21623909914501
20
30.454660909321824
42
-0.7853981633974483
10
86.21623909914501
20
32.02946405892812
42
0
97
1
330

75
0
76
1
47
0.4128176842155181
98
1
10
34.90568961886538
20
22.81183545379326
450
0
451
0
460
0
461
0
452
1
462
1
453
2
463
0
63
5
421
255
463
1
63
7
421
16777215
470
LINEAR
1001
ACAD
1010
0
1020
0
1030
0
  0
CIRCLE
  5
995
330
1F
100
AcDbEntity
  8
Multi-Layer
100
AcDbCircle
 10
86.741173482347
 20
31.242062484124972
 30
0.0
 40
0.45720091440182886
0
HATCH
5
99b
100
AcDbEntity
8
Multi-Layer
100
AcDbHatch
10
0
20
0
30
0
210
0
220
0
230
1
2
SOLID
70
1
71
0
91
1
92
7
72
1
73
1
93
4
10
87.24917449834902
20
32.00406400812802
42
-0.7853981633974483
10
87.24917449834902
20
30.480060960121925
42
0
10
86.23317246634497
20
30.480060960121925
42
-0.7853981633974483
10
86.23317246634497
20
32.00406400812802
42
0
97
1
330

75
0
76
1
47
0.4128176842155181
98
1
10
34.90568961886538
20
22.81183545379326
450
0
451
0
460
0
461
0
452
1
462
1
453
2
463
0
63
5
421
255
463
1
63
7
421
16777215
470
LINEAR
1001
ACAD
1010
0
1020
0
1030
0
  0
CIRCLE
  5
99c
330
1F
100
AcDbEntity
  8
TopSolderMaskLayer
100
AcDbCircle
 10
86.741173482347
 20
28.70205740411484
 30
0.0
 40
0.47244094488188987
0
HATCH
5
9a2
100
AcDbEntity
8
TopSolderMaskLayer
100
AcDbHatch
10
0
20
0
30
0
210
0
220
0
230
1
2
SOLID
70
1
71
0
91
1
92
7
72
1
73
1
93
4
10
87.26610786554897
20
29.489458978917988
42
-0.7853981633974483
10
87.26610786554897
20
27.91465582931169
42
0
10
86.21623909914501
20
27.91465582931169
42
-0.7853981633974483
10
86.21623909914501
20
29.489458978917988
42
0
97
1
330

75
0
76
1
47
0.4128176842155181
98
1
10
34.90568961886538
20
22.81183545379326
450
0
451
0
460
0
461
0
452
1
462
1
453
2
463
0
63
5
421
255
463
1
63
7
421
16777215
470
LINEAR
1001
ACAD
1010
0
1020
0
1030
0
  0
CIRCLE
  5
9a3
330
1F
100
AcDbEntity
  8
BottomSolderMaskLayer
100
AcDbCircle
 10
86.741173482347
 20
28.70205740411484
 30
0.0
 40
0.47244094488188987
0
HATCH
5
9a9
100
AcDbEntity
8
BottomSolderMaskLayer
100
AcDbHatch
10
0
20
0
30
0
210
0
220
0
230
1
2
SOLID
70
1
71
0
91
1
92
7
72
1
73
1
93
4
10
87.26610786554897
20
29.489458978917988
42
-0.7853981633974483
10
87.26610786554897
20
27.91465582931169
42
0
10
86.21623909914501
20
27.91465582931169
42
-0.7853981633974483
10
86.21623909914501
20
29.489458978917988
42
0
97
1
330

75
0
76
1
47
0.4128176842155181
98
1
10
34.90568961886538
20
22.81183545379326
450
0
451
0
460
0
461
0
452
1
462
1
453
2
463
0
63
5
421
255
463
1
63
7
421
16777215
470
LINEAR
1001
ACAD
1010
0
1020
0
1030
0
  0
CIRCLE
  5
9aa
330
1F
100
AcDbEntity
  8
Multi-Layer
100
AcDbCircle
 10
86.741173482347
 20
28.70205740411484
 30
0.0
 40
0.45720091440182886
0
HATCH
5
9b0
100
AcDbEntity
8
Multi-Layer
100
AcDbHatch
10
0
20
0
30
0
210
0
220
0
230
1
2
SOLID
70
1
71
0
91
1
92
7
72
1
73
1
93
4
10
87.24917449834902
20
29.464058928117886
42
-0.7853981633974483
10
87.24917449834902
20
27.940055880111792
42
0
10
86.23317246634497
20
27.940055880111792
42
-0.7853981633974483
10
86.23317246634497
20
29.464058928117886
42
0
97
1
330

75
0
76
1
47
0.4128176842155181
98
1
10
34.90568961886538
20
22.81183545379326
450
0
451
0
460
0
461
0
452
1
462
1
453
2
463
0
63
5
421
255
463
1
63
7
421
16777215
470
LINEAR
1001
ACAD
1010
0
1020
0
1030
0
  0
CIRCLE
  5
9b1
330
1F
100
AcDbEntity
  8
TopSolderMaskLayer
100
AcDbCircle
 10
86.741173482347
 20
26.162052324104593
 30
0.0
 40
0.48768097536195076
0
HATCH
5
9b7
100
AcDbEntity
8
TopSolderMaskLayer
100
AcDbHatch
10
0
20
0
30
0
210
0
220
0
230
1
2
SOLID
70
1
71
0
91
1
92
7
72
1
73
1
93
4
10
87.28304123274916
20
26.974853949707843
42
-0.7853981633974483
10
87.28304123274916
20
25.349250698501343
42
0
10
86.19930573194483
20
25.349250698501343
42
-0.7853981633974483
10
86.19930573194483
20
26.974853949707843
42
0
97
1
330

75
0
76
1
47
0.4128176842155181
98
1
10
34.90568961886538
20
22.81183545379326
450
0
451
0
460
0
461
0
452
1
462
1
453
2
463
0
63
5
421
255
463
1
63
7
421
16777215
470
LINEAR
1001
ACAD
1010
0
1020
0
1030
0
  0
CIRCLE
  5
9b8
330
1F
100
AcDbEntity
  8
BottomSolderMaskLayer
100
AcDbCircle
 10
86.741173482347
 20
26.162052324104593
 30
0.0
 40
0.48768097536195076
0
HATCH
5
9be
100
AcDbEntity
8
BottomSolderMaskLayer
100
AcDbHatch
10
0
20
0
30
0
210
0
220
0
230
1
2
SOLID
70
1
71
0
91
1
92
7
72
1
73
1
93
4
10
87.28304123274916
20
26.974853949707843
42
-0.7853981633974483
10
87.28304123274916
20
25.349250698501343
42
0
10
86.19930573194483
20
25.349250698501343
42
-0.7853981633974483
10
86.19930573194483
20
26.974853949707843
42
0
97
1
330

75
0
76
1
47
0.4128176842155181
98
1
10
34.90568961886538
20
22.81183545379326
450
0
451
0
460
0
461
0
452
1
462
1
453
2
463
0
63
5
421
255
463
1
63
7
421
16777215
470
LINEAR
1001
ACAD
1010
0
1020
0
1030
0
  0
CIRCLE
  5
9bf
330
1F
100
AcDbEntity
  8
Multi-Layer
100
AcDbCircle
 10
86.741173482347
 20
26.162052324104593
 30
0.0
 40
0.45720091440182886
0
HATCH
5
9c5
100
AcDbEntity
8
Multi-Layer
100
AcDbHatch
10
0
20
0
30
0
210
0
220
0
230
1
2
SOLID
70
1
71
0
91
1
92
7
72
1
73
1
93
4
10
87.24917449834902
20
26.92405384810764
42
-0.7853981633974483
10
87.24917449834902
20
25.400050800101546
42
0
10
86.23317246634497
20
25.400050800101546
42
-0.7853981633974483
10
86.23317246634497
20
26.92405384810764
42
0
97
1
330

75
0
76
1
47
0.4128176842155181
98
1
10
34.90568961886538
20
22.81183545379326
450
0
451
0
460
0
461
0
452
1
462
1
453
2
463
0
63
5
421
255
463
1
63
7
421
16777215
470
LINEAR
1001
ACAD
1010
0
1020
0
1030
0
 0
ARC
  5
a07
330
1F
100
AcDbEntity
  8
TopSolderMaskLayer
100
AcDbCircle
 10
16.00203200406395
 20
26.670187597518066
 30
0.0
 40
0.5284371711600566
100
AcDbArc
 50
360
 51
540
 0
ARC
  5
a08
330
1F
100
AcDbEntity
  8
TopSolderMaskLayer
100
AcDbCircle
 10
16.00203200406395
 20
26.669919082695287
 30
0.0
 40
0.5284371711600566
100
AcDbArc
 50
540
 51
360
 0
LWPOLYLINE
  5
a09
330
1F
100
AcDbEntity
  8
TopSolderMaskLayer
100
AcDbPolyline
 90
1
 70
 1
 43
0
 10
15.473594832903892
 20
26.669919082695287
 10
15.473594832903892
 20
26.670187597518066
 0
LWPOLYLINE
  5
a0a
330
1F
100
AcDbEntity
  8
TopSolderMaskLayer
100
AcDbPolyline
 90
1
 70
 1
 43
0
 10
16.530469175224006
 20
26.669919082695287
 10
16.530469175224006
 20
26.670187597518066
0
HATCH
5
a0b
100
AcDbEntity
8
TopSolderMaskLayer
100
AcDbHatch
10
0
20
0
30
0
210
0
220
0
230
1
2
SOLID
70
1
71
0
91
1
92
7
72
0
73
1
93
4
10
16.94183388366764
20
27.609855219710425
10
16.94183388366764
20
25.730251460502927
10
15.062230124460257
20
25.730251460502927
10
15.062230124460257
20
27.609855219710425
97
1
330

75
0
76
1
47
0.4128176842155181
98
1
10
34.90568961886538
20
22.81183545379326
450
0
451
0
460
0
461
0
452
1
462
1
453
2
463
0
63
5
421
255
463
1
63
7
421
16777215
470
LINEAR
1001
ACAD
1010
0
1020
0
1030
0
 0
ARC
  5
a0e
330
1F
100
AcDbEntity
  8
BottomSolderMaskLayer
100
AcDbCircle
 10
16.00203200406395
 20
26.670187597518066
 30
0.0
 40
0.5284371711600566
100
AcDbArc
 50
360
 51
540
 0
ARC
  5
a0f
330
1F
100
AcDbEntity
  8
BottomSolderMaskLayer
100
AcDbCircle
 10
16.00203200406395
 20
26.669919082695287
 30
0.0
 40
0.5284371711600566
100
AcDbArc
 50
540
 51
360
 0
LWPOLYLINE
  5
a10
330
1F
100
AcDbEntity
  8
BottomSolderMaskLayer
100
AcDbPolyline
 90
1
 70
 1
 43
0
 10
15.473594832903892
 20
26.669919082695287
 10
15.473594832903892
 20
26.670187597518066
 0
LWPOLYLINE
  5
a11
330
1F
100
AcDbEntity
  8
BottomSolderMaskLayer
100
AcDbPolyline
 90
1
 70
 1
 43
0
 10
16.530469175224006
 20
26.669919082695287
 10
16.530469175224006
 20
26.670187597518066
0
HATCH
5
a12
100
AcDbEntity
8
BottomSolderMaskLayer
100
AcDbHatch
10
0
20
0
30
0
210
0
220
0
230
1
2
SOLID
70
1
71
0
91
1
92
7
72
0
73
1
93
4
10
16.94183388366764
20
27.609855219710425
10
16.94183388366764
20
25.730251460502927
10
15.062230124460257
20
25.730251460502927
10
15.062230124460257
20
27.609855219710425
97
1
330

75
0
76
1
47
0.4128176842155181
98
1
10
34.90568961886538
20
22.81183545379326
450
0
451
0
460
0
461
0
452
1
462
1
453
2
463
0
63
5
421
255
463
1
63
7
421
16777215
470
LINEAR
1001
ACAD
1010
0
1020
0
1030
0
 0
ARC
  5
a15
330
1F
100
AcDbEntity
  8
Multi-Layer
100
AcDbCircle
 10
16.00203200406395
 20
26.67018034036073
 30
0.0
 40
0.4998729997459995
100
AcDbArc
 50
360
 51
540
 0
ARC
  5
a16
330
1F
100
AcDbEntity
  8
Multi-Layer
100
AcDbCircle
 10
16.00203200406395
 20
26.669926339852623
 30
0.0
 40
0.4998729997459995
100
AcDbArc
 50
540
 51
360
 0
LWPOLYLINE
  5
a17
330
1F
100
AcDbEntity
  8
Multi-Layer
100
AcDbPolyline
 90
1
 70
 1
 43
0
 10
15.50215900431795
 20
26.669926339852623
 10
15.50215900431795
 20
26.67018034036073
 0
LWPOLYLINE
  5
a18
330
1F
100
AcDbEntity
  8
Multi-Layer
100
AcDbPolyline
 90
1
 70
 1
 43
0
 10
16.50190500380995
 20
26.669926339852623
 10
16.50190500380995
 20
26.67018034036073
0
HATCH
5
a19
100
AcDbEntity
8
Multi-Layer
100
AcDbHatch
10
0
20
0
30
0
210
0
220
0
230
1
2
SOLID
70
1
71
0
91
1
92
7
72
0
73
1
93
4
10
16.891033782067552
20
27.559055118110223
10
16.891033782067552
20
25.78105156210313
10
15.113030226060573
20
25.78105156210313
10
15.113030226060573
20
27.559055118110223
97
1
330

75
0
76
1
47
0.4128176842155181
98
1
10
34.90568961886538
20
22.81183545379326
450
0
451
0
460
0
461
0
452
1
462
1
453
2
463
0
63
5
421
255
463
1
63
7
421
16777215
470
LINEAR
1001
ACAD
1010
0
1020
0
1030
0
  0
CIRCLE
  5
abe
330
1F
100
AcDbEntity
  8
Multi-Layer
100
AcDbCircle
 10
79.58724917449831
 20
62.611125222250394
 30
0.0
 40
0.30500381000762006
  0
CIRCLE
  5
abf
330
1F
100
AcDbEntity
  8
Hole
100
AcDbCircle
 10
79.58724917449831
 20
62.611125222250394
 30
0.0
 40
0.15250190500381003
  0
CIRCLE
  5
ac0
330
1F
100
AcDbEntity
  8
Multi-Layer
100
AcDbCircle
 10
55.82042164084328
 20
21.485902971806013
 30
0.0
 40
0.30500381000762006
  0
CIRCLE
  5
ac1
330
1F
100
AcDbEntity
  8
Hole
100
AcDbCircle
 10
55.82042164084328
 20
21.485902971806013
 30
0.0
 40
0.15250190500381003
  0
CIRCLE
  5
ac2
330
1F
100
AcDbEntity
  8
Multi-Layer
100
AcDbCircle
 10
88.44577089154177
 20
22.953009906019815
 30
0.0
 40
0.30500381000762006
  0
CIRCLE
  5
ac3
330
1F
100
AcDbEntity
  8
Hole
100
AcDbCircle
 10
88.44577089154177
 20
22.953009906019815
 30
0.0
 40
0.15250190500381003
  0
CIRCLE
  5
ac4
330
1F
100
AcDbEntity
  8
Multi-Layer
100
AcDbCircle
 10
36.486410972821886
 20
84.81229362458726
 30
0.0
 40
0.30500381000762006
  0
CIRCLE
  5
ac5
330
1F
100
AcDbEntity
  8
Hole
100
AcDbCircle
 10
36.486410972821886
 20
84.81229362458726
 30
0.0
 40
0.15250190500381003
  0
CIRCLE
  5
ac6
330
1F
100
AcDbEntity
  8
Multi-Layer
100
AcDbCircle
 10
32.10261620523238
 20
74.64516129032268
 30
0.0
 40
0.5
  0
CIRCLE
  5
ac7
330
1F
100
AcDbEntity
  8
Hole
100
AcDbCircle
 10
32.10261620523238
 20
74.64516129032268
 30
0.0
 40
0.25001270002540005
  0
CIRCLE
  5
ac8
330
1F
100
AcDbEntity
  8
Multi-Layer
100
AcDbCircle
 10
24.71069342138685
 20
43.481584963169894
 30
0.0
 40
0.5
  0
CIRCLE
  5
ac9
330
1F
100
AcDbEntity
  8
Hole
100
AcDbCircle
 10
24.71069342138685
 20
43.481584963169894
 30
0.0
 40
0.25001270002540005
  0
CIRCLE
  5
aca
330
1F
100
AcDbEntity
  8
Multi-Layer
100
AcDbCircle
 10
84.71018542037086
 20
81.7404114808229
 30
0.0
 40
0.30500381000762006
  0
CIRCLE
  5
acb
330
1F
100
AcDbEntity
  8
Hole
100
AcDbCircle
 10
84.71018542037086
 20
81.7404114808229
 30
0.0
 40
0.15250190500381003
  0
CIRCLE
  5
acc
330
1F
100
AcDbEntity
  8
Multi-Layer
100
AcDbCircle
 10
65.71145542291083
 20
71.5189230378461
 30
0.0
 40
0.30500381000762006
  0
CIRCLE
  5
acd
330
1F
100
AcDbEntity
  8
Hole
100
AcDbCircle
 10
65.71145542291083
 20
71.5189230378461
 30
0.0
 40
0.15250190500381003
  0
CIRCLE
  5
ace
330
1F
100
AcDbEntity
  8
Multi-Layer
100
AcDbCircle
 10
68.87884175768363
 20
74.68630937261878
 30
0.0
 40
0.30500381000762006
  0
CIRCLE
  5
acf
330
1F
100
AcDbEntity
  8
Hole
100
AcDbCircle
 10
68.87884175768363
 20
74.68630937261878
 30
0.0
 40
0.15250190500381003
  0
CIRCLE
  5
ad0
330
1F
100
AcDbEntity
  8
Multi-Layer
100
AcDbCircle
 10
83.93649987299978
 20
65.15113030226064
 30
0.0
 40
0.30500381000762006
  0
CIRCLE
  5
ad1
330
1F
100
AcDbEntity
  8
Hole
100
AcDbCircle
 10
83.93649987299978
 20
65.15113030226064
 30
0.0
 40
0.15250190500381003
  0
CIRCLE
  5
ad2
330
1F
100
AcDbEntity
  8
Multi-Layer
100
AcDbCircle
 10
83.93649987299978
 20
22.219456438912857
 30
0.0
 40
0.30500381000762006
  0
CIRCLE
  5
ad3
330
1F
100
AcDbEntity
  8
Hole
100
AcDbCircle
 10
83.93649987299978
 20
22.219456438912857
 30
0.0
 40
0.15250190500381003
  0
CIRCLE
  5
ad4
330
1F
100
AcDbEntity
  8
Multi-Layer
100
AcDbCircle
 10
45.51257302514614
 20
22.126746253492456
 30
0.0
 40
0.30500381000762006
  0
CIRCLE
  5
ad5
330
1F
100
AcDbEntity
  8
Hole
100
AcDbCircle
 10
45.51257302514614
 20
22.126746253492456
 30
0.0
 40
0.15250190500381003
  0
CIRCLE
  5
ad6
330
1F
100
AcDbEntity
  8
Multi-Layer
100
AcDbCircle
 10
53.94742189484373
 20
49.25628651257307
 30
0.0
 40
0.30500381000762006
  0
CIRCLE
  5
ad7
330
1F
100
AcDbEntity
  8
Hole
100
AcDbCircle
 10
53.94742189484373
 20
49.25628651257307
 30
0.0
 40
0.15250190500381003
  0
CIRCLE
  5
ad8
330
1F
100
AcDbEntity
  8
Multi-Layer
100
AcDbCircle
 10
52.00025400050822
 20
75.81356362712722
 30
0.0
 40
0.30500381000762006
  0
CIRCLE
  5
ad9
330
1F
100
AcDbEntity
  8
Hole
100
AcDbCircle
 10
52.00025400050822
 20
75.81356362712722
 30
0.0
 40
0.15250190500381003
  0
CIRCLE
  5
ada
330
1F
100
AcDbEntity
  8
Multi-Layer
100
AcDbCircle
 10
53.099568199136456
 20
48.43307086614175
 30
0.0
 40
0.30500381000762006
  0
CIRCLE
  5
adb
330
1F
100
AcDbEntity
  8
Hole
100
AcDbCircle
 10
53.099568199136456
 20
48.43307086614175
 30
0.0
 40
0.15250190500381003
  0
CIRCLE
  5
adc
330
1F
100
AcDbEntity
  8
Multi-Layer
100
AcDbCircle
 10
63.60782321564648
 20
70.61595123190239
 30
0.0
 40
0.5
  0
CIRCLE
  5
add
330
1F
100
AcDbEntity
  8
Hole
100
AcDbCircle
 10
63.60782321564648
 20
70.61595123190239
 30
0.0
 40
0.25001270002540005
  0
CIRCLE
  5
ade
330
1F
100
AcDbEntity
  8
Multi-Layer
100
AcDbCircle
 10
58.79959359918712
 20
16.335026670053367
 30
0.0
 40
0.5
  0
CIRCLE
  5
adf
330
1F
100
AcDbEntity
  8
Hole
100
AcDbCircle
 10
58.79959359918712
 20
16.335026670053367
 30
0.0
 40
0.25001270002540005
  0
CIRCLE
  5
ae0
330
1F
100
AcDbEntity
  8
Multi-Layer
100
AcDbCircle
 10
58.79959359918712
 20
60.27228854457712
 30
0.0
 40
0.5
  0
CIRCLE
  5
ae1
330
1F
100
AcDbEntity
  8
Hole
100
AcDbCircle
 10
58.79959359918712
 20
60.27228854457712
 30
0.0
 40
0.25001270002540005
  0
CIRCLE
  5
ae2
330
1F
100
AcDbEntity
  8
Multi-Layer
100
AcDbCircle
 10
64.87147574295159
 20
72.46228092456192
 30
0.0
 40
0.30500381000762006
  0
CIRCLE
  5
ae3
330
1F
100
AcDbEntity
  8
Hole
100
AcDbCircle
 10
64.87147574295159
 20
72.46228092456192
 30
0.0
 40
0.15250190500381003
  0
CIRCLE
  5
ae4
330
1F
100
AcDbEntity
  8
Multi-Layer
100
AcDbCircle
 10
42.44094488188989
 20
83.97764795529588
 30
0.0
 40
0.30500381000762006
  0
CIRCLE
  5
ae5
330
1F
100
AcDbEntity
  8
Hole
100
AcDbCircle
 10
42.44094488188989
 20
83.97764795529588
 30
0.0
 40
0.15250190500381003
  0
CIRCLE
  5
ae6
330
1F
100
AcDbEntity
  8
Multi-Layer
100
AcDbCircle
 10
67.58597917195834
 20
70.87731775463544
 30
0.0
 40
0.30500381000762006
  0
CIRCLE
  5
ae7
330
1F
100
AcDbEntity
  8
Hole
100
AcDbCircle
 10
67.58597917195834
 20
70.87731775463544
 30
0.0
 40
0.15250190500381003
  0
CIRCLE
  5
ae8
330
1F
100
AcDbEntity
  8
Multi-Layer
100
AcDbCircle
 10
66.58572517145035
 20
62.611125222250394
 30
0.0
 40
0.30500381000762006
  0
CIRCLE
  5
ae9
330
1F
100
AcDbEntity
  8
Hole
100
AcDbCircle
 10
66.58572517145035
 20
62.611125222250394
 30
0.0
 40
0.15250190500381003
  0
CIRCLE
  5
aea
330
1F
100
AcDbEntity
  8
Multi-Layer
100
AcDbCircle
 10
91
 20
85
 30
0.0
 40
1.0160020320040641
  0
CIRCLE
  5
aeb
330
1F
100
AcDbEntity
  8
Multi-Layer
100
AcDbCircle
 10
3
 20
85
 30
0.0
 40
1.0160020320040641
  0
CIRCLE
  5
aec
330
1F
100
AcDbEntity
  8
Multi-Layer
100
AcDbCircle
 10
3
 20
3
 30
0.0
 40
1.0160020320040641
  0
CIRCLE
  5
aed
330
1F
100
AcDbEntity
  8
Multi-Layer
100
AcDbCircle
 10
91
 20
3
 30
0.0
 40
1.0160020320040641
  0
CIRCLE
  5
aee
330
1F
100
AcDbEntity
  8
Multi-Layer
100
AcDbCircle
 10
19.81203962407926
 20
38.60807721615447
 30
0.0
 40
1.2500127000254
  0
CIRCLE
  5
aef
330
1F
100
AcDbEntity
  8
Multi-Layer
100
AcDbCircle
 10
50.67310134620266
 20
24.892049784099527
 30
0.0
 40
1.5875031750063502
  0
CIRCLE
  5
af0
330
1F
100
AcDbEntity
  8
Multi-Layer
100
AcDbCircle
 10
30.35306070612137
 20
24.892049784099527
 30
0.0
 40
1.5875031750063502
  0
CIRCLE
  5
af1
330
1F
100
AcDbEntity
  8
Multi-Layer
100
AcDbCircle
 10
50.67310134620266
 20
42.67208534417068
 30
0.0
 40
1.5875031750063502
  0
CIRCLE
  5
af2
330
1F
100
AcDbEntity
  8
Multi-Layer
100
AcDbCircle
 10
30.35306070612137
 20
42.67208534417068
 30
0.0
 40
1.5875031750063502
  0
CIRCLE
  5
af3
330
1F
100
AcDbEntity
  8
Multi-Layer
100
AcDbCircle
 10
49.27609855219703
 20
70.35814071628147
 30
0.0
 40
1.143002286004572
  0
CIRCLE
  5
af4
330
1F
100
AcDbEntity
  8
Multi-Layer
100
AcDbCircle
 10
49.27609855219703
 20
50.03810007620018
 30
0.0
 40
1.143002286004572
0
HATCH
5
af6
100
AcDbEntity
8
Document
100
AcDbHatch
10
0
20
0
30
0
210
0
220
0
230
1
2
SOLID
70
1
71
0
91
1
92
7
72
0
73
1
93
4
10
3.9370078740157624
20
58.16611633223272
10
7.747015494031075
20
58.16611633223272
10
7.747015494031075
20
57.912115824231705
10
3.9370078740157624
20
57.912115824231705
97
1
330

75
0
76
1
47
0.4128176842155181
98
1
10
34.90568961886538
20
22.81183545379326
450
0
451
0
460
0
461
0
452
1
462
1
453
2
463
0
63
5
421
255
463
1
63
7
421
16777215
470
LINEAR
1001
ACAD
1010
0
1020
0
1030
0
0
HATCH
5
af8
100
AcDbEntity
8
Document
100
AcDbHatch
10
0
20
0
30
0
210
0
220
0
230
1
2
SOLID
70
1
71
0
91
1
92
7
72
0
73
1
93
147
10
3.552019304038595
20
60.723114046228034
10
3.8060198120397217
20
60.723114046228034
10
3.8393560519648418
20
60.78376005062853
10
3.874501763604485
20
60.84337566683291
10
3.9114251281791894
20
60.90190692250519
10
3.950092717530879
20
60.959300827023185
10
3.990469524386981
20
61.01550541945301
10
4.032518994054044
20
61.07046981559108
10
4.0762030575115205
20
61.124144254031876
10
4.121482165877751
20
61.17648014121869
10
4.168315326215179
20
61.227430095437626
10
4.216660138642283
20
61.27694798971322
10
4.266472834719934
20
61.32498899357006
10
4.317708317076949
20
61.37150961361897
10
4.370320200238439
20
61.41646773293314
10
4.424260852620819
20
61.45982264917882
10
4.479481439653227
20
61.50153511146391
10
4.535931967990564
20
61.541567355874236
10
4.593561330774037
20
61.579883139661774
10
4.652317353900344
20
61.616447774057406
10
4.712146843256278
20
61.65122815567554
10
4.772995632878292
20
61.6841927964839
10
4.834808633990633
20
61.71531185231095
10
4.897529884879532
20
61.744557149865386
10
4.961102601556604
20
61.7719022122418
10
5.025469229169403
20
61.79732228289174
10
5.090571494106598
20
61.82079434803654
10
5.156350456755263
20
61.8422971575028
10
5.222746564862746
20
61.86181124396069
10
5.289699707449472
20
61.879318940548956
10
5.357149269231968
20
61.894804396868835
10
5.425034185498589
20
61.90825359333439
10
5.493292997394292
20
61.91965435386521
10
5.5618639075619285
20
61.92899635690924
10
5.630684836089813
20
61.93627114478761
10
5.699693476714401
20
61.94147213135227
10
5.768827353229426
20
61.94459460794769
10
5.838023876047828
20
61.94563574767426
10
5.9072203988662295
20
61.94459460794769
10
5.976354275381254
20
61.94147213135227
10
6.045362916005843
20
61.93627114478761
10
6.1141838445335
20
61.92899635690924
10
6.182754754701136
20
61.91965435386521
10
6.251013566596839
20
61.90825359333439
10
6.31889848286346
20
61.894804396868835
10
6.386348044645956
20
61.879318940548956
10
6.45330118723291
20
61.86181124396069
10
6.519697295340393
20
61.8422971575028
10
6.585476257989058
20
61.82079434803654
10
6.6505785229260255
20
61.79732228289174
10
6.714945150538824
20
61.7719022122418
10
6.778517867216124
20
61.744557149865386
10
6.841239118104795
20
61.71531185231095
10
6.903052119217364
20
61.6841927964839
10
6.963900908839378
20
61.651228155675426
10
7.023730398195312
20
61.616447774057406
10
7.082486421321619
20
61.579883139661774
10
7.140115784104864
20
61.541567355874236
10
7.196566312442428
20
61.50153511146391
10
7.251786899474837
20
61.45982264917882
10
7.3057275518569895
20
61.41646773293303
10
7.358339435018706
20
61.37150961361897
10
7.409574917375721
20
61.32498899357006
10
7.459387613453373
20
61.27694798971322
10
7.507732425880249
20
61.227430095437626
10
7.554565586217677
20
61.17648014121869
10
7.599844694584135
20
61.124144254031876
10
7.643528758041612
20
61.07046981559108
10
7.685578227708675
20
61.01550541945301
10
7.725955034564549
20
60.959300827023185
10
7.764622623916239
20
60.90190692250519
10
7.801545988491171
20
60.84337566683291
10
7.836691700130814
20
60.78376005062853
10
7.870027940055934
20
60.723114046228034
10
8.124028448056833
20
60.723114046228034
10
7.997028194056384
20
60.97711455422905
10
7.957566577568059
20
61.03796349784477
10
7.9163904993413325
20
61.097665622571526
10
7.873533265999868
20
61.15617263638478
10
7.829029544024706
20
61.21343721396431
10
7.782915331712957
20
61.26941303497563
10
7.735227930060319
20
61.32405482153706
10
7.686005912587689
20
61.377318374844776
10
7.635289094141399
20
61.42916061092399
10
7.583118498685508
20
61.479539595479196
10
7.529536326120251
20
61.52841457781358
10
7.474585918145749
20
61.57574602379236
10
7.418311723204397
20
61.62149564782089
10
7.360759260527857
20
61.665626443812585
10
7.301975083315483
20
61.7081027151238
10
7.242006741080331
20
61.7488901034269
10
7.180902741185946
20
61.787955616503154
10
7.11871250960985
20
61.82526765492935
10
7.055486350963292
20
61.8607960376371
10
6.991275407801822
20
61.89451202632722
10
6.926131619256466
20
61.926388348714795
10
6.860107679019848
20
61.95639922058922
10
6.793256992725219
20
61.98452036667095
10
6.725633634746146
20
62.0107290402475
10
6.65729230445686
20
62.03500404157205
10
6.588288281987161
20
62.05732573501234
10
6.518677383507793
20
62.07767606493371
10
6.448515916080396
20
62.096038570302994
10
6.377860632112515
20
62.11239839800464
10
6.30676868345131
20
62.12674231485471
10
6.2352975751553
20
62.13905871830491
10
6.16350511897781
20
62.149337645827586
10
6.091449386605291
20
62.15757078297452
10
6.019188662683973
20
62.16375147010251
10
5.946781397673703
20
62.16787470775955
10
5.874286160569909
20
62.16993716072943
10
5.8017615915257466
20
62.16993716072943
10
5.729266354421725
20
62.16787470775955
10
5.656859089411682
20
62.16375147010251
10
5.584598365490137
20
62.15757078297452
10
5.512542633117846
20
62.149337645827586
10
5.440750176940128
20
62.13905871830491
10
5.3692790686441185
20
62.12674231485471
10
5.29818711998314
20
62.11239839800464
10
5.22753183601526
20
62.096038570302994
10
5.157370368587863
20
62.07767606493371
10
5.087759470108267
20
62.05732573501234
10
5.018755447638796
20
62.03500404157205
10
4.95041411734951
20
62.0107290402475
10
4.882790759370209
20
61.98452036667095
10
4.815940073075581
20
61.95639922058922
10
4.749916132839189
20
61.926388348714795
10
4.684772344293606
20
61.89451202632722
10
4.620561401132363
20
61.8607960376371
10
4.557335242485806
20
61.82526765492935
10
4.495145010909482
20
61.787955616503154
10
4.434041011015097
20
61.7488901034269
10
4.374072668779945
20
61.7081027151238
10
4.315288491567799
20
61.665626443812585
10
4.257736028891031
20
61.62149564782089
10
4.201461833949907
20
61.57574602379236
10
4.146511425975405
20
61.52841457781358
10
4.09292925340992
20
61.479539595479196
10
4.040758657954029
20
61.42916061092399
10
3.9900418395077395
20
61.377318374844776
10
3.940819822035337
20
61.32405482153706
10
3.893132420382699
20
61.26941303497563
10
3.847018208070949
20
61.21343721396431
10
3.8025144860955606
20
61.15617263638478
10
3.7596572527540957
20
61.097665622571526
10
3.7184811745275965
20
61.03796349784477
10
3.6790195580390446
20
60.97711455422905
97
1
330

75
0
76
1
47
0.4128176842155181
98
1
10
34.90568961886538
20
22.81183545379326
450
0
451
0
460
0
461
0
452
1
462
1
453
2
463
0
63
5
421
255
463
1
63
7
421
16777215
470
LINEAR
1001
ACAD
1010
0
1020
0
1030
0
0
HATCH
5
afa
100
AcDbEntity
8
Document
100
AcDbHatch
10
0
20
0
30
0
210
0
220
0
230
1
2
SOLID
70
1
71
0
91
1
92
7
72
0
73
1
93
51
10
61.658623317246565
20
50.4947929895859
10
63.61442722885454
20
50.4947929895859
10
63.63100408842024
20
50.493706484807376
10
63.647297313322724
20
50.49046556086978
10
63.66302812196659
20
50.485125670880166
10
63.67792735585476
20
50.477778181836925
10
63.691740084964295
20
50.46854881131458
10
63.70422996967068
20
50.45759547640159
10
63.71518330458366
20
50.445105591695324
10
63.724412675105896
20
50.43129286258568
10
63.73176016414914
20
50.41639362869762
10
63.737100054138864
20
50.40066282005364
10
63.740340978076574
20
50.38436959515104
10
63.74142748285499
20
50.367792735585454
10
63.740340978076574
20
50.35121587601975
10
63.737100054138864
20
50.33492265111727
10
63.73176016414914
20
50.319191842473174
10
63.724412675105896
20
50.304292608585115
10
63.71518330458366
20
50.29047987947558
10
63.70422996967068
20
50.2779899947692
10
63.691740084964295
20
50.26703665985633
10
63.67792735585476
20
50.25780728933398
10
63.66302812196659
20
50.25045980029063
10
63.647297313322724
20
50.245119910301014
10
63.63100408842024
20
50.24187898636342
10
63.61442722885454
20
50.24079248158489
10
61.658623317246565
20
50.24079248158489
10
61.64204645768086
20
50.24187898636342
10
61.62575323277838
20
50.245119910301014
10
61.61002242413451
20
50.25045980029063
10
61.59512319024634
20
50.25780728933398
10
61.58131046113681
20
50.26703665985633
10
61.568820576430426
20
50.2779899947692
10
61.55786724151744
20
50.29047987947558
10
61.54863787099521
20
50.304292608585115
10
61.54129038195197
20
50.319191842473174
10
61.53595049196224
20
50.33492265111727
10
61.53270956802453
20
50.35121587601975
10
61.531623063246116
20
50.367792735585454
10
61.53270956802453
20
50.38436959515104
10
61.53595049196224
20
50.40066282005364
10
61.54129038195197
20
50.41639362869762
10
61.54863787099521
20
50.43129286258568
10
61.55786724151744
20
50.445105591695324
10
61.568820576430426
20
50.45759547640159
10
61.58131046113681
20
50.46854881131458
10
61.59512319024634
20
50.477778181836925
10
61.61002242413451
20
50.485125670880166
10
61.62575323277838
20
50.49046556086978
10
61.64204645768086
20
50.493706484807376
10
61.658623317246565
20
50.4947929895859
97
1
330

75
0
76
1
47
0.4128176842155181
98
1
10
34.90568961886538
20
22.81183545379326
450
0
451
0
460
0
461
0
452
1
462
1
453
2
463
0
63
5
421
255
463
1
63
7
421
16777215
470
LINEAR
1001
ACAD
1010
0
1020
0
1030
0
0
HATCH
5
afc
100
AcDbEntity
8
Document
100
AcDbHatch
10
0
20
0
30
0
210
0
220
0
230
1
2
SOLID
70
1
71
0
91
1
92
7
72
0
73
1
93
106
10
60.947421894843956
20
50.95199390398784
10
60.98269508358453
20
50.95092806063326
10
61.017839564284486
20
50.94773441971688
10
61.05272709854535
20
50.94242463448779
10
61.08723038553785
20
50.935018079776455
10
61.12122352650954
20
50.92554178129785
10
61.154582484175535
20
50.91403031703737
10
61.18718553531676
20
50.900525691079906
10
61.21891371493575
20
50.885077180340886
10
61.24965125034532
20
50.86774115476078
10
61.27928598361245
20
50.84858087161683
10
61.30770978080932
20
50.82766624470423
10
61.33481892658233
20
50.80507358922864
10
61.360514502598335
20
50.78088534333983
10
61.38470274848737
20
50.755189767323714
10
61.40729540396296
20
50.7280806215507
10
61.428210030875334
20
50.69965682435384
10
61.44737031401928
20
50.67002209108671
10
61.46470633959939
20
50.63928455567702
10
61.48015485033852
20
50.60755637605814
10
61.49365947629599
20
50.574953324916805
10
61.505170940556354
20
50.54159436725081
10
61.51464723903496
20
50.50760122627912
10
61.52205379374641
20
50.47309793928662
10
61.52736357897561
20
50.43821040502587
10
61.53055721989199
20
50.4030659243258
10
61.531623063246116
20
50.367792735585454
10
61.53270956802453
20
50.35121587601975
10
61.53595049196224
20
50.33492265111727
10
61.54129038195197
20
50.319191842473174
10
61.54863787099521
20
50.304292608585115
10
61.55786724151744
20
50.29047987947558
10
61.568820576430426
20
50.2779899947692
10
61.58131046113681
20
50.26703665985633
10
61.59512319024634
20
50.25780728933398
10
61.61002242413451
20
50.25045980029063
10
61.62575323277838
20
50.245119910301014
10
61.64204645768086
20
50.24187898636342
10
61.658623317246565
20
50.24079248158489
10
61.675200176812496
20
50.24187898636342
10
61.69149340171475
20
50.245119910301014
10
61.707224210358845
20
50.25045980029063
10
61.72212344424702
20
50.25780728933398
10
61.73593617335632
20
50.26703665985633
10
61.74842605806293
20
50.2779899947692
10
61.759379392975916
20
50.29047987947558
10
61.76860876349815
20
50.304292608585115
10
61.77595625254139
20
50.319191842473174
10
61.78129614253112
20
50.33492265111727
10
61.78453706646883
20
50.35121587601975
10
61.78562357124747
20
50.367792735585454
10
61.78454774540637
20
50.41024695381441
10
61.78132302951326
20
50.45259219267416
10
61.77595770136736
20
50.4947197525438
10
61.768465533689096
20
50.5365214925813
10
61.758865758765296
20
50.57789010831948
10
61.747183019080694
20
50.61871940711501
10
61.73344730406052
20
50.65890458074364
10
61.71769387308814
20
50.69834247444089
10
61.69996316499487
20
50.73693185169918
10
61.6803006942539
20
50.774573654140795
10
61.65875693414637
20
50.81117125579851
10
61.63538718719451
20
50.84663071115381
10
61.610251443204106
20
50.88086099629345
10
61.583414225269735
20
50.91377424256632
10
61.55494442414465
20
50.945285962141156
10
61.524915121399545
20
50.97531526488592
10
61.49340340182471
20
51.00378506601123
10
61.46049015555195
20
51.03062228394572
10
61.42625987041242
20
51.05575802793601
10
61.3908004150569
20
51.07912777488764
10
61.3542028133993
20
51.1006715349954
10
61.31656101095791
20
51.120334005736254
10
61.27797163369928
20
51.13806471382952
10
61.23853374000214
20
51.1538181448019
10
61.1983485663734
20
51.16755385982219
10
61.15751926757798
20
51.179236599506794
10
61.11615065183969
20
51.18883637443048
10
61.07434891180242
20
51.19632854210886
10
61.03222135193255
20
51.20169387025476
10
60.989876113072796
20
51.20491858614787
10
60.94742189484373
20
51.205994411988854
10
60.930845035278026
20
51.20490790721021
10
60.91455181037554
20
51.20166698327262
10
60.898821001731676
20
51.19632709328312
10
60.8839217678435
20
51.18897960423976
10
60.87010903873397
20
51.179750233717414
10
60.85761915402759
20
51.168796898804544
10
60.846665819114605
20
51.15630701409816
10
60.83743644859237
20
51.142494284988516
10
60.8300889595489
20
51.12759505110046
10
60.8247490695594
20
51.11186424245648
10
60.82150814562169
20
51.09557101755399
10
60.82042164084328
20
51.07899415798829
10
60.82150814562169
20
51.0624172984227
10
60.8247490695594
20
51.046124073520105
10
60.8300889595489
20
51.030393264876125
10
60.83743644859237
20
51.015494030988066
10
60.846665819114605
20
51.00168130187842
10
60.85761915402759
20
50.98919141717215
10
60.87010903873397
20
50.97823808225917
10
60.8839217678435
20
50.96900871173682
10
60.898821001731676
20
50.96166122269358
10
60.91455181037554
20
50.956321332703965
10
60.930845035278026
20
50.95308040876637
10
60.94742189484373
20
50.95199390398784
97
1
330

75
0
76
1
47
0.4128176842155181
98
1
10
34.90568961886538
20
22.81183545379326
450
0
451
0
460
0
461
0
452
1
462
1
453
2
463
0
63
5
421
255
463
1
63
7
421
16777215
470
LINEAR
1001
ACAD
1010
0
1020
0
1030
0
0
HATCH
5
afe
100
AcDbEntity
8
Document
100
AcDbHatch
10
0
20
0
30
0
210
0
220
0
230
1
2
SOLID
70
1
71
0
91
1
92
7
72
0
73
1
93
108
10
60.26162052324116
20
50.34239268478541
10
60.26265187202148
20
50.37783784337955
10
60.265742428605336
20
50.413163066776974
10
60.270881735527155
20
50.448248825603514
10
60.278052402999265
20
50.48297640075748
10
60.287230167752796
20
50.51722828511731
10
60.29838397513663
20
50.55088858114857
10
60.31147608419769
20
50.5838433930644
10
60.3264621953831
20
50.61598121221266
10
60.34329160043603
20
50.647193294386625
10
60.36190735397736
20
50.67737402778005
10
60.38224646618937
20
50.70642129034468
10
60.404240115954735
20
50.734236795338575
10
60.42781388372464
20
50.76072642389761
10
60.452888003331054
20
50.785800543504024
10
60.4793776318902
20
50.80937431127404
10
60.5071931368841
20
50.831367961039405
10
60.536240399448616
20
50.85170707325153
10
60.56642113284215
20
50.870322826792744
10
60.59763321501623
20
50.887152231845675
10
60.62977103416438
20
50.90213834303097
10
60.66272584608009
20
50.91523045209203
10
60.69638614211158
20
50.926384259476094
10
60.7306380264713
20
50.93556202422951
10
60.76536560162526
20
50.942732691701735
10
60.80045136045169
20
50.947871998623555
10
60.83577658384934
20
50.95096255520741
10
60.87122174244337
20
50.95199390398784
10
60.88779860200907
20
50.95308040876637
10
60.904091826911554
20
50.956321332703965
10
60.91982263555542
20
50.96166122269358
10
60.93472186944359
20
50.96900871173682
10
60.948534598553124
20
50.97823808225917
10
60.96102448325951
20
50.98919141717215
10
60.97197781817272
20
51.00168130187842
10
60.98120718869495
20
51.015494030988066
10
60.98855467773819
20
51.030393264876125
10
60.99389456772769
20
51.046124073520105
10
60.997135491665404
20
51.0624172984227
10
60.99822199644382
20
51.07899415798829
10
60.997135491665404
20
51.09557101755399
10
60.99389456772769
20
51.11186424245648
10
60.98855467773819
20
51.12759505110046
10
60.98120718869495
20
51.142494284988516
10
60.97197781817272
20
51.15630701409816
10
60.96102448325951
20
51.168796898804544
10
60.948534598553124
20
51.179750233717414
10
60.93472186944359
20
51.18897960423976
10
60.91982263555542
20
51.19632709328312
10
60.904091826911554
20
51.20166698327262
10
60.88779860200907
20
51.20490790721021
10
60.87122174244337
20
51.20599441198897
10
60.8288468141443
20
51.2049541658871
10
60.786573970759264
20
51.20183593362606
10
60.74450505127015
20
51.196647227300105
10
60.70274140338938
20
51.18940054695736
10
60.66138363940263
20
51.18011335048561
10
60.62053139378577
20
51.16880801155446
10
60.58028308317648
20
51.15551176571569
10
60.54073566928082
20
51.140256644790156
10
60.501984425282444
20
51.12307939970026
10
60.464122706322314
20
51.10402141193401
10
60.42724172459816
20
51.08312859385353
10
60.391430329624654
20
51.060451278087044
10
60.35677479418973
20
51.03604409627485
10
60.323358606513466
20
51.009965847455874
10
60.29126226911853
20
50.98227935641535
10
60.260563104893436
20
50.95305132233534
10
60.23133507081366
20
50.92235215811024
10
60.20364857977302
20
50.890255820715424
10
60.17757033095381
20
50.856839633039044
10
60.15316314914162
20
50.822184097603895
10
60.13048583337536
20
50.78637270263073
10
60.10959301529488
20
50.74949172090635
10
60.09053502752863
20
50.711630001946446
10
60.073357782438734
20
50.67287875794807
10
60.0581026615132
20
50.63333134405218
10
60.0448064156742
20
50.59308303344312
10
60.03350107674328
20
50.55223078782603
10
60.02421388027142
20
50.51087302383917
10
60.016967199928786
20
50.469109375958396
10
60.01177849360283
20
50.427040456469626
10
60.008660261341674
20
50.38476761308448
10
60.007620015240036
20
50.342392684785295
10
60.00870652001845
20
50.325815825219706
10
60.01194744395616
20
50.30952260031711
10
60.01728733394589
20
50.29379179167313
10
60.02463482298913
20
50.27889255778507
10
60.03386419351136
20
50.265079828675425
10
60.044817528424346
20
50.252589943969156
10
60.05730741313073
20
50.24163660905617
10
60.07112014224026
20
50.232407238533824
10
60.086019376128434
20
50.22505974949058
10
60.1017501847723
20
50.21971985950097
10
60.11804340967478
20
50.21647893556337
10
60.134620269240486
20
50.215392430784846
10
60.151197128806416
20
50.21647893556337
10
60.16749035370867
20
50.21971985950097
10
60.18322116235254
20
50.22505974949058
10
60.19812039624071
20
50.232407238533824
10
60.21193312535024
20
50.24163660905617
10
60.22442301005685
20
50.252589943969156
10
60.235376344969836
20
50.265079828675425
10
60.24460571549207
20
50.27889255778507
10
60.25195320453531
20
50.29379179167313
10
60.25729309452504
20
50.30952260031711
10
60.26053401846252
20
50.325815825219706
10
60.26162052324116
20
50.342392684785295
97
1
330

75
0
76
1
47
0.4128176842155181
98
1
10
34.90568961886538
20
22.81183545379326
450
0
451
0
460
0
461
0
452
1
462
1
453
2
463
0
63
5
421
255
463
1
63
7
421
16777215
470
LINEAR
1001
ACAD
1010
0
1020
0
1030
0
0
HATCH
5
b00
100
AcDbEntity
8
Document
100
AcDbHatch
10
0
20
0
30
0
210
0
220
0
230
1
2
SOLID
70
1
71
0
91
1
92
7
72
0
73
1
93
51
10
57.92481584963184
20
50.46939293878586
10
60.134620269240486
20
50.46939293878586
10
60.151197128806416
20
50.46830643400733
10
60.16749035370867
20
50.465065510069735
10
60.18322116235254
20
50.45972562008012
10
60.19812039624071
20
50.45237813103677
10
60.21193312535024
20
50.44314876051442
10
60.22442301005685
20
50.43219542560155
10
60.235376344969836
20
50.419705540895166
10
60.24460571549207
20
50.405892811785634
10
60.25195320453531
20
50.390993577897575
10
60.25729309452504
20
50.37526276925348
10
60.26053401846252
20
50.358969544351
10
60.26162052324116
20
50.342392684785295
10
60.26053401846252
20
50.325815825219706
10
60.25729309452504
20
50.30952260031711
10
60.25195320453531
20
50.29379179167313
10
60.24460571549207
20
50.27889255778507
10
60.235376344969836
20
50.265079828675425
10
60.22442301005685
20
50.252589943969156
10
60.21193312535024
20
50.24163660905617
10
60.19812039624071
20
50.232407238533824
10
60.18322116235254
20
50.22505974949058
10
60.16749035370867
20
50.21971985950097
10
60.151197128806416
20
50.21647893556337
10
60.134620269240486
20
50.215392430784846
10
57.92481584963184
20
50.215392430784846
10
57.90823899006591
20
50.21647893556337
10
57.891945765163655
20
50.21971985950097
10
57.87621495651979
20
50.22505974949058
10
57.861315722631616
20
50.232407238533824
10
57.847502993522085
20
50.24163660905617
10
57.835013108815474
20
50.252589943969156
10
57.82405977390249
20
50.265079828675425
10
57.814830403380256
20
50.27889255778507
10
57.807482914337015
20
50.29379179167313
10
57.802143024347515
20
50.30952260031711
10
57.798902100409805
20
50.325815825219706
10
57.797815595631164
20
50.342392684785295
10
57.798902100409805
20
50.358969544351
10
57.802143024347515
20
50.37526276925348
10
57.807482914337015
20
50.390993577897575
10
57.814830403380256
20
50.405892811785634
10
57.82405977390249
20
50.419705540895166
10
57.835013108815474
20
50.43219542560155
10
57.847502993522085
20
50.44314876051442
10
57.861315722631616
20
50.45237813103677
10
57.87621495651979
20
50.45972562008012
10
57.891945765163655
20
50.465065510069735
10
57.90823899006591
20
50.46830643400733
10
57.92481584963184
20
50.46939293878586
97
1
330

75
0
76
1
47
0.4128176842155181
98
1
10
34.90568961886538
20
22.81183545379326
450
0
451
0
460
0
461
0
452
1
462
1
453
2
463
0
63
5
421
255
463
1
63
7
421
16777215
470
LINEAR
1001
ACAD
1010
0
1020
0
1030
0
0
HATCH
5
b02
100
AcDbEntity
8
Document
100
AcDbHatch
10
0
20
0
30
0
210
0
220
0
230
1
2
SOLID
70
1
71
0
91
1
92
7
72
0
73
1
93
51
10
61.658623317246565
20
27.126746253492456
10
63.61442722885454
20
27.126746253492456
10
63.63100408842024
20
27.12565974871393
10
63.647297313322724
20
27.122418824776332
10
63.66302812196659
20
27.11707893478672
10
63.67792735585476
20
27.109731445743364
10
63.691740084964295
20
27.100502075221016
10
63.70422996967068
20
27.089548740308146
10
63.71518330458366
20
27.077058855601763
10
63.724412675105896
20
27.06324612649223
10
63.73176016414914
20
27.048346892604172
10
63.737100054138864
20
27.03261608396008
10
63.740340978076574
20
27.016322859057595
10
63.74142748285499
20
26.999745999491893
10
63.740340978076574
20
26.983169139926304
10
63.737100054138864
20
26.966875915023707
10
63.73176016414914
20
26.951145106379727
10
63.724412675105896
20
26.936245872491668
10
63.71518330458366
20
26.922433143382023
10
63.70422996967068
20
26.909943258675753
10
63.691740084964295
20
26.89898992376277
10
63.67792735585476
20
26.88976055324042
10
63.66302812196659
20
26.88241306419718
10
63.647297313322724
20
26.877073174207567
10
63.63100408842024
20
26.87383225026997
10
63.61442722885454
20
26.872745745491443
10
61.658623317246565
20
26.872745745491443
10
61.64204645768086
20
26.87383225026997
10
61.62575323277838
20
26.877073174207567
10
61.61002242413451
20
26.88241306419718
10
61.59512319024634
20
26.88976055324042
10
61.58131046113681
20
26.89898992376277
10
61.568820576430426
20
26.909943258675753
10
61.55786724151744
20
26.922433143382023
10
61.54863787099521
20
26.936245872491668
10
61.54129038195197
20
26.951145106379727
10
61.53595049196224
20
26.966875915023707
10
61.53270956802453
20
26.983169139926304
10
61.531623063246116
20
26.999745999491893
10
61.53270956802453
20
27.016322859057595
10
61.53595049196224
20
27.03261608396008
10
61.54129038195197
20
27.048346892604172
10
61.54863787099521
20
27.06324612649223
10
61.55786724151744
20
27.077058855601763
10
61.568820576430426
20
27.089548740308146
10
61.58131046113681
20
27.100502075221016
10
61.59512319024634
20
27.109731445743364
10
61.61002242413451
20
27.11707893478672
10
61.62575323277838
20
27.122418824776332
10
61.64204645768086
20
27.12565974871393
10
61.658623317246565
20
27.126746253492456
97
1
330

75
0
76
1
47
0.4128176842155181
98
1
10
34.90568961886538
20
22.81183545379326
450
0
451
0
460
0
461
0
452
1
462
1
453
2
463
0
63
5
421
255
463
1
63
7
421
16777215
470
LINEAR
1001
ACAD
1010
0
1020
0
1030
0
0
HATCH
5
b04
100
AcDbEntity
8
Document
100
AcDbHatch
10
0
20
0
30
0
210
0
220
0
230
1
2
SOLID
70
1
71
0
91
1
92
7
72
0
73
1
93
106
10
60.947421894843956
20
27.58394716789428
10
60.98269508358453
20
27.582881324539812
10
61.017839564284486
20
27.57968768362332
10
61.05272709854535
20
27.574377898394346
10
61.08723038553785
20
27.566971343682894
10
61.12122352650954
20
27.55749504520429
10
61.154582484175535
20
27.545983580943926
10
61.18718553531676
20
27.53247895498646
10
61.21891371493575
20
27.51703044424744
10
61.24965125034532
20
27.49969441866733
10
61.27928598361245
20
27.48053413552327
10
61.30770978080932
20
27.459619508610785
10
61.33481892658233
20
27.437026853135194
10
61.360514502598335
20
27.412838607246385
10
61.38470274848737
20
27.387143031230266
10
61.40729540396296
20
27.360033885457256
10
61.428210030875334
20
27.33161008826039
10
61.44737031401928
20
27.30197535499326
10
61.46470633959939
20
27.271237819583575
10
61.48015485033852
20
27.239509639964695
10
61.49365947629599
20
27.206906588823358
10
61.505170940556354
20
27.173547631157362
10
61.51464723903496
20
27.139554490185674
10
61.52205379374641
20
27.10505120319317
10
61.52736357897561
20
27.070163668932423
10
61.53055721989199
20
27.035019188232354
10
61.531623063246116
20
26.999745999491893
10
61.53270956802453
20
26.983169139926304
10
61.53595049196224
20
26.966875915023707
10
61.54129038195197
20
26.951145106379727
10
61.54863787099521
20
26.936245872491668
10
61.55786724151744
20
26.922433143382023
10
61.568820576430426
20
26.909943258675753
10
61.58131046113681
20
26.89898992376277
10
61.59512319024634
20
26.88976055324042
10
61.61002242413451
20
26.88241306419718
10
61.62575323277838
20
26.877073174207567
10
61.64204645768086
20
26.87383225026997
10
61.658623317246565
20
26.872745745491443
10
61.675200176812496
20
26.87383225026997
10
61.69149340171475
20
26.877073174207567
10
61.707224210358845
20
26.88241306419718
10
61.72212344424702
20
26.88976055324042
10
61.73593617335632
20
26.89898992376277
10
61.74842605806293
20
26.909943258675753
10
61.759379392975916
20
26.922433143382023
10
61.76860876349815
20
26.936245872491668
10
61.77595625254139
20
26.951145106379727
10
61.78129614253112
20
26.966875915023707
10
61.78453706646883
20
26.983169139926304
10
61.78562357124747
20
26.999745999491893
10
61.78454774540637
20
27.04220021772096
10
61.78132302951326
20
27.084545456580713
10
61.77595770136736
20
27.126673016450354
10
61.768465533689096
20
27.168474756487853
10
61.758865758765296
20
27.20984337222592
10
61.747183019080694
20
27.25067267102156
10
61.73344730406052
20
27.29085784465019
10
61.71769387308814
20
27.330295738347445
10
61.69996316499487
20
27.368885115605735
10
61.6803006942539
20
27.406526918047348
10
61.65875693414637
20
27.443124519705066
10
61.63538718719451
20
27.47858397506036
10
61.610251443204106
20
27.51281426019989
10
61.583414225269735
20
27.54572750647276
10
61.55494442414465
20
27.57723922604771
10
61.524915121399545
20
27.607268528792474
10
61.49340340182471
20
27.635738329917785
10
61.46049015555195
20
27.66257554785227
10
61.42625987041242
20
27.68771129184256
10
61.3908004150569
20
27.71108103879419
10
61.3542028133993
20
27.732624798901952
10
61.31656101095791
20
27.752287269642693
10
61.27797163369928
20
27.770017977736074
10
61.23853374000214
20
27.785771408708456
10
61.1983485663734
20
27.799507123728745
10
61.15751926757798
20
27.811189863413347
10
61.11615065183969
20
27.820789638337033
10
61.07434891180242
20
27.828281806015298
10
61.03222135193255
20
27.833647134161197
10
60.989876113072796
20
27.836871850054422
10
60.94742189484373
20
27.837947675895293
10
60.930845035278026
20
27.836861171116766
10
60.91455181037554
20
27.83362024717917
10
60.898821001731676
20
27.828280357189556
10
60.8839217678435
20
27.820932868146315
10
60.87010903873397
20
27.811703497623967
10
60.85761915402759
20
27.800750162710983
10
60.846665819114605
20
27.788260278004714
10
60.83743644859237
20
27.77444754889507
10
60.8300889595489
20
27.75954831500701
10
60.8247490695594
20
27.74381750636303
10
60.82150814562169
20
27.727524281460433
10
60.82042164084328
20
27.710947421894844
10
60.82150814562169
20
27.69437056232914
10
60.8247490695594
20
27.678077337426657
10
60.8300889595489
20
27.662346528782678
10
60.83743644859237
20
27.64744729489462
10
60.846665819114605
20
27.633634565784973
10
60.85761915402759
20
27.62114468107859
10
60.87010903873397
20
27.61019134616572
10
60.8839217678435
20
27.600961975643372
10
60.898821001731676
20
27.593614486600018
10
60.91455181037554
20
27.588274596610518
10
60.930845035278026
20
27.58503367267292
10
60.94742189484373
20
27.58394716789428
97
1
330

75
0
76
1
47
0.4128176842155181
98
1
10
34.90568961886538
20
22.81183545379326
450
0
451
0
460
0
461
0
452
1
462
1
453
2
463
0
63
5
421
255
463
1
63
7
421
16777215
470
LINEAR
1001
ACAD
1010
0
1020
0
1030
0
0
HATCH
5
b06
100
AcDbEntity
8
Document
100
AcDbHatch
10
0
20
0
30
0
210
0
220
0
230
1
2
SOLID
70
1
71
0
91
1
92
7
72
0
73
1
93
108
10
60.26162052324116
20
26.974345948691962
10
60.26265187202148
20
27.009791107286105
10
60.265742428605336
20
27.045116330683527
10
60.270881735527155
20
27.080202089509953
10
60.278052402999265
20
27.114929664664032
10
60.287230167752796
20
27.149181549023865
10
60.29838397513663
20
27.182841845055123
10
60.31147608419769
20
27.215796656970838
10
60.3264621953831
20
27.247934476119212
10
60.34329160043603
20
27.279146558293178
10
60.36190735397736
20
27.3093272916866
10
60.38224646618937
20
27.33837455425123
10
60.404240115954735
20
27.366190059245127
10
60.42781388372464
20
27.39267968780416
10
60.452888003331054
20
27.417753807410577
10
60.4793776318902
20
27.441327575180594
10
60.5071931368841
20
27.463321224945958
10
60.536240399448616
20
27.48366033715797
10
60.56642113284215
20
27.502276090699297
10
60.59763321501623
20
27.519105495752115
10
60.62977103416438
20
27.534091606937523
10
60.66272584608009
20
27.547183715998585
10
60.69638614211158
20
27.558337523382647
10
60.7306380264713
20
27.567515288136065
10
60.76536560162526
20
27.574685955608174
10
60.80045136045169
20
27.579825262530107
10
60.83577658384934
20
27.58291581911385
10
60.87122174244337
20
27.58394716789428
10
60.88779860200907
20
27.58503367267292
10
60.904091826911554
20
27.588274596610518
10
60.91982263555542
20
27.593614486600018
10
60.93472186944359
20
27.600961975643372
10
60.948534598553124
20
27.61019134616572
10
60.96102448325951
20
27.62114468107859
10
60.97197781817272
20
27.633634565784973
10
60.98120718869495
20
27.64744729489462
10
60.98855467773819
20
27.662346528782678
10
60.99389456772769
20
27.678077337426657
10
60.997135491665404
20
27.69437056232914
10
60.99822199644382
20
27.710947421894844
10
60.997135491665404
20
27.727524281460433
10
60.99389456772769
20
27.74381750636303
10
60.98855467773819
20
27.75954831500701
10
60.98120718869495
20
27.77444754889507
10
60.97197781817272
20
27.788260278004714
10
60.96102448325951
20
27.800750162710983
10
60.948534598553124
20
27.811703497623967
10
60.93472186944359
20
27.820932868146315
10
60.91982263555542
20
27.828280357189556
10
60.904091826911554
20
27.83362024717917
10
60.88779860200907
20
27.836861171116766
10
60.87122174244337
20
27.837947675895407
10
60.8288468141443
20
27.836907429793655
10
60.786573970759264
20
27.83378919753261
10
60.74450505127015
20
27.828600491206657
10
60.70274140338938
20
27.82135381086391
10
60.66138363940263
20
27.812066614392165
10
60.62053139378577
20
27.800761275461014
10
60.58028308317648
20
27.78746502962224
10
60.54073566928082
20
27.77220990869671
10
60.501984425282444
20
27.755032663606812
10
60.464122706322314
20
27.735974675840566
10
60.42724172459816
20
27.715081857760083
10
60.391430329624654
20
27.692404541993596
10
60.35677479418973
20
27.667997360181403
10
60.323358606513466
20
27.641919111362313
10
60.29126226911853
20
27.6142326203219
10
60.260563104893436
20
27.585004586241894
10
60.23133507081366
20
27.554305422016796
10
60.20364857977302
20
27.522209084621977
10
60.17757033095381
20
27.488792896945483
10
60.15316314914162
20
27.454137361510448
10
60.13048583337536
20
27.418325966537168
10
60.10959301529488
20
27.3814449848129
10
60.09053502752863
20
27.343583265853
10
60.073357782438734
20
27.304832021854622
10
60.0581026615132
20
27.265284607958733
10
60.0448064156742
20
27.22503629734956
10
60.03350107674328
20
27.184184051732586
10
60.02421388027142
20
27.14282628774572
10
60.016967199928786
20
27.10106263986495
10
60.01177849360283
20
27.058993720376066
10
60.008660261341674
20
27.016720876990917
10
60.007620015240036
20
26.974345948691848
10
60.00870652001845
20
26.95776908912626
10
60.01194744395616
20
26.941475864223662
10
60.01728733394589
20
26.925745055579682
10
60.02463482298913
20
26.910845821691623
10
60.03386419351136
20
26.897033092581978
10
60.044817528424346
20
26.88454320787571
10
60.05730741313073
20
26.873589872962725
10
60.07112014224026
20
26.864360502440377
10
60.086019376128434
20
26.857013013397136
10
60.1017501847723
20
26.851673123407522
10
60.11804340967478
20
26.848432199469926
10
60.134620269240486
20
26.8473456946914
10
60.151197128806416
20
26.848432199469926
10
60.16749035370867
20
26.851673123407522
10
60.18322116235254
20
26.857013013397136
10
60.19812039624071
20
26.864360502440377
10
60.21193312535024
20
26.873589872962725
10
60.22442301005685
20
26.88454320787571
10
60.235376344969836
20
26.897033092581978
10
60.24460571549207
20
26.910845821691623
10
60.25195320453531
20
26.925745055579682
10
60.25729309452504
20
26.941475864223662
10
60.26053401846252
20
26.95776908912626
10
60.26162052324116
20
26.974345948691848
97
1
330

75
0
76
1
47
0.4128176842155181
98
1
10
34.90568961886538
20
22.81183545379326
450
0
451
0
460
0
461
0
452
1
462
1
453
2
463
0
63
5
421
255
463
1
63
7
421
16777215
470
LINEAR
1001
ACAD
1010
0
1020
0
1030
0
0
HATCH
5
b08
100
AcDbEntity
8
Document
100
AcDbHatch
10
0
20
0
30
0
210
0
220
0
230
1
2
SOLID
70
1
71
0
91
1
92
7
72
0
73
1
93
51
10
57.92481584963184
20
27.10134620269241
10
60.134620269240486
20
27.10134620269241
10
60.151197128806416
20
27.10025969791377
10
60.16749035370867
20
27.097018773976174
10
60.18322116235254
20
27.09167888398656
10
60.19812039624071
20
27.08433139494332
10
60.21193312535024
20
27.07510202442097
10
60.22442301005685
20
27.0641486895081
10
60.235376344969836
20
27.05165880480172
10
60.24460571549207
20
27.037846075692073
10
60.25195320453531
20
27.022946841804014
10
60.25729309452504
20
27.007216033160034
10
60.26053401846252
20
26.99092280825755
10
60.26162052324116
20
26.974345948691848
10
60.26053401846252
20
26.95776908912626
10
60.25729309452504
20
26.941475864223662
10
60.25195320453531
20
26.925745055579682
10
60.24460571549207
20
26.910845821691623
10
60.235376344969836
20
26.897033092581978
10
60.22442301005685
20
26.88454320787571
10
60.21193312535024
20
26.873589872962725
10
60.19812039624071
20
26.864360502440377
10
60.18322116235254
20
26.857013013397136
10
60.16749035370867
20
26.851673123407522
10
60.151197128806416
20
26.848432199469926
10
60.134620269240486
20
26.8473456946914
10
57.92481584963184
20
26.8473456946914
10
57.90823899006591
20
26.848432199469926
10
57.891945765163655
20
26.851673123407522
10
57.87621495651979
20
26.857013013397136
10
57.861315722631616
20
26.864360502440377
10
57.847502993522085
20
26.873589872962725
10
57.835013108815474
20
26.88454320787571
10
57.82405977390249
20
26.897033092581978
10
57.814830403380256
20
26.910845821691623
10
57.807482914337015
20
26.925745055579682
10
57.802143024347515
20
26.941475864223662
10
57.798902100409805
20
26.95776908912626
10
57.797815595631164
20
26.974345948691848
10
57.798902100409805
20
26.99092280825755
10
57.802143024347515
20
27.007216033160034
10
57.807482914337015
20
27.022946841804014
10
57.814830403380256
20
27.037846075692073
10
57.82405977390249
20
27.05165880480172
10
57.835013108815474
20
27.0641486895081
10
57.847502993522085
20
27.07510202442097
10
57.861315722631616
20
27.08433139494332
10
57.87621495651979
20
27.09167888398656
10
57.891945765163655
20
27.097018773976174
10
57.90823899006591
20
27.10025969791377
10
57.92481584963184
20
27.10134620269241
97
1
330

75
0
76
1
47
0.4128176842155181
98
1
10
34.90568961886538
20
22.81183545379326
450
0
451
0
460
0
461
0
452
1
462
1
453
2
463
0
63
5
421
255
463
1
63
7
421
16777215
470
LINEAR
1001
ACAD
1010
0
1020
0
1030
0
0
HATCH
5
b0a
100
AcDbEntity
8
TopSilkLayer
100
AcDbHatch
10
0
20
0
30
0
210
0
220
0
230
1
2
SOLID
70
1
71
0
91
1
92
7
72
0
73
1
93
4
10
16.256032512065076
20
26.924053848107746
10
15.74803149606305
20
26.924053848107746
10
15.74803149606305
20
26.416052832105606
10
16.256032512065076
20
26.416052832105606
97
1
330

75
0
76
1
47
0.4128176842155181
98
1
10
34.90568961886538
20
22.81183545379326
450
0
451
0
460
0
461
0
452
1
462
1
453
2
463
0
63
5
421
255
463
1
63
7
421
16777215
470
LINEAR
1001
ACAD
1010
0
1020
0
1030
0
0
HATCH
5
b0c
100
AcDbEntity
8
TopSilkLayer
100
AcDbHatch
10
0
20
0
30
0
210
0
220
0
230
1
2
SOLID
70
1
71
0
91
1
92
7
72
0
73
1
93
4
10
23.876047752095474
20
26.924053848107746
10
23.368046736093447
20
26.924053848107746
10
23.368046736093447
20
26.416052832105606
10
23.876047752095474
20
26.416052832105606
97
1
330

75
0
76
1
47
0.4128176842155181
98
1
10
34.90568961886538
20
22.81183545379326
450
0
451
0
460
0
461
0
452
1
462
1
453
2
463
0
63
5
421
255
463
1
63
7
421
16777215
470
LINEAR
1001
ACAD
1010
0
1020
0
1030
0
0
HATCH
5
b0e
100
AcDbEntity
8
TopSilkLayer
100
AcDbHatch
10
0
20
0
30
0
210
0
220
0
230
1
2
SOLID
70
1
71
0
91
1
92
7
72
0
73
1
93
4
10
21.33604267208534
20
26.924053848107746
10
20.828041656083315
20
26.924053848107746
10
20.828041656083315
20
26.416052832105606
10
21.33604267208534
20
26.416052832105606
97
1
330

75
0
76
1
47
0.4128176842155181
98
1
10
34.90568961886538
20
22.81183545379326
450
0
451
0
460
0
461
0
452
1
462
1
453
2
463
0
63
5
421
255
463
1
63
7
421
16777215
470
LINEAR
1001
ACAD
1010
0
1020
0
1030
0
0
HATCH
5
b10
100
AcDbEntity
8
TopSilkLayer
100
AcDbHatch
10
0
20
0
30
0
210
0
220
0
230
1
2
SOLID
70
1
71
0
91
1
92
7
72
0
73
1
93
4
10
18.79603759207521
20
26.924053848107746
10
18.288036576073182
20
26.924053848107746
10
18.288036576073182
20
26.416052832105606
10
18.79603759207521
20
26.416052832105606
97
1
330

75
0
76
1
47
0.4128176842155181
98
1
10
34.90568961886538
20
22.81183545379326
450
0
451
0
460
0
461
0
452
1
462
1
453
2
463
0
63
5
421
255
463
1
63
7
421
16777215
470
LINEAR
1001
ACAD
1010
0
1020
0
1030
0
  0
ENDSEC
  0
SECTION
  2
OBJECTS
  0
DICTIONARY
  5
C
330
0
100
AcDbDictionary
281
     1
  3
ACAD_CIP_PREVIOUS_PRODUCT_INFO
350
216
  3
ACAD_COLOR
350
6B
  3
ACAD_DETAILVIEWSTYLE
350
21B
  3
ACAD_GROUP
350
D
  3
ACAD_LAYOUT
350
1A
  3
ACAD_MATERIAL
350
6A
  3
ACAD_MLEADERSTYLE
350
12D
  3
ACAD_MLINESTYLE
350
17
  3
ACAD_PLOTSETTINGS
350
19
  3
ACAD_PLOTSTYLENAME
350
E
  3
ACAD_SCALELIST
350
10C
  3
ACAD_SECTIONVIEWSTYLE
350
219
  3
ACAD_TABLESTYLE
350
7E
  3
ACAD_VISUALSTYLE
350
EF
  3
ACDB_RECOMPOSE_DATA
350
27D
  3
AcDbVariableDictionary
350
5E
  3
AcDsDecomposeData
350
283
  0
DICTIONARY
  5
1FF
330
2
100
AcDbDictionary
280
     1
281
     1
  3
ACAD_LAYERSTATES
360
200
  0
DICTIONARY
  5
13C
330
10
100
AcDbDictionary
280
     1
281
     1
  0
DICTIONARY
  5
1CE
330
1F
100
AcDbDictionary
280
     1
281
     1
  0
XRECORD
  5
216
102
{ACAD_REACTORS
330
C
102
}
330
C
100
AcDbXrecord
280
     1
300
ACD
300
2017
300
ACD_F_S
  0
DICTIONARY
  5
6B
102
{ACAD_REACTORS
330
C
102
}
330
C
100
AcDbDictionary
281
     1
  0
DICTIONARY
  5
21B
102
{ACAD_REACTORS
330
C
102
}
330
C
100
AcDbDictionary
281
     1
  3
Metric50
350
21C
  0
DICTIONARY
  5
D
102
{ACAD_REACTORS
330
C
102
}
330
C
100
AcDbDictionary
281
     1
  0
DICTIONARY
  5
1A
102
{ACAD_REACTORS
330
C
102
}
330
C
100
AcDbDictionary
281
     1
  3
Model
350
22
  3
布局1
350
D3
  3
布局2
350
D7
  0
DICTIONARY
  5
6A
102
{ACAD_REACTORS
330
C
102
}
330
C
100
AcDbDictionary
281
     1
  3
ByBlock
350
ED
  3
ByLayer
350
EC
  3
Global
350
EE
  0
DICTIONARY
  5
12D
102
{ACAD_REACTORS
330
C
102
}
330
C
100
AcDbDictionary
281
     1
  3
Annotative
350
13B
  3
Standard
350
12E
  0
DICTIONARY
  5
17
102
{ACAD_REACTORS
330
C
102
}
330
C
100
AcDbDictionary
281
     1
  3
Standard
350
18
  0
DICTIONARY
  5
19
102
{ACAD_REACTORS
330
C
102
}
330
C
100
AcDbDictionary
281
     1
  0
ACDBDICTIONARYWDFLT
  5
E
102
{ACAD_REACTORS
330
C
102
}
330
C
100
AcDbDictionary
281
     1
  3
Normal
350
F
100
AcDbDictionaryWithDefault
340
F
  0
DICTIONARY
  5
10C
102
{ACAD_REACTORS
330
C
102
}
330
C
100
AcDbDictionary
281
     1
  3
A0
350
10D
  3
A1
350
1BE
  3
A2
350
1BF
  3
A3
350
1C0
  3
A4
350
1C1
  3
A5
350
1C2
  3
A6
350
1C3
  3
A7
350
1C4
  3
A8
350
1C5
  3
A9
350
1C6
  3
B0
350
1C7
  3
B1
350
1C8
  3
B2
350
1C9
  3
B3
350
1CA
  3
B4
350
1CB
  3
B5
350
1CC
  3
B6
350
1CD
  0
DICTIONARY
  5
219
102
{ACAD_REACTORS
330
C
102
}
330
C
100
AcDbDictionary
281
     1
  3
Metric50
350
21A
  0
DICTIONARY
  5
7E
102
{ACAD_REACTORS
330
C
102
}
330
C
100
AcDbDictionary
281
     1
  3
Standard
350
7F
  0
DICTIONARY
  5
EF
102
{ACAD_REACTORS
330
C
102
}
330
C
100
AcDbDictionary
281
     1
  3
2dWireframe
350
F5
  3
Basic
350
F4
  3
Brighten
350
FB
  3
ColorChange
350
FF
  3
Conceptual
350
F8
  3
Dim
350
FA
  3
EdgeColorOff
350
1E6
  3
Facepattern
350
FE
  3
Flat
350
F0
  3
FlatWithEdges
350
F1
  3
Gouraud
350
F2
  3
GouraudWithEdges
350
F3
  3
Hidden
350
F7
  3
JitterOff
350
1E4
  3
Linepattern
350
FD
  3
OverhangOff
350
1E5
  3
Realistic
350
F9
  3
Shaded
350
1F3
  3
Shaded with edges
350
1F2
  3
Shades of Gray
350
1EF
  3
Sketchy
350
1F0
  3
Thicken
350
FC
  3
Wireframe
350
F6
  3
X-Ray
350
1F1
  0
XRECORD
  5
27D
102
{ACAD_REACTORS
330
C
102
}
330
C
100
AcDbXrecord
280
     1
 90
        1
330
7F
  0
DICTIONARY
  5
5E
102
{ACAD_REACTORS
330
C
102
}
330
C
100
AcDbDictionary
281
     1
  3
CANNOSCALE
350
146
  3
CENTEREXE
350
259
  3
CENTERLTYPEFILE
350
25A
  3
CMLEADERSTYLE
350
145
  3
CTABLESTYLE
350
84
  3
CVIEWDETAILSTYLE
350
227
  3
CVIEWSECTIONSTYLE
350
228
  3
DIMASSOC
350
5F
  3
HIDETEXT
350
63
  3
LAYEREVAL
350
1AE
  3
LAYERNOTIFY
350
1AF
  3
XCLIPFRAME
350
27B
  0
DICTIONARY
  5
283
102
{ACAD_REACTORS
330
C
102
}
330
C
100
AcDbDictionary
281
     1
  3
AcDsRecords
350
285
  3
AcDsSchemas
350
284
1001
ACAD
1070
     2
  0
DICTIONARY
  5
200
102
{ACAD_REACTORS
330
1FF
102
}
330
1FF
100
AcDbDictionary
281
     1
  0
ACDBDETAILVIEWSTYLE
  5
21C
102
{ACAD_XDICTIONARY
360
236
102
}
102
{ACAD_REACTORS
330
21B
102
}
330
21B
100
AcDbModelDocViewStyle
 70
     0
  3
Metric50
290
     0
100
AcDbDetailViewStyle
 70
     0
 71
     0
 90
        3
 71
     1
340
11
 62
   256
 40
5.0
340
0
 62
   256
 40
5.0
300

 40
0.0
280
     1
 71
     2
340
16
 90
       25
 62
   256
 71
     3
340
11
 62
   256
 40
5.0
 90
        0
 40
15.0
 90
        1
300
%<AcVar ViewDetailId>% (%<AcVar ViewScale  "%sn">%)
 71
     4
340
16
 90
       25
 62
   256
340
16
 90
       25
 62
   256
280
     0
  0
LAYOUT
  5
22
102
{ACAD_XDICTIONARY
360
205
102
}
102
{ACAD_REACTORS
330
1A
102
}
330
1A
100
AcDbPlotSettings
  1

  2
none_device
  4
ISO_A4_(210.00_x_297.00_MM)
  6

 40
7.5
 41
20.0
 42
7.5
 43
20.0
 44
210.0
 45
297.0
 46
11.54999923706054
 47
-13.65000009536743
 48
0.0
 49
0.0
140
0.0
141
0.0
142
1.0
143
8.704084754739808
 70
 11952
 72
     1
 73
     0
 74
     0
  7

 75
     0
147
0.1148885871608098
 76
     0
 77
     2
 78
   300
148
0.0
149
0.0
100
AcDbLayout
  1
Model
 70
     1
 71
     0
 10
0.0
 20
0.0
 11
12.0
 21
9.0
 12
0.0
 22
0.0
 32
0.0
 14
0.0
 24
0.0
 34
0.0
 15
0.0
 25
0.0
 35
0.0
146
0.0
 13
0.0
 23
0.0
 33
0.0
 16
1.0
 26
0.0
 36
0.0
 17
0.0
 27
1.0
 37
0.0
 76
     0
330
1F
331
EA
1001
ACAD_PSEXT
1000
None
1000
None
1000
Not applicable
1000
The layout will not be plotted unless a new plotter configuration name is selected.
1070
     0
  0
LAYOUT
  5
D3
102
{ACAD_REACTORS
330
1A
102
}
330
1A
100
AcDbPlotSettings
  1

  2
C:Documents and SettingsasasApplication DataAutodeskAutoCAD 2005R16.1enuplottersDefault Windows System Printer.pc3
  4

  6

 40
0.0
 41
0.0
 42
0.0
 43
0.0
 44
0.0
 45
0.0
 46
0.0
 47
0.0
 48
0.0
 49
0.0
140
0.0
141
0.0
142
1.0
143
1.0
 70
   688
 72
     0
 73
     0
 74
     5
  7

 75
    16
147
1.0
 76
     0
 77
     2
 78
   300
148
0.0
149
0.0
100
AcDbLayout
  1
布局1
 70
     1
 71
     1
 10
0.0
 20
0.0
 11
12.0
 21
9.0
 12
0.0
 22
0.0
 32
0.0
 14
0.0
 24
0.0
 34
0.0
 15
0.0
 25
0.0
 35
0.0
146
0.0
 13
0.0
 23
0.0
 33
0.0
 16
1.0
 26
0.0
 36
0.0
 17
0.0
 27
1.0
 37
0.0
 76
     0
330
D2
  0
LAYOUT
  5
D7
102
{ACAD_REACTORS
330
1A
102
}
330
1A
100
AcDbPlotSettings
  1

  2
C:Documents and SettingsasasApplication DataAutodeskAutoCAD 2005R16.1enuplottersDefault Windows System Printer.pc3
  4

  6

 40
0.0
 41
0.0
 42
0.0
 43
0.0
 44
0.0
 45
0.0
 46
0.0
 47
0.0
 48
0.0
 49
0.0
140
0.0
141
0.0
142
1.0
143
1.0
 70
   688
 72
     0
 73
     0
 74
     5
  7

 75
    16
147
1.0
 76
     0
 77
     2
 78
   300
148
0.0
149
0.0
100
AcDbLayout
  1
布局2
 70
     1
 71
     2
 10
0.0
 20
0.0
 11
12.0
 21
9.0
 12
0.0
 22
0.0
 32
0.0
 14
0.0
 24
0.0
 34
0.0
 15
0.0
 25
0.0
 35
0.0
146
0.0
 13
0.0
 23
0.0
 33
0.0
 16
1.0
 26
0.0
 36
0.0
 17
0.0
 27
1.0
 37
0.0
 76
     0
330
D6
  0
MATERIAL
  5
ED
102
{ACAD_XDICTIONARY
360
1F9
102
}
102
{ACAD_REACTORS
330
6A
102
}
330
6A
100
AcDbMaterial
  1
ByBlock
 94
       63
  0
MATERIAL
  5
EC
102
{ACAD_XDICTIONARY
360
1F7
102
}
102
{ACAD_REACTORS
330
6A
102
}
330
6A
100
AcDbMaterial
  1
ByLayer
 94
       63
  0
MATERIAL
  5
EE
102
{ACAD_XDICTIONARY
360
173
102
}
102
{ACAD_REACTORS
330
6A
102
}
330
6A
100
AcDbMaterial
  1
Global
 43
0.0007999999797903
 43
0.0
 43
0.0
 43
0.0
 43
0.0
 43
0.0007999999797903
 43
0.0
 43
0.0
 43
0.0
 43
0.0
 43
1.0
 43
0.0
 43
0.0
 43
0.0
 43
0.0
 43
1.0
 49
0.0007999999797903
 49
0.0
 49
0.0
 49
0.0
 49
0.0
 49
0.0007999999797903
 49
0.0
 49
0.0
 49
0.0
 49
0.0
 49
1.0
 49
0.0
 49
0.0
 49
0.0
 49
0.0
 49
1.0
142
0.0007999999797903
142
0.0
142
0.0
142
0.0
142
0.0
142
0.0007999999797903
142
0.0
142
0.0
142
0.0
142
0.0
142
1.0
142
0.0
142
0.0
142
0.0
142
0.0
142
1.0
144
0.0007999999797903
144
0.0
144
0.0
144
0.0
144
0.0
144
0.0007999999797903
144
0.0
144
0.0
144
0.0
144
0.0
144
1.0
144
0.0
144
0.0
144
0.0
144
0.0
144
1.0
 94
       63
1001
ACAD
1070
    -1
1070
     3
1070
     0
1000

1071
        0
1070
     0
  0
MLEADERSTYLE
  5
13B
102
{ACAD_REACTORS
330
12D
102
}
330
12D
100
AcDbMLeaderStyle
170
     2
171
     1
172
     0
 90
        2
 40
0.0
 41
0.0
173
     1
 91
-1056964608
340
14
 92
       -2
290
     1
 42
2.0
291
     1
 43
8.0
  3
Standard
 44
4.0
300

342
11
174
     1
178
     1
175
     1
176
     0
 93
-1056964608
 45
4.0
292
     0
297
     0
 46
4.0
 94
-1056964608
 47
1.0
 49
1.0
140
1.0
293
     1
141
0.0
294
     1
177
     0
142
1.0
295
     0
296
     1
143
3.75
1001
ACAD_MLEADERVER
1070
     2
  0
MLEADERSTYLE
  5
12E
102
{ACAD_REACTORS
330
12D
102
}
330
12D
100
AcDbMLeaderStyle
170
     2
171
     1
172
     0
 90
        2
 40
0.0
 41
0.0
173
     1
 91
-1056964608
340
14
 92
       -2
290
     1
 42
2.0
291
     1
 43
8.0
  3
Standard
 44
4.0
300

342
11
174
     1
178
     1
175
     1
176
     0
 93
-1056964608
 45
4.0
292
     0
297
     0
 46
4.0
 94
-1056964608
 47
1.0
 49
1.0
140
1.0
293
     1
141
0.0
294
     1
177
     0
142
1.0
295
     0
296
     0
143
3.75
1001
ACAD_MLEADERVER
1070
     2
  0
MLINESTYLE
  5
18
102
{ACAD_REACTORS
330
17
102
}
330
17
100
AcDbMlineStyle
  2
STANDARD
 70
     0
  3

 62
   256
 51
90.0
 52
90.0
 71
     2
 49
0.5
 62
   256
  6
BYLAYER
 49
-0.5
 62
   256
  6
BYLAYER
  0
ACDBPLACEHOLDER
  5
F
102
{ACAD_REACTORS
330
E
102
}
330
E
  0
SCALE
  5
10D
102
{ACAD_REACTORS
330
10C
102
}
330
10C
100
AcDbScale
 70
     0
300
1:1
140
1.0
141
1.0
290
     1
  0
SCALE
  5
1BE
102
{ACAD_REACTORS
330
10C
102
}
330
10C
100
AcDbScale
 70
     0
300
1:2
140
1.0
141
2.0
290
     0
  0
SCALE
  5
1BF
102
{ACAD_REACTORS
330
10C
102
}
330
10C
100
AcDbScale
 70
     0
300
1:4
140
1.0
141
4.0
290
     0
  0
SCALE
  5
1C0
102
{ACAD_REACTORS
330
10C
102
}
330
10C
100
AcDbScale
 70
     0
300
1:5
140
1.0
141
5.0
290
     0
  0
SCALE
  5
1C1
102
{ACAD_REACTORS
330
10C
102
}
330
10C
100
AcDbScale
 70
     0
300
1:8
140
1.0
141
8.0
290
     0
  0
SCALE
  5
1C2
102
{ACAD_REACTORS
330
10C
102
}
330
10C
100
AcDbScale
 70
     0
300
1:10
140
1.0
141
10.0
290
     0
  0
SCALE
  5
1C3
102
{ACAD_REACTORS
330
10C
102
}
330
10C
100
AcDbScale
 70
     0
300
1:16
140
1.0
141
16.0
290
     0
  0
SCALE
  5
1C4
102
{ACAD_REACTORS
330
10C
102
}
330
10C
100
AcDbScale
 70
     0
300
1:20
140
1.0
141
20.0
290
     0
  0
SCALE
  5
1C5
102
{ACAD_REACTORS
330
10C
102
}
330
10C
100
AcDbScale
 70
     0
300
1:30
140
1.0
141
30.0
290
     0
  0
SCALE
  5
1C6
102
{ACAD_REACTORS
330
10C
102
}
330
10C
100
AcDbScale
 70
     0
300
1:40
140
1.0
141
40.0
290
     0
  0
SCALE
  5
1C7
102
{ACAD_REACTORS
330
10C
102
}
330
10C
100
AcDbScale
 70
     0
300
1:50
140
1.0
141
50.0
290
     0
  0
SCALE
  5
1C8
102
{ACAD_REACTORS
330
10C
102
}
330
10C
100
AcDbScale
 70
     0
300
1:100
140
1.0
141
100.0
290
     0
  0
SCALE
  5
1C9
102
{ACAD_REACTORS
330
10C
102
}
330
10C
100
AcDbScale
 70
     0
300
2:1
140
2.0
141
1.0
290
     0
  0
SCALE
  5
1CA
102
{ACAD_REACTORS
330
10C
102
}
330
10C
100
AcDbScale
 70
     0
300
4:1
140
4.0
141
1.0
290
     0
  0
SCALE
  5
1CB
102
{ACAD_REACTORS
330
10C
102
}
330
10C
100
AcDbScale
 70
     0
300
8:1
140
8.0
141
1.0
290
     0
  0
SCALE
  5
1CC
102
{ACAD_REACTORS
330
10C
102
}
330
10C
100
AcDbScale
 70
     0
300
10:1
140
10.0
141
1.0
290
     0
  0
SCALE
  5
1CD
102
{ACAD_REACTORS
330
10C
102
}
330
10C
100
AcDbScale
 70
     0
300
100:1
140
100.0
141
1.0
290
     0
  0
ACDBSECTIONVIEWSTYLE
  5
21A
102
{ACAD_XDICTIONARY
360
234
102
}
102
{ACAD_REACTORS
330
219
102
}
330
219
100
AcDbModelDocViewStyle
 70
     0
  3
Metric50
290
     0
100
AcDbSectionViewStyle
 70
     0
 71
     0
 90
      102
 71
     1
340
11
 62
   256
 40
5.0
340
0
340
0
 62
   256
 40
5.0
300
I, O, Q, S, X, Z
 40
10.0
 90
        0
 40
2.5
 90
        0
 71
     2
340
16
 90
       25
 62
   256
340
16
 90
       50
 62
   256
 40
5.0
 40
2.5
 40
5.0
 71
     3
340
11
 62
   256
 40
5.0
 90
        0
 40
15.0
 90
        1
300
%<AcVar ViewSectionStartId>%-%<AcVar ViewSectionEndId>% (%<AcVar ViewScale  "%sn">%)
 71
     4
 62
   256
 62
   257
300
ANSI31
 40
1.0
 90
        0
290
     0
290
     0
 90
        6
 40
0.0
 40
1.570796326794896
 40
0.2617993877991494
 40
1.308996938995747
 40
-0.2617993877991494
 40
1.832595714594046
  0
TABLESTYLE
  5
7F
102
{ACAD_XDICTIONARY
360
162
102
}
102
{ACAD_REACTORS
330
7E
102
}
330
7E
100
AcDbTableStyle
  3
Standard
 70
     0
 71
     0
 40
1.5
 41
1.5
280
     0
281
     0
  7
Standard
140
4.5
170
     2
 62
     0
 63
     7
283
     0
 90
      512
 91
        0
  1

274
    -2
284
     1
 64
     0
275
    -2
285
     1
 65
     0
276
    -2
286
     1
 66
     0
277
    -2
287
     1
 67
     0
278
    -2
288
     1
 68
     0
279
    -2
289
     1
 69
     0
  7
Standard
140
6.0
170
     5
 62
     0
 63
     7
283
     0
 90
      512
 91
        0
  1

274
    -2
284
     1
 64
     0
275
    -2
285
     1
 65
     0
276
    -2
286
     1
 66
     0
277
    -2
287
     1
 67
     0
278
    -2
288
     1
 68
     0
279
    -2
289
     1
 69
     0
  7
Standard
140
4.5
170
     5
 62
     0
 63
     7
283
     0
 90
      512
 91
        0
  1

274
    -2
284
     1
 64
     0
275
    -2
285
     1
 65
     0
276
    -2
286
     1
 66
     0
277
    -2
287
     1
 67
     0
278
    -2
288
     1
 68
     0
279
    -2
289
     1
 69
     0
  0
VISUALSTYLE
  5
F5
102
{ACAD_XDICTIONARY
360
290
102
}
102
{ACAD_REACTORS
330
EF
102
}
330
EF
100
AcDbVisualStyle
  2
2dWireframe
 70
     4
 71
     0
 72
     2
 73
     1
 90
        0
 40
-0.6
 41
-30.0
 62
     5
 63
     7
421
 16777215
 74
     1
 91
        4
 64
     7
 65
   257
 75
     1
175
     1
 42
1.0
 92
        0
 66
   257
 43
1.0
 76
     1
 77
     6
 78
     2
 67
     7
 79
     5
170
     0
171
     0
290
     0
174
     0
 93
        1
 44
0.0
173
     0
291
     0
 45
0.0
1001
ACAD
1000
AcDbSavedByObjectVersion
1070
     0
  0
VISUALSTYLE
  5
F4
102
{ACAD_XDICTIONARY
360
28E
102
}
102
{ACAD_REACTORS
330
EF
102
}
330
EF
100
AcDbVisualStyle
  2
Basic
 70
     7
 71
     1
 72
     0
 73
     1
 90
        0
 40
-0.6
 41
-30.0
 62
     5
 63
     7
421
 16777215
 74
     0
 91
        4
 64
     7
 65
   257
 75
     1
175
     1
 42
1.0
 92
        8
 66
     7
 43
1.0
 76
     1
 77
     6
 78
     2
 67
     7
 79
     5
170
     0
171
     0
290
     0
174
     0
 93
        1
 44
0.0
173
     0
291
     1
 45
0.0
1001
ACAD
1000
AcDbSavedByObjectVersion
1070
     0
  0
VISUALSTYLE
  5
FB
102
{ACAD_XDICTIONARY
360
29C
102
}
102
{ACAD_REACTORS
330
EF
102
}
330
EF
100
AcDbVisualStyle
  2
Brighten
 70
    12
 71
     2
 72
     2
 73
     1
 90
        0
 40
-0.6
 41
-30.0
 62
     5
 63
     7
421
 16777215
 74
     1
 91
        4
 64
     7
 65
   257
 75
     1
175
     1
 42
1.0
 92
        8
 66
     7
 43
1.0
 76
     1
 77
     6
 78
     2
 67
     7
 79
     5
170
     0
171
     0
290
     0
174
     0
 93
        1
 44
50.0
173
     0
291
     1
 45
0.0
1001
ACAD
1000
AcDbSavedByObjectVersion
1070
     0
  0
VISUALSTYLE
  5
FF
102
{ACAD_XDICTIONARY
360
2A4
102
}
102
{ACAD_REACTORS
330
EF
102
}
330
EF
100
AcDbVisualStyle
  2
ColorChange
 70
    16
 71
     2
 72
     2
 73
     3
 90
        0
 40
-0.6
 41
-30.0
 62
     5
 63
     8
421
  8421504
 74
     1
 91
        4
 64
     7
 65
   257
 75
     1
175
     1
 42
1.0
 92
        8
 66
     8
424
  8421504
 43
1.0
 76
     1
 77
     6
 78
     2
 67
     7
 79
     5
170
     0
171
     0
290
     0
174
     0
 93
        1
 44
0.0
173
     0
291
     1
 45
0.0
1001
ACAD
1000
AcDbSavedByObjectVersion
1070
     0
  0
VISUALSTYLE
  5
F8
102
{ACAD_XDICTIONARY
360
296
102
}
102
{ACAD_REACTORS
330
EF
102
}
330
EF
100
AcDbVisualStyle
  2
Conceptual
 70
     9
 71
     3
 72
     2
 73
     1
 90
        0
 40
-0.6
 41
-30.0
 62
     5
 63
     7
421
 16777215
 74
     2
 91
        2
 64
     7
 65
   257
 75
     1
175
     1
 42
40.0
 92
        8
 66
     7
 43
1.0
 76
     1
 77
     6
 78
     2
 67
     7
 79
     3
170
     0
171
     0
290
     0
174
     0
 93
        1
 44
0.0
173
     0
291
     0
 45
0.0
1001
ACAD
1000
AcDbSavedByObjectVersion
1070
     0
  0
VISUALSTYLE
  5
FA
102
{ACAD_XDICTIONARY
360
29A
102
}
102
{ACAD_REACTORS
330
EF
102
}
330
EF
100
AcDbVisualStyle
  2
Dim
 70
    11
 71
     2
 72
     2
 73
     1
 90
        0
 40
-0.6
 41
-30.0
 62
     5
 63
     7
421
 16777215
 74
     1
 91
        4
 64
     7
 65
   257
 75
     1
175
     1
 42
1.0
 92
        8
 66
     7
 43
1.0
 76
     1
 77
     6
 78
     2
 67
     7
 79
     5
170
     0
171
     0
290
     0
174
     0
 93
        1
 44
-50.0
173
     0
291
     1
 45
0.0
1001
ACAD
1000
AcDbSavedByObjectVersion
1070
     0
  0
VISUALSTYLE
  5
1E6
102
{ACAD_XDICTIONARY
360
2AA
102
}
102
{ACAD_REACTORS
330
EF
102
}
330
EF
100
AcDbVisualStyle
  2
EdgeColorOff
 70
    22
 71
     2
 72
     2
 73
     0
 90
        0
 40
-0.6
 41
-30.0
 62
     5
 63
     7
421
 16777215
 74
     1
 91
        4
 64
     7
 65
   257
 75
     1
175
     1
 42
1.0
 92
        8
 66
     7
 43
1.0
 76
     1
 77
     6
 78
     2
 67
     7
 79
     5
170
     0
171
     0
290
     0
174
     0
 93
        1
 44
0.0
173
     0
291
     1
 45
0.0
1001
ACAD
1000
AcDbSavedByObjectVersion
1070
     0
  0
VISUALSTYLE
  5
FE
102
{ACAD_XDICTIONARY
360
2A2
102
}
102
{ACAD_REACTORS
330
EF
102
}
330
EF
100
AcDbVisualStyle
  2
Facepattern
 70
    15
 71
     2
 72
     2
 73
     1
 90
        0
 40
-0.6
 41
-30.0
 62
     5
 63
     7
421
 16777215
 74
     1
 91
        4
 64
     7
 65
   257
 75
     1
175
     1
 42
1.0
 92
        8
 66
     7
 43
1.0
 76
     1
 77
     6
 78
     2
 67
     7
 79
     5
170
     0
171
     0
290
     0
174
     0
 93
        1
 44
0.0
173
     0
291
     1
 45
0.0
1001
ACAD
1000
AcDbSavedByObjectVersion
1070
     0
  0
VISUALSTYLE
  5
F0
102
{ACAD_XDICTIONARY
360
286
102
}
102
{ACAD_REACTORS
330
EF
102
}
330
EF
100
AcDbVisualStyle
  2
Flat
 70
     0
 71
     2
 72
     1
 73
     1
 90
        2
 40
-0.6
 41
30.0
 62
     5
 63
     7
421
 16777215
 74
     0
 91
        0
 64
     7
 65
   257
 75
     1
175
     1
 42
1.0
 92
        8
 66
     7
 43
1.0
 76
     1
 77
     6
 78
     2
 67
     7
 79
     5
170
     0
171
     0
290
     0
174
     0
 93
       13
 44
0.0
173
     0
291
     1
 45
0.0
1001
ACAD
1000
AcDbSavedByObjectVersion
1070
     0
  0
VISUALSTYLE
  5
F1
102
{ACAD_XDICTIONARY
360
288
102
}
102
{ACAD_REACTORS
330
EF
102
}
330
EF
100
AcDbVisualStyle
  2
FlatWithEdges
 70
     1
 71
     2
 72
     1
 73
     1
 90
        2
 40
-0.6
 41
30.0
 62
     5
 63
     7
421
 16777215
 74
     1
 91
        0
 64
     7
 65
   257
 75
     1
175
     1
 42
1.0
 92
        0
 66
   257
 43
1.0
 76
     1
 77
     6
 78
     2
 67
     7
 79
     5
170
     0
171
     0
290
     0
174
     0
 93
       13
 44
0.0
173
     0
291
     1
 45
0.0
1001
ACAD
1000
AcDbSavedByObjectVersion
1070
     0
  0
VISUALSTYLE
  5
F2
102
{ACAD_XDICTIONARY
360
28A
102
}
102
{ACAD_REACTORS
330
EF
102
}
330
EF
100
AcDbVisualStyle
  2
Gouraud
 70
     2
 71
     2
 72
     2
 73
     1
 90
        2
 40
-0.6
 41
30.0
 62
     5
 63
     7
421
 16777215
 74
     0
 91
        0
 64
     7
 65
   257
 75
     1
175
     1
 42
1.0
 92
        0
 66
     7
 43
1.0
 76
     1
 77
     6
 78
     2
 67
     7
 79
     5
170
     0
171
     0
290
     0
174
     0
 93
       13
 44
0.0
173
     0
291
     1
 45
0.0
1001
ACAD
1000
AcDbSavedByObjectVersion
1070
     0
  0
VISUALSTYLE
  5
F3
102
{ACAD_XDICTIONARY
360
28C
102
}
102
{ACAD_REACTORS
330
EF
102
}
330
EF
100
AcDbVisualStyle
  2
GouraudWithEdges
 70
     3
 71
     2
 72
     2
 73
     1
 90
        2
 40
-0.6
 41
30.0
 62
     5
 63
     7
421
 16777215
 74
     1
 91
        0
 64
     7
 65
   257
 75
     1
175
     1
 42
1.0
 92
        0
 66
   257
 43
1.0
 76
     1
 77
     6
 78
     2
 67
     7
 79
     5
170
     0
171
     0
290
     0
174
     0
 93
       13
 44
0.0
173
     0
291
     1
 45
0.0
1001
ACAD
1000
AcDbSavedByObjectVersion
1070
     0
  0
VISUALSTYLE
  5
F7
102
{ACAD_XDICTIONARY
360
294
102
}
102
{ACAD_REACTORS
330
EF
102
}
330
EF
100
AcDbVisualStyle
  2
Hidden
 70
     6
 71
     1
 72
     2
 73
     2
 90
        0
 40
-0.6
 41
-30.0
 62
     5
 63
     7
421
 16777215
 74
     2
 91
        2
 64
     7
 65
   257
 75
     2
175
     1
 42
40.0
 92
        0
 66
   257
 43
1.0
 76
     1
 77
     6
 78
     2
 67
     7
 79
     3
170
     0
171
     0
290
     0
174
     0
 93
        1
 44
0.0
173
     0
291
     0
 45
0.0
1001
ACAD
1000
AcDbSavedByObjectVersion
1070
     0
  0
VISUALSTYLE
  5
1E4
102
{ACAD_XDICTIONARY
360
2A6
102
}
102
{ACAD_REACTORS
330
EF
102
}
330
EF
100
AcDbVisualStyle
  2
JitterOff
 70
    20
 71
     2
 72
     2
 73
     0
 90
        0
 40
-0.6
 41
-30.0
 62
     5
 63
     7
421
 16777215
 74
     1
 91
        4
 64
     7
 65
   257
 75
     1
175
     1
 42
1.0
 92
       10
 66
     7
 43
1.0
 76
     1
 77
     6
 78
     2
 67
     7
 79
     5
170
     0
171
     0
290
     0
174
     0
 93
        1
 44
0.0
173
     0
291
     1
 45
0.0
1001
ACAD
1000
AcDbSavedByObjectVersion
1070
     0
  0
VISUALSTYLE
  5
FD
102
{ACAD_XDICTIONARY
360
2A0
102
}
102
{ACAD_REACTORS
330
EF
102
}
330
EF
100
AcDbVisualStyle
  2
Linepattern
 70
    14
 71
     2
 72
     2
 73
     1
 90
        0
 40
-0.6
 41
-30.0
 62
     5
 63
     7
421
 16777215
 74
     1
 91
        4
 64
     7
 65
   257
 75
     7
175
     7
 42
1.0
 92
        8
 66
     7
 43
1.0
 76
     1
 77
     6
 78
     2
 67
     7
 79
     5
170
     0
171
     0
290
     0
174
     0
 93
        1
 44
0.0
173
     0
291
     1
 45
0.0
1001
ACAD
1000
AcDbSavedByObjectVersion
1070
     0
  0
VISUALSTYLE
  5
1E5
102
{ACAD_XDICTIONARY
360
2A8
102
}
102
{ACAD_REACTORS
330
EF
102
}
330
EF
100
AcDbVisualStyle
  2
OverhangOff
 70
    21
 71
     2
 72
     2
 73
     0
 90
        0
 40
-0.6
 41
-30.0
 62
     5
 63
     7
421
 16777215
 74
     1
 91
        4
 64
     7
 65
   257
 75
     1
175
     1
 42
1.0
 92
        9
 66
     7
 43
1.0
 76
     1
 77
     6
 78
     2
 67
     7
 79
     5
170
     0
171
     0
290
     0
174
     0
 93
        1
 44
0.0
173
     0
291
     1
 45
0.0
1001
ACAD
1000
AcDbSavedByObjectVersion
1070
     0
  0
VISUALSTYLE
  5
F9
102
{ACAD_XDICTIONARY
360
298
102
}
102
{ACAD_REACTORS
330
EF
102
}
330
EF
100
AcDbVisualStyle
  2
Realistic
 70
     8
 71
     2
 72
     3
 73
     0
 90
        2
 40
-0.6
 41
30.0
 62
     5
 63
     7
421
 16777215
 74
     0
 91
        0
 64
     7
 65
   257
 75
     1
175
     1
 42
1.0
 92
        8
 66
   257
 43
1.0
 76
     1
 77
     6
 78
     2
 67
     7
 79
     3
170
     0
171
     0
290
     0
174
     0
 93
       13
 44
0.0
173
     0
291
     0
 45
0.0
1001
ACAD
1000
AcDbSavedByObjectVersion
1070
     0
  0
VISUALSTYLE
  5
1F3
102
{ACAD_XDICTIONARY
360
2B4
102
}
102
{ACAD_REACTORS
330
EF
102
}
330
EF
100
AcDbVisualStyle
  2
Shaded
 70
    27
 71
     2
 72
     2
 73
     1
 90
        2
 40
-0.6
 41
30.0
 62
     5
 63
     7
421
 16777215
 74
     0
 91
        4
 64
     7
 65
   257
 75
     1
175
     1
 42
1.0
 92
        8
 66
   257
 43
1.0
 76
     1
 77
     6
 78
     2
 67
     8
425
  7895160
 79
     3
170
     0
171
     0
290
     0
174
     0
 93
        5
 44
0.0
173
     0
291
     0
 45
0.0
1001
ACAD
1000
AcDbSavedByObjectVersion
1070
     0
  0
VISUALSTYLE
  5
1F2
102
{ACAD_XDICTIONARY
360
2B2
102
}
102
{ACAD_REACTORS
330
EF
102
}
330
EF
100
AcDbVisualStyle
  2
Shaded with edges
 70
    26
 71
     2
 72
     2
 73
     1
 90
        2
 40
-0.6
 41
30.0
 62
     5
 63
     7
421
 16777215
 74
     1
 91
        2
 64
     7
 65
   257
 75
     2
175
     1
 42
1.0
 92
        8
 66
   257
 43
1.0
 76
     1
 77
     6
 78
     2
 67
     7
 79
     3
170
     0
171
     0
290
     0
174
     0
 93
        5
 44
0.0
173
     0
291
     0
 45
0.0
1001
ACAD
1000
AcDbSavedByObjectVersion
1070
     0
  0
VISUALSTYLE
  5
1EF
102
{ACAD_XDICTIONARY
360
2AC
102
}
102
{ACAD_REACTORS
330
EF
102
}
330
EF
100
AcDbVisualStyle
  2
Shades of Gray
 70
    23
 71
     2
 72
     2
 73
     3
 90
        0
 40
-0.6
 41
-30.0
 62
     5
 63
     7
421
 16777215
 74
     2
 91
        2
 64
     7
 65
     7
 75
     1
175
     1
 42
40.0
 92
        8
 66
     7
 43
1.0
 76
     1
 77
     6
 78
     2
 67
     7
 79
     3
170
     0
171
     0
290
     0
174
     0
 93
        1
 44
0.0
173
     0
291
     0
 45
0.0
1001
ACAD
1000
AcDbSavedByObjectVersion
1070
     0
  0
VISUALSTYLE
  5
1F0
102
{ACAD_XDICTIONARY
360
2AE
102
}
102
{ACAD_REACTORS
330
EF
102
}
330
EF
100
AcDbVisualStyle
  2
Sketchy
 70
    24
 71
     1
 72
     2
 73
     2
 90
        0
 40
-0.6
 41
-30.0
 62
     5
 63
     7
421
 16777215
 74
     2
 91
        2
 64
     7
 65
     7
 75
     1
175
     1
 42
40.0
 92
       11
 66
     7
 43
1.0
 76
     1
 77
     6
 78
     2
 67
     7
 79
     6
170
     0
171
     0
290
     0
174
     0
 93
        1
 44
0.0
173
     0
291
     0
 45
0.0
1001
ACAD
1000
AcDbSavedByObjectVersion
1070
     0
  0
VISUALSTYLE
  5
FC
102
{ACAD_XDICTIONARY
360
29E
102
}
102
{ACAD_REACTORS
330
EF
102
}
330
EF
100
AcDbVisualStyle
  2
Thicken
 70
    13
 71
     2
 72
     2
 73
     1
 90
        0
 40
-0.6
 41
-30.0
 62
     5
 63
     7
421
 16777215
 74
     1
 91
        4
 64
     7
 65
   257
 75
     1
175
     1
 42
1.0
 92
       12
 66
     7
 43
1.0
 76
     1
 77
     6
 78
     2
 67
     7
 79
     5
170
     0
171
     0
290
     0
174
     0
 93
        1
 44
0.0
173
     0
291
     1
 45
0.0
1001
ACAD
1000
AcDbSavedByObjectVersion
1070
     0
  0
VISUALSTYLE
  5
F6
102
{ACAD_XDICTIONARY
360
292
102
}
102
{ACAD_REACTORS
330
EF
102
}
330
EF
100
AcDbVisualStyle
  2
Wireframe
 70
     5
 71
     0
 72
     2
 73
     0
 90
        0
 40
-0.6
 41
-30.0
 62
     5
 63
     7
421
 16777215
 74
     1
 91
        4
 64
     7
 65
   257
 75
     1
175
     1
 42
1.0
 92
        0
 66
   257
 43
1.0
 76
     1
 77
     6
 78
     2
 67
     7
 79
     3
170
     0
171
     0
290
     0
174
     0
 93
        1
 44
0.0
173
     0
291
     0
 45
0.0
1001
ACAD
1000
AcDbSavedByObjectVersion
1070
     0
  0
VISUALSTYLE
  5
1F1
102
{ACAD_XDICTIONARY
360
2B0
102
}
102
{ACAD_REACTORS
330
EF
102
}
330
EF
100
AcDbVisualStyle
  2
X-Ray
 70
    25
 71
     2
 72
     2
 73
     1
 90
        1
 40
0.5
 41
-30.0
 62
     5
 63
     7
421
 16777215
 74
     1
 91
        0
 64
     7
 65
   257
 75
     1
175
     1
 42
1.0
 92
        8
 66
     7
 43
1.0
 76
     1
 77
     6
 78
     2
 67
     7
 79
     3
170
     0
171
     0
290
     0
174
     0
 93
       13
 44
0.0
173
     0
291
     0
 45
0.0
1001
ACAD
1000
AcDbSavedByObjectVersion
1070
     0
  0
DICTIONARYVAR
  5
146
102
{ACAD_REACTORS
330
5E
102
}
330
5E
100
DictionaryVariables
280
     0
  1
1:1
  0
DICTIONARYVAR
  5
259
102
{ACAD_REACTORS
330
5E
102
}
330
5E
100
DictionaryVariables
280
     0
  1
3.500000
  0
DICTIONARYVAR
  5
25A
102
{ACAD_REACTORS
330
5E
102
}
330
5E
100
DictionaryVariables
280
     0
  1
acadiso.lin
  0
DICTIONARYVAR
  5
145
102
{ACAD_REACTORS
330
5E
102
}
330
5E
100
DictionaryVariables
280
     0
  1
STANDARD
  0
DICTIONARYVAR
  5
84
102
{ACAD_REACTORS
330
5E
102
}
330
5E
100
DictionaryVariables
280
     0
  1
STANDARD
  0
DICTIONARYVAR
  5
227
102
{ACAD_REACTORS
330
5E
102
}
330
5E
100
DictionaryVariables
280
     0
  1
Metric50
  0
DICTIONARYVAR
  5
228
102
{ACAD_REACTORS
330
5E
102
}
330
5E
100
DictionaryVariables
280
     0
  1
Metric50
  0
DICTIONARYVAR
  5
5F
102
{ACAD_REACTORS
330
5E
102
}
330
5E
100
DictionaryVariables
280
     0
  1
2
  0
DICTIONARYVAR
  5
63
102
{ACAD_REACTORS
330
5E
102
}
330
5E
100
DictionaryVariables
280
     0
  1
1
  0
DICTIONARYVAR
  5
1AE
102
{ACAD_REACTORS
330
5E
102
}
330
5E
100
DictionaryVariables
280
     0
  1
0
  0
DICTIONARYVAR
  5
1AF
102
{ACAD_REACTORS
330
5E
102
}
330
5E
100
DictionaryVariables
280
     0
  1
0
  0
DICTIONARYVAR
  5
27B
102
{ACAD_REACTORS
330
5E
102
}
330
5E
100
DictionaryVariables
280
     0
  1
2
  0
DICTIONARY
  5
285
102
{ACAD_REACTORS
330
283
102
}
330
283
100
AcDbDictionary
281
     1
  0
DICTIONARY
  5
284
102
{ACAD_REACTORS
330
283
102
}
330
283
100
AcDbDictionary
281
     1
  3
1923465580128
350
27E
  3
1923465580144
350
27F
  3
1923465580160
350
280
  3
1923465580176
350
281
  3
1923465580192
350
282
  0
DICTIONARY
  5
236
330
21C
100
AcDbDictionary
280
     1
281
     1
  3
ACAD_XREC_ROUNDTRIP
360
2B7
  0
DICTIONARY
  5
205
330
22
100
AcDbDictionary
280
     1
281
     1
  0
DICTIONARY
  5
1F9
330
ED
100
AcDbDictionary
280
     1
281
     1
  3
FBXASSET
360
1FA
  0
DICTIONARY
  5
1F7
330
EC
100
AcDbDictionary
280
     1
281
     1
  3
FBXASSET
360
1F8
  0
DICTIONARY
  5
173
330
EE
100
AcDbDictionary
280
     1
281
     1
  3
BUMPTILE
360
175
  3
DIFFUSETILE
360
174
  3
FBXASSET
360
1FB
  3
OPACITYTILE
360
176
  3
REFLECTIONTILE
360
177
  0
DICTIONARY
  5
234
330
21A
100
AcDbDictionary
280
     1
281
     1
  3
ACAD_XREC_ROUNDTRIP
360
2B6
  0
DICTIONARY
  5
162
330
7F
100
AcDbDictionary
280
     1
281
     1
  3
ACAD_ROUNDTRIP_2008_TABLESTYLE_CELLSTYLEMAP
360
27C
  0
DICTIONARY
  5
290
330
F5
100
AcDbDictionary
280
     1
281
     1
  3
ACAD_XREC_ROUNDTRIP
360
291
  0
DICTIONARY
  5
28E
330
F4
100
AcDbDictionary
280
     1
281
     1
  3
ACAD_XREC_ROUNDTRIP
360
28F
  0
DICTIONARY
  5
29C
330
FB
100
AcDbDictionary
280
     1
281
     1
  3
ACAD_XREC_ROUNDTRIP
360
29D
  0
DICTIONARY
  5
2A4
330
FF
100
AcDbDictionary
280
     1
281
     1
  3
ACAD_XREC_ROUNDTRIP
360
2A5
  0
DICTIONARY
  5
296
330
F8
100
AcDbDictionary
280
     1
281
     1
  3
ACAD_XREC_ROUNDTRIP
360
297
  0
DICTIONARY
  5
29A
330
FA
100
AcDbDictionary
280
     1
281
     1
  3
ACAD_XREC_ROUNDTRIP
360
29B
  0
DICTIONARY
  5
2AA
330
1E6
100
AcDbDictionary
280
     1
281
     1
  3
ACAD_XREC_ROUNDTRIP
360
2AB
  0
DICTIONARY
  5
2A2
330
FE
100
AcDbDictionary
280
     1
281
     1
  3
ACAD_XREC_ROUNDTRIP
360
2A3
  0
DICTIONARY
  5
286
330
F0
100
AcDbDictionary
280
     1
281
     1
  3
ACAD_XREC_ROUNDTRIP
360
287
  0
DICTIONARY
  5
288
330
F1
100
AcDbDictionary
280
     1
281
     1
  3
ACAD_XREC_ROUNDTRIP
360
289
  0
DICTIONARY
  5
28A
330
F2
100
AcDbDictionary
280
     1
281
     1
  3
ACAD_XREC_ROUNDTRIP
360
28B
  0
DICTIONARY
  5
28C
330
F3
100
AcDbDictionary
280
     1
281
     1
  3
ACAD_XREC_ROUNDTRIP
360
28D
  0
DICTIONARY
  5
294
330
F7
100
AcDbDictionary
280
     1
281
     1
  3
ACAD_XREC_ROUNDTRIP
360
295
  0
DICTIONARY
  5
2A6
330
1E4
100
AcDbDictionary
280
     1
281
     1
  3
ACAD_XREC_ROUNDTRIP
360
2A7
  0
DICTIONARY
  5
2A0
330
FD
100
AcDbDictionary
280
     1
281
     1
  3
ACAD_XREC_ROUNDTRIP
360
2A1
  0
DICTIONARY
  5
2A8
330
1E5
100
AcDbDictionary
280
     1
281
     1
  3
ACAD_XREC_ROUNDTRIP
360
2A9
  0
DICTIONARY
  5
298
330
F9
100
AcDbDictionary
280
     1
281
     1
  3
ACAD_XREC_ROUNDTRIP
360
299
  0
DICTIONARY
  5
2B4
330
1F3
100
AcDbDictionary
280
     1
281
     1
  3
ACAD_XREC_ROUNDTRIP
360
2B5
  0
DICTIONARY
  5
2B2
330
1F2
100
AcDbDictionary
280
     1
281
     1
  3
ACAD_XREC_ROUNDTRIP
360
2B3
  0
DICTIONARY
  5
2AC
330
1EF
100
AcDbDictionary
280
     1
281
     1
  3
ACAD_XREC_ROUNDTRIP
360
2AD
  0
DICTIONARY
  5
2AE
330
1F0
100
AcDbDictionary
280
     1
281
     1
  3
ACAD_XREC_ROUNDTRIP
360
2AF
  0
DICTIONARY
  5
29E
330
FC
100
AcDbDictionary
280
     1
281
     1
  3
ACAD_XREC_ROUNDTRIP
360
29F
  0
DICTIONARY
  5
292
330
F6
100
AcDbDictionary
280
     1
281
     1
  3
ACAD_XREC_ROUNDTRIP
360
293
  0
DICTIONARY
  5
2B0
330
1F1
100
AcDbDictionary
280
     1
281
     1
  3
ACAD_XREC_ROUNDTRIP
360
2B1
  0
XRECORD
  5
27E
102
{ACAD_REACTORS
330
284
102
}
330
284
100
AcDbXrecord
280
     1
  1
AcDb_Thumbnail_Schema
102
{ATTRRECORD
341
27F
  2
AcDbDs::TreatedAsObjectData
280
     1
291
     1
102
ATTRRECORD}
102
{ATTRRECORD
341
280
  2
AcDbDs::Legacy
280
     1
291
     1
102
ATTRRECORD}
  2
AcDbDs::ID
280
    10
 91
        8
102
{ATTRRECORD
341
281
  2
AcDs:Indexable
280
     1
291
     1
102
ATTRRECORD}
102
{ATTRRECORD
341
282
  2
AcDbDs::HandleAttribute
280
     7
282
     1
102
ATTRRECORD}
  2
Thumbnail_Data
280
    15
 91
        0
  0
XRECORD
  5
27F
102
{ACAD_REACTORS
330
284
102
}
330
284
100
AcDbXrecord
280
     1
  1
AcDbDs::TreatedAsObjectDataSchema
  2
AcDbDs::TreatedAsObjectData
280
     1
 91
        0
  0
XRECORD
  5
280
102
{ACAD_REACTORS
330
284
102
}
330
284
100
AcDbXrecord
280
     1
  1
AcDbDs::LegacySchema
  2
AcDbDs::Legacy
280
     1
 91
        0
  0
XRECORD
  5
281
102
{ACAD_REACTORS
330
284
102
}
330
284
100
AcDbXrecord
280
     1
  1
AcDbDs::IndexedPropertySchema
  2
AcDs:Indexable
280
     1
 91
        0
  0
XRECORD
  5
282
102
{ACAD_REACTORS
330
284
102
}
330
284
100
AcDbXrecord
280
     1
  1
AcDbDs::HandleAttributeSchema
  2
AcDbDs::HandleAttribute
280
     7
 91
        1
284
     1
  0
XRECORD
  5
2B7
102
{ACAD_REACTORS
330
236
102
}
330
236
100
AcDbXrecord
280
     1
102
DISPLAYNAME
  1
Metric50
102
FLAGS
 90
        0
  0
XRECORD
  5
1FA
102
{ACAD_REACTORS
330
1F9
102
}
330
1F9
100
AcDbXrecord
280
     1
 70
     1
 90
429727718
  1
D62C5603-E3A1-4AEA-B7FB-FE5D8D0755AF
310
504B03040A0000080000CC70623B3DEE336E79000000790000001B0000006175746F6465736B2D64657369676E2D7061636B6167652E786D6C3C3F786D6C2076657273696F6E3D22312E302220656E636F64696E673D227574662D3822203F3E3C666F726D6174733E3C666F726D61743E687474703A2F2F736368656D612E
310
6175746F6465736B2E636F6D2F64657369676E2D7061636B6167652F323030393C2F666F726D61743E3C2F666F726D6174733E504B0304140006080800CC70623BD486FD9CA0000000F4000000130000005B436F6E74656E745F54797065735D2E786D6C7D8EC10E82300C865F65E91D8A1E8C310C0EEA1BF002731658846E
310
D98AC1B77784ABF1D8FE5FBFBF75BBCE937A534CCEB38643598122B6FEE978D0B0485F9C41B54DDD7D022595594E1A469170414C76A4D9A4D207E29CF43ECE46F218070CC6BECC4078ACAA135ACF422C856C0E68EA1BF5669944DDD7BCDE7B1F8E415D77AECB980613C2E4AC91FC167A2B244592486606FC29C8FD7F045B9A
310
EF7053A7E60B504B0304140006080800CC70623B853B8169EB0000007C01000008000000636F72652E786D6C8D90416EC3201045AF62CDB6C206821CC7C244919D9CA01740401C94182C03558F5F9C3852BBEB6A467FFE9B197D7EFC9E1EC5975982F5AE035262288C535E5B377690E21535501C055FBC8FBF6C503839990E
310
5619041F179FE64D52DE45E362569DD7661365082642A11EB9E920A89B99642953CC8E702F67A9EE7234257977194EC9EAE275C4EABCCF5EAD5940D4AC6F0E35A568B8F43562CD7046CD199FD07E60174276A7BE677B5EADB0E0D14EEFFB6A31321A0D82627C4084204C3F096B71DD52F6819B16635EADF63F509AF53FA164
310
5DDCD1EDDD17164090FCC8732078B56691CB33A85CD7DCC40F504B0304140006080800CC70623B55019EA25F0000007C00000007000000636E782E786D6C4DCB3B0E80201045D1AD90E915ED2CF8AC45050C11660C8261F98AB1B07AC9C97D42D718D865D3E909258CFD00CCE24AC6E326A164D74DC0B4128928FF32603847
310
2BA13128B1252AC747C6BAB984FC68F0B87FE8960A5C09FE86CFB69FBA01504B0304140006080800CC70623BDBABAAF470010000D40300000C0000006662782F636F72652E786D6CC553D16E823014FD95A6AF4B694182CC941A83FA05FB810A9511A125A5257EFE2E82712ECEB8A7F100CD39F7F69E734AF9FADC366850B6
310
AF8DCE7018308C942E4C59EB2AC3DE1D498AD15A706B8CFB56869196ADCAF00863C12B6B7C374385D14E6907A836A59A41D9F7CA615434B0C8705F7CAA5606D23BA8E84F41278B93AC54100640439DE0BDB320004D43C63716C7C399D30917DCFBBA9CD9BA8469F5B156168B24CED3F7248AC8769F27244EB73B92EED8862C
310
B7F13E0C179B3C8F979C8ECD82BBBABDAA2BAC924E9558448CBD9330242CFA08E3154B5651FCC6D215639C8EE5774DBE2B5F6CF2B5768B68963BB5F5588420E442FC700B1139D4CB01F450C1E918227C2E09DF070D8140C84E1E9AAB8F1340832A9CB13130A5F1376A908D57309505ECF2A0DF179C4E9D30F5B239B87E3823
310
7A79C6F31DE1A8A5AEC08474B03C7837EAE4938639B44E5932B833D2C6B6B279CDC613877FA26EE21F4A2A4C63EC7F29A2F301D1F9F7A0E37D145F504B0304140006080800CC70623B9C113CC27E0000009D0000000B0000006662782F636E782E786D6C4DCCDF0A83201C86E15B91DFB94BFB330DD428C8FB886521330DA7
310
6397BF1A1DECE883878F57749FCDA1B7892F1BBC047A23808C7F84D9FA55424E0BE6803A256208E9EF06C84F9B91703228B1C690F78B66B34CD9A5439DF5CF0BFBF65E35BCA1B8D6A5C6F540381E886698B5741C695F9503EBA150A2F8958E3DC3EA0B504B0304140006080800CC70623B7DF2F77C2A010000120200003100
310
00006662782F41393633353835312D344632462D344230382D423046372D3739314545314133324237412F636F72652E786D6C8D51DB8EC22014FC15C2939B0D2DB4B45643319AE817EC0F6041255A68B86CFCFC856D4D76DF7CE190393373060EDB3DC707F856CE6B6B7A480A0C81328395DA5C7B18C3057510EC3873D686
310
3F34088C18550F330C39BB3A1BA7051AAC09CA84841A2BD5020AEF55806078A44B0FFD7053A328440C89E1EFC52486BBB8AA8214A99D789CF9E05200300FC927E4FB4D5B375D43103D5527440FB843077C5AA3F5861C8F645F5787F59E95B390B318B55CE45AA638FAA2957BD7248B390B7A7CC51F9C124149C82B8C378810
310
84AB2F42B7B8DD56F413775B8C5999E9FF4471926F8AA236A1AE96B8B3CC434E5839373893369E1FAF30EA395917409EB7F26AF8801C171837A4A6AC9C89E9F9C9B1A58BA30FD6A5EF5DDDCF894B9AD9B6A59C957943A9FCAE2FD5BC4DFE03504B0304140006080800CC70623BAD7543B64E01000033030000300000006662
310
782F41393633353835312D344632462D344230382D423046372D3739314545314133324237412F636E782E786D6CD593CD6EC32010845F0571AD6CE3D48AD20813A9873E410FBD12D82434182C7EAAE6EDBB2424CD25871E7B41D6EC30B3FA84F9E67BB2E40B4234DE8DB46F1925E094D7C6ED479AD3AE5951B2113C789FEE
310
6C943839C1488B4C05DF079FE72A69D8C96C13AAD6B8631503449F83828872B949AC57D26200B826A308D316B4064D6E46FCDA41C05550DC9E483A00797BFD207EFB092A45DE9514C1BBD22178396BD39D891265658C238DEA00936C654E5E433CB65A26D9F6EDB5EBC14EBF49A45CB856E66048291F6939A9A81BB5C89177
310
38143CA680F4AA299D66A042CEB3354A2684DC9D8D178FE0D9B8B41CAAD720F880EE7EF93C0C18769E099ECC04D5A102C8049A8A05632F4DDF376CF1DE0F6BB65C2F8627B65A33C6BB62177CEBBDAD973006829F89F22E814B54F4BC2BE347F8AA8F681390B50FA73F804400B5F542E796F19FF974E7F78DB802FE05E20750
310
4B0304140006080800CC70623BE75B7789680500003C100000340000006662782F41393633353835312D344632462D344230382D423046372D3739314545314133324237412F6F626A656374732E786D6CAD575B8F9B3818FD2B887D06C22499CB8AA1CA655245D5B455A356FB305264C061D8018C6C3393D95FBFC7600890
310
A4CD5EF210B0B1BFEBF98E3F7B1FF6596ABC522E1296DF9BAE3D320D9A872C4AF2F8DE2CE5CEBA358D0FBEC719939D65A691938CDE9B6ADAF4BD98B3B2D05311DD91329583D9D5FC0F438434A7A611A644887B5384CF34233629258BA878B12322891DEFF6B66BD70BFB62634E8AE781D082709A4B588AF91C528CDA28B73F
310
1C998EEF39EABBEFA97FBD6A7C7E9553F9D3D79FE442923C3C523610337627CB87ABE99D359D4CC6D6E4FACAB5E6ABF9D2726FC6A3C5F56271377BB88362213924694B38DD99FE47C48627A1E7D49F5A8BB5E1A74C0A599ED3B0F21F1E56366B89112D681E218F0915D0D6F17AD41FBA2A369DCF6335D62ABBD39779D5DDD1
310
11D4D8DE3CBB96B2E04FB8202E41051754A1AA8E8F76B4C6DFE810B580B1547F4B84911149794252234D024EF8BBE963A95AE27B3D310A9D5C215C7960FAEE415ED75694C6AFB17BCACA5D99A60A9AA65F217B0BFC53292ACB92BF283FAD0D3621576592CB5BED907C2FA8E9DF794E35E97BEA31BED21FEB401ABB94C44839
310
DCACBF0E1C5DA8DA5B2F4DFFD32AD86F543D9E565E7056502E157C00AD2671CD534549AB752FCA9CDA00677A313F04E51B22FF19E57B300579E3C97EB29F682D92935CEC18CF901B7B54FD8C51F362B56FC72FE0B3C1EAE335EDCCBF5AEC39ADB17DC238973F804BA5E6F6BFE7AF1FB32E523BE9F3BD571418E3631DCA4D48
310
5250CF639223210A9446CA30052EDF057BD35F8329C1ECD84552BF0DC8D18BE7BCE23BFE6BD960AB4A7DE79923A103BEBD80F911CBAA2C60DB19B01CF164A5583B772EE6D3FFA56666CBCDA74DC97724A48F9A58967497E489C4D979006FD7A05E227A1EBDD0F737C623387A9C844D3709995625106D157315F8B8392CD4E0
310
A0B9A720C4BE9829CEF37EA1E13111214D53925356365ADA634861B52519DD27A00AEB808EAF0628E6F435519D446F45CF2C9CF5214F0A15B2F6D06B79DA3EE3CBF7F56780D2F4E7EF73A0F5E5B02A38D07DC852C6B7C1FBB6664213E0C39E3EBA7FF4E1AD23EA2829407C85E586727488B751B2DB9502BC7B228A3FD68B6E
310
A65A22397E690AA8D158D7E404EC8CDA235CC3B7D1898680131CEC2CDF2638C65196279577750F15884AEE19F94199155B92B13297978469D4F8D358DF0AEF7631E28DC8F0D9F437D5D39A83B2231A1D52D543813A824EF8D44BCFF2FA6A31BD1E8DAD87F1CCB526B3879935BF59CDADD5C37479BB1CDD4CA7B3556B516589
310
EF352754B706114D9C885EC9131DE6EFEB43D99AFE2391C2F958179413D7CFEF6B1B6DB1E7600F00DE6E5C67454A339A4BA2E0FBA85ED26F045D454F463DBFCE484C2F90F2E5E3666003662ED8F755951A7D1BECD5B30B550B2785C8E7320B7292A4838DDA71BBC863ED7613CAF659337A3354231D4FF4A182A54904C2898C
310
98B28C4AD0CE056CCF332A80986E571EE9DBC305BB5FEB7E509220A58D25CF042D712A806AC0AD0C657FDEF80D2D9CEAA2EE4D1C76F60BFE74219A06527D6F82DF6412526107381E55E353090704D085B52408A8913C4ED159D79BDA71BB4BC506F4831350EB6F975CD22D69BF7AC49B91A2C0A9DDA3D5CA36AD20FC478E37
310
E61844E2352865EBCB61A275A65283CAAA9DD27703B4102F5AF51EF5F573B75CBB5AD38BC845F7A49F82A0966A49C2E3EA5EA0ECD326CD965F1DB402C6FA8B51A4658C5C5E2EC9E214602E55810345408596591009A82E7E7FFACA19EEA299B14A0081A705CB3296EBC14CDF658DCD336EA6D1136881AAEB87B81AB9EE53D5
310
F5EB8BC8362082DA24122F98680A4E7930C01A0079749CEA14382A0783E5EBA5A10F8C098456A03D6A4AEB6BB881E2513747552A5DB22C7EDAF83BD5528081A365F7FF06504B0304140006080000CC70623B000000000000000000000000350000006662782F41393633353835312D344632462D344230382D423046372D37
310
39314545314133324237412F76657274696365732E62696E504B0304140006080800CC70623BF270F1330600000004000000360000006662782F41393633353835312D344632462D344230382D423046372D3739314545314133324237412F747269616E676C65732E62696E636660600000504B0304140006080000CC7062
310
3B000000000000000000000000370000006662782F41393633353835312D344632462D344230382D423046372D3739314545314133324237412F617474726962757465732E62696E504B0304140006080800CC70623B08DA0BD19000000041010000360000006662782F41393633353835312D344632462D344230382D4230
310
46372D3739314545314133324237412F6469726563746F72792E786D6C858F410AC3201045AF22B36F53E9A60B35CBEEBAE80D244E44489C6234F4F835464A48035D0DF398FF9F8AF63D0E6CC63039F212F8F9020C7D47C6792B21C5FE7403D62A1188E2E60C98D7234A5830286103A55745067B9D86B8A3CF9C7F90C11DE6
310
07FB144396D7B6A82D282E9A152AD114D5EF2CB866EEE831B8EEA07A7BB5A8D7D61A2BAAEB7FD5F70921FF497D00504B0304140006080800CC70623BEDD1DC58FD000000A00100003B0000006662782F41393633353835312D344632462D344230382D423046372D3739314545314133324237412F7265736F75726365732F
310
636F72652E786D6C8D504B6E833010BD0A9A6D65B00922041947112427E8052C33A156828DFCA97AFC9A40A576D7CDCCE87D344F8F9FBFE667F689CE6B6B3A6039850C8DB2A336530731DC4903D95970676DF82583CCC8193B5861107C72362E3BA4AC096842428D1D7107A5F7182053CF7474E0D507CE32973124857FE48B
310
540F3961CEF244279DE03EB81420DB9EAC1384436FA353E879B1B182C7A8C75DA3C7F453DF353A1075D537A7BA6464B8F535A99AE14A9A2BBD90E350DD183B5CFABE3AF262350B1EF4FC9351399401471025A527C218A1E53BAB5A5AB765F5469B96525EACF23FA6B88CFF34456DC2A1DCE36E360F82A5202F42F062ED2BAD
310
579969AFDD8A6F504B010214000A0000080000CC70623B3DEE336E79000000790000001B00000000000000000000000000000000006175746F6465736B2D64657369676E2D7061636B6167652E786D6C504B01021400140006080800CC70623BD486FD9CA0000000F40000001300000000000000000000000000B20000005B
310
436F6E74656E745F54797065735D2E786D6C504B01021400140006080800CC70623B853B8169EB0000007C010000080000000000000000000000000083010000636F72652E786D6C504B01021400140006080800CC70623B55019EA25F0000007C000000070000000000000000000000000094020000636E782E786D6C504B
310
01021400140006080800CC70623BDBABAAF470010000D40300000C00000000000000000000000000180300006662782F636F72652E786D6C504B01021400140006080800CC70623B9C113CC27E0000009D0000000B00000000000000000000000000B20400006662782F636E782E786D6C504B01021400140006080800CC70
310
623B7DF2F77C2A010000120200003100000000000000000000000000590500006662782F41393633353835312D344632462D344230382D423046372D3739314545314133324237412F636F72652E786D6C504B01021400140006080800CC70623BAD7543B64E010000330300003000000000000000000000000000D2060000
310
6662782F41393633353835312D344632462D344230382D423046372D3739314545314133324237412F636E782E786D6C504B01021400140006080800CC70623BE75B7789680500003C10000034000000000000000000000000006E0800006662782F41393633353835312D344632462D344230382D423046372D3739314545
310
314133324237412F6F626A656374732E786D6C504B01021400140006080000CC70623B0000000000000000000000003500000000000000000000000000280E00006662782F41393633353835312D344632462D344230382D423046372D3739314545314133324237412F76657274696365732E62696E504B01021400140006
310
080800CC70623BF270F133060000000400000036000000000000000000000000007B0E00006662782F41393633353835312D344632462D344230382D423046372D3739314545314133324237412F747269616E676C65732E62696E504B01021400140006080000CC70623B0000000000000000000000003700000000000000
310
000000000000D50E00006662782F41393633353835312D344632462D344230382D423046372D3739314545314133324237412F617474726962757465732E62696E504B01021400140006080800CC70623B08DA0BD1900000004101000036000000000000000000000000002A0F00006662782F41393633353835312D344632
310
462D344230382D423046372D3739314545314133324237412F6469726563746F72792E786D6C504B01021400140006080800CC70623BEDD1DC58FD000000A00100003B000000000000000000000000000E1000006662782F41393633353835312D344632462D344230382D423046372D3739314545314133324237412F7265
310
736F75726365732F636F72652E786D6C504B0506000000000E000E0080040000641100000000
  0
XRECORD
  5
1F8
102
{ACAD_REACTORS
330
1F7
102
}
330
1F7
100
AcDbXrecord
280
     1
 70
     1
 90
429727718
  1
30362254-06B7-45E0-A893-8CFA70E3D6BC
310
504B03040A0000080000CC70623B3DEE336E79000000790000001B0000006175746F6465736B2D64657369676E2D7061636B6167652E786D6C3C3F786D6C2076657273696F6E3D22312E302220656E636F64696E673D227574662D3822203F3E3C666F726D6174733E3C666F726D61743E687474703A2F2F736368656D612E
310
6175746F6465736B2E636F6D2F64657369676E2D7061636B6167652F323030393C2F666F726D61743E3C2F666F726D6174733E504B0304140006080800CC70623BD486FD9CA0000000F4000000130000005B436F6E74656E745F54797065735D2E786D6C7D8EC10E82300C865F65E91D8A1E8C310C0EEA1BF002731658846E
310
D98AC1B77784ABF1D8FE5FBFBF75BBCE937A534CCEB38643598122B6FEE978D0B0485F9C41B54DDD7D022595594E1A469170414C76A4D9A4D207E29CF43ECE46F218070CC6BECC4078ACAA135ACF422C856C0E68EA1BF5669944DDD7BCDE7B1F8E415D77AECB980613C2E4AC91FC167A2B244592486606FC29C8FD7F045B9A
310
EF7053A7E60B504B0304140006080800CC70623B1EC5D7A3EB0000007C01000008000000636F72652E786D6C8D90416EC3201045AF82665B6103C6756C6122AB4D4ED00B204C5C94182C03558F5F9C3852BBEB6A467FFE9B197D71FC9E6FE8CBACC17AD7032D0820E3B41FAD9B7A48F1820F808E52ACDEC75F36404ECDA687
310
4D0629A6D5A76597B477D1B89855E747B38B2A041301E95B6E7A08FAD3CCAA50296647B8168BD2573599823EBB0CA76447F43862C7BCCF5EAC59410E4DDD9C7973C2755553CCCFA4C603E3040F1565ED3B1FDE4E432BCA0D9622DAF9795FAF464533826484B498524CD807E51D79ED187F21878E10516EF63F505AC67F42C9
310
BA58B1FDDD071640D2FCC87D2045B96591CB3DA85CB7DCE40F504B0304140006080800CC70623B55019EA25F0000007C00000007000000636E782E786D6C4DCB3B0E80201045D1AD90E915ED2CF8AC45050C11660C8261F98AB1B07AC9C97D42D718D865D3E909258CFD00CCE24AC6E326A164D74DC0B4128928FF32603847
310
2BA13128B1252AC747C6BAB984FC68F0B87FE8960A5C09FE86CFB69FBA01504B0304140006080800CC70623B8C9102E971010000D40300000C0000006662782F636F72652E786D6CC5535B6E833010BC8AE5DF0A6C08340F1947A84D4ED00B38C6A128602363A31CBFCB234A53A551FA553EC09AD9F5CE8C31DB9E9B1AF5CA
310
7695D1198E428A91D2D214952E33ECDD315861B4E5CC1AE3BE9561A445A3323CC098B3D21ADFCE9034DA29ED00D5A6503328BA4E398C640D8B0C77F253352214DE4145770A5B214FA2546114020D759C75CE8200340D19DE981F0F6746269C33EFAB6266AB02A655C74A59CCF365BADC27CB5D902ED22848F6340DF238A141
310
BE88E2F57B92BFEDF23523433367AE6A2EEAA455C2A902F398D2751045018D3FA264435F3771F242571B4A1919CA6F9A7C5B3CD9E42BED16F12C776AEB308F40C848FC700B1139D4891EF410CEC810227CC6846F8386402064270EF5C5C709A05E49676C024C61FC95EA45ED154CA5211D1FF4FB8291A913A68E9B83EBBB33
310
E2A7673CDE118E5AE8124C0807CB8377834E366998436B950D7A7746DAD846D4CFD978E0F04FD455FC5D49D2D4C6FE9722321F10997F0F32DC47FE05504B0304140006080800CC70623BFFEA85907E0000009D0000000B0000006662782F636E782E786D6C4DCCD10A83201886E15B91FFDC95D95A811AB6F23E625948A6C3
310
E9D8E5AF46073BFAE0E1E365ED67B3E8ADC3CB78C7815C7240DA3DFC64DCC221C519D7805AC182F7F1EF06C88D9BE6703008B6049F9E274D7A1E938DBB5AE3D6131B2589BA0D3D965551E0B2EA732C9B9A624AAEB41E3A557677029960D9AFB4EF11165F504B0304140006080800CC70623B4FEEA4082C0100001202000031
310
0000006662782F39464131463745442D413632322D343644302D413938332D3331353338454246344243312F636F72652E786D6C8D515B6EC32010BC0AE2AB55850DD871ED0813254D72825EC00192A2C460F1A872FC42ED48ED5F7E00CDCECCCEB26C731F6FE05B39AFADE921293004CA082BB5B9F43086336A21D870E6AC
310
0D7F68109861543DCC30E4ECE26C9C164858139409093556AA051CBC570102714B8F1E7AF1A5C6A11862480C7F2DA6415C878B2A4891CA89C7990F2E050073937C42DE1DB7E4F87ED8A36D4329AA9B3D46DBAEAD504556557BD81DEBDD0761E52CE42C462D17B996298E3E6BE59E35C962CE821E1FF18553435012728A7187
310
0841987E927A8D9B35ADDF70BBC6989599FE4F1427F9A4286A132ABAC49D651EF234CD5CE04CDA78BA3DC2A8FB645D00B9DF8B57E215725C60BCA2A463E54C4CE327C7A65E1C7DB02E7DEFCBF594B864C5CA6CDBD49C957943E9FA5D5FBAF336F90F504B0304140006080800CC70623BAD7543B64E01000033030000300000
310
006662782F39464131463745442D413632322D343644302D413938332D3331353338454246344243312F636E782E786D6CD593CD6EC32010845F0571AD6CE3D48AD20813A9873E410FBD12D82434182C7EAAE6EDBB2424CD25871E7B41D6EC30B3FA84F9E67BB2E40B4234DE8DB46F1925E094D7C6ED479AD3AE5951B2113C
310
789FEE6C943839C1488B4C05DF079FE72A69D8C96C13AAD6B8631503449F83828872B949AC57D26200B826A308D316B4064D6E46FCDA41C05550DC9E483A00797BFD207EFB092A45DE9514C1BBD22178396BD39D891265658C238DEA00936C654E5E433CB65A26D9F6EDB5EBC14EBF49A45CB856E66048291F6939A9A81BB5
310
C8917738143CA680F4AA299D66A042CEB3354A2684DC9D8D178FE0D9B8B41CAAD720F880EE7EF93C0C18769E099ECC04D5A102C8049A8A05632F4DDF376CF1DE0F6BB65C2F8627B65A33C6BB62177CEBBDAD973006829F89F22E814B54F4BC2BE347F8AA8F681390B50FA73F804400B5F542E796F19FF974E7F78DB802FE05
310
E207504B0304140006080800CC70623B16AB87BA640500003C100000340000006662782F39464131463745442D413632322D343644302D413938332D3331353338454246344243312F6F626A656374732E786D6CAD575B6FA33818FD2B887DE6924B3BED8A326A92B68A663B534DD4D13E548A0C38942D60649B369D5FBFC7
310
600890A493BDE42160637FD7F31D7FF63E6FB3D478A55C242CBF3247B66B1A340F5994E4F19559CA8D75611A9F7D8F33263BCB4C232719BD32D5B4E97B316765A1A722BA21652A07B3B7B33F0D11D29C9A46981221AE4C113ED38CD8A4942CA2E2C58E882476BCD9DA23BB5ED8171B73523C0F841684D35CC252CCE79062D4
310
468DFA43D7747CCF51DF7D4FFDEB5593E3AB9CCA9FBEFE241792E4E19EB28198C968BAB8199F5D5A67D3E9C49A9E8F47D6EC76B6B0469F26EEFC7C3EBFBCBEB98462213924694B38DD98FE1D62C393D073EA4FADC5DAF04326852CCF6958F90F0F2B9BB5C48816348F90C7840A68EB78EDF68723159BCEE7891A6B95DDE9D3
310
BCEAEEE8086A6C6F9E5D4B59F0175C10A7A0820BAA5055C7473B5AE3CFDD452D602CD5DF12616444529E90D448938013FE6EFA58AA96F85E4F8C42275708571E98FE6827AF6B2B4AE3D7D83D64E5A64C53054DD3AF90BD06FEA9149565C94FCA0F6B834DC85599E4F2423B24DF0B6AFA979E534DFA9E7A4CC6FA631D486393
310
921829879BF5D781A373557BCB85E97FB90DB62B558F8795179C15944B051F40AB495CF35451D26A4727654E6D8033BD98EF82F21D91FF8AF2DD9982BCF1643BDD4EB516C9492E368C67C88DED563FC36D5EACF66DFF057C3658BDBFA69DF9578B3DA735B64F18C7F20770A9D45CFCF7FCF563D6456A277DBEF78A02637CA2
310
43B90A490AEAB94F72244481D24819A6C0E59B606BFA4B3025981DBB48EAB701D97BF19C577CC77F2D1B6C55A9EF3C732474C0B727303F625995056C3B02963D9EAC146BE78EC5FCEC7FA999EBC5EACBAAE41B12D27B4D2C0BBA49F244E2ECDC81B76B502F113D8F5EE8FB1BE3111CDD4FC2AA9B844CAB1288B68AB90A7CDC
310
1C166AB0D3DC5310625FCC14E779BFD0709F8890A629C9292B1B2DED31A4B0DA928CEE135085754027E3018A397D4D5427D15BD1330B677DC8934285AC3DF45A9EB68FF8F2B8FC0A509AFEECFD0FF2DE25CC6047F7214B195F07EFEB9A094D800F7BFAE8FED187B78EA8A3A400F115961BCAD1215E47C966530AF0EE8128FE
310
58CEBB996A8964FFA529A046635D9353B0336A8F700DDF46271A024E70B0B37C9DE01847591E54DED53D54202AB947E4076556AC49C6CA5C9E1226B7F1A7B1BE15DEED62C41B91E1B3E9AFAAA735036547343A925075041DF0A9979E893B391F8FCFA6967B3EFB644DCF6E5CEBFAE272625DCC6FAF3FB93793C5F90CE1EF57
310
407342756B10D1C489E8953CD1617E5CEECAD6F4EF8914CE5D5D504E5C3F1F9736DA62CFC11E00BCDDB8CC8A9466349744C1F75EBDA4DF09BA8A9E8C7A7E9991989E20E5DBDD6A6003664ED8F7A04A8DBE0DF6EAD9B9AA858342E47399053949D2C146EDB85DE4B176BB0965FBAC19BD19AA918E27FA50C1D22402E144464C
310
59462568E704B6E71915404CB72B8FF4EDE184DDAF753F284990D2C6926782963815403548A70C657FDEF80D2D9CEAA2AE4C1C76F60BFE74219A06527D6582DF6412526107381E55E353090704D085B52408D0933C4ED159D79BDA71BB4BC506F4831350EB6F979CD22D69BF7AC49B91A2C0A9DDA3D5CA36AD20FC478E37E6
310
1844E2352865EBCB6EA275A652E3836BE04EFB400BF1A2556F515F1FBB35B2AB35BD889C744FFA1004B5544B121E57F70215746DD2F5E2C1412B602CBF19455AC6C8E5E9922C4E01E65215385004546899059180EAFCF7A707CE7017CD8CDB0410789AB32C63B91E5CEBBBACB17AC6CD347A022D5075FD106377347AAABA7E
310
7D11590744509B44E205134DC1290F06580320F78E537D3D73540E06CB970B431F185308AD40BBD794D6D77003C5A36E8EAA54BA64597CD8F83BD552A080A365F7FF06504B0304140006080000CC70623B000000000000000000000000350000006662782F39464131463745442D413632322D343644302D413938332D3331
310
353338454246344243312F76657274696365732E62696E504B0304140006080800CC70623BF270F1330600000004000000360000006662782F39464131463745442D413632322D343644302D413938332D3331353338454246344243312F747269616E676C65732E62696E636660600000504B0304140006080000CC70623B
310
000000000000000000000000370000006662782F39464131463745442D413632322D343644302D413938332D3331353338454246344243312F617474726962757465732E62696E504B0304140006080800CC70623B08DA0BD19000000041010000360000006662782F39464131463745442D413632322D343644302D413938
310
332D3331353338454246344243312F6469726563746F72792E786D6C858F410AC3201045AF22B36F53E9A60B35CBEEBAE80D244E44489C6234F4F835464A48035D0DF398FF9F8AF63D0E6CC63039F212F8F9020C7D47C6792B21C5FE7403D62A1188E2E60C98D7234A5830286103A55745067B9D86B8A3CF9C7F90C11DE607
310
FB144396D7B6A82D282E9A152AD114D5EF2CB866EEE831B8EEA07A7BB5A8D7D61A2BAAEB7FD5F70921FF497D00504B0304140006080800CC70623B0D6EF93BFE000000A00100003B0000006662782F39464131463745442D413632322D343644302D413938332D3331353338454246344243312F7265736F75726365732F63
310
6F72652E786D6C8D50596E833010BD0A9ADFCA60B334011947A8694ED00B586642AC041B79A97AFC9A40A5F6AF3F33A3B7689E1E3F7DCD8FEC139DD7D6F4C0720A191A65476DA61E62B892236427C19DB5E1970C322367EC618541F0C9D9B8EC90B226A009093576C41D94DE63804C3DD2D18357379C652E63480A7FCF17A9
310
EE72C29CE5894E3AC17D702940B63D59270887DE46A7D0F36263058F518FBB468FE9A7BE6A7420864373B8D4873369AA8691FA421B3294352543C5CAF65C0F6FEF43CB8BD52C78D0F34F46E550061C419494B6843142CB0F5677F4B52BEB177AEC28E5C52AFF638ACBF84F53D42654E51E77B379102C05791282176B5F693D
310
CB4C7BED567C03504B010214000A0000080000CC70623B3DEE336E79000000790000001B00000000000000000000000000000000006175746F6465736B2D64657369676E2D7061636B6167652E786D6C504B01021400140006080800CC70623BD486FD9CA0000000F40000001300000000000000000000000000B20000005B
310
436F6E74656E745F54797065735D2E786D6C504B01021400140006080800CC70623B1EC5D7A3EB0000007C010000080000000000000000000000000083010000636F72652E786D6C504B01021400140006080800CC70623B55019EA25F0000007C000000070000000000000000000000000094020000636E782E786D6C504B
310
01021400140006080800CC70623B8C9102E971010000D40300000C00000000000000000000000000180300006662782F636F72652E786D6C504B01021400140006080800CC70623BFFEA85907E0000009D0000000B00000000000000000000000000B30400006662782F636E782E786D6C504B01021400140006080800CC70
310
623B4FEEA4082C0100001202000031000000000000000000000000005A0500006662782F39464131463745442D413632322D343644302D413938332D3331353338454246344243312F636F72652E786D6C504B01021400140006080800CC70623BAD7543B64E010000330300003000000000000000000000000000D5060000
310
6662782F39464131463745442D413632322D343644302D413938332D3331353338454246344243312F636E782E786D6C504B01021400140006080800CC70623B16AB87BA640500003C1000003400000000000000000000000000710800006662782F39464131463745442D413632322D343644302D413938332D3331353338
310
454246344243312F6F626A656374732E786D6C504B01021400140006080000CC70623B0000000000000000000000003500000000000000000000000000270E00006662782F39464131463745442D413632322D343644302D413938332D3331353338454246344243312F76657274696365732E62696E504B01021400140006
310
080800CC70623BF270F133060000000400000036000000000000000000000000007A0E00006662782F39464131463745442D413632322D343644302D413938332D3331353338454246344243312F747269616E676C65732E62696E504B01021400140006080000CC70623B0000000000000000000000003700000000000000
310
000000000000D40E00006662782F39464131463745442D413632322D343644302D413938332D3331353338454246344243312F617474726962757465732E62696E504B01021400140006080800CC70623B08DA0BD190000000410100003600000000000000000000000000290F00006662782F39464131463745442D413632
310
322D343644302D413938332D3331353338454246344243312F6469726563746F72792E786D6C504B01021400140006080800CC70623B0D6EF93BFE000000A00100003B000000000000000000000000000D1000006662782F39464131463745442D413632322D343644302D413938332D3331353338454246344243312F7265
310
736F75726365732F636F72652E786D6C504B0506000000000E000E0080040000641100000000
  0
XRECORD
  5
175
102
{ACAD_REACTORS
330
173
102
}
330
173
100
AcDbXrecord
280
     1
270
     1
271
     1
  0
XRECORD
  5
174
102
{ACAD_REACTORS
330
173
102
}
330
173
100
AcDbXrecord
280
     1
270
     1
271
     1
  0
XRECORD
  5
1FB
102
{ACAD_REACTORS
330
173
102
}
330
173
100
AcDbXrecord
280
     1
 70
     0
 90
1673772943
  1
ECE7A1D2-D628-4531-984C-D00F80459256
310
504B03040A0000080000CC70623B3DEE336E79000000790000001B0000006175746F6465736B2D64657369676E2D7061636B6167652E786D6C3C3F786D6C2076657273696F6E3D22312E302220656E636F64696E673D227574662D3822203F3E3C666F726D6174733E3C666F726D61743E687474703A2F2F736368656D612E
310
6175746F6465736B2E636F6D2F64657369676E2D7061636B6167652F323030393C2F666F726D61743E3C2F666F726D6174733E504B0304140006080800CC70623BD486FD9CA0000000F4000000130000005B436F6E74656E745F54797065735D2E786D6C7D8EC10E82300C865F65E91D8A1E8C310C0EEA1BF002731658846E
310
D98AC1B77784ABF1D8FE5FBFBF75BBCE937A534CCEB38643598122B6FEE978D0B0485F9C41B54DDD7D022595594E1A469170414C76A4D9A4D207E29CF43ECE46F218070CC6BECC4078ACAA135ACF422C856C0E68EA1BF5669944DDD7BCDE7B1F8E415D77AECB980613C2E4AC91FC167A2B244592486606FC29C8FD7F045B9A
310
EF7053A7E60B504B0304140006080800CC70623BD9DDAED0EC0000007C01000008000000636F72652E786D6C8D90416EC3201045AF82665B61836D9CD8C2444DD39CA01740405C94182C03558F5F9C3852BBEB6A467FFE9B197D7EF89E6EE8CB2CC17A37002D0820E394D7D68D03A478C17B4007C117EFE32F1B20272733C0
310
2A83E0E3E2D3BC49CABB685CCCAAF3DA6CA20CC14440EA969B0182FA34932C648AD911AEC52CD5558EA6A0CF2EC329598D1E47ACCEFBECC59A050463A7EA5833865FEBDD0E37353BE3EE8DBDE3F6786A48D375FBF6CC78B9C282473B3DEFABC5C86834888A900E538A49F5419B9EB47DD5BC907D4F082F57FB1F28CDFA9F50
310
B22ED6D5F6EE030B20687EE43E10BC5CB3C8E51E54AE6B6EE207504B0304140006080800CC70623B55019EA25F0000007C00000007000000636E782E786D6C4DCB3B0E80201045D1AD90E915ED2CF8AC45050C11660C8261F98AB1B07AC9C97D42D718D865D3E909258CFD00CCE24AC6E326A164D74DC0B4128928FF326038
310
472BA13128B1252AC747C6BAB984FC68F0B87FE8960A5C09FE86CFB69FBA01504B0304140006080800CC70623BA24EB22D72010000D40300000C0000006662782F636F72652E786D6CC5535B6E833010BC8AE5DF0A6C5E49888CA3A6694ED00B38E05014B091B1518EDFE511A5A9D228FD2A1F60CDEC7A67C6986DCE4D8D7A
310
69BA4AAB0C073EC548AA5C17952A33ECECD15B61B4E1CC686DBF9561A44423333CC098B3D268D7CE50AE9595CA02AA74216750749DB418E5352C32DCE59FB211BE70162ABA93DF8AFC244AE9073ED050C759670D0840D390E18DF9F1706664C23973AE2A66B62A605A75ACA4C13C4976E1364A12EF355A2EBD384AF65EFA96
310
BC7B8BED2EA6719AAE16FB8491A199335B351775B991C2CA02F390D2D40B028F861F41BCA68B7518BFD0D59A524686F29B26D7164F36B94AD9289CE54E6D1DE6010819891F6E21228B3AD1831EC219194284CF98F06DD01008846CC5A1BEF83801D4CBDC6A1303536877A57A513B0953A94FC707FDBE6064EA84A9E3E6E0FA
310
EE8CF0E9198F7784A316AA0413C2C2F2E0ECA0934D1AE6D05A69BCDE9E91D2A611F573361E38FC1375157F5752AE6B6DFE4B11990F88CCBF0719EE23FF02504B0304140006080800CC70623B408A7D3B7C0000009D0000000B0000006662782F636E782E786D6C4DCCD10A83201886E15B91FFDC552A92A0064DBC8F581632
310
D3703A76F9ABD1C18E3E78F878E5F0D9027ABBFCF2292AE86E2D20171F69F6715550CB827B40839639A5F2770314A7CD293819B45C73AAFB45B35BA61ACAA1C1C7E7855C58C15BC331339661262CC762340413D68D77DA5B42298546CBE6573AF60CEB2F504B0304140006080800CC70623B449FB9BD290100001202000031
310
0000006662782F36394639363044362D344446342D343946362D394244322D3234314243333846323333332F636F72652E786D6C8D515B6EC32010BC0AE22B55850D98B871848994463E412FE002495162B07854397EA176A4F62F3F2C9A9D991D587EB84F37F0AD7D30CEF6905418026DA553C65E7A98E219ED203808EE9D
310
8B7F6810D871D23D2C3014FCE25D9A57483A1BB58D19B54EE9151C43D0110279CB971E06F9A5A7B11A53CC8C70ADE6515EC78BAE4895DB992778883E0700CB907242D17643D7E2538BD869608875438BBAE38922CAC8F1BDD90DB4691A5E2F42C153326A951B95E398B3D1FE599322163C9AE9115F7A3D46ADA0A018778810
310
84E907617BDCEE297BC5BB3DC6BC2EF47FA234AB2745C9D8D8D035EE220B50105E2F0DC1954B9FB747187D9F9D8FA0CCDB042D5FA0C015C65B42DF78BD10F3F3B363CB56C7109DCFDFBBB97E662ED92EB62D13BC2E1BCAE5777DB9966D8A1F504B0304140006080800CC70623BAD7543B64E01000033030000300000006662
310
782F36394639363044362D344446342D343946362D394244322D3234314243333846323333332F636E782E786D6CD593CD6EC32010845F0571AD6CE3D48AD20813A9873E410FBD12D82434182C7EAAE6EDBB2424CD25871E7B41D6EC30B3FA84F9E67BB2E40B4234DE8DB46F1925E094D7C6ED479AD3AE5951B2113C789FEE
310
6C943839C1488B4C05DF079FE72A69D8C96C13AAD6B8631503449F83828872B949AC57D26200B826A308D316B4064D6E46FCDA41C05550DC9E483A00797BFD207EFB092A45DE9514C1BBD22178396BD39D891265658C238DEA00936C654E5E433CB65A26D9F6EDB5EBC14EBF49A45CB856E66048291F6939A9A81BB5C89177
310
38143CA680F4AA299D66A042CEB3354A2684DC9D8D178FE0D9B8B41CAAD720F880EE7EF93C0C18769E099ECC04D5A102C8049A8A05632F4DDF376CF1DE0F6BB65C2F8627B65A33C6BB62177CEBBDAD973006829F89F22E814B54F4BC2BE347F8AA8F681390B50FA73F804400B5F542E796F19FF974E7F78DB802FE05E20750
310
4B0304140006080800CC70623B8D05915C650500003B100000340000006662782F36394639363044362D344446342D343946362D394244322D3234314243333846323333332F6F626A656374732E786D6CAD575B6FA33814FE2B887D06429276DA1565D4266D158D3A339A6846FB502932E050B66023DB74D2FDF5FB190C01
310
9276B2973C046C8ECFF53B17071F77456EBD502133CEAE6CDF9DD81665314F32965ED995DA3A17B6F5310C04E7AA47665B8C14F4CAD6DB7618A48257A5D94AE89654B91AEDDEDDFC61C998326A5B714EA4BCB265FC440BE2924AF184CA6737218AB8E976E7FA6E4338649B0A523E8D98964450A6A029F619B8588D52FE7039
310
B1BD30F0F4F730D0FF866AF6369557DB33949F31A9088B0F848DD8CCFCF9F2767A76E99CCDE733677E3EF59D9BBB9BA5E37F984D16E78BC5E5F5ED25044B25C0C96822E8D60EEFE11B91C581D77CEA34368A1F5329E68CD1B8B61F16D63A1B8E092D294B10C78C4A48EB593D192E7DED9BDEE7995E1B91FDEDD3ACEA9FE831
310
6A756F9F7D4D79F4274C90A7A04248AA51D5F8C718DAE06FB2F75AC4796EBE65D22A88A22223B995679120E2D50E41AA49C260C046A35368846B0BECD0DFF3EBEB8AD4F835768F69B9ADF25C43D30E6B646F807FAA64AD59F61715C7A54127C4AACA98BA3006A9D792DAE165E0D59B61A01FB3A9F9D838D2DAE62445C86166
310
F37564E842E7DE6A69879FEEA2DD5AE7E371E1A5E025154AC307D06A03D73EB5978C58FFA4C8E9033066E0F3BD53BEC1F39F91BE7B55103791EDE6BBB991A2046172CB4581D8B893FA674DDA17A77B3B7C413D1B511FD2743BFF8A38F03A658705E3ADF8015C3A3417FF3D7E439FF591DA0B5F18BC20C1B8981957AE6392A3
310
F43C640C01D1A0B4728E2DD4F26DB4B3C3152A252A3B4E913CEC1C72F012782FF88EFF8637AA552DBEF76408E8A8DE9E50F9E1CB3A2DA0DB1B6039A893B56063DC5B3E3FFB5F72E67AB9FEB4AEC496C4F4C1149625DD662C53E89D7BF0F6151A046260D1337DFDC94502430F83B0EE07A130A224BCAD7DAE1D9FB6CD422FF6
310
920702629C4BB9AE79C12F243C6432A6794E18E5552BA56B431AAB5D91317302B2B071E86C3A42B1A02F999E24061403B5D0EB639195DA655DD3EBEAB4FB862DDF579F014AD0E73C22F99E28DA57FB98E75C6CA2D74D53086D600F4786E0FE3144B771A8A7B900F03594DB8A633CBC49B2EDB69228BB479CF863B5E807AAAB
310
23872F6DFEB4129B949CA33823F58830E86D65621E10047D9DB34D862E8EAC3C2ABC2F7B2C40D67CDFE01F5545B92105AF983AC54D93D69E56FB8E797F88913F898A9FEC705D3F9D1B54EC8426FB500D40A03BD0119B06E1B95DDC7EB8F6975367793EBD70E66733DFB9BC982F9CE564727731999F5D4ECFCE3B8D6A4DC2A0
310
6D50FD148437D110834A64C6CDDF57FBACB5C307A2A477DFE4939736CFEF2B175371E0E10CF0DD1D5C15654E0BCA14D1E87DD02FF93782A162C0A3D95F1524A52770F972BF1EE9809D13CE7DD599467F8ECE9ADD85CE85A34CD45355448C64F9E8A031DC2D596ACC6E5DD93D9B82DE2EF5CAF81363A8E47996A0DE24564A79
310
4115AACE09C55E14540231FDA13C319787134EBF34E3A022514E5B4D9E0826E25C02D5805B15ABE1BEF51B26383D445DD9E875EE33FE4C22DA16427D65A3BCA92CA6D28DD01DF5DC53330704308475351050232CCD31583787BA75774AFB06E5070DD0C8EF484E19968C5D83BA5B90B244D31E54D55A372320FE4786B7EA58
310
44E135AA5467CB7EA333A61683CC6A8C3257034C10CF46F40EF9F5BE59BE5BD30C3C72D235E95D10345C1D45445A5F0BB47E46A5EBE5570F9380B5FA629579952296A773720405982B9DE04011506178964401AA8BDF1FBF0A8EAB6861DD6580C0E38217056766716DAEB2D6FA0917D3E4116581EADB879C4E7CFFB11EFACD
310
3D641311495D92C8676CB409A72D18610D803CE8A626049E8EC1887CB5B44CC39883690DDA8399B4B9855B481E7D71D4A9D22F96E5BB73BF5793020C02137BF837504B0304140006080000CC70623B000000000000000000000000350000006662782F36394639363044362D344446342D343946362D394244322D32343142
310
43333846323333332F76657274696365732E62696E504B0304140006080800CC70623BF270F1330600000004000000360000006662782F36394639363044362D344446342D343946362D394244322D3234314243333846323333332F747269616E676C65732E62696E636660600000504B0304140006080000CC70623B0000
310
00000000000000000000370000006662782F36394639363044362D344446342D343946362D394244322D3234314243333846323333332F617474726962757465732E62696E504B0304140006080800CC70623B08DA0BD19000000041010000360000006662782F36394639363044362D344446342D343946362D394244322D
310
3234314243333846323333332F6469726563746F72792E786D6C858F410AC3201045AF22B36F53E9A60B35CBEEBAE80D244E44489C6234F4F835464A48035D0DF398FF9F8AF63D0E6CC63039F212F8F9020C7D47C6792B21C5FE7403D62A1188E2E60C98D7234A5830286103A55745067B9D86B8A3CF9C7F90C11DE607FB14
310
4396D7B6A82D282E9A152AD114D5EF2CB866EEE831B8EEA07A7BB5A8D7D61A2BAAEB7FD5F70921FF497D00504B0304140006080800CC70623BCA768048FE000000A00100003B0000006662782F36394639363044362D344446342D343946362D394244322D3234314243333846323333332F7265736F75726365732F636F72
310
652E786D6C8D50596E833010BD0A9ADFCA60D600328E9AA639412F609909B1126CE4A5EAF16B0295DABFFECC8CDEA2797AECF8353F924FB44E193D409E5248504B332A3D0D10FC95B4901C39B3C6F85F3248B49871801506CE266BC2B243D2688FDA47549B11775038871E12F988C7004EDE7016A9083E2ADC3D5D84BC8B09
310
D33C8D74D471E6BC8D0192EDC93A815B742658898E651BCB59086ADC356A8C3FD555A1055ED7E7E254D615792D0F075295F585746FF53B694EE78A565DD736979A65AB9933AFE69F8CD2A2F038022F28ED489E135A7CE4554F9BBEA85E68DB53CAB255FEC71496F19FA6A0B42F8B3DEE6673C0F318E4497096AD7DC5F52C33
310
EEB55BFE0D504B010214000A0000080000CC70623B3DEE336E79000000790000001B00000000000000000000000000000000006175746F6465736B2D64657369676E2D7061636B6167652E786D6C504B01021400140006080800CC70623BD486FD9CA0000000F40000001300000000000000000000000000B20000005B436F
310
6E74656E745F54797065735D2E786D6C504B01021400140006080800CC70623BD9DDAED0EC0000007C010000080000000000000000000000000083010000636F72652E786D6C504B01021400140006080800CC70623B55019EA25F0000007C000000070000000000000000000000000095020000636E782E786D6C504B0102
310
1400140006080800CC70623BA24EB22D72010000D40300000C00000000000000000000000000190300006662782F636F72652E786D6C504B01021400140006080800CC70623B408A7D3B7C0000009D0000000B00000000000000000000000000B50400006662782F636E782E786D6C504B01021400140006080800CC70623B
310
449FB9BD290100001202000031000000000000000000000000005A0500006662782F36394639363044362D344446342D343946362D394244322D3234314243333846323333332F636F72652E786D6C504B01021400140006080800CC70623BAD7543B64E010000330300003000000000000000000000000000D20600006662
310
782F36394639363044362D344446342D343946362D394244322D3234314243333846323333332F636E782E786D6C504B01021400140006080800CC70623B8D05915C650500003B10000034000000000000000000000000006E0800006662782F36394639363044362D344446342D343946362D394244322D32343142433338
310
46323333332F6F626A656374732E786D6C504B01021400140006080000CC70623B0000000000000000000000003500000000000000000000000000250E00006662782F36394639363044362D344446342D343946362D394244322D3234314243333846323333332F76657274696365732E62696E504B010214001400060808
310
00CC70623BF270F13306000000040000003600000000000000000000000000780E00006662782F36394639363044362D344446342D343946362D394244322D3234314243333846323333332F747269616E676C65732E62696E504B01021400140006080000CC70623B00000000000000000000000037000000000000000000
310
00000000D20E00006662782F36394639363044362D344446342D343946362D394244322D3234314243333846323333332F617474726962757465732E62696E504B01021400140006080800CC70623B08DA0BD190000000410100003600000000000000000000000000270F00006662782F36394639363044362D344446342D
310
343946362D394244322D3234314243333846323333332F6469726563746F72792E786D6C504B01021400140006080800CC70623BCA768048FE000000A00100003B000000000000000000000000000B1000006662782F36394639363044362D344446342D343946362D394244322D3234314243333846323333332F7265736F
310
75726365732F636F72652E786D6C504B0506000000000E000E0080040000621100000000
  0
XRECORD
  5
176
102
{ACAD_REACTORS
330
173
102
}
330
173
100
AcDbXrecord
280
     1
270
     1
271
     1
  0
XRECORD
  5
177
102
{ACAD_REACTORS
330
173
102
}
330
173
100
AcDbXrecord
280
     1
270
     1
271
     1
  0
XRECORD
  5
2B6
102
{ACAD_REACTORS
330
234
102
}
330
234
100
AcDbXrecord
280
     1
102
DISPLAYNAME
  1
Metric50
102
FLAGS
 90
        0
  0
CELLSTYLEMAP
  5
27C
102
{ACAD_REACTORS
330
162
102
}
330
162
100
AcDbCellStyleMap
 90
        3
300
CELLSTYLE
  1
TABLEFORMAT_BEGIN
 90
        5
170
     1
 91
        0
 92
    32768
 62
   257
 93
        1
300
CONTENTFORMAT
  1
CONTENTFORMAT_BEGIN
 90
        0
 91
        0
 92
      512
 93
        0
300

 40
0.0
140
1.0
 94
        5
 62
     0
340
11
144
6.0
309
CONTENTFORMAT_END
171
     1
301
MARGIN
  1
CELLMARGIN_BEGIN
 40
1.5
 40
1.5
 40
1.5
 40
1.5
 40
4.5
 40
4.5
309
CELLMARGIN_END
 94
        6
 95
        1
302
GRIDFORMAT
  1
GRIDFORMAT_BEGIN
 90
        0
 91
        1
 62
     0
 92
       -2
340
14
 93
        0
 40
1.125
309
GRIDFORMAT_END
 95
        2
302
GRIDFORMAT
  1
GRIDFORMAT_BEGIN
 90
        0
 91
        1
 62
     0
 92
       -2
340
14
 93
        0
 40
1.125
309
GRIDFORMAT_END
 95
        4
302
GRIDFORMAT
  1
GRIDFORMAT_BEGIN
 90
        0
 91
        1
 62
     0
 92
       -2
340
14
 93
        0
 40
1.125
309
GRIDFORMAT_END
 95
        8
302
GRIDFORMAT
  1
GRIDFORMAT_BEGIN
 90
        0
 91
        1
 62
     0
 92
       -2
340
14
 93
        0
 40
1.125
309
GRIDFORMAT_END
 95
       16
302
GRIDFORMAT
  1
GRIDFORMAT_BEGIN
 90
        0
 91
        1
 62
     0
 92
       -2
340
14
 93
        0
 40
1.125
309
GRIDFORMAT_END
 95
       32
302
GRIDFORMAT
  1
GRIDFORMAT_BEGIN
 90
        0
 91
        1
 62
     0
 92
       -2
340
14
 93
        0
 40
1.125
309
GRIDFORMAT_END
309
TABLEFORMAT_END
  1
CELLSTYLE_BEGIN
 90
        1
 91
        1
300
_TITLE
309
CELLSTYLE_END
300
CELLSTYLE
  1
TABLEFORMAT_BEGIN
 90
        5
170
     1
 91
        0
 92
        0
 62
   257
 93
        1
300
CONTENTFORMAT
  1
CONTENTFORMAT_BEGIN
 90
        0
 91
        0
 92
      512
 93
        0
300

 40
0.0
140
1.0
 94
        5
 62
     0
340
11
144
4.5
309
CONTENTFORMAT_END
171
     1
301
MARGIN
  1
CELLMARGIN_BEGIN
 40
1.5
 40
1.5
 40
1.5
 40
1.5
 40
4.5
 40
4.5
309
CELLMARGIN_END
 94
        6
 95
        1
302
GRIDFORMAT
  1
GRIDFORMAT_BEGIN
 90
        0
 91
        1
 62
     0
 92
       -2
340
14
 93
        0
 40
1.125
309
GRIDFORMAT_END
 95
        2
302
GRIDFORMAT
  1
GRIDFORMAT_BEGIN
 90
        0
 91
        1
 62
     0
 92
       -2
340
14
 93
        0
 40
1.125
309
GRIDFORMAT_END
 95
        4
302
GRIDFORMAT
  1
GRIDFORMAT_BEGIN
 90
        0
 91
        1
 62
     0
 92
       -2
340
14
 93
        0
 40
1.125
309
GRIDFORMAT_END
 95
        8
302
GRIDFORMAT
  1
GRIDFORMAT_BEGIN
 90
        0
 91
        1
 62
     0
 92
       -2
340
14
 93
        0
 40
1.125
309
GRIDFORMAT_END
 95
       16
302
GRIDFORMAT
  1
GRIDFORMAT_BEGIN
 90
        0
 91
        1
 62
     0
 92
       -2
340
14
 93
        0
 40
1.125
309
GRIDFORMAT_END
 95
       32
302
GRIDFORMAT
  1
GRIDFORMAT_BEGIN
 90
        0
 91
        1
 62
     0
 92
       -2
340
14
 93
        0
 40
1.125
309
GRIDFORMAT_END
309
TABLEFORMAT_END
  1
CELLSTYLE_BEGIN
 90
        2
 91
        1
300
_HEADER
309
CELLSTYLE_END
300
CELLSTYLE
  1
TABLEFORMAT_BEGIN
 90
        5
170
     1
 91
        0
 92
        0
 62
   257
 93
        1
300
CONTENTFORMAT
  1
CONTENTFORMAT_BEGIN
 90
        0
 91
        0
 92
      512
 93
        0
300

 40
0.0
140
1.0
 94
        2
 62
     0
340
11
144
4.5
309
CONTENTFORMAT_END
171
     1
301
MARGIN
  1
CELLMARGIN_BEGIN
 40
1.5
 40
1.5
 40
1.5
 40
1.5
 40
4.5
 40
4.5
309
CELLMARGIN_END
 94
        6
 95
        1
302
GRIDFORMAT
  1
GRIDFORMAT_BEGIN
 90
        0
 91
        1
 62
     0
 92
       -2
340
14
 93
        0
 40
1.125
309
GRIDFORMAT_END
 95
        2
302
GRIDFORMAT
  1
GRIDFORMAT_BEGIN
 90
        0
 91
        1
 62
     0
 92
       -2
340
14
 93
        0
 40
1.125
309
GRIDFORMAT_END
 95
        4
302
GRIDFORMAT
  1
GRIDFORMAT_BEGIN
 90
        0
 91
        1
 62
     0
 92
       -2
340
14
 93
        0
 40
1.125
309
GRIDFORMAT_END
 95
        8
302
GRIDFORMAT
  1
GRIDFORMAT_BEGIN
 90
        0
 91
        1
 62
     0
 92
       -2
340
14
 93
        0
 40
1.125
309
GRIDFORMAT_END
 95
       16
302
GRIDFORMAT
  1
GRIDFORMAT_BEGIN
 90
        0
 91
        1
 62
     0
 92
       -2
340
14
 93
        0
 40
1.125
309
GRIDFORMAT_END
 95
       32
302
GRIDFORMAT
  1
GRIDFORMAT_BEGIN
 90
        0
 91
        1
 62
     0
 92
       -2
340
14
 93
        0
 40
1.125
309
GRIDFORMAT_END
309
TABLEFORMAT_END
  1
CELLSTYLE_BEGIN
 90
        3
 91
        2
300
_DATA
309
CELLSTYLE_END
  0
XRECORD
  5
291
102
{ACAD_REACTORS
330
290
102
}
330
290
100
AcDbXrecord
280
     1
102
RTVSPost2010Prop28
280
     1
102
RTVSPost2010PropOp28
 70
     1
102
RTVSPost2010Prop29
280
     1
102
RTVSPost2010PropOp29
 70
     1
102
RTVSPost2010Prop30
280
     0
102
RTVSPost2010PropOp30
 70
     1
102
RTVSPost2010Prop31
280
     0
102
RTVSPost2010PropOp31
 70
     1
102
RTVSPost2010Prop32
280
     0
102
RTVSPost2010PropOp32
 70
     1
102
RTVSPost2010Prop33
280
     0
102
RTVSPost2010PropOp33
 70
     1
102
RTVSPost2010Prop34
280
     0
102
RTVSPost2010PropOp34
 70
     1
102
RTVSPost2010Prop35
280
     0
102
RTVSPost2010PropOp35
 70
     1
102
RTVSPost2010Prop36
280
     0
102
RTVSPost2010PropOp36
 70
     1
102
RTVSPost2010Prop37
 90
       50
102
RTVSPost2010PropOp37
 70
     1
102
RTVSPost2010Prop38
140
0.0
102
RTVSPost2010PropOp38
 70
     1
102
RTVSPost2010Prop39
140
1.0
102
RTVSPost2010PropOp39
 70
     1
102
RTVSPost2010Prop40
 90
        0
102
RTVSPost2010PropOp40
 70
     1
102
RTVSPost2010Prop41ColorIndex
 90
       18
102
RTVSPost2010Prop41ColorRGB
 90
        0
102
RTVSPost2010PropOp41
 70
     1
102
RTVSPost2010Prop42
 90
       50
102
RTVSPost2010PropOp42
 70
     1
102
RTVSPost2010Prop43
 90
        3
102
RTVSPost2010PropOp43
 70
     1
102
RTVSPost2010Prop44ColorIndex
 90
        5
102
RTVSPost2010Prop44ColorRGB
 90
      255
102
RTVSPost2010PropOp44
 70
     1
102
RTVSPost2010Prop45
280
     0
102
RTVSPost2010PropOp45
 70
     1
102
RTVSPost2010Prop46
 90
       50
102
RTVSPost2010PropOp46
 70
     1
102
RTVSPost2010Prop47
 90
       50
102
RTVSPost2010PropOp47
 70
     1
102
RTVSPost2010Prop48
 90
       50
102
RTVSPost2010PropOp48
 70
     1
102
RTVSPost2010Prop49
280
     0
102
RTVSPost2010PropOp49
 70
     1
102
RTVSPost2010Prop50
 90
       50
102
RTVSPost2010PropOp50
 70
     1
102
RTVSPost2010Prop51ColorIndex
 90
      256
102
RTVSPost2010Prop51ColorRGB
 90
-16777216
102
RTVSPost2010PropOp51
 70
     0
102
RTVSPost2010Prop52
140
1.0
102
RTVSPost2010PropOp52
 70
     0
102
RTVSPost2010Prop53
 90
        2
102
RTVSPost2010PropOp53
 70
     1
102
RTVSPost2010Prop54
  1
strokes_ogs.tif
102
RTVSPost2010PropOp54
 70
     1
102
RTVSPost2010Prop55
280
     0
102
RTVSPost2010PropOp55
 70
     1
102
RTVSPost2010Prop56
140
1.0
102
RTVSPost2010PropOp56
 70
     1
102
RTVSPost2010Prop57
140
1.0
102
RTVSPost2010PropOp57
 70
     1
102
RTVSPropertyOp0
 70
     1
102
RTVSPropertyOp1
 70
     1
102
RTVSPropertyOp2
 70
     1
102
RTVSPropertyOp3
 70
     1
102
RTVSPropertyOp4
 70
     1
102
RTVSPropertyOp5
 70
     1
102
RTVSPropertyOp6
 70
     1
102
RTVSPropertyOp7
 70
     1
102
RTVSPropertyOp8
 70
     1
102
RTVSPropertyOp9
 70
     1
102
RTVSPropertyOp10
 70
     1
102
RTVSPropertyOp11
 70
     1
102
RTVSPropertyOp12
 70
     1
102
RTVSPropertyOp13
 70
     1
102
RTVSPropertyOp14
 70
     1
102
RTVSPropertyOp15
 70
     1
102
RTVSPropertyOp16
 70
     1
102
RTVSPropertyOp17
 70
     1
102
RTVSPropertyOp18
 70
     1
102
RTVSPropertyOp19
 70
     1
102
RTVSPropertyOp20
 70
     1
102
RTVSPropertyOp21
 70
     1
102
RTVSPropertyOp22
 70
     1
102
RTVSPropertyOp23
 70
     1
102
RTVSPropertyOp24
 70
     1
102
RTVSPropertyOp25
 70
     1
102
RTVSPropertyOp26
 70
     1
102
RTVSPropertyOp27
 70
     1
102
RTVSPropertyOp28
 70
     1
102
RTVSPropertyOp29
 70
     1
102
RTVSPropertyOp30
 70
     1
102
RTVSPropertyOp31
 70
     1
102
RTVSPropertyOp32
 70
     1
102
RTVSPropertyOp33
 70
     1
102
RTVSPropertyOp34
 70
     1
102
RTVSPropertyOp35
 70
     1
102
RTVSPropertyOp36
 70
     1
102
RTVSPropertyOp37
 70
     1
102
RTVSPropertyOp38
 70
     1
102
RTVSPropertyOp39
 70
     1
102
RTVSPropertyOp40
 70
     1
102
RTVSPropertyOp41
 70
     1
102
RTVSPropertyOp42
 70
     1
102
RTVSPropertyOp43
 70
     1
102
RTVSPropertyOp44
 70
     1
102
RTVSPropertyOp45
 70
     1
102
RTVSPropertyOp46
 70
     1
102
RTVSPropertyOp47
 70
     1
102
RTVSPropertyOp48
 70
     1
102
RTVSPropertyOp49
 70
     1
102
RTVSPropertyOp50
 70
     1
102
RTVSPropertyOp51
 70
     0
102
RTVSPropertyOp52
 70
     0
102
RTVSPropertyOp53
 70
     1
102
RTVSPropertyOp54
 70
     1
102
RTVSPropertyOp55
 70
     1
102
RTVSPropertyOp56
 70
     1
102
RTVSPropertyOp57
 70
     1
102
RTVSPropertyOp58
 70
     1
102
RTVSPropertyOp59
 70
     1
102
RTVSPropertyOp60
 70
     1
102
RTVSPropertyOp61
 70
     1
102
RTVSPropertyOp62
 70
     1
  0
XRECORD
  5
28F
102
{ACAD_REACTORS
330
28E
102
}
330
28E
100
AcDbXrecord
280
     1
102
RTVSPost2010Prop28
280
     0
102
RTVSPost2010PropOp28
 70
     1
102
RTVSPost2010Prop29
280
     1
102
RTVSPost2010PropOp29
 70
     1
102
RTVSPost2010Prop30
280
     1
102
RTVSPost2010PropOp30
 70
     1
102
RTVSPost2010Prop31
280
     0
102
RTVSPost2010PropOp31
 70
     1
102
RTVSPost2010Prop32
280
     0
102
RTVSPost2010PropOp32
 70
     1
102
RTVSPost2010Prop33
280
     0
102
RTVSPost2010PropOp33
 70
     1
102
RTVSPost2010Prop34
280
     0
102
RTVSPost2010PropOp34
 70
     1
102
RTVSPost2010Prop35
280
     0
102
RTVSPost2010PropOp35
 70
     1
102
RTVSPost2010Prop36
280
     0
102
RTVSPost2010PropOp36
 70
     1
102
RTVSPost2010Prop37
 90
       50
102
RTVSPost2010PropOp37
 70
     1
102
RTVSPost2010Prop38
140
0.0
102
RTVSPost2010PropOp38
 70
     1
102
RTVSPost2010Prop39
140
1.0
102
RTVSPost2010PropOp39
 70
     1
102
RTVSPost2010Prop40
 90
        0
102
RTVSPost2010PropOp40
 70
     1
102
RTVSPost2010Prop41ColorIndex
 90
       18
102
RTVSPost2010Prop41ColorRGB
 90
        0
102
RTVSPost2010PropOp41
 70
     1
102
RTVSPost2010Prop42
 90
       50
102
RTVSPost2010PropOp42
 70
     1
102
RTVSPost2010Prop43
 90
        3
102
RTVSPost2010PropOp43
 70
     1
102
RTVSPost2010Prop44ColorIndex
 90
        5
102
RTVSPost2010Prop44ColorRGB
 90
      255
102
RTVSPost2010PropOp44
 70
     1
102
RTVSPost2010Prop45
280
     0
102
RTVSPost2010PropOp45
 70
     1
102
RTVSPost2010Prop46
 90
       50
102
RTVSPost2010PropOp46
 70
     1
102
RTVSPost2010Prop47
 90
       50
102
RTVSPost2010PropOp47
 70
     1
102
RTVSPost2010Prop48
 90
       50
102
RTVSPost2010PropOp48
 70
     1
102
RTVSPost2010Prop49
280
     0
102
RTVSPost2010PropOp49
 70
     1
102
RTVSPost2010Prop50
 90
       50
102
RTVSPost2010PropOp50
 70
     1
102
RTVSPost2010Prop51ColorIndex
 90
      256
102
RTVSPost2010Prop51ColorRGB
 90
-16777216
102
RTVSPost2010PropOp51
 70
     0
102
RTVSPost2010Prop52
140
1.0
102
RTVSPost2010PropOp52
 70
     0
102
RTVSPost2010Prop53
 90
        2
102
RTVSPost2010PropOp53
 70
     1
102
RTVSPost2010Prop54
  1
strokes_ogs.tif
102
RTVSPost2010PropOp54
 70
     1
102
RTVSPost2010Prop55
280
     0
102
RTVSPost2010PropOp55
 70
     1
102
RTVSPost2010Prop56
140
1.0
102
RTVSPost2010PropOp56
 70
     1
102
RTVSPost2010Prop57
140
1.0
102
RTVSPost2010PropOp57
 70
     1
102
RTVSPropertyOp0
 70
     1
102
RTVSPropertyOp1
 70
     1
102
RTVSPropertyOp2
 70
     1
102
RTVSPropertyOp3
 70
     1
102
RTVSPropertyOp4
 70
     1
102
RTVSPropertyOp5
 70
     1
102
RTVSPropertyOp6
 70
     1
102
RTVSPropertyOp7
 70
     1
102
RTVSPropertyOp8
 70
     1
102
RTVSPropertyOp9
 70
     1
102
RTVSPropertyOp10
 70
     1
102
RTVSPropertyOp11
 70
     1
102
RTVSPropertyOp12
 70
     1
102
RTVSPropertyOp13
 70
     1
102
RTVSPropertyOp14
 70
     1
102
RTVSPropertyOp15
 70
     1
102
RTVSPropertyOp16
 70
     1
102
RTVSPropertyOp17
 70
     1
102
RTVSPropertyOp18
 70
     1
102
RTVSPropertyOp19
 70
     1
102
RTVSPropertyOp20
 70
     1
102
RTVSPropertyOp21
 70
     1
102
RTVSPropertyOp22
 70
     1
102
RTVSPropertyOp23
 70
     1
102
RTVSPropertyOp24
 70
     1
102
RTVSPropertyOp25
 70
     1
102
RTVSPropertyOp26
 70
     1
102
RTVSPropertyOp27
 70
     1
102
RTVSPropertyOp28
 70
     1
102
RTVSPropertyOp29
 70
     1
102
RTVSPropertyOp30
 70
     1
102
RTVSPropertyOp31
 70
     1
102
RTVSPropertyOp32
 70
     1
102
RTVSPropertyOp33
 70
     1
102
RTVSPropertyOp34
 70
     1
102
RTVSPropertyOp35
 70
     1
102
RTVSPropertyOp36
 70
     1
102
RTVSPropertyOp37
 70
     1
102
RTVSPropertyOp38
 70
     1
102
RTVSPropertyOp39
 70
     1
102
RTVSPropertyOp40
 70
     1
102
RTVSPropertyOp41
 70
     1
102
RTVSPropertyOp42
 70
     1
102
RTVSPropertyOp43
 70
     1
102
RTVSPropertyOp44
 70
     1
102
RTVSPropertyOp45
 70
     1
102
RTVSPropertyOp46
 70
     1
102
RTVSPropertyOp47
 70
     1
102
RTVSPropertyOp48
 70
     1
102
RTVSPropertyOp49
 70
     1
102
RTVSPropertyOp50
 70
     1
102
RTVSPropertyOp51
 70
     0
102
RTVSPropertyOp52
 70
     0
102
RTVSPropertyOp53
 70
     1
102
RTVSPropertyOp54
 70
     1
102
RTVSPropertyOp55
 70
     1
102
RTVSPropertyOp56
 70
     1
102
RTVSPropertyOp57
 70
     1
102
RTVSPropertyOp58
 70
     1
102
RTVSPropertyOp59
 70
     1
102
RTVSPropertyOp60
 70
     1
102
RTVSPropertyOp61
 70
     1
102
RTVSPropertyOp62
 70
     1
  0
XRECORD
  5
29D
102
{ACAD_REACTORS
330
29C
102
}
330
29C
100
AcDbXrecord
280
     1
102
RTVSPost2010Prop28
280
     0
102
RTVSPost2010PropOp28
 70
     1
102
RTVSPost2010Prop29
280
     1
102
RTVSPost2010PropOp29
 70
     1
102
RTVSPost2010Prop30
280
     1
102
RTVSPost2010PropOp30
 70
     1
102
RTVSPost2010Prop31
280
     0
102
RTVSPost2010PropOp31
 70
     1
102
RTVSPost2010Prop32
280
     0
102
RTVSPost2010PropOp32
 70
     1
102
RTVSPost2010Prop33
280
     0
102
RTVSPost2010PropOp33
 70
     1
102
RTVSPost2010Prop34
280
     0
102
RTVSPost2010PropOp34
 70
     1
102
RTVSPost2010Prop35
280
     0
102
RTVSPost2010PropOp35
 70
     1
102
RTVSPost2010Prop36
280
     0
102
RTVSPost2010PropOp36
 70
     1
102
RTVSPost2010Prop37
 90
       50
102
RTVSPost2010PropOp37
 70
     1
102
RTVSPost2010Prop38
140
0.0
102
RTVSPost2010PropOp38
 70
     1
102
RTVSPost2010Prop39
140
1.0
102
RTVSPost2010PropOp39
 70
     1
102
RTVSPost2010Prop40
 90
        0
102
RTVSPost2010PropOp40
 70
     1
102
RTVSPost2010Prop41ColorIndex
 90
       18
102
RTVSPost2010Prop41ColorRGB
 90
        0
102
RTVSPost2010PropOp41
 70
     1
102
RTVSPost2010Prop42
 90
       50
102
RTVSPost2010PropOp42
 70
     1
102
RTVSPost2010Prop43
 90
        3
102
RTVSPost2010PropOp43
 70
     1
102
RTVSPost2010Prop44ColorIndex
 90
        5
102
RTVSPost2010Prop44ColorRGB
 90
      255
102
RTVSPost2010PropOp44
 70
     1
102
RTVSPost2010Prop45
280
     0
102
RTVSPost2010PropOp45
 70
     1
102
RTVSPost2010Prop46
 90
       50
102
RTVSPost2010PropOp46
 70
     1
102
RTVSPost2010Prop47
 90
       50
102
RTVSPost2010PropOp47
 70
     1
102
RTVSPost2010Prop48
 90
       50
102
RTVSPost2010PropOp48
 70
     1
102
RTVSPost2010Prop49
280
     0
102
RTVSPost2010PropOp49
 70
     1
102
RTVSPost2010Prop50
 90
       50
102
RTVSPost2010PropOp50
 70
     1
102
RTVSPost2010Prop51ColorIndex
 90
      256
102
RTVSPost2010Prop51ColorRGB
 90
-16777216
102
RTVSPost2010PropOp51
 70
     0
102
RTVSPost2010Prop52
140
1.0
102
RTVSPost2010PropOp52
 70
     0
102
RTVSPost2010Prop53
 90
        2
102
RTVSPost2010PropOp53
 70
     1
102
RTVSPost2010Prop54
  1
strokes_ogs.tif
102
RTVSPost2010PropOp54
 70
     1
102
RTVSPost2010Prop55
280
     0
102
RTVSPost2010PropOp55
 70
     1
102
RTVSPost2010Prop56
140
1.0
102
RTVSPost2010PropOp56
 70
     1
102
RTVSPost2010Prop57
140
1.0
102
RTVSPost2010PropOp57
 70
     1
102
RTVSPropertyOp0
 70
     1
102
RTVSPropertyOp1
 70
     1
102
RTVSPropertyOp2
 70
     1
102
RTVSPropertyOp3
 70
     1
102
RTVSPropertyOp4
 70
     1
102
RTVSPropertyOp5
 70
     1
102
RTVSPropertyOp6
 70
     1
102
RTVSPropertyOp7
 70
     1
102
RTVSPropertyOp8
 70
     1
102
RTVSPropertyOp9
 70
     1
102
RTVSPropertyOp10
 70
     1
102
RTVSPropertyOp11
 70
     1
102
RTVSPropertyOp12
 70
     1
102
RTVSPropertyOp13
 70
     1
102
RTVSPropertyOp14
 70
     1
102
RTVSPropertyOp15
 70
     1
102
RTVSPropertyOp16
 70
     1
102
RTVSPropertyOp17
 70
     1
102
RTVSPropertyOp18
 70
     1
102
RTVSPropertyOp19
 70
     1
102
RTVSPropertyOp20
 70
     1
102
RTVSPropertyOp21
 70
     1
102
RTVSPropertyOp22
 70
     1
102
RTVSPropertyOp23
 70
     1
102
RTVSPropertyOp24
 70
     1
102
RTVSPropertyOp25
 70
     1
102
RTVSPropertyOp26
 70
     1
102
RTVSPropertyOp27
 70
     1
102
RTVSPropertyOp28
 70
     1
102
RTVSPropertyOp29
 70
     1
102
RTVSPropertyOp30
 70
     1
102
RTVSPropertyOp31
 70
     1
102
RTVSPropertyOp32
 70
     1
102
RTVSPropertyOp33
 70
     1
102
RTVSPropertyOp34
 70
     1
102
RTVSPropertyOp35
 70
     1
102
RTVSPropertyOp36
 70
     1
102
RTVSPropertyOp37
 70
     1
102
RTVSPropertyOp38
 70
     1
102
RTVSPropertyOp39
 70
     1
102
RTVSPropertyOp40
 70
     1
102
RTVSPropertyOp41
 70
     1
102
RTVSPropertyOp42
 70
     1
102
RTVSPropertyOp43
 70
     1
102
RTVSPropertyOp44
 70
     1
102
RTVSPropertyOp45
 70
     1
102
RTVSPropertyOp46
 70
     1
102
RTVSPropertyOp47
 70
     1
102
RTVSPropertyOp48
 70
     1
102
RTVSPropertyOp49
 70
     1
102
RTVSPropertyOp50
 70
     1
102
RTVSPropertyOp51
 70
     0
102
RTVSPropertyOp52
 70
     0
102
RTVSPropertyOp53
 70
     1
102
RTVSPropertyOp54
 70
     1
102
RTVSPropertyOp55
 70
     1
102
RTVSPropertyOp56
 70
     1
102
RTVSPropertyOp57
 70
     1
102
RTVSPropertyOp58
 70
     1
102
RTVSPropertyOp59
 70
     1
102
RTVSPropertyOp60
 70
     1
102
RTVSPropertyOp61
 70
     1
102
RTVSPropertyOp62
 70
     1
  0
XRECORD
  5
2A5
102
{ACAD_REACTORS
330
2A4
102
}
330
2A4
100
AcDbXrecord
280
     1
102
RTVSPost2010Prop28
280
     0
102
RTVSPost2010PropOp28
 70
     1
102
RTVSPost2010Prop29
280
     1
102
RTVSPost2010PropOp29
 70
     1
102
RTVSPost2010Prop30
280
     1
102
RTVSPost2010PropOp30
 70
     1
102
RTVSPost2010Prop31
280
     0
102
RTVSPost2010PropOp31
 70
     1
102
RTVSPost2010Prop32
280
     0
102
RTVSPost2010PropOp32
 70
     1
102
RTVSPost2010Prop33
280
     0
102
RTVSPost2010PropOp33
 70
     1
102
RTVSPost2010Prop34
280
     0
102
RTVSPost2010PropOp34
 70
     1
102
RTVSPost2010Prop35
280
     0
102
RTVSPost2010PropOp35
 70
     1
102
RTVSPost2010Prop36
280
     0
102
RTVSPost2010PropOp36
 70
     1
102
RTVSPost2010Prop37
 90
       50
102
RTVSPost2010PropOp37
 70
     1
102
RTVSPost2010Prop38
140
0.0
102
RTVSPost2010PropOp38
 70
     1
102
RTVSPost2010Prop39
140
1.0
102
RTVSPost2010PropOp39
 70
     1
102
RTVSPost2010Prop40
 90
        0
102
RTVSPost2010PropOp40
 70
     1
102
RTVSPost2010Prop41ColorIndex
 90
       18
102
RTVSPost2010Prop41ColorRGB
 90
        0
102
RTVSPost2010PropOp41
 70
     1
102
RTVSPost2010Prop42
 90
       50
102
RTVSPost2010PropOp42
 70
     1
102
RTVSPost2010Prop43
 90
        3
102
RTVSPost2010PropOp43
 70
     1
102
RTVSPost2010Prop44ColorIndex
 90
        5
102
RTVSPost2010Prop44ColorRGB
 90
      255
102
RTVSPost2010PropOp44
 70
     1
102
RTVSPost2010Prop45
280
     0
102
RTVSPost2010PropOp45
 70
     1
102
RTVSPost2010Prop46
 90
       50
102
RTVSPost2010PropOp46
 70
     1
102
RTVSPost2010Prop47
 90
       50
102
RTVSPost2010PropOp47
 70
     1
102
RTVSPost2010Prop48
 90
       50
102
RTVSPost2010PropOp48
 70
     1
102
RTVSPost2010Prop49
280
     0
102
RTVSPost2010PropOp49
 70
     1
102
RTVSPost2010Prop50
 90
       50
102
RTVSPost2010PropOp50
 70
     1
102
RTVSPost2010Prop51ColorIndex
 90
      256
102
RTVSPost2010Prop51ColorRGB
 90
-16777216
102
RTVSPost2010PropOp51
 70
     0
102
RTVSPost2010Prop52
140
1.0
102
RTVSPost2010PropOp52
 70
     0
102
RTVSPost2010Prop53
 90
        2
102
RTVSPost2010PropOp53
 70
     1
102
RTVSPost2010Prop54
  1
strokes_ogs.tif
102
RTVSPost2010PropOp54
 70
     1
102
RTVSPost2010Prop55
280
     0
102
RTVSPost2010PropOp55
 70
     1
102
RTVSPost2010Prop56
140
1.0
102
RTVSPost2010PropOp56
 70
     1
102
RTVSPost2010Prop57
140
1.0
102
RTVSPost2010PropOp57
 70
     1
102
RTVSPropertyOp0
 70
     1
102
RTVSPropertyOp1
 70
     1
102
RTVSPropertyOp2
 70
     1
102
RTVSPropertyOp3
 70
     1
102
RTVSPropertyOp4
 70
     1
102
RTVSPropertyOp5
 70
     1
102
RTVSPropertyOp6
 70
     1
102
RTVSPropertyOp7
 70
     1
102
RTVSPropertyOp8
 70
     1
102
RTVSPropertyOp9
 70
     1
102
RTVSPropertyOp10
 70
     1
102
RTVSPropertyOp11
 70
     1
102
RTVSPropertyOp12
 70
     1
102
RTVSPropertyOp13
 70
     1
102
RTVSPropertyOp14
 70
     1
102
RTVSPropertyOp15
 70
     1
102
RTVSPropertyOp16
 70
     1
102
RTVSPropertyOp17
 70
     1
102
RTVSPropertyOp18
 70
     1
102
RTVSPropertyOp19
 70
     1
102
RTVSPropertyOp20
 70
     1
102
RTVSPropertyOp21
 70
     1
102
RTVSPropertyOp22
 70
     1
102
RTVSPropertyOp23
 70
     1
102
RTVSPropertyOp24
 70
     1
102
RTVSPropertyOp25
 70
     1
102
RTVSPropertyOp26
 70
     1
102
RTVSPropertyOp27
 70
     1
102
RTVSPropertyOp28
 70
     1
102
RTVSPropertyOp29
 70
     1
102
RTVSPropertyOp30
 70
     1
102
RTVSPropertyOp31
 70
     1
102
RTVSPropertyOp32
 70
     1
102
RTVSPropertyOp33
 70
     1
102
RTVSPropertyOp34
 70
     1
102
RTVSPropertyOp35
 70
     1
102
RTVSPropertyOp36
 70
     1
102
RTVSPropertyOp37
 70
     1
102
RTVSPropertyOp38
 70
     1
102
RTVSPropertyOp39
 70
     1
102
RTVSPropertyOp40
 70
     1
102
RTVSPropertyOp41
 70
     1
102
RTVSPropertyOp42
 70
     1
102
RTVSPropertyOp43
 70
     1
102
RTVSPropertyOp44
 70
     1
102
RTVSPropertyOp45
 70
     1
102
RTVSPropertyOp46
 70
     1
102
RTVSPropertyOp47
 70
     1
102
RTVSPropertyOp48
 70
     1
102
RTVSPropertyOp49
 70
     1
102
RTVSPropertyOp50
 70
     1
102
RTVSPropertyOp51
 70
     0
102
RTVSPropertyOp52
 70
     0
102
RTVSPropertyOp53
 70
     1
102
RTVSPropertyOp54
 70
     1
102
RTVSPropertyOp55
 70
     1
102
RTVSPropertyOp56
 70
     1
102
RTVSPropertyOp57
 70
     1
102
RTVSPropertyOp58
 70
     1
102
RTVSPropertyOp59
 70
     1
102
RTVSPropertyOp60
 70
     1
102
RTVSPropertyOp61
 70
     1
102
RTVSPropertyOp62
 70
     1
  0
XRECORD
  5
297
102
{ACAD_REACTORS
330
296
102
}
330
296
100
AcDbXrecord
280
     1
102
RTVSPost2010Prop28
280
     0
102
RTVSPost2010PropOp28
 70
     1
102
RTVSPost2010Prop29
280
     1
102
RTVSPost2010PropOp29
 70
     1
102
RTVSPost2010Prop30
280
     1
102
RTVSPost2010PropOp30
 70
     1
102
RTVSPost2010Prop31
280
     0
102
RTVSPost2010PropOp31
 70
     1
102
RTVSPost2010Prop32
280
     0
102
RTVSPost2010PropOp32
 70
     1
102
RTVSPost2010Prop33
280
     0
102
RTVSPost2010PropOp33
 70
     1
102
RTVSPost2010Prop34
280
     0
102
RTVSPost2010PropOp34
 70
     1
102
RTVSPost2010Prop35
280
     0
102
RTVSPost2010PropOp35
 70
     1
102
RTVSPost2010Prop36
280
     0
102
RTVSPost2010PropOp36
 70
     1
102
RTVSPost2010Prop37
 90
       50
102
RTVSPost2010PropOp37
 70
     1
102
RTVSPost2010Prop38
140
0.0
102
RTVSPost2010PropOp38
 70
     1
102
RTVSPost2010Prop39
140
1.0
102
RTVSPost2010PropOp39
 70
     1
102
RTVSPost2010Prop40
 90
        0
102
RTVSPost2010PropOp40
 70
     1
102
RTVSPost2010Prop41ColorIndex
 90
       18
102
RTVSPost2010Prop41ColorRGB
 90
        0
102
RTVSPost2010PropOp41
 70
     1
102
RTVSPost2010Prop42
 90
       50
102
RTVSPost2010PropOp42
 70
     1
102
RTVSPost2010Prop43
 90
        3
102
RTVSPost2010PropOp43
 70
     1
102
RTVSPost2010Prop44ColorIndex
 90
        5
102
RTVSPost2010Prop44ColorRGB
 90
      255
102
RTVSPost2010PropOp44
 70
     1
102
RTVSPost2010Prop45
280
     0
102
RTVSPost2010PropOp45
 70
     1
102
RTVSPost2010Prop46
 90
       50
102
RTVSPost2010PropOp46
 70
     1
102
RTVSPost2010Prop47
 90
       50
102
RTVSPost2010PropOp47
 70
     1
102
RTVSPost2010Prop48
 90
       50
102
RTVSPost2010PropOp48
 70
     1
102
RTVSPost2010Prop49
280
     0
102
RTVSPost2010PropOp49
 70
     1
102
RTVSPost2010Prop50
 90
       50
102
RTVSPost2010PropOp50
 70
     1
102
RTVSPost2010Prop51ColorIndex
 90
      256
102
RTVSPost2010Prop51ColorRGB
 90
-16777216
102
RTVSPost2010PropOp51
 70
     0
102
RTVSPost2010Prop52
140
1.0
102
RTVSPost2010PropOp52
 70
     0
102
RTVSPost2010Prop53
 90
        2
102
RTVSPost2010PropOp53
 70
     1
102
RTVSPost2010Prop54
  1
strokes_ogs.tif
102
RTVSPost2010PropOp54
 70
     1
102
RTVSPost2010Prop55
280
     0
102
RTVSPost2010PropOp55
 70
     1
102
RTVSPost2010Prop56
140
1.0
102
RTVSPost2010PropOp56
 70
     1
102
RTVSPost2010Prop57
140
1.0
102
RTVSPost2010PropOp57
 70
     1
102
RTVSPropertyOp0
 70
     1
102
RTVSPropertyOp1
 70
     1
102
RTVSPropertyOp2
 70
     1
102
RTVSPropertyOp3
 70
     1
102
RTVSPropertyOp4
 70
     1
102
RTVSPropertyOp5
 70
     1
102
RTVSPropertyOp6
 70
     1
102
RTVSPropertyOp7
 70
     1
102
RTVSPropertyOp8
 70
     1
102
RTVSPropertyOp9
 70
     1
102
RTVSPropertyOp10
 70
     1
102
RTVSPropertyOp11
 70
     1
102
RTVSPropertyOp12
 70
     1
102
RTVSPropertyOp13
 70
     1
102
RTVSPropertyOp14
 70
     1
102
RTVSPropertyOp15
 70
     1
102
RTVSPropertyOp16
 70
     1
102
RTVSPropertyOp17
 70
     1
102
RTVSPropertyOp18
 70
     1
102
RTVSPropertyOp19
 70
     1
102
RTVSPropertyOp20
 70
     1
102
RTVSPropertyOp21
 70
     1
102
RTVSPropertyOp22
 70
     1
102
RTVSPropertyOp23
 70
     1
102
RTVSPropertyOp24
 70
     1
102
RTVSPropertyOp25
 70
     1
102
RTVSPropertyOp26
 70
     1
102
RTVSPropertyOp27
 70
     1
102
RTVSPropertyOp28
 70
     1
102
RTVSPropertyOp29
 70
     1
102
RTVSPropertyOp30
 70
     1
102
RTVSPropertyOp31
 70
     1
102
RTVSPropertyOp32
 70
     1
102
RTVSPropertyOp33
 70
     1
102
RTVSPropertyOp34
 70
     1
102
RTVSPropertyOp35
 70
     1
102
RTVSPropertyOp36
 70
     1
102
RTVSPropertyOp37
 70
     1
102
RTVSPropertyOp38
 70
     1
102
RTVSPropertyOp39
 70
     1
102
RTVSPropertyOp40
 70
     1
102
RTVSPropertyOp41
 70
     1
102
RTVSPropertyOp42
 70
     1
102
RTVSPropertyOp43
 70
     1
102
RTVSPropertyOp44
 70
     1
102
RTVSPropertyOp45
 70
     1
102
RTVSPropertyOp46
 70
     1
102
RTVSPropertyOp47
 70
     1
102
RTVSPropertyOp48
 70
     1
102
RTVSPropertyOp49
 70
     1
102
RTVSPropertyOp50
 70
     1
102
RTVSPropertyOp51
 70
     0
102
RTVSPropertyOp52
 70
     0
102
RTVSPropertyOp53
 70
     1
102
RTVSPropertyOp54
 70
     1
102
RTVSPropertyOp55
 70
     1
102
RTVSPropertyOp56
 70
     1
102
RTVSPropertyOp57
 70
     1
102
RTVSPropertyOp58
 70
     1
102
RTVSPropertyOp59
 70
     1
102
RTVSPropertyOp60
 70
     1
102
RTVSPropertyOp61
 70
     1
102
RTVSPropertyOp62
 70
     1
  0
XRECORD
  5
29B
102
{ACAD_REACTORS
330
29A
102
}
330
29A
100
AcDbXrecord
280
     1
102
RTVSPost2010Prop28
280
     0
102
RTVSPost2010PropOp28
 70
     1
102
RTVSPost2010Prop29
280
     1
102
RTVSPost2010PropOp29
 70
     1
102
RTVSPost2010Prop30
280
     1
102
RTVSPost2010PropOp30
 70
     1
102
RTVSPost2010Prop31
280
     0
102
RTVSPost2010PropOp31
 70
     1
102
RTVSPost2010Prop32
280
     0
102
RTVSPost2010PropOp32
 70
     1
102
RTVSPost2010Prop33
280
     0
102
RTVSPost2010PropOp33
 70
     1
102
RTVSPost2010Prop34
280
     0
102
RTVSPost2010PropOp34
 70
     1
102
RTVSPost2010Prop35
280
     0
102
RTVSPost2010PropOp35
 70
     1
102
RTVSPost2010Prop36
280
     0
102
RTVSPost2010PropOp36
 70
     1
102
RTVSPost2010Prop37
 90
       50
102
RTVSPost2010PropOp37
 70
     1
102
RTVSPost2010Prop38
140
0.0
102
RTVSPost2010PropOp38
 70
     1
102
RTVSPost2010Prop39
140
1.0
102
RTVSPost2010PropOp39
 70
     1
102
RTVSPost2010Prop40
 90
        0
102
RTVSPost2010PropOp40
 70
     1
102
RTVSPost2010Prop41ColorIndex
 90
       18
102
RTVSPost2010Prop41ColorRGB
 90
        0
102
RTVSPost2010PropOp41
 70
     1
102
RTVSPost2010Prop42
 90
       50
102
RTVSPost2010PropOp42
 70
     1
102
RTVSPost2010Prop43
 90
        3
102
RTVSPost2010PropOp43
 70
     1
102
RTVSPost2010Prop44ColorIndex
 90
        5
102
RTVSPost2010Prop44ColorRGB
 90
      255
102
RTVSPost2010PropOp44
 70
     1
102
RTVSPost2010Prop45
280
     0
102
RTVSPost2010PropOp45
 70
     1
102
RTVSPost2010Prop46
 90
       50
102
RTVSPost2010PropOp46
 70
     1
102
RTVSPost2010Prop47
 90
       50
102
RTVSPost2010PropOp47
 70
     1
102
RTVSPost2010Prop48
 90
       50
102
RTVSPost2010PropOp48
 70
     1
102
RTVSPost2010Prop49
280
     0
102
RTVSPost2010PropOp49
 70
     1
102
RTVSPost2010Prop50
 90
       50
102
RTVSPost2010PropOp50
 70
     1
102
RTVSPost2010Prop51ColorIndex
 90
      256
102
RTVSPost2010Prop51ColorRGB
 90
-16777216
102
RTVSPost2010PropOp51
 70
     0
102
RTVSPost2010Prop52
140
1.0
102
RTVSPost2010PropOp52
 70
     0
102
RTVSPost2010Prop53
 90
        2
102
RTVSPost2010PropOp53
 70
     1
102
RTVSPost2010Prop54
  1
strokes_ogs.tif
102
RTVSPost2010PropOp54
 70
     1
102
RTVSPost2010Prop55
280
     0
102
RTVSPost2010PropOp55
 70
     1
102
RTVSPost2010Prop56
140
1.0
102
RTVSPost2010PropOp56
 70
     1
102
RTVSPost2010Prop57
140
1.0
102
RTVSPost2010PropOp57
 70
     1
102
RTVSPropertyOp0
 70
     1
102
RTVSPropertyOp1
 70
     1
102
RTVSPropertyOp2
 70
     1
102
RTVSPropertyOp3
 70
     1
102
RTVSPropertyOp4
 70
     1
102
RTVSPropertyOp5
 70
     1
102
RTVSPropertyOp6
 70
     1
102
RTVSPropertyOp7
 70
     1
102
RTVSPropertyOp8
 70
     1
102
RTVSPropertyOp9
 70
     1
102
RTVSPropertyOp10
 70
     1
102
RTVSPropertyOp11
 70
     1
102
RTVSPropertyOp12
 70
     1
102
RTVSPropertyOp13
 70
     1
102
RTVSPropertyOp14
 70
     1
102
RTVSPropertyOp15
 70
     1
102
RTVSPropertyOp16
 70
     1
102
RTVSPropertyOp17
 70
     1
102
RTVSPropertyOp18
 70
     1
102
RTVSPropertyOp19
 70
     1
102
RTVSPropertyOp20
 70
     1
102
RTVSPropertyOp21
 70
     1
102
RTVSPropertyOp22
 70
     1
102
RTVSPropertyOp23
 70
     1
102
RTVSPropertyOp24
 70
     1
102
RTVSPropertyOp25
 70
     1
102
RTVSPropertyOp26
 70
     1
102
RTVSPropertyOp27
 70
     1
102
RTVSPropertyOp28
 70
     1
102
RTVSPropertyOp29
 70
     1
102
RTVSPropertyOp30
 70
     1
102
RTVSPropertyOp31
 70
     1
102
RTVSPropertyOp32
 70
     1
102
RTVSPropertyOp33
 70
     1
102
RTVSPropertyOp34
 70
     1
102
RTVSPropertyOp35
 70
     1
102
RTVSPropertyOp36
 70
     1
102
RTVSPropertyOp37
 70
     1
102
RTVSPropertyOp38
 70
     1
102
RTVSPropertyOp39
 70
     1
102
RTVSPropertyOp40
 70
     1
102
RTVSPropertyOp41
 70
     1
102
RTVSPropertyOp42
 70
     1
102
RTVSPropertyOp43
 70
     1
102
RTVSPropertyOp44
 70
     1
102
RTVSPropertyOp45
 70
     1
102
RTVSPropertyOp46
 70
     1
102
RTVSPropertyOp47
 70
     1
102
RTVSPropertyOp48
 70
     1
102
RTVSPropertyOp49
 70
     1
102
RTVSPropertyOp50
 70
     1
102
RTVSPropertyOp51
 70
     0
102
RTVSPropertyOp52
 70
     0
102
RTVSPropertyOp53
 70
     1
102
RTVSPropertyOp54
 70
     1
102
RTVSPropertyOp55
 70
     1
102
RTVSPropertyOp56
 70
     1
102
RTVSPropertyOp57
 70
     1
102
RTVSPropertyOp58
 70
     1
102
RTVSPropertyOp59
 70
     1
102
RTVSPropertyOp60
 70
     1
102
RTVSPropertyOp61
 70
     1
102
RTVSPropertyOp62
 70
     1
  0
XRECORD
  5
2AB
102
{ACAD_REACTORS
330
2AA
102
}
330
2AA
100
AcDbXrecord
280
     1
102
RTVSPost2010Prop28
280
     0
102
RTVSPost2010PropOp28
 70
     1
102
RTVSPost2010Prop29
280
     1
102
RTVSPost2010PropOp29
 70
     1
102
RTVSPost2010Prop30
280
     1
102
RTVSPost2010PropOp30
 70
     1
102
RTVSPost2010Prop31
280
     0
102
RTVSPost2010PropOp31
 70
     1
102
RTVSPost2010Prop32
280
     0
102
RTVSPost2010PropOp32
 70
     1
102
RTVSPost2010Prop33
280
     0
102
RTVSPost2010PropOp33
 70
     1
102
RTVSPost2010Prop34
280
     0
102
RTVSPost2010PropOp34
 70
     1
102
RTVSPost2010Prop35
280
     0
102
RTVSPost2010PropOp35
 70
     1
102
RTVSPost2010Prop36
280
     0
102
RTVSPost2010PropOp36
 70
     1
102
RTVSPost2010Prop37
 90
       50
102
RTVSPost2010PropOp37
 70
     1
102
RTVSPost2010Prop38
140
0.0
102
RTVSPost2010PropOp38
 70
     1
102
RTVSPost2010Prop39
140
1.0
102
RTVSPost2010PropOp39
 70
     1
102
RTVSPost2010Prop40
 90
        0
102
RTVSPost2010PropOp40
 70
     1
102
RTVSPost2010Prop41ColorIndex
 90
       18
102
RTVSPost2010Prop41ColorRGB
 90
        0
102
RTVSPost2010PropOp41
 70
     1
102
RTVSPost2010Prop42
 90
       50
102
RTVSPost2010PropOp42
 70
     1
102
RTVSPost2010Prop43
 90
        3
102
RTVSPost2010PropOp43
 70
     1
102
RTVSPost2010Prop44ColorIndex
 90
        5
102
RTVSPost2010Prop44ColorRGB
 90
      255
102
RTVSPost2010PropOp44
 70
     1
102
RTVSPost2010Prop45
280
     0
102
RTVSPost2010PropOp45
 70
     1
102
RTVSPost2010Prop46
 90
       50
102
RTVSPost2010PropOp46
 70
     1
102
RTVSPost2010Prop47
 90
       50
102
RTVSPost2010PropOp47
 70
     1
102
RTVSPost2010Prop48
 90
       50
102
RTVSPost2010PropOp48
 70
     1
102
RTVSPost2010Prop49
280
     0
102
RTVSPost2010PropOp49
 70
     1
102
RTVSPost2010Prop50
 90
       50
102
RTVSPost2010PropOp50
 70
     1
102
RTVSPost2010Prop51ColorIndex
 90
      256
102
RTVSPost2010Prop51ColorRGB
 90
-16777216
102
RTVSPost2010PropOp51
 70
     0
102
RTVSPost2010Prop52
140
1.0
102
RTVSPost2010PropOp52
 70
     0
102
RTVSPost2010Prop53
 90
        2
102
RTVSPost2010PropOp53
 70
     1
102
RTVSPost2010Prop54
  1
strokes_ogs.tif
102
RTVSPost2010PropOp54
 70
     1
102
RTVSPost2010Prop55
280
     0
102
RTVSPost2010PropOp55
 70
     1
102
RTVSPost2010Prop56
140
1.0
102
RTVSPost2010PropOp56
 70
     1
102
RTVSPost2010Prop57
140
1.0
102
RTVSPost2010PropOp57
 70
     1
102
RTVSPropertyOp0
 70
     0
102
RTVSPropertyOp1
 70
     0
102
RTVSPropertyOp2
 70
     0
102
RTVSPropertyOp3
 70
     0
102
RTVSPropertyOp4
 70
     0
102
RTVSPropertyOp5
 70
     0
102
RTVSPropertyOp6
 70
     0
102
RTVSPropertyOp7
 70
     0
102
RTVSPropertyOp8
 70
     0
102
RTVSPropertyOp9
 70
     0
102
RTVSPropertyOp10
 70
     0
102
RTVSPropertyOp11
 70
     0
102
RTVSPropertyOp12
 70
     0
102
RTVSPropertyOp13
 70
     0
102
RTVSPropertyOp14
 70
     2
102
RTVSPropertyOp15
 70
     0
102
RTVSPropertyOp16
 70
     0
102
RTVSPropertyOp17
 70
     0
102
RTVSPropertyOp18
 70
     0
102
RTVSPropertyOp19
 70
     0
102
RTVSPropertyOp20
 70
     0
102
RTVSPropertyOp21
 70
     0
102
RTVSPropertyOp22
 70
     0
102
RTVSPropertyOp23
 70
     0
102
RTVSPropertyOp24
 70
     0
102
RTVSPropertyOp25
 70
     0
102
RTVSPropertyOp26
 70
     0
102
RTVSPropertyOp27
 70
     0
102
RTVSPropertyOp28
 70
     1
102
RTVSPropertyOp29
 70
     1
102
RTVSPropertyOp30
 70
     1
102
RTVSPropertyOp31
 70
     1
102
RTVSPropertyOp32
 70
     1
102
RTVSPropertyOp33
 70
     1
102
RTVSPropertyOp34
 70
     1
102
RTVSPropertyOp35
 70
     1
102
RTVSPropertyOp36
 70
     1
102
RTVSPropertyOp37
 70
     1
102
RTVSPropertyOp38
 70
     1
102
RTVSPropertyOp39
 70
     1
102
RTVSPropertyOp40
 70
     1
102
RTVSPropertyOp41
 70
     1
102
RTVSPropertyOp42
 70
     1
102
RTVSPropertyOp43
 70
     1
102
RTVSPropertyOp44
 70
     1
102
RTVSPropertyOp45
 70
     1
102
RTVSPropertyOp46
 70
     1
102
RTVSPropertyOp47
 70
     1
102
RTVSPropertyOp48
 70
     1
102
RTVSPropertyOp49
 70
     1
102
RTVSPropertyOp50
 70
     1
102
RTVSPropertyOp51
 70
     0
102
RTVSPropertyOp52
 70
     0
102
RTVSPropertyOp53
 70
     1
102
RTVSPropertyOp54
 70
     1
102
RTVSPropertyOp55
 70
     1
102
RTVSPropertyOp56
 70
     1
102
RTVSPropertyOp57
 70
     1
102
RTVSPropertyOp58
 70
     1
102
RTVSPropertyOp59
 70
     1
102
RTVSPropertyOp60
 70
     1
102
RTVSPropertyOp61
 70
     1
102
RTVSPropertyOp62
 70
     1
  0
XRECORD
  5
2A3
102
{ACAD_REACTORS
330
2A2
102
}
330
2A2
100
AcDbXrecord
280
     1
102
RTVSPost2010Prop28
280
     0
102
RTVSPost2010PropOp28
 70
     1
102
RTVSPost2010Prop29
280
     1
102
RTVSPost2010PropOp29
 70
     1
102
RTVSPost2010Prop30
280
     1
102
RTVSPost2010PropOp30
 70
     1
102
RTVSPost2010Prop31
280
     0
102
RTVSPost2010PropOp31
 70
     1
102
RTVSPost2010Prop32
280
     0
102
RTVSPost2010PropOp32
 70
     1
102
RTVSPost2010Prop33
280
     0
102
RTVSPost2010PropOp33
 70
     1
102
RTVSPost2010Prop34
280
     0
102
RTVSPost2010PropOp34
 70
     1
102
RTVSPost2010Prop35
280
     0
102
RTVSPost2010PropOp35
 70
     1
102
RTVSPost2010Prop36
280
     0
102
RTVSPost2010PropOp36
 70
     1
102
RTVSPost2010Prop37
 90
       50
102
RTVSPost2010PropOp37
 70
     1
102
RTVSPost2010Prop38
140
0.0
102
RTVSPost2010PropOp38
 70
     1
102
RTVSPost2010Prop39
140
1.0
102
RTVSPost2010PropOp39
 70
     1
102
RTVSPost2010Prop40
 90
        0
102
RTVSPost2010PropOp40
 70
     1
102
RTVSPost2010Prop41ColorIndex
 90
       18
102
RTVSPost2010Prop41ColorRGB
 90
        0
102
RTVSPost2010PropOp41
 70
     1
102
RTVSPost2010Prop42
 90
       50
102
RTVSPost2010PropOp42
 70
     1
102
RTVSPost2010Prop43
 90
        3
102
RTVSPost2010PropOp43
 70
     1
102
RTVSPost2010Prop44ColorIndex
 90
        5
102
RTVSPost2010Prop44ColorRGB
 90
      255
102
RTVSPost2010PropOp44
 70
     1
102
RTVSPost2010Prop45
280
     0
102
RTVSPost2010PropOp45
 70
     1
102
RTVSPost2010Prop46
 90
       50
102
RTVSPost2010PropOp46
 70
     1
102
RTVSPost2010Prop47
 90
       50
102
RTVSPost2010PropOp47
 70
     1
102
RTVSPost2010Prop48
 90
       50
102
RTVSPost2010PropOp48
 70
     1
102
RTVSPost2010Prop49
280
     0
102
RTVSPost2010PropOp49
 70
     1
102
RTVSPost2010Prop50
 90
       50
102
RTVSPost2010PropOp50
 70
     1
102
RTVSPost2010Prop51ColorIndex
 90
      256
102
RTVSPost2010Prop51ColorRGB
 90
-16777216
102
RTVSPost2010PropOp51
 70
     0
102
RTVSPost2010Prop52
140
1.0
102
RTVSPost2010PropOp52
 70
     0
102
RTVSPost2010Prop53
 90
        2
102
RTVSPost2010PropOp53
 70
     1
102
RTVSPost2010Prop54
  1
strokes_ogs.tif
102
RTVSPost2010PropOp54
 70
     1
102
RTVSPost2010Prop55
280
     0
102
RTVSPost2010PropOp55
 70
     1
102
RTVSPost2010Prop56
140
1.0
102
RTVSPost2010PropOp56
 70
     1
102
RTVSPost2010Prop57
140
1.0
102
RTVSPost2010PropOp57
 70
     1
102
RTVSPropertyOp0
 70
     1
102
RTVSPropertyOp1
 70
     1
102
RTVSPropertyOp2
 70
     1
102
RTVSPropertyOp3
 70
     1
102
RTVSPropertyOp4
 70
     1
102
RTVSPropertyOp5
 70
     1
102
RTVSPropertyOp6
 70
     1
102
RTVSPropertyOp7
 70
     1
102
RTVSPropertyOp8
 70
     1
102
RTVSPropertyOp9
 70
     1
102
RTVSPropertyOp10
 70
     1
102
RTVSPropertyOp11
 70
     1
102
RTVSPropertyOp12
 70
     1
102
RTVSPropertyOp13
 70
     1
102
RTVSPropertyOp14
 70
     1
102
RTVSPropertyOp15
 70
     1
102
RTVSPropertyOp16
 70
     1
102
RTVSPropertyOp17
 70
     1
102
RTVSPropertyOp18
 70
     1
102
RTVSPropertyOp19
 70
     1
102
RTVSPropertyOp20
 70
     1
102
RTVSPropertyOp21
 70
     1
102
RTVSPropertyOp22
 70
     1
102
RTVSPropertyOp23
 70
     1
102
RTVSPropertyOp24
 70
     1
102
RTVSPropertyOp25
 70
     1
102
RTVSPropertyOp26
 70
     1
102
RTVSPropertyOp27
 70
     1
102
RTVSPropertyOp28
 70
     1
102
RTVSPropertyOp29
 70
     1
102
RTVSPropertyOp30
 70
     1
102
RTVSPropertyOp31
 70
     1
102
RTVSPropertyOp32
 70
     1
102
RTVSPropertyOp33
 70
     1
102
RTVSPropertyOp34
 70
     1
102
RTVSPropertyOp35
 70
     1
102
RTVSPropertyOp36
 70
     1
102
RTVSPropertyOp37
 70
     1
102
RTVSPropertyOp38
 70
     1
102
RTVSPropertyOp39
 70
     1
102
RTVSPropertyOp40
 70
     1
102
RTVSPropertyOp41
 70
     1
102
RTVSPropertyOp42
 70
     1
102
RTVSPropertyOp43
 70
     1
102
RTVSPropertyOp44
 70
     1
102
RTVSPropertyOp45
 70
     1
102
RTVSPropertyOp46
 70
     1
102
RTVSPropertyOp47
 70
     1
102
RTVSPropertyOp48
 70
     1
102
RTVSPropertyOp49
 70
     1
102
RTVSPropertyOp50
 70
     1
102
RTVSPropertyOp51
 70
     0
102
RTVSPropertyOp52
 70
     0
102
RTVSPropertyOp53
 70
     1
102
RTVSPropertyOp54
 70
     1
102
RTVSPropertyOp55
 70
     1
102
RTVSPropertyOp56
 70
     1
102
RTVSPropertyOp57
 70
     1
102
RTVSPropertyOp58
 70
     1
102
RTVSPropertyOp59
 70
     1
102
RTVSPropertyOp60
 70
     1
102
RTVSPropertyOp61
 70
     1
102
RTVSPropertyOp62
 70
     1
  0
XRECORD
  5
287
102
{ACAD_REACTORS
330
286
102
}
330
286
100
AcDbXrecord
280
     1
102
RTVSPost2010Prop28
280
     0
102
RTVSPost2010PropOp28
 70
     1
102
RTVSPost2010Prop29
280
     1
102
RTVSPost2010PropOp29
 70
     1
102
RTVSPost2010Prop30
280
     1
102
RTVSPost2010PropOp30
 70
     1
102
RTVSPost2010Prop31
280
     0
102
RTVSPost2010PropOp31
 70
     1
102
RTVSPost2010Prop32
280
     0
102
RTVSPost2010PropOp32
 70
     1
102
RTVSPost2010Prop33
280
     0
102
RTVSPost2010PropOp33
 70
     1
102
RTVSPost2010Prop34
280
     0
102
RTVSPost2010PropOp34
 70
     1
102
RTVSPost2010Prop35
280
     0
102
RTVSPost2010PropOp35
 70
     1
102
RTVSPost2010Prop36
280
     0
102
RTVSPost2010PropOp36
 70
     1
102
RTVSPost2010Prop37
 90
       50
102
RTVSPost2010PropOp37
 70
     1
102
RTVSPost2010Prop38
140
0.0
102
RTVSPost2010PropOp38
 70
     1
102
RTVSPost2010Prop39
140
1.0
102
RTVSPost2010PropOp39
 70
     1
102
RTVSPost2010Prop40
 90
        0
102
RTVSPost2010PropOp40
 70
     1
102
RTVSPost2010Prop41ColorIndex
 90
       18
102
RTVSPost2010Prop41ColorRGB
 90
        0
102
RTVSPost2010PropOp41
 70
     1
102
RTVSPost2010Prop42
 90
       50
102
RTVSPost2010PropOp42
 70
     1
102
RTVSPost2010Prop43
 90
        3
102
RTVSPost2010PropOp43
 70
     1
102
RTVSPost2010Prop44ColorIndex
 90
        5
102
RTVSPost2010Prop44ColorRGB
 90
      255
102
RTVSPost2010PropOp44
 70
     1
102
RTVSPost2010Prop45
280
     0
102
RTVSPost2010PropOp45
 70
     1
102
RTVSPost2010Prop46
 90
       50
102
RTVSPost2010PropOp46
 70
     1
102
RTVSPost2010Prop47
 90
       50
102
RTVSPost2010PropOp47
 70
     1
102
RTVSPost2010Prop48
 90
       50
102
RTVSPost2010PropOp48
 70
     1
102
RTVSPost2010Prop49
280
     0
102
RTVSPost2010PropOp49
 70
     1
102
RTVSPost2010Prop50
 90
       50
102
RTVSPost2010PropOp50
 70
     1
102
RTVSPost2010Prop51ColorIndex
 90
      256
102
RTVSPost2010Prop51ColorRGB
 90
-16777216
102
RTVSPost2010PropOp51
 70
     0
102
RTVSPost2010Prop52
140
1.0
102
RTVSPost2010PropOp52
 70
     0
102
RTVSPost2010Prop53
 90
        2
102
RTVSPost2010PropOp53
 70
     1
102
RTVSPost2010Prop54
  1
strokes_ogs.tif
102
RTVSPost2010PropOp54
 70
     1
102
RTVSPost2010Prop55
280
     0
102
RTVSPost2010PropOp55
 70
     1
102
RTVSPost2010Prop56
140
1.0
102
RTVSPost2010PropOp56
 70
     1
102
RTVSPost2010Prop57
140
1.0
102
RTVSPost2010PropOp57
 70
     1
102
RTVSPropertyOp0
 70
     1
102
RTVSPropertyOp1
 70
     1
102
RTVSPropertyOp2
 70
     1
102
RTVSPropertyOp3
 70
     1
102
RTVSPropertyOp4
 70
     1
102
RTVSPropertyOp5
 70
     1
102
RTVSPropertyOp6
 70
     1
102
RTVSPropertyOp7
 70
     1
102
RTVSPropertyOp8
 70
     1
102
RTVSPropertyOp9
 70
     1
102
RTVSPropertyOp10
 70
     1
102
RTVSPropertyOp11
 70
     1
102
RTVSPropertyOp12
 70
     1
102
RTVSPropertyOp13
 70
     1
102
RTVSPropertyOp14
 70
     1
102
RTVSPropertyOp15
 70
     1
102
RTVSPropertyOp16
 70
     1
102
RTVSPropertyOp17
 70
     1
102
RTVSPropertyOp18
 70
     1
102
RTVSPropertyOp19
 70
     1
102
RTVSPropertyOp20
 70
     1
102
RTVSPropertyOp21
 70
     1
102
RTVSPropertyOp22
 70
     1
102
RTVSPropertyOp23
 70
     1
102
RTVSPropertyOp24
 70
     1
102
RTVSPropertyOp25
 70
     1
102
RTVSPropertyOp26
 70
     1
102
RTVSPropertyOp27
 70
     1
102
RTVSPropertyOp28
 70
     1
102
RTVSPropertyOp29
 70
     1
102
RTVSPropertyOp30
 70
     1
102
RTVSPropertyOp31
 70
     1
102
RTVSPropertyOp32
 70
     1
102
RTVSPropertyOp33
 70
     1
102
RTVSPropertyOp34
 70
     1
102
RTVSPropertyOp35
 70
     1
102
RTVSPropertyOp36
 70
     1
102
RTVSPropertyOp37
 70
     1
102
RTVSPropertyOp38
 70
     1
102
RTVSPropertyOp39
 70
     1
102
RTVSPropertyOp40
 70
     1
102
RTVSPropertyOp41
 70
     1
102
RTVSPropertyOp42
 70
     1
102
RTVSPropertyOp43
 70
     1
102
RTVSPropertyOp44
 70
     1
102
RTVSPropertyOp45
 70
     1
102
RTVSPropertyOp46
 70
     1
102
RTVSPropertyOp47
 70
     1
102
RTVSPropertyOp48
 70
     1
102
RTVSPropertyOp49
 70
     1
102
RTVSPropertyOp50
 70
     1
102
RTVSPropertyOp51
 70
     0
102
RTVSPropertyOp52
 70
     0
102
RTVSPropertyOp53
 70
     1
102
RTVSPropertyOp54
 70
     1
102
RTVSPropertyOp55
 70
     1
102
RTVSPropertyOp56
 70
     1
102
RTVSPropertyOp57
 70
     1
102
RTVSPropertyOp58
 70
     1
102
RTVSPropertyOp59
 70
     1
102
RTVSPropertyOp60
 70
     1
102
RTVSPropertyOp61
 70
     1
102
RTVSPropertyOp62
 70
     1
  0
XRECORD
  5
289
102
{ACAD_REACTORS
330
288
102
}
330
288
100
AcDbXrecord
280
     1
102
RTVSPost2010Prop28
280
     0
102
RTVSPost2010PropOp28
 70
     1
102
RTVSPost2010Prop29
280
     1
102
RTVSPost2010PropOp29
 70
     1
102
RTVSPost2010Prop30
280
     1
102
RTVSPost2010PropOp30
 70
     1
102
RTVSPost2010Prop31
280
     0
102
RTVSPost2010PropOp31
 70
     1
102
RTVSPost2010Prop32
280
     0
102
RTVSPost2010PropOp32
 70
     1
102
RTVSPost2010Prop33
280
     0
102
RTVSPost2010PropOp33
 70
     1
102
RTVSPost2010Prop34
280
     0
102
RTVSPost2010PropOp34
 70
     1
102
RTVSPost2010Prop35
280
     0
102
RTVSPost2010PropOp35
 70
     1
102
RTVSPost2010Prop36
280
     0
102
RTVSPost2010PropOp36
 70
     1
102
RTVSPost2010Prop37
 90
       50
102
RTVSPost2010PropOp37
 70
     1
102
RTVSPost2010Prop38
140
0.0
102
RTVSPost2010PropOp38
 70
     1
102
RTVSPost2010Prop39
140
1.0
102
RTVSPost2010PropOp39
 70
     1
102
RTVSPost2010Prop40
 90
        0
102
RTVSPost2010PropOp40
 70
     1
102
RTVSPost2010Prop41ColorIndex
 90
       18
102
RTVSPost2010Prop41ColorRGB
 90
        0
102
RTVSPost2010PropOp41
 70
     1
102
RTVSPost2010Prop42
 90
       50
102
RTVSPost2010PropOp42
 70
     1
102
RTVSPost2010Prop43
 90
        3
102
RTVSPost2010PropOp43
 70
     1
102
RTVSPost2010Prop44ColorIndex
 90
        5
102
RTVSPost2010Prop44ColorRGB
 90
      255
102
RTVSPost2010PropOp44
 70
     1
102
RTVSPost2010Prop45
280
     0
102
RTVSPost2010PropOp45
 70
     1
102
RTVSPost2010Prop46
 90
       50
102
RTVSPost2010PropOp46
 70
     1
102
RTVSPost2010Prop47
 90
       50
102
RTVSPost2010PropOp47
 70
     1
102
RTVSPost2010Prop48
 90
       50
102
RTVSPost2010PropOp48
 70
     1
102
RTVSPost2010Prop49
280
     0
102
RTVSPost2010PropOp49
 70
     1
102
RTVSPost2010Prop50
 90
       50
102
RTVSPost2010PropOp50
 70
     1
102
RTVSPost2010Prop51ColorIndex
 90
      256
102
RTVSPost2010Prop51ColorRGB
 90
-16777216
102
RTVSPost2010PropOp51
 70
     0
102
RTVSPost2010Prop52
140
1.0
102
RTVSPost2010PropOp52
 70
     0
102
RTVSPost2010Prop53
 90
        2
102
RTVSPost2010PropOp53
 70
     1
102
RTVSPost2010Prop54
  1
strokes_ogs.tif
102
RTVSPost2010PropOp54
 70
     1
102
RTVSPost2010Prop55
280
     0
102
RTVSPost2010PropOp55
 70
     1
102
RTVSPost2010Prop56
140
1.0
102
RTVSPost2010PropOp56
 70
     1
102
RTVSPost2010Prop57
140
1.0
102
RTVSPost2010PropOp57
 70
     1
102
RTVSPropertyOp0
 70
     1
102
RTVSPropertyOp1
 70
     1
102
RTVSPropertyOp2
 70
     1
102
RTVSPropertyOp3
 70
     1
102
RTVSPropertyOp4
 70
     1
102
RTVSPropertyOp5
 70
     1
102
RTVSPropertyOp6
 70
     1
102
RTVSPropertyOp7
 70
     1
102
RTVSPropertyOp8
 70
     1
102
RTVSPropertyOp9
 70
     1
102
RTVSPropertyOp10
 70
     1
102
RTVSPropertyOp11
 70
     1
102
RTVSPropertyOp12
 70
     1
102
RTVSPropertyOp13
 70
     1
102
RTVSPropertyOp14
 70
     1
102
RTVSPropertyOp15
 70
     1
102
RTVSPropertyOp16
 70
     1
102
RTVSPropertyOp17
 70
     1
102
RTVSPropertyOp18
 70
     1
102
RTVSPropertyOp19
 70
     1
102
RTVSPropertyOp20
 70
     1
102
RTVSPropertyOp21
 70
     1
102
RTVSPropertyOp22
 70
     1
102
RTVSPropertyOp23
 70
     1
102
RTVSPropertyOp24
 70
     1
102
RTVSPropertyOp25
 70
     1
102
RTVSPropertyOp26
 70
     1
102
RTVSPropertyOp27
 70
     1
102
RTVSPropertyOp28
 70
     1
102
RTVSPropertyOp29
 70
     1
102
RTVSPropertyOp30
 70
     1
102
RTVSPropertyOp31
 70
     1
102
RTVSPropertyOp32
 70
     1
102
RTVSPropertyOp33
 70
     1
102
RTVSPropertyOp34
 70
     1
102
RTVSPropertyOp35
 70
     1
102
RTVSPropertyOp36
 70
     1
102
RTVSPropertyOp37
 70
     1
102
RTVSPropertyOp38
 70
     1
102
RTVSPropertyOp39
 70
     1
102
RTVSPropertyOp40
 70
     1
102
RTVSPropertyOp41
 70
     1
102
RTVSPropertyOp42
 70
     1
102
RTVSPropertyOp43
 70
     1
102
RTVSPropertyOp44
 70
     1
102
RTVSPropertyOp45
 70
     1
102
RTVSPropertyOp46
 70
     1
102
RTVSPropertyOp47
 70
     1
102
RTVSPropertyOp48
 70
     1
102
RTVSPropertyOp49
 70
     1
102
RTVSPropertyOp50
 70
     1
102
RTVSPropertyOp51
 70
     0
102
RTVSPropertyOp52
 70
     0
102
RTVSPropertyOp53
 70
     1
102
RTVSPropertyOp54
 70
     1
102
RTVSPropertyOp55
 70
     1
102
RTVSPropertyOp56
 70
     1
102
RTVSPropertyOp57
 70
     1
102
RTVSPropertyOp58
 70
     1
102
RTVSPropertyOp59
 70
     1
102
RTVSPropertyOp60
 70
     1
102
RTVSPropertyOp61
 70
     1
102
RTVSPropertyOp62
 70
     1
  0
XRECORD
  5
28B
102
{ACAD_REACTORS
330
28A
102
}
330
28A
100
AcDbXrecord
280
     1
102
RTVSPost2010Prop28
280
     0
102
RTVSPost2010PropOp28
 70
     1
102
RTVSPost2010Prop29
280
     1
102
RTVSPost2010PropOp29
 70
     1
102
RTVSPost2010Prop30
280
     1
102
RTVSPost2010PropOp30
 70
     1
102
RTVSPost2010Prop31
280
     0
102
RTVSPost2010PropOp31
 70
     1
102
RTVSPost2010Prop32
280
     0
102
RTVSPost2010PropOp32
 70
     1
102
RTVSPost2010Prop33
280
     0
102
RTVSPost2010PropOp33
 70
     1
102
RTVSPost2010Prop34
280
     0
102
RTVSPost2010PropOp34
 70
     1
102
RTVSPost2010Prop35
280
     0
102
RTVSPost2010PropOp35
 70
     1
102
RTVSPost2010Prop36
280
     0
102
RTVSPost2010PropOp36
 70
     1
102
RTVSPost2010Prop37
 90
       50
102
RTVSPost2010PropOp37
 70
     1
102
RTVSPost2010Prop38
140
0.0
102
RTVSPost2010PropOp38
 70
     1
102
RTVSPost2010Prop39
140
1.0
102
RTVSPost2010PropOp39
 70
     1
102
RTVSPost2010Prop40
 90
        0
102
RTVSPost2010PropOp40
 70
     1
102
RTVSPost2010Prop41ColorIndex
 90
       18
102
RTVSPost2010Prop41ColorRGB
 90
        0
102
RTVSPost2010PropOp41
 70
     1
102
RTVSPost2010Prop42
 90
       50
102
RTVSPost2010PropOp42
 70
     1
102
RTVSPost2010Prop43
 90
        3
102
RTVSPost2010PropOp43
 70
     1
102
RTVSPost2010Prop44ColorIndex
 90
        5
102
RTVSPost2010Prop44ColorRGB
 90
      255
102
RTVSPost2010PropOp44
 70
     1
102
RTVSPost2010Prop45
280
     0
102
RTVSPost2010PropOp45
 70
     1
102
RTVSPost2010Prop46
 90
       50
102
RTVSPost2010PropOp46
 70
     1
102
RTVSPost2010Prop47
 90
       50
102
RTVSPost2010PropOp47
 70
     1
102
RTVSPost2010Prop48
 90
       50
102
RTVSPost2010PropOp48
 70
     1
102
RTVSPost2010Prop49
280
     0
102
RTVSPost2010PropOp49
 70
     1
102
RTVSPost2010Prop50
 90
       50
102
RTVSPost2010PropOp50
 70
     1
102
RTVSPost2010Prop51ColorIndex
 90
      256
102
RTVSPost2010Prop51ColorRGB
 90
-16777216
102
RTVSPost2010PropOp51
 70
     0
102
RTVSPost2010Prop52
140
1.0
102
RTVSPost2010PropOp52
 70
     0
102
RTVSPost2010Prop53
 90
        2
102
RTVSPost2010PropOp53
 70
     1
102
RTVSPost2010Prop54
  1
strokes_ogs.tif
102
RTVSPost2010PropOp54
 70
     1
102
RTVSPost2010Prop55
280
     0
102
RTVSPost2010PropOp55
 70
     1
102
RTVSPost2010Prop56
140
1.0
102
RTVSPost2010PropOp56
 70
     1
102
RTVSPost2010Prop57
140
1.0
102
RTVSPost2010PropOp57
 70
     1
102
RTVSPropertyOp0
 70
     1
102
RTVSPropertyOp1
 70
     1
102
RTVSPropertyOp2
 70
     1
102
RTVSPropertyOp3
 70
     1
102
RTVSPropertyOp4
 70
     1
102
RTVSPropertyOp5
 70
     1
102
RTVSPropertyOp6
 70
     1
102
RTVSPropertyOp7
 70
     1
102
RTVSPropertyOp8
 70
     1
102
RTVSPropertyOp9
 70
     1
102
RTVSPropertyOp10
 70
     1
102
RTVSPropertyOp11
 70
     1
102
RTVSPropertyOp12
 70
     1
102
RTVSPropertyOp13
 70
     1
102
RTVSPropertyOp14
 70
     1
102
RTVSPropertyOp15
 70
     1
102
RTVSPropertyOp16
 70
     1
102
RTVSPropertyOp17
 70
     1
102
RTVSPropertyOp18
 70
     1
102
RTVSPropertyOp19
 70
     1
102
RTVSPropertyOp20
 70
     1
102
RTVSPropertyOp21
 70
     1
102
RTVSPropertyOp22
 70
     1
102
RTVSPropertyOp23
 70
     1
102
RTVSPropertyOp24
 70
     1
102
RTVSPropertyOp25
 70
     1
102
RTVSPropertyOp26
 70
     1
102
RTVSPropertyOp27
 70
     1
102
RTVSPropertyOp28
 70
     1
102
RTVSPropertyOp29
 70
     1
102
RTVSPropertyOp30
 70
     1
102
RTVSPropertyOp31
 70
     1
102
RTVSPropertyOp32
 70
     1
102
RTVSPropertyOp33
 70
     1
102
RTVSPropertyOp34
 70
     1
102
RTVSPropertyOp35
 70
     1
102
RTVSPropertyOp36
 70
     1
102
RTVSPropertyOp37
 70
     1
102
RTVSPropertyOp38
 70
     1
102
RTVSPropertyOp39
 70
     1
102
RTVSPropertyOp40
 70
     1
102
RTVSPropertyOp41
 70
     1
102
RTVSPropertyOp42
 70
     1
102
RTVSPropertyOp43
 70
     1
102
RTVSPropertyOp44
 70
     1
102
RTVSPropertyOp45
 70
     1
102
RTVSPropertyOp46
 70
     1
102
RTVSPropertyOp47
 70
     1
102
RTVSPropertyOp48
 70
     1
102
RTVSPropertyOp49
 70
     1
102
RTVSPropertyOp50
 70
     1
102
RTVSPropertyOp51
 70
     0
102
RTVSPropertyOp52
 70
     0
102
RTVSPropertyOp53
 70
     1
102
RTVSPropertyOp54
 70
     1
102
RTVSPropertyOp55
 70
     1
102
RTVSPropertyOp56
 70
     1
102
RTVSPropertyOp57
 70
     1
102
RTVSPropertyOp58
 70
     1
102
RTVSPropertyOp59
 70
     1
102
RTVSPropertyOp60
 70
     1
102
RTVSPropertyOp61
 70
     1
102
RTVSPropertyOp62
 70
     1
  0
XRECORD
  5
28D
102
{ACAD_REACTORS
330
28C
102
}
330
28C
100
AcDbXrecord
280
     1
102
RTVSPost2010Prop28
280
     0
102
RTVSPost2010PropOp28
 70
     1
102
RTVSPost2010Prop29
280
     1
102
RTVSPost2010PropOp29
 70
     1
102
RTVSPost2010Prop30
280
     1
102
RTVSPost2010PropOp30
 70
     1
102
RTVSPost2010Prop31
280
     0
102
RTVSPost2010PropOp31
 70
     1
102
RTVSPost2010Prop32
280
     0
102
RTVSPost2010PropOp32
 70
     1
102
RTVSPost2010Prop33
280
     0
102
RTVSPost2010PropOp33
 70
     1
102
RTVSPost2010Prop34
280
     0
102
RTVSPost2010PropOp34
 70
     1
102
RTVSPost2010Prop35
280
     0
102
RTVSPost2010PropOp35
 70
     1
102
RTVSPost2010Prop36
280
     0
102
RTVSPost2010PropOp36
 70
     1
102
RTVSPost2010Prop37
 90
       50
102
RTVSPost2010PropOp37
 70
     1
102
RTVSPost2010Prop38
140
0.0
102
RTVSPost2010PropOp38
 70
     1
102
RTVSPost2010Prop39
140
1.0
102
RTVSPost2010PropOp39
 70
     1
102
RTVSPost2010Prop40
 90
        0
102
RTVSPost2010PropOp40
 70
     1
102
RTVSPost2010Prop41ColorIndex
 90
       18
102
RTVSPost2010Prop41ColorRGB
 90
        0
102
RTVSPost2010PropOp41
 70
     1
102
RTVSPost2010Prop42
 90
       50
102
RTVSPost2010PropOp42
 70
     1
102
RTVSPost2010Prop43
 90
        3
102
RTVSPost2010PropOp43
 70
     1
102
RTVSPost2010Prop44ColorIndex
 90
        5
102
RTVSPost2010Prop44ColorRGB
 90
      255
102
RTVSPost2010PropOp44
 70
     1
102
RTVSPost2010Prop45
280
     0
102
RTVSPost2010PropOp45
 70
     1
102
RTVSPost2010Prop46
 90
       50
102
RTVSPost2010PropOp46
 70
     1
102
RTVSPost2010Prop47
 90
       50
102
RTVSPost2010PropOp47
 70
     1
102
RTVSPost2010Prop48
 90
       50
102
RTVSPost2010PropOp48
 70
     1
102
RTVSPost2010Prop49
280
     0
102
RTVSPost2010PropOp49
 70
     1
102
RTVSPost2010Prop50
 90
       50
102
RTVSPost2010PropOp50
 70
     1
102
RTVSPost2010Prop51ColorIndex
 90
      256
102
RTVSPost2010Prop51ColorRGB
 90
-16777216
102
RTVSPost2010PropOp51
 70
     0
102
RTVSPost2010Prop52
140
1.0
102
RTVSPost2010PropOp52
 70
     0
102
RTVSPost2010Prop53
 90
        2
102
RTVSPost2010PropOp53
 70
     1
102
RTVSPost2010Prop54
  1
strokes_ogs.tif
102
RTVSPost2010PropOp54
 70
     1
102
RTVSPost2010Prop55
280
     0
102
RTVSPost2010PropOp55
 70
     1
102
RTVSPost2010Prop56
140
1.0
102
RTVSPost2010PropOp56
 70
     1
102
RTVSPost2010Prop57
140
1.0
102
RTVSPost2010PropOp57
 70
     1
102
RTVSPropertyOp0
 70
     1
102
RTVSPropertyOp1
 70
     1
102
RTVSPropertyOp2
 70
     1
102
RTVSPropertyOp3
 70
     1
102
RTVSPropertyOp4
 70
     1
102
RTVSPropertyOp5
 70
     1
102
RTVSPropertyOp6
 70
     1
102
RTVSPropertyOp7
 70
     1
102
RTVSPropertyOp8
 70
     1
102
RTVSPropertyOp9
 70
     1
102
RTVSPropertyOp10
 70
     1
102
RTVSPropertyOp11
 70
     1
102
RTVSPropertyOp12
 70
     1
102
RTVSPropertyOp13
 70
     1
102
RTVSPropertyOp14
 70
     1
102
RTVSPropertyOp15
 70
     1
102
RTVSPropertyOp16
 70
     1
102
RTVSPropertyOp17
 70
     1
102
RTVSPropertyOp18
 70
     1
102
RTVSPropertyOp19
 70
     1
102
RTVSPropertyOp20
 70
     1
102
RTVSPropertyOp21
 70
     1
102
RTVSPropertyOp22
 70
     1
102
RTVSPropertyOp23
 70
     1
102
RTVSPropertyOp24
 70
     1
102
RTVSPropertyOp25
 70
     1
102
RTVSPropertyOp26
 70
     1
102
RTVSPropertyOp27
 70
     1
102
RTVSPropertyOp28
 70
     1
102
RTVSPropertyOp29
 70
     1
102
RTVSPropertyOp30
 70
     1
102
RTVSPropertyOp31
 70
     1
102
RTVSPropertyOp32
 70
     1
102
RTVSPropertyOp33
 70
     1
102
RTVSPropertyOp34
 70
     1
102
RTVSPropertyOp35
 70
     1
102
RTVSPropertyOp36
 70
     1
102
RTVSPropertyOp37
 70
     1
102
RTVSPropertyOp38
 70
     1
102
RTVSPropertyOp39
 70
     1
102
RTVSPropertyOp40
 70
     1
102
RTVSPropertyOp41
 70
     1
102
RTVSPropertyOp42
 70
     1
102
RTVSPropertyOp43
 70
     1
102
RTVSPropertyOp44
 70
     1
102
RTVSPropertyOp45
 70
     1
102
RTVSPropertyOp46
 70
     1
102
RTVSPropertyOp47
 70
     1
102
RTVSPropertyOp48
 70
     1
102
RTVSPropertyOp49
 70
     1
102
RTVSPropertyOp50
 70
     1
102
RTVSPropertyOp51
 70
     0
102
RTVSPropertyOp52
 70
     0
102
RTVSPropertyOp53
 70
     1
102
RTVSPropertyOp54
 70
     1
102
RTVSPropertyOp55
 70
     1
102
RTVSPropertyOp56
 70
     1
102
RTVSPropertyOp57
 70
     1
102
RTVSPropertyOp58
 70
     1
102
RTVSPropertyOp59
 70
     1
102
RTVSPropertyOp60
 70
     1
102
RTVSPropertyOp61
 70
     1
102
RTVSPropertyOp62
 70
     1
  0
XRECORD
  5
295
102
{ACAD_REACTORS
330
294
102
}
330
294
100
AcDbXrecord
280
     1
102
RTVSPost2010Prop28
280
     0
102
RTVSPost2010PropOp28
 70
     1
102
RTVSPost2010Prop29
280
     1
102
RTVSPost2010PropOp29
 70
     1
102
RTVSPost2010Prop30
280
     1
102
RTVSPost2010PropOp30
 70
     1
102
RTVSPost2010Prop31
280
     0
102
RTVSPost2010PropOp31
 70
     1
102
RTVSPost2010Prop32
280
     0
102
RTVSPost2010PropOp32
 70
     1
102
RTVSPost2010Prop33
280
     0
102
RTVSPost2010PropOp33
 70
     1
102
RTVSPost2010Prop34
280
     0
102
RTVSPost2010PropOp34
 70
     1
102
RTVSPost2010Prop35
280
     0
102
RTVSPost2010PropOp35
 70
     1
102
RTVSPost2010Prop36
280
     0
102
RTVSPost2010PropOp36
 70
     1
102
RTVSPost2010Prop37
 90
       50
102
RTVSPost2010PropOp37
 70
     1
102
RTVSPost2010Prop38
140
0.0
102
RTVSPost2010PropOp38
 70
     1
102
RTVSPost2010Prop39
140
1.0
102
RTVSPost2010PropOp39
 70
     1
102
RTVSPost2010Prop40
 90
        0
102
RTVSPost2010PropOp40
 70
     1
102
RTVSPost2010Prop41ColorIndex
 90
       18
102
RTVSPost2010Prop41ColorRGB
 90
        0
102
RTVSPost2010PropOp41
 70
     1
102
RTVSPost2010Prop42
 90
       50
102
RTVSPost2010PropOp42
 70
     1
102
RTVSPost2010Prop43
 90
        3
102
RTVSPost2010PropOp43
 70
     1
102
RTVSPost2010Prop44ColorIndex
 90
        5
102
RTVSPost2010Prop44ColorRGB
 90
      255
102
RTVSPost2010PropOp44
 70
     1
102
RTVSPost2010Prop45
280
     0
102
RTVSPost2010PropOp45
 70
     1
102
RTVSPost2010Prop46
 90
       50
102
RTVSPost2010PropOp46
 70
     1
102
RTVSPost2010Prop47
 90
       50
102
RTVSPost2010PropOp47
 70
     1
102
RTVSPost2010Prop48
 90
       50
102
RTVSPost2010PropOp48
 70
     1
102
RTVSPost2010Prop49
280
     0
102
RTVSPost2010PropOp49
 70
     1
102
RTVSPost2010Prop50
 90
       50
102
RTVSPost2010PropOp50
 70
     1
102
RTVSPost2010Prop51ColorIndex
 90
      256
102
RTVSPost2010Prop51ColorRGB
 90
-16777216
102
RTVSPost2010PropOp51
 70
     0
102
RTVSPost2010Prop52
140
1.0
102
RTVSPost2010PropOp52
 70
     0
102
RTVSPost2010Prop53
 90
        2
102
RTVSPost2010PropOp53
 70
     1
102
RTVSPost2010Prop54
  1
strokes_ogs.tif
102
RTVSPost2010PropOp54
 70
     1
102
RTVSPost2010Prop55
280
     0
102
RTVSPost2010PropOp55
 70
     1
102
RTVSPost2010Prop56
140
1.0
102
RTVSPost2010PropOp56
 70
     1
102
RTVSPost2010Prop57
140
1.0
102
RTVSPost2010PropOp57
 70
     1
102
RTVSPropertyOp0
 70
     1
102
RTVSPropertyOp1
 70
     1
102
RTVSPropertyOp2
 70
     1
102
RTVSPropertyOp3
 70
     1
102
RTVSPropertyOp4
 70
     1
102
RTVSPropertyOp5
 70
     1
102
RTVSPropertyOp6
 70
     1
102
RTVSPropertyOp7
 70
     1
102
RTVSPropertyOp8
 70
     1
102
RTVSPropertyOp9
 70
     1
102
RTVSPropertyOp10
 70
     1
102
RTVSPropertyOp11
 70
     1
102
RTVSPropertyOp12
 70
     1
102
RTVSPropertyOp13
 70
     1
102
RTVSPropertyOp14
 70
     1
102
RTVSPropertyOp15
 70
     1
102
RTVSPropertyOp16
 70
     1
102
RTVSPropertyOp17
 70
     1
102
RTVSPropertyOp18
 70
     1
102
RTVSPropertyOp19
 70
     1
102
RTVSPropertyOp20
 70
     1
102
RTVSPropertyOp21
 70
     1
102
RTVSPropertyOp22
 70
     1
102
RTVSPropertyOp23
 70
     1
102
RTVSPropertyOp24
 70
     1
102
RTVSPropertyOp25
 70
     1
102
RTVSPropertyOp26
 70
     1
102
RTVSPropertyOp27
 70
     1
102
RTVSPropertyOp28
 70
     1
102
RTVSPropertyOp29
 70
     1
102
RTVSPropertyOp30
 70
     1
102
RTVSPropertyOp31
 70
     1
102
RTVSPropertyOp32
 70
     1
102
RTVSPropertyOp33
 70
     1
102
RTVSPropertyOp34
 70
     1
102
RTVSPropertyOp35
 70
     1
102
RTVSPropertyOp36
 70
     1
102
RTVSPropertyOp37
 70
     1
102
RTVSPropertyOp38
 70
     1
102
RTVSPropertyOp39
 70
     1
102
RTVSPropertyOp40
 70
     1
102
RTVSPropertyOp41
 70
     1
102
RTVSPropertyOp42
 70
     1
102
RTVSPropertyOp43
 70
     1
102
RTVSPropertyOp44
 70
     1
102
RTVSPropertyOp45
 70
     1
102
RTVSPropertyOp46
 70
     1
102
RTVSPropertyOp47
 70
     1
102
RTVSPropertyOp48
 70
     1
102
RTVSPropertyOp49
 70
     1
102
RTVSPropertyOp50
 70
     1
102
RTVSPropertyOp51
 70
     0
102
RTVSPropertyOp52
 70
     0
102
RTVSPropertyOp53
 70
     1
102
RTVSPropertyOp54
 70
     1
102
RTVSPropertyOp55
 70
     1
102
RTVSPropertyOp56
 70
     1
102
RTVSPropertyOp57
 70
     1
102
RTVSPropertyOp58
 70
     1
102
RTVSPropertyOp59
 70
     1
102
RTVSPropertyOp60
 70
     1
102
RTVSPropertyOp61
 70
     1
102
RTVSPropertyOp62
 70
     1
  0
XRECORD
  5
2A7
102
{ACAD_REACTORS
330
2A6
102
}
330
2A6
100
AcDbXrecord
280
     1
102
RTVSPost2010Prop28
280
     0
102
RTVSPost2010PropOp28
 70
     1
102
RTVSPost2010Prop29
280
     1
102
RTVSPost2010PropOp29
 70
     1
102
RTVSPost2010Prop30
280
     1
102
RTVSPost2010PropOp30
 70
     1
102
RTVSPost2010Prop31
280
     0
102
RTVSPost2010PropOp31
 70
     1
102
RTVSPost2010Prop32
280
     0
102
RTVSPost2010PropOp32
 70
     1
102
RTVSPost2010Prop33
280
     0
102
RTVSPost2010PropOp33
 70
     1
102
RTVSPost2010Prop34
280
     0
102
RTVSPost2010PropOp34
 70
     1
102
RTVSPost2010Prop35
280
     0
102
RTVSPost2010PropOp35
 70
     1
102
RTVSPost2010Prop36
280
     0
102
RTVSPost2010PropOp36
 70
     1
102
RTVSPost2010Prop37
 90
       50
102
RTVSPost2010PropOp37
 70
     1
102
RTVSPost2010Prop38
140
0.0
102
RTVSPost2010PropOp38
 70
     1
102
RTVSPost2010Prop39
140
1.0
102
RTVSPost2010PropOp39
 70
     1
102
RTVSPost2010Prop40
 90
        0
102
RTVSPost2010PropOp40
 70
     1
102
RTVSPost2010Prop41ColorIndex
 90
       18
102
RTVSPost2010Prop41ColorRGB
 90
        0
102
RTVSPost2010PropOp41
 70
     1
102
RTVSPost2010Prop42
 90
       50
102
RTVSPost2010PropOp42
 70
     1
102
RTVSPost2010Prop43
 90
        3
102
RTVSPost2010PropOp43
 70
     1
102
RTVSPost2010Prop44ColorIndex
 90
        5
102
RTVSPost2010Prop44ColorRGB
 90
      255
102
RTVSPost2010PropOp44
 70
     1
102
RTVSPost2010Prop45
280
     0
102
RTVSPost2010PropOp45
 70
     1
102
RTVSPost2010Prop46
 90
       50
102
RTVSPost2010PropOp46
 70
     1
102
RTVSPost2010Prop47
 90
       50
102
RTVSPost2010PropOp47
 70
     1
102
RTVSPost2010Prop48
 90
       50
102
RTVSPost2010PropOp48
 70
     1
102
RTVSPost2010Prop49
280
     0
102
RTVSPost2010PropOp49
 70
     1
102
RTVSPost2010Prop50
 90
       50
102
RTVSPost2010PropOp50
 70
     1
102
RTVSPost2010Prop51ColorIndex
 90
      256
102
RTVSPost2010Prop51ColorRGB
 90
-16777216
102
RTVSPost2010PropOp51
 70
     0
102
RTVSPost2010Prop52
140
1.0
102
RTVSPost2010PropOp52
 70
     0
102
RTVSPost2010Prop53
 90
        2
102
RTVSPost2010PropOp53
 70
     1
102
RTVSPost2010Prop54
  1
strokes_ogs.tif
102
RTVSPost2010PropOp54
 70
     1
102
RTVSPost2010Prop55
280
     0
102
RTVSPost2010PropOp55
 70
     1
102
RTVSPost2010Prop56
140
1.0
102
RTVSPost2010PropOp56
 70
     1
102
RTVSPost2010Prop57
140
1.0
102
RTVSPost2010PropOp57
 70
     1
102
RTVSPropertyOp0
 70
     0
102
RTVSPropertyOp1
 70
     0
102
RTVSPropertyOp2
 70
     0
102
RTVSPropertyOp3
 70
     0
102
RTVSPropertyOp4
 70
     0
102
RTVSPropertyOp5
 70
     0
102
RTVSPropertyOp6
 70
     0
102
RTVSPropertyOp7
 70
     0
102
RTVSPropertyOp8
 70
     0
102
RTVSPropertyOp9
 70
     0
102
RTVSPropertyOp10
 70
     0
102
RTVSPropertyOp11
 70
     0
102
RTVSPropertyOp12
 70
     0
102
RTVSPropertyOp13
 70
     0
102
RTVSPropertyOp14
 70
     2
102
RTVSPropertyOp15
 70
     0
102
RTVSPropertyOp16
 70
     0
102
RTVSPropertyOp17
 70
     0
102
RTVSPropertyOp18
 70
     0
102
RTVSPropertyOp19
 70
     0
102
RTVSPropertyOp20
 70
     0
102
RTVSPropertyOp21
 70
     0
102
RTVSPropertyOp22
 70
     0
102
RTVSPropertyOp23
 70
     0
102
RTVSPropertyOp24
 70
     0
102
RTVSPropertyOp25
 70
     0
102
RTVSPropertyOp26
 70
     0
102
RTVSPropertyOp27
 70
     0
102
RTVSPropertyOp28
 70
     1
102
RTVSPropertyOp29
 70
     1
102
RTVSPropertyOp30
 70
     1
102
RTVSPropertyOp31
 70
     1
102
RTVSPropertyOp32
 70
     1
102
RTVSPropertyOp33
 70
     1
102
RTVSPropertyOp34
 70
     1
102
RTVSPropertyOp35
 70
     1
102
RTVSPropertyOp36
 70
     1
102
RTVSPropertyOp37
 70
     1
102
RTVSPropertyOp38
 70
     1
102
RTVSPropertyOp39
 70
     1
102
RTVSPropertyOp40
 70
     1
102
RTVSPropertyOp41
 70
     1
102
RTVSPropertyOp42
 70
     1
102
RTVSPropertyOp43
 70
     1
102
RTVSPropertyOp44
 70
     1
102
RTVSPropertyOp45
 70
     1
102
RTVSPropertyOp46
 70
     1
102
RTVSPropertyOp47
 70
     1
102
RTVSPropertyOp48
 70
     1
102
RTVSPropertyOp49
 70
     1
102
RTVSPropertyOp50
 70
     1
102
RTVSPropertyOp51
 70
     0
102
RTVSPropertyOp52
 70
     0
102
RTVSPropertyOp53
 70
     1
102
RTVSPropertyOp54
 70
     1
102
RTVSPropertyOp55
 70
     1
102
RTVSPropertyOp56
 70
     1
102
RTVSPropertyOp57
 70
     1
102
RTVSPropertyOp58
 70
     1
102
RTVSPropertyOp59
 70
     1
102
RTVSPropertyOp60
 70
     1
102
RTVSPropertyOp61
 70
     1
102
RTVSPropertyOp62
 70
     1
  0
XRECORD
  5
2A1
102
{ACAD_REACTORS
330
2A0
102
}
330
2A0
100
AcDbXrecord
280
     1
102
RTVSPost2010Prop28
280
     0
102
RTVSPost2010PropOp28
 70
     1
102
RTVSPost2010Prop29
280
     1
102
RTVSPost2010PropOp29
 70
     1
102
RTVSPost2010Prop30
280
     1
102
RTVSPost2010PropOp30
 70
     1
102
RTVSPost2010Prop31
280
     0
102
RTVSPost2010PropOp31
 70
     1
102
RTVSPost2010Prop32
280
     0
102
RTVSPost2010PropOp32
 70
     1
102
RTVSPost2010Prop33
280
     0
102
RTVSPost2010PropOp33
 70
     1
102
RTVSPost2010Prop34
280
     0
102
RTVSPost2010PropOp34
 70
     1
102
RTVSPost2010Prop35
280
     0
102
RTVSPost2010PropOp35
 70
     1
102
RTVSPost2010Prop36
280
     0
102
RTVSPost2010PropOp36
 70
     1
102
RTVSPost2010Prop37
 90
       50
102
RTVSPost2010PropOp37
 70
     1
102
RTVSPost2010Prop38
140
0.0
102
RTVSPost2010PropOp38
 70
     1
102
RTVSPost2010Prop39
140
1.0
102
RTVSPost2010PropOp39
 70
     1
102
RTVSPost2010Prop40
 90
        0
102
RTVSPost2010PropOp40
 70
     1
102
RTVSPost2010Prop41ColorIndex
 90
       18
102
RTVSPost2010Prop41ColorRGB
 90
        0
102
RTVSPost2010PropOp41
 70
     1
102
RTVSPost2010Prop42
 90
       50
102
RTVSPost2010PropOp42
 70
     1
102
RTVSPost2010Prop43
 90
        3
102
RTVSPost2010PropOp43
 70
     1
102
RTVSPost2010Prop44ColorIndex
 90
        5
102
RTVSPost2010Prop44ColorRGB
 90
      255
102
RTVSPost2010PropOp44
 70
     1
102
RTVSPost2010Prop45
280
     0
102
RTVSPost2010PropOp45
 70
     1
102
RTVSPost2010Prop46
 90
       50
102
RTVSPost2010PropOp46
 70
     1
102
RTVSPost2010Prop47
 90
       50
102
RTVSPost2010PropOp47
 70
     1
102
RTVSPost2010Prop48
 90
       50
102
RTVSPost2010PropOp48
 70
     1
102
RTVSPost2010Prop49
280
     0
102
RTVSPost2010PropOp49
 70
     1
102
RTVSPost2010Prop50
 90
       50
102
RTVSPost2010PropOp50
 70
     1
102
RTVSPost2010Prop51ColorIndex
 90
      256
102
RTVSPost2010Prop51ColorRGB
 90
-16777216
102
RTVSPost2010PropOp51
 70
     0
102
RTVSPost2010Prop52
140
1.0
102
RTVSPost2010PropOp52
 70
     0
102
RTVSPost2010Prop53
 90
        2
102
RTVSPost2010PropOp53
 70
     1
102
RTVSPost2010Prop54
  1
strokes_ogs.tif
102
RTVSPost2010PropOp54
 70
     1
102
RTVSPost2010Prop55
280
     0
102
RTVSPost2010PropOp55
 70
     1
102
RTVSPost2010Prop56
140
1.0
102
RTVSPost2010PropOp56
 70
     1
102
RTVSPost2010Prop57
140
1.0
102
RTVSPost2010PropOp57
 70
     1
102
RTVSPropertyOp0
 70
     1
102
RTVSPropertyOp1
 70
     1
102
RTVSPropertyOp2
 70
     1
102
RTVSPropertyOp3
 70
     1
102
RTVSPropertyOp4
 70
     1
102
RTVSPropertyOp5
 70
     1
102
RTVSPropertyOp6
 70
     1
102
RTVSPropertyOp7
 70
     1
102
RTVSPropertyOp8
 70
     1
102
RTVSPropertyOp9
 70
     1
102
RTVSPropertyOp10
 70
     1
102
RTVSPropertyOp11
 70
     1
102
RTVSPropertyOp12
 70
     1
102
RTVSPropertyOp13
 70
     1
102
RTVSPropertyOp14
 70
     1
102
RTVSPropertyOp15
 70
     1
102
RTVSPropertyOp16
 70
     1
102
RTVSPropertyOp17
 70
     1
102
RTVSPropertyOp18
 70
     1
102
RTVSPropertyOp19
 70
     1
102
RTVSPropertyOp20
 70
     1
102
RTVSPropertyOp21
 70
     1
102
RTVSPropertyOp22
 70
     1
102
RTVSPropertyOp23
 70
     1
102
RTVSPropertyOp24
 70
     1
102
RTVSPropertyOp25
 70
     1
102
RTVSPropertyOp26
 70
     1
102
RTVSPropertyOp27
 70
     1
102
RTVSPropertyOp28
 70
     1
102
RTVSPropertyOp29
 70
     1
102
RTVSPropertyOp30
 70
     1
102
RTVSPropertyOp31
 70
     1
102
RTVSPropertyOp32
 70
     1
102
RTVSPropertyOp33
 70
     1
102
RTVSPropertyOp34
 70
     1
102
RTVSPropertyOp35
 70
     1
102
RTVSPropertyOp36
 70
     1
102
RTVSPropertyOp37
 70
     1
102
RTVSPropertyOp38
 70
     1
102
RTVSPropertyOp39
 70
     1
102
RTVSPropertyOp40
 70
     1
102
RTVSPropertyOp41
 70
     1
102
RTVSPropertyOp42
 70
     1
102
RTVSPropertyOp43
 70
     1
102
RTVSPropertyOp44
 70
     1
102
RTVSPropertyOp45
 70
     1
102
RTVSPropertyOp46
 70
     1
102
RTVSPropertyOp47
 70
     1
102
RTVSPropertyOp48
 70
     1
102
RTVSPropertyOp49
 70
     1
102
RTVSPropertyOp50
 70
     1
102
RTVSPropertyOp51
 70
     0
102
RTVSPropertyOp52
 70
     0
102
RTVSPropertyOp53
 70
     1
102
RTVSPropertyOp54
 70
     1
102
RTVSPropertyOp55
 70
     1
102
RTVSPropertyOp56
 70
     1
102
RTVSPropertyOp57
 70
     1
102
RTVSPropertyOp58
 70
     1
102
RTVSPropertyOp59
 70
     1
102
RTVSPropertyOp60
 70
     1
102
RTVSPropertyOp61
 70
     1
102
RTVSPropertyOp62
 70
     1
  0
XRECORD
  5
2A9
102
{ACAD_REACTORS
330
2A8
102
}
330
2A8
100
AcDbXrecord
280
     1
102
RTVSPost2010Prop28
280
     0
102
RTVSPost2010PropOp28
 70
     1
102
RTVSPost2010Prop29
280
     1
102
RTVSPost2010PropOp29
 70
     1
102
RTVSPost2010Prop30
280
     1
102
RTVSPost2010PropOp30
 70
     1
102
RTVSPost2010Prop31
280
     0
102
RTVSPost2010PropOp31
 70
     1
102
RTVSPost2010Prop32
280
     0
102
RTVSPost2010PropOp32
 70
     1
102
RTVSPost2010Prop33
280
     0
102
RTVSPost2010PropOp33
 70
     1
102
RTVSPost2010Prop34
280
     0
102
RTVSPost2010PropOp34
 70
     1
102
RTVSPost2010Prop35
280
     0
102
RTVSPost2010PropOp35
 70
     1
102
RTVSPost2010Prop36
280
     0
102
RTVSPost2010PropOp36
 70
     1
102
RTVSPost2010Prop37
 90
       50
102
RTVSPost2010PropOp37
 70
     1
102
RTVSPost2010Prop38
140
0.0
102
RTVSPost2010PropOp38
 70
     1
102
RTVSPost2010Prop39
140
1.0
102
RTVSPost2010PropOp39
 70
     1
102
RTVSPost2010Prop40
 90
        0
102
RTVSPost2010PropOp40
 70
     1
102
RTVSPost2010Prop41ColorIndex
 90
       18
102
RTVSPost2010Prop41ColorRGB
 90
        0
102
RTVSPost2010PropOp41
 70
     1
102
RTVSPost2010Prop42
 90
       50
102
RTVSPost2010PropOp42
 70
     1
102
RTVSPost2010Prop43
 90
        3
102
RTVSPost2010PropOp43
 70
     1
102
RTVSPost2010Prop44ColorIndex
 90
        5
102
RTVSPost2010Prop44ColorRGB
 90
      255
102
RTVSPost2010PropOp44
 70
     1
102
RTVSPost2010Prop45
280
     0
102
RTVSPost2010PropOp45
 70
     1
102
RTVSPost2010Prop46
 90
       50
102
RTVSPost2010PropOp46
 70
     1
102
RTVSPost2010Prop47
 90
       50
102
RTVSPost2010PropOp47
 70
     1
102
RTVSPost2010Prop48
 90
       50
102
RTVSPost2010PropOp48
 70
     1
102
RTVSPost2010Prop49
280
     0
102
RTVSPost2010PropOp49
 70
     1
102
RTVSPost2010Prop50
 90
       50
102
RTVSPost2010PropOp50
 70
     1
102
RTVSPost2010Prop51ColorIndex
 90
      256
102
RTVSPost2010Prop51ColorRGB
 90
-16777216
102
RTVSPost2010PropOp51
 70
     0
102
RTVSPost2010Prop52
140
1.0
102
RTVSPost2010PropOp52
 70
     0
102
RTVSPost2010Prop53
 90
        2
102
RTVSPost2010PropOp53
 70
     1
102
RTVSPost2010Prop54
  1
strokes_ogs.tif
102
RTVSPost2010PropOp54
 70
     1
102
RTVSPost2010Prop55
280
     0
102
RTVSPost2010PropOp55
 70
     1
102
RTVSPost2010Prop56
140
1.0
102
RTVSPost2010PropOp56
 70
     1
102
RTVSPost2010Prop57
140
1.0
102
RTVSPost2010PropOp57
 70
     1
102
RTVSPropertyOp0
 70
     0
102
RTVSPropertyOp1
 70
     0
102
RTVSPropertyOp2
 70
     0
102
RTVSPropertyOp3
 70
     0
102
RTVSPropertyOp4
 70
     0
102
RTVSPropertyOp5
 70
     0
102
RTVSPropertyOp6
 70
     0
102
RTVSPropertyOp7
 70
     0
102
RTVSPropertyOp8
 70
     0
102
RTVSPropertyOp9
 70
     0
102
RTVSPropertyOp10
 70
     0
102
RTVSPropertyOp11
 70
     0
102
RTVSPropertyOp12
 70
     0
102
RTVSPropertyOp13
 70
     0
102
RTVSPropertyOp14
 70
     2
102
RTVSPropertyOp15
 70
     0
102
RTVSPropertyOp16
 70
     0
102
RTVSPropertyOp17
 70
     0
102
RTVSPropertyOp18
 70
     0
102
RTVSPropertyOp19
 70
     0
102
RTVSPropertyOp20
 70
     0
102
RTVSPropertyOp21
 70
     0
102
RTVSPropertyOp22
 70
     0
102
RTVSPropertyOp23
 70
     0
102
RTVSPropertyOp24
 70
     0
102
RTVSPropertyOp25
 70
     0
102
RTVSPropertyOp26
 70
     0
102
RTVSPropertyOp27
 70
     0
102
RTVSPropertyOp28
 70
     1
102
RTVSPropertyOp29
 70
     1
102
RTVSPropertyOp30
 70
     1
102
RTVSPropertyOp31
 70
     1
102
RTVSPropertyOp32
 70
     1
102
RTVSPropertyOp33
 70
     1
102
RTVSPropertyOp34
 70
     1
102
RTVSPropertyOp35
 70
     1
102
RTVSPropertyOp36
 70
     1
102
RTVSPropertyOp37
 70
     1
102
RTVSPropertyOp38
 70
     1
102
RTVSPropertyOp39
 70
     1
102
RTVSPropertyOp40
 70
     1
102
RTVSPropertyOp41
 70
     1
102
RTVSPropertyOp42
 70
     1
102
RTVSPropertyOp43
 70
     1
102
RTVSPropertyOp44
 70
     1
102
RTVSPropertyOp45
 70
     1
102
RTVSPropertyOp46
 70
     1
102
RTVSPropertyOp47
 70
     1
102
RTVSPropertyOp48
 70
     1
102
RTVSPropertyOp49
 70
     1
102
RTVSPropertyOp50
 70
     1
102
RTVSPropertyOp51
 70
     0
102
RTVSPropertyOp52
 70
     0
102
RTVSPropertyOp53
 70
     1
102
RTVSPropertyOp54
 70
     1
102
RTVSPropertyOp55
 70
     1
102
RTVSPropertyOp56
 70
     1
102
RTVSPropertyOp57
 70
     1
102
RTVSPropertyOp58
 70
     1
102
RTVSPropertyOp59
 70
     1
102
RTVSPropertyOp60
 70
     1
102
RTVSPropertyOp61
 70
     1
102
RTVSPropertyOp62
 70
     1
  0
XRECORD
  5
299
102
{ACAD_REACTORS
330
298
102
}
330
298
100
AcDbXrecord
280
     1
102
RTVSPost2010Prop28
280
     0
102
RTVSPost2010PropOp28
 70
     1
102
RTVSPost2010Prop29
280
     1
102
RTVSPost2010PropOp29
 70
     1
102
RTVSPost2010Prop30
280
     1
102
RTVSPost2010PropOp30
 70
     1
102
RTVSPost2010Prop31
280
     0
102
RTVSPost2010PropOp31
 70
     1
102
RTVSPost2010Prop32
280
     0
102
RTVSPost2010PropOp32
 70
     1
102
RTVSPost2010Prop33
280
     0
102
RTVSPost2010PropOp33
 70
     1
102
RTVSPost2010Prop34
280
     0
102
RTVSPost2010PropOp34
 70
     1
102
RTVSPost2010Prop35
280
     0
102
RTVSPost2010PropOp35
 70
     1
102
RTVSPost2010Prop36
280
     0
102
RTVSPost2010PropOp36
 70
     1
102
RTVSPost2010Prop37
 90
       50
102
RTVSPost2010PropOp37
 70
     1
102
RTVSPost2010Prop38
140
0.0
102
RTVSPost2010PropOp38
 70
     1
102
RTVSPost2010Prop39
140
1.0
102
RTVSPost2010PropOp39
 70
     1
102
RTVSPost2010Prop40
 90
        0
102
RTVSPost2010PropOp40
 70
     1
102
RTVSPost2010Prop41ColorIndex
 90
       18
102
RTVSPost2010Prop41ColorRGB
 90
        0
102
RTVSPost2010PropOp41
 70
     1
102
RTVSPost2010Prop42
 90
       50
102
RTVSPost2010PropOp42
 70
     1
102
RTVSPost2010Prop43
 90
        3
102
RTVSPost2010PropOp43
 70
     1
102
RTVSPost2010Prop44ColorIndex
 90
        5
102
RTVSPost2010Prop44ColorRGB
 90
      255
102
RTVSPost2010PropOp44
 70
     1
102
RTVSPost2010Prop45
280
     0
102
RTVSPost2010PropOp45
 70
     1
102
RTVSPost2010Prop46
 90
       50
102
RTVSPost2010PropOp46
 70
     1
102
RTVSPost2010Prop47
 90
       50
102
RTVSPost2010PropOp47
 70
     1
102
RTVSPost2010Prop48
 90
       50
102
RTVSPost2010PropOp48
 70
     1
102
RTVSPost2010Prop49
280
     0
102
RTVSPost2010PropOp49
 70
     1
102
RTVSPost2010Prop50
 90
       50
102
RTVSPost2010PropOp50
 70
     1
102
RTVSPost2010Prop51ColorIndex
 90
      256
102
RTVSPost2010Prop51ColorRGB
 90
-16777216
102
RTVSPost2010PropOp51
 70
     0
102
RTVSPost2010Prop52
140
1.0
102
RTVSPost2010PropOp52
 70
     0
102
RTVSPost2010Prop53
 90
        2
102
RTVSPost2010PropOp53
 70
     1
102
RTVSPost2010Prop54
  1
strokes_ogs.tif
102
RTVSPost2010PropOp54
 70
     1
102
RTVSPost2010Prop55
280
     0
102
RTVSPost2010PropOp55
 70
     1
102
RTVSPost2010Prop56
140
1.0
102
RTVSPost2010PropOp56
 70
     1
102
RTVSPost2010Prop57
140
1.0
102
RTVSPost2010PropOp57
 70
     1
102
RTVSPropertyOp0
 70
     1
102
RTVSPropertyOp1
 70
     1
102
RTVSPropertyOp2
 70
     1
102
RTVSPropertyOp3
 70
     1
102
RTVSPropertyOp4
 70
     1
102
RTVSPropertyOp5
 70
     1
102
RTVSPropertyOp6
 70
     1
102
RTVSPropertyOp7
 70
     1
102
RTVSPropertyOp8
 70
     1
102
RTVSPropertyOp9
 70
     1
102
RTVSPropertyOp10
 70
     1
102
RTVSPropertyOp11
 70
     1
102
RTVSPropertyOp12
 70
     1
102
RTVSPropertyOp13
 70
     1
102
RTVSPropertyOp14
 70
     1
102
RTVSPropertyOp15
 70
     1
102
RTVSPropertyOp16
 70
     1
102
RTVSPropertyOp17
 70
     1
102
RTVSPropertyOp18
 70
     1
102
RTVSPropertyOp19
 70
     1
102
RTVSPropertyOp20
 70
     1
102
RTVSPropertyOp21
 70
     1
102
RTVSPropertyOp22
 70
     1
102
RTVSPropertyOp23
 70
     1
102
RTVSPropertyOp24
 70
     1
102
RTVSPropertyOp25
 70
     1
102
RTVSPropertyOp26
 70
     1
102
RTVSPropertyOp27
 70
     1
102
RTVSPropertyOp28
 70
     1
102
RTVSPropertyOp29
 70
     1
102
RTVSPropertyOp30
 70
     1
102
RTVSPropertyOp31
 70
     1
102
RTVSPropertyOp32
 70
     1
102
RTVSPropertyOp33
 70
     1
102
RTVSPropertyOp34
 70
     1
102
RTVSPropertyOp35
 70
     1
102
RTVSPropertyOp36
 70
     1
102
RTVSPropertyOp37
 70
     1
102
RTVSPropertyOp38
 70
     1
102
RTVSPropertyOp39
 70
     1
102
RTVSPropertyOp40
 70
     1
102
RTVSPropertyOp41
 70
     1
102
RTVSPropertyOp42
 70
     1
102
RTVSPropertyOp43
 70
     1
102
RTVSPropertyOp44
 70
     1
102
RTVSPropertyOp45
 70
     1
102
RTVSPropertyOp46
 70
     1
102
RTVSPropertyOp47
 70
     1
102
RTVSPropertyOp48
 70
     1
102
RTVSPropertyOp49
 70
     1
102
RTVSPropertyOp50
 70
     1
102
RTVSPropertyOp51
 70
     0
102
RTVSPropertyOp52
 70
     0
102
RTVSPropertyOp53
 70
     1
102
RTVSPropertyOp54
 70
     1
102
RTVSPropertyOp55
 70
     1
102
RTVSPropertyOp56
 70
     1
102
RTVSPropertyOp57
 70
     1
102
RTVSPropertyOp58
 70
     1
102
RTVSPropertyOp59
 70
     1
102
RTVSPropertyOp60
 70
     1
102
RTVSPropertyOp61
 70
     1
102
RTVSPropertyOp62
 70
     1
  0
XRECORD
  5
2B5
102
{ACAD_REACTORS
330
2B4
102
}
330
2B4
100
AcDbXrecord
280
     1
102
RTVSPost2010Prop28
280
     0
102
RTVSPost2010PropOp28
 70
     1
102
RTVSPost2010Prop29
280
     1
102
RTVSPost2010PropOp29
 70
     1
102
RTVSPost2010Prop30
280
     1
102
RTVSPost2010PropOp30
 70
     1
102
RTVSPost2010Prop31
280
     0
102
RTVSPost2010PropOp31
 70
     1
102
RTVSPost2010Prop32
280
     0
102
RTVSPost2010PropOp32
 70
     1
102
RTVSPost2010Prop33
280
     0
102
RTVSPost2010PropOp33
 70
     1
102
RTVSPost2010Prop34
280
     0
102
RTVSPost2010PropOp34
 70
     1
102
RTVSPost2010Prop35
280
     0
102
RTVSPost2010PropOp35
 70
     1
102
RTVSPost2010Prop36
280
     0
102
RTVSPost2010PropOp36
 70
     1
102
RTVSPost2010Prop37
 90
       50
102
RTVSPost2010PropOp37
 70
     1
102
RTVSPost2010Prop38
140
0.0
102
RTVSPost2010PropOp38
 70
     1
102
RTVSPost2010Prop39
140
1.0
102
RTVSPost2010PropOp39
 70
     1
102
RTVSPost2010Prop40
 90
        0
102
RTVSPost2010PropOp40
 70
     1
102
RTVSPost2010Prop41ColorIndex
 90
       18
102
RTVSPost2010Prop41ColorRGB
 90
        0
102
RTVSPost2010PropOp41
 70
     1
102
RTVSPost2010Prop42
 90
       50
102
RTVSPost2010PropOp42
 70
     1
102
RTVSPost2010Prop43
 90
        3
102
RTVSPost2010PropOp43
 70
     1
102
RTVSPost2010Prop44ColorIndex
 90
        5
102
RTVSPost2010Prop44ColorRGB
 90
      255
102
RTVSPost2010PropOp44
 70
     1
102
RTVSPost2010Prop45
280
     0
102
RTVSPost2010PropOp45
 70
     1
102
RTVSPost2010Prop46
 90
       50
102
RTVSPost2010PropOp46
 70
     1
102
RTVSPost2010Prop47
 90
       50
102
RTVSPost2010PropOp47
 70
     1
102
RTVSPost2010Prop48
 90
       50
102
RTVSPost2010PropOp48
 70
     1
102
RTVSPost2010Prop49
280
     0
102
RTVSPost2010PropOp49
 70
     1
102
RTVSPost2010Prop50
 90
       50
102
RTVSPost2010PropOp50
 70
     1
102
RTVSPost2010Prop51ColorIndex
 90
      256
102
RTVSPost2010Prop51ColorRGB
 90
-16777216
102
RTVSPost2010PropOp51
 70
     0
102
RTVSPost2010Prop52
140
1.0
102
RTVSPost2010PropOp52
 70
     0
102
RTVSPost2010Prop53
 90
        2
102
RTVSPost2010PropOp53
 70
     1
102
RTVSPost2010Prop54
  1
strokes_ogs.tif
102
RTVSPost2010PropOp54
 70
     1
102
RTVSPost2010Prop55
280
     0
102
RTVSPost2010PropOp55
 70
     1
102
RTVSPost2010Prop56
140
1.0
102
RTVSPost2010PropOp56
 70
     1
102
RTVSPost2010Prop57
140
1.0
102
RTVSPost2010PropOp57
 70
     1
102
RTVSPropertyOp0
 70
     1
102
RTVSPropertyOp1
 70
     1
102
RTVSPropertyOp2
 70
     1
102
RTVSPropertyOp3
 70
     1
102
RTVSPropertyOp4
 70
     1
102
RTVSPropertyOp5
 70
     1
102
RTVSPropertyOp6
 70
     1
102
RTVSPropertyOp7
 70
     1
102
RTVSPropertyOp8
 70
     1
102
RTVSPropertyOp9
 70
     1
102
RTVSPropertyOp10
 70
     1
102
RTVSPropertyOp11
 70
     1
102
RTVSPropertyOp12
 70
     1
102
RTVSPropertyOp13
 70
     1
102
RTVSPropertyOp14
 70
     1
102
RTVSPropertyOp15
 70
     1
102
RTVSPropertyOp16
 70
     1
102
RTVSPropertyOp17
 70
     1
102
RTVSPropertyOp18
 70
     1
102
RTVSPropertyOp19
 70
     1
102
RTVSPropertyOp20
 70
     1
102
RTVSPropertyOp21
 70
     1
102
RTVSPropertyOp22
 70
     1
102
RTVSPropertyOp23
 70
     1
102
RTVSPropertyOp24
 70
     1
102
RTVSPropertyOp25
 70
     1
102
RTVSPropertyOp26
 70
     1
102
RTVSPropertyOp27
 70
     1
102
RTVSPropertyOp28
 70
     1
102
RTVSPropertyOp29
 70
     1
102
RTVSPropertyOp30
 70
     1
102
RTVSPropertyOp31
 70
     1
102
RTVSPropertyOp32
 70
     1
102
RTVSPropertyOp33
 70
     1
102
RTVSPropertyOp34
 70
     1
102
RTVSPropertyOp35
 70
     1
102
RTVSPropertyOp36
 70
     1
102
RTVSPropertyOp37
 70
     1
102
RTVSPropertyOp38
 70
     1
102
RTVSPropertyOp39
 70
     1
102
RTVSPropertyOp40
 70
     1
102
RTVSPropertyOp41
 70
     1
102
RTVSPropertyOp42
 70
     1
102
RTVSPropertyOp43
 70
     1
102
RTVSPropertyOp44
 70
     1
102
RTVSPropertyOp45
 70
     1
102
RTVSPropertyOp46
 70
     1
102
RTVSPropertyOp47
 70
     1
102
RTVSPropertyOp48
 70
     1
102
RTVSPropertyOp49
 70
     1
102
RTVSPropertyOp50
 70
     1
102
RTVSPropertyOp51
 70
     0
102
RTVSPropertyOp52
 70
     0
102
RTVSPropertyOp53
 70
     1
102
RTVSPropertyOp54
 70
     1
102
RTVSPropertyOp55
 70
     1
102
RTVSPropertyOp56
 70
     1
102
RTVSPropertyOp57
 70
     1
102
RTVSPropertyOp58
 70
     1
102
RTVSPropertyOp59
 70
     1
102
RTVSPropertyOp60
 70
     1
102
RTVSPropertyOp61
 70
     1
102
RTVSPropertyOp62
 70
     1
  0
XRECORD
  5
2B3
102
{ACAD_REACTORS
330
2B2
102
}
330
2B2
100
AcDbXrecord
280
     1
102
RTVSPost2010Prop28
280
     0
102
RTVSPost2010PropOp28
 70
     1
102
RTVSPost2010Prop29
280
     1
102
RTVSPost2010PropOp29
 70
     1
102
RTVSPost2010Prop30
280
     1
102
RTVSPost2010PropOp30
 70
     1
102
RTVSPost2010Prop31
280
     0
102
RTVSPost2010PropOp31
 70
     1
102
RTVSPost2010Prop32
280
     0
102
RTVSPost2010PropOp32
 70
     1
102
RTVSPost2010Prop33
280
     0
102
RTVSPost2010PropOp33
 70
     1
102
RTVSPost2010Prop34
280
     0
102
RTVSPost2010PropOp34
 70
     1
102
RTVSPost2010Prop35
280
     0
102
RTVSPost2010PropOp35
 70
     1
102
RTVSPost2010Prop36
280
     0
102
RTVSPost2010PropOp36
 70
     1
102
RTVSPost2010Prop37
 90
       50
102
RTVSPost2010PropOp37
 70
     1
102
RTVSPost2010Prop38
140
0.0
102
RTVSPost2010PropOp38
 70
     1
102
RTVSPost2010Prop39
140
1.0
102
RTVSPost2010PropOp39
 70
     1
102
RTVSPost2010Prop40
 90
        0
102
RTVSPost2010PropOp40
 70
     1
102
RTVSPost2010Prop41ColorIndex
 90
       18
102
RTVSPost2010Prop41ColorRGB
 90
        0
102
RTVSPost2010PropOp41
 70
     1
102
RTVSPost2010Prop42
 90
       50
102
RTVSPost2010PropOp42
 70
     1
102
RTVSPost2010Prop43
 90
        3
102
RTVSPost2010PropOp43
 70
     1
102
RTVSPost2010Prop44ColorIndex
 90
        5
102
RTVSPost2010Prop44ColorRGB
 90
      255
102
RTVSPost2010PropOp44
 70
     1
102
RTVSPost2010Prop45
280
     0
102
RTVSPost2010PropOp45
 70
     1
102
RTVSPost2010Prop46
 90
       50
102
RTVSPost2010PropOp46
 70
     1
102
RTVSPost2010Prop47
 90
       50
102
RTVSPost2010PropOp47
 70
     1
102
RTVSPost2010Prop48
 90
       50
102
RTVSPost2010PropOp48
 70
     1
102
RTVSPost2010Prop49
280
     0
102
RTVSPost2010PropOp49
 70
     1
102
RTVSPost2010Prop50
 90
       50
102
RTVSPost2010PropOp50
 70
     1
102
RTVSPost2010Prop51ColorIndex
 90
      256
102
RTVSPost2010Prop51ColorRGB
 90
-16777216
102
RTVSPost2010PropOp51
 70
     0
102
RTVSPost2010Prop52
140
1.0
102
RTVSPost2010PropOp52
 70
     0
102
RTVSPost2010Prop53
 90
        2
102
RTVSPost2010PropOp53
 70
     1
102
RTVSPost2010Prop54
  1
strokes_ogs.tif
102
RTVSPost2010PropOp54
 70
     1
102
RTVSPost2010Prop55
280
     0
102
RTVSPost2010PropOp55
 70
     1
102
RTVSPost2010Prop56
140
1.0
102
RTVSPost2010PropOp56
 70
     1
102
RTVSPost2010Prop57
140
1.0
102
RTVSPost2010PropOp57
 70
     1
102
RTVSPropertyOp0
 70
     1
102
RTVSPropertyOp1
 70
     1
102
RTVSPropertyOp2
 70
     1
102
RTVSPropertyOp3
 70
     1
102
RTVSPropertyOp4
 70
     1
102
RTVSPropertyOp5
 70
     1
102
RTVSPropertyOp6
 70
     1
102
RTVSPropertyOp7
 70
     1
102
RTVSPropertyOp8
 70
     1
102
RTVSPropertyOp9
 70
     1
102
RTVSPropertyOp10
 70
     1
102
RTVSPropertyOp11
 70
     1
102
RTVSPropertyOp12
 70
     1
102
RTVSPropertyOp13
 70
     1
102
RTVSPropertyOp14
 70
     1
102
RTVSPropertyOp15
 70
     1
102
RTVSPropertyOp16
 70
     1
102
RTVSPropertyOp17
 70
     1
102
RTVSPropertyOp18
 70
     1
102
RTVSPropertyOp19
 70
     1
102
RTVSPropertyOp20
 70
     1
102
RTVSPropertyOp21
 70
     1
102
RTVSPropertyOp22
 70
     1
102
RTVSPropertyOp23
 70
     1
102
RTVSPropertyOp24
 70
     1
102
RTVSPropertyOp25
 70
     1
102
RTVSPropertyOp26
 70
     1
102
RTVSPropertyOp27
 70
     1
102
RTVSPropertyOp28
 70
     1
102
RTVSPropertyOp29
 70
     1
102
RTVSPropertyOp30
 70
     1
102
RTVSPropertyOp31
 70
     1
102
RTVSPropertyOp32
 70
     1
102
RTVSPropertyOp33
 70
     1
102
RTVSPropertyOp34
 70
     1
102
RTVSPropertyOp35
 70
     1
102
RTVSPropertyOp36
 70
     1
102
RTVSPropertyOp37
 70
     1
102
RTVSPropertyOp38
 70
     1
102
RTVSPropertyOp39
 70
     1
102
RTVSPropertyOp40
 70
     1
102
RTVSPropertyOp41
 70
     1
102
RTVSPropertyOp42
 70
     1
102
RTVSPropertyOp43
 70
     1
102
RTVSPropertyOp44
 70
     1
102
RTVSPropertyOp45
 70
     1
102
RTVSPropertyOp46
 70
     1
102
RTVSPropertyOp47
 70
     1
102
RTVSPropertyOp48
 70
     1
102
RTVSPropertyOp49
 70
     1
102
RTVSPropertyOp50
 70
     1
102
RTVSPropertyOp51
 70
     0
102
RTVSPropertyOp52
 70
     0
102
RTVSPropertyOp53
 70
     1
102
RTVSPropertyOp54
 70
     1
102
RTVSPropertyOp55
 70
     1
102
RTVSPropertyOp56
 70
     1
102
RTVSPropertyOp57
 70
     1
102
RTVSPropertyOp58
 70
     1
102
RTVSPropertyOp59
 70
     1
102
RTVSPropertyOp60
 70
     1
102
RTVSPropertyOp61
 70
     1
102
RTVSPropertyOp62
 70
     1
  0
XRECORD
  5
2AD
102
{ACAD_REACTORS
330
2AC
102
}
330
2AC
100
AcDbXrecord
280
     1
102
RTVSPost2010Prop28
280
     0
102
RTVSPost2010PropOp28
 70
     1
102
RTVSPost2010Prop29
280
     1
102
RTVSPost2010PropOp29
 70
     1
102
RTVSPost2010Prop30
280
     1
102
RTVSPost2010PropOp30
 70
     1
102
RTVSPost2010Prop31
280
     0
102
RTVSPost2010PropOp31
 70
     1
102
RTVSPost2010Prop32
280
     0
102
RTVSPost2010PropOp32
 70
     1
102
RTVSPost2010Prop33
280
     0
102
RTVSPost2010PropOp33
 70
     1
102
RTVSPost2010Prop34
280
     0
102
RTVSPost2010PropOp34
 70
     1
102
RTVSPost2010Prop35
280
     0
102
RTVSPost2010PropOp35
 70
     1
102
RTVSPost2010Prop36
280
     0
102
RTVSPost2010PropOp36
 70
     1
102
RTVSPost2010Prop37
 90
       50
102
RTVSPost2010PropOp37
 70
     1
102
RTVSPost2010Prop38
140
0.0
102
RTVSPost2010PropOp38
 70
     1
102
RTVSPost2010Prop39
140
1.0
102
RTVSPost2010PropOp39
 70
     1
102
RTVSPost2010Prop40
 90
        0
102
RTVSPost2010PropOp40
 70
     1
102
RTVSPost2010Prop41ColorIndex
 90
       18
102
RTVSPost2010Prop41ColorRGB
 90
        0
102
RTVSPost2010PropOp41
 70
     1
102
RTVSPost2010Prop42
 90
       50
102
RTVSPost2010PropOp42
 70
     1
102
RTVSPost2010Prop43
 90
        3
102
RTVSPost2010PropOp43
 70
     1
102
RTVSPost2010Prop44ColorIndex
 90
        5
102
RTVSPost2010Prop44ColorRGB
 90
      255
102
RTVSPost2010PropOp44
 70
     1
102
RTVSPost2010Prop45
280
     0
102
RTVSPost2010PropOp45
 70
     1
102
RTVSPost2010Prop46
 90
       50
102
RTVSPost2010PropOp46
 70
     1
102
RTVSPost2010Prop47
 90
       50
102
RTVSPost2010PropOp47
 70
     1
102
RTVSPost2010Prop48
 90
       50
102
RTVSPost2010PropOp48
 70
     1
102
RTVSPost2010Prop49
280
     0
102
RTVSPost2010PropOp49
 70
     1
102
RTVSPost2010Prop50
 90
       50
102
RTVSPost2010PropOp50
 70
     1
102
RTVSPost2010Prop51ColorIndex
 90
      256
102
RTVSPost2010Prop51ColorRGB
 90
-16777216
102
RTVSPost2010PropOp51
 70
     0
102
RTVSPost2010Prop52
140
1.0
102
RTVSPost2010PropOp52
 70
     0
102
RTVSPost2010Prop53
 90
        2
102
RTVSPost2010PropOp53
 70
     1
102
RTVSPost2010Prop54
  1
strokes_ogs.tif
102
RTVSPost2010PropOp54
 70
     1
102
RTVSPost2010Prop55
280
     0
102
RTVSPost2010PropOp55
 70
     1
102
RTVSPost2010Prop56
140
1.0
102
RTVSPost2010PropOp56
 70
     1
102
RTVSPost2010Prop57
140
1.0
102
RTVSPost2010PropOp57
 70
     1
102
RTVSPropertyOp0
 70
     1
102
RTVSPropertyOp1
 70
     1
102
RTVSPropertyOp2
 70
     1
102
RTVSPropertyOp3
 70
     1
102
RTVSPropertyOp4
 70
     1
102
RTVSPropertyOp5
 70
     1
102
RTVSPropertyOp6
 70
     1
102
RTVSPropertyOp7
 70
     1
102
RTVSPropertyOp8
 70
     1
102
RTVSPropertyOp9
 70
     1
102
RTVSPropertyOp10
 70
     1
102
RTVSPropertyOp11
 70
     1
102
RTVSPropertyOp12
 70
     1
102
RTVSPropertyOp13
 70
     1
102
RTVSPropertyOp14
 70
     1
102
RTVSPropertyOp15
 70
     1
102
RTVSPropertyOp16
 70
     1
102
RTVSPropertyOp17
 70
     1
102
RTVSPropertyOp18
 70
     1
102
RTVSPropertyOp19
 70
     1
102
RTVSPropertyOp20
 70
     1
102
RTVSPropertyOp21
 70
     1
102
RTVSPropertyOp22
 70
     1
102
RTVSPropertyOp23
 70
     1
102
RTVSPropertyOp24
 70
     1
102
RTVSPropertyOp25
 70
     1
102
RTVSPropertyOp26
 70
     1
102
RTVSPropertyOp27
 70
     1
102
RTVSPropertyOp28
 70
     1
102
RTVSPropertyOp29
 70
     1
102
RTVSPropertyOp30
 70
     1
102
RTVSPropertyOp31
 70
     1
102
RTVSPropertyOp32
 70
     1
102
RTVSPropertyOp33
 70
     1
102
RTVSPropertyOp34
 70
     1
102
RTVSPropertyOp35
 70
     1
102
RTVSPropertyOp36
 70
     1
102
RTVSPropertyOp37
 70
     1
102
RTVSPropertyOp38
 70
     1
102
RTVSPropertyOp39
 70
     1
102
RTVSPropertyOp40
 70
     1
102
RTVSPropertyOp41
 70
     1
102
RTVSPropertyOp42
 70
     1
102
RTVSPropertyOp43
 70
     1
102
RTVSPropertyOp44
 70
     1
102
RTVSPropertyOp45
 70
     1
102
RTVSPropertyOp46
 70
     1
102
RTVSPropertyOp47
 70
     1
102
RTVSPropertyOp48
 70
     1
102
RTVSPropertyOp49
 70
     1
102
RTVSPropertyOp50
 70
     1
102
RTVSPropertyOp51
 70
     0
102
RTVSPropertyOp52
 70
     0
102
RTVSPropertyOp53
 70
     1
102
RTVSPropertyOp54
 70
     1
102
RTVSPropertyOp55
 70
     1
102
RTVSPropertyOp56
 70
     1
102
RTVSPropertyOp57
 70
     1
102
RTVSPropertyOp58
 70
     1
102
RTVSPropertyOp59
 70
     1
102
RTVSPropertyOp60
 70
     1
102
RTVSPropertyOp61
 70
     1
102
RTVSPropertyOp62
 70
     1
  0
XRECORD
  5
2AF
102
{ACAD_REACTORS
330
2AE
102
}
330
2AE
100
AcDbXrecord
280
     1
102
RTVSPost2010Prop28
280
     0
102
RTVSPost2010PropOp28
 70
     1
102
RTVSPost2010Prop29
280
     1
102
RTVSPost2010PropOp29
 70
     1
102
RTVSPost2010Prop30
280
     1
102
RTVSPost2010PropOp30
 70
     1
102
RTVSPost2010Prop31
280
     0
102
RTVSPost2010PropOp31
 70
     1
102
RTVSPost2010Prop32
280
     0
102
RTVSPost2010PropOp32
 70
     1
102
RTVSPost2010Prop33
280
     0
102
RTVSPost2010PropOp33
 70
     1
102
RTVSPost2010Prop34
280
     0
102
RTVSPost2010PropOp34
 70
     1
102
RTVSPost2010Prop35
280
     0
102
RTVSPost2010PropOp35
 70
     1
102
RTVSPost2010Prop36
280
     0
102
RTVSPost2010PropOp36
 70
     1
102
RTVSPost2010Prop37
 90
       50
102
RTVSPost2010PropOp37
 70
     1
102
RTVSPost2010Prop38
140
0.0
102
RTVSPost2010PropOp38
 70
     1
102
RTVSPost2010Prop39
140
1.0
102
RTVSPost2010PropOp39
 70
     1
102
RTVSPost2010Prop40
 90
        0
102
RTVSPost2010PropOp40
 70
     1
102
RTVSPost2010Prop41ColorIndex
 90
       18
102
RTVSPost2010Prop41ColorRGB
 90
        0
102
RTVSPost2010PropOp41
 70
     1
102
RTVSPost2010Prop42
 90
       50
102
RTVSPost2010PropOp42
 70
     1
102
RTVSPost2010Prop43
 90
        3
102
RTVSPost2010PropOp43
 70
     1
102
RTVSPost2010Prop44ColorIndex
 90
        5
102
RTVSPost2010Prop44ColorRGB
 90
      255
102
RTVSPost2010PropOp44
 70
     1
102
RTVSPost2010Prop45
280
     0
102
RTVSPost2010PropOp45
 70
     1
102
RTVSPost2010Prop46
 90
       50
102
RTVSPost2010PropOp46
 70
     1
102
RTVSPost2010Prop47
 90
       50
102
RTVSPost2010PropOp47
 70
     1
102
RTVSPost2010Prop48
 90
       50
102
RTVSPost2010PropOp48
 70
     1
102
RTVSPost2010Prop49
280
     0
102
RTVSPost2010PropOp49
 70
     1
102
RTVSPost2010Prop50
 90
       50
102
RTVSPost2010PropOp50
 70
     1
102
RTVSPost2010Prop51ColorIndex
 90
      256
102
RTVSPost2010Prop51ColorRGB
 90
-16777216
102
RTVSPost2010PropOp51
 70
     0
102
RTVSPost2010Prop52
140
1.0
102
RTVSPost2010PropOp52
 70
     0
102
RTVSPost2010Prop53
 90
        2
102
RTVSPost2010PropOp53
 70
     1
102
RTVSPost2010Prop54
  1
strokes_ogs.tif
102
RTVSPost2010PropOp54
 70
     1
102
RTVSPost2010Prop55
280
     0
102
RTVSPost2010PropOp55
 70
     1
102
RTVSPost2010Prop56
140
1.0
102
RTVSPost2010PropOp56
 70
     1
102
RTVSPost2010Prop57
140
1.0
102
RTVSPost2010PropOp57
 70
     1
102
RTVSPropertyOp0
 70
     1
102
RTVSPropertyOp1
 70
     1
102
RTVSPropertyOp2
 70
     1
102
RTVSPropertyOp3
 70
     1
102
RTVSPropertyOp4
 70
     1
102
RTVSPropertyOp5
 70
     1
102
RTVSPropertyOp6
 70
     1
102
RTVSPropertyOp7
 70
     1
102
RTVSPropertyOp8
 70
     1
102
RTVSPropertyOp9
 70
     1
102
RTVSPropertyOp10
 70
     1
102
RTVSPropertyOp11
 70
     1
102
RTVSPropertyOp12
 70
     1
102
RTVSPropertyOp13
 70
     1
102
RTVSPropertyOp14
 70
     1
102
RTVSPropertyOp15
 70
     1
102
RTVSPropertyOp16
 70
     1
102
RTVSPropertyOp17
 70
     1
102
RTVSPropertyOp18
 70
     1
102
RTVSPropertyOp19
 70
     1
102
RTVSPropertyOp20
 70
     1
102
RTVSPropertyOp21
 70
     1
102
RTVSPropertyOp22
 70
     1
102
RTVSPropertyOp23
 70
     1
102
RTVSPropertyOp24
 70
     1
102
RTVSPropertyOp25
 70
     1
102
RTVSPropertyOp26
 70
     1
102
RTVSPropertyOp27
 70
     1
102
RTVSPropertyOp28
 70
     1
102
RTVSPropertyOp29
 70
     1
102
RTVSPropertyOp30
 70
     1
102
RTVSPropertyOp31
 70
     1
102
RTVSPropertyOp32
 70
     1
102
RTVSPropertyOp33
 70
     1
102
RTVSPropertyOp34
 70
     1
102
RTVSPropertyOp35
 70
     1
102
RTVSPropertyOp36
 70
     1
102
RTVSPropertyOp37
 70
     1
102
RTVSPropertyOp38
 70
     1
102
RTVSPropertyOp39
 70
     1
102
RTVSPropertyOp40
 70
     1
102
RTVSPropertyOp41
 70
     1
102
RTVSPropertyOp42
 70
     1
102
RTVSPropertyOp43
 70
     1
102
RTVSPropertyOp44
 70
     1
102
RTVSPropertyOp45
 70
     1
102
RTVSPropertyOp46
 70
     1
102
RTVSPropertyOp47
 70
     1
102
RTVSPropertyOp48
 70
     1
102
RTVSPropertyOp49
 70
     1
102
RTVSPropertyOp50
 70
     1
102
RTVSPropertyOp51
 70
     0
102
RTVSPropertyOp52
 70
     0
102
RTVSPropertyOp53
 70
     1
102
RTVSPropertyOp54
 70
     1
102
RTVSPropertyOp55
 70
     1
102
RTVSPropertyOp56
 70
     1
102
RTVSPropertyOp57
 70
     1
102
RTVSPropertyOp58
 70
     1
102
RTVSPropertyOp59
 70
     1
102
RTVSPropertyOp60
 70
     1
102
RTVSPropertyOp61
 70
     1
102
RTVSPropertyOp62
 70
     1
  0
XRECORD
  5
29F
102
{ACAD_REACTORS
330
29E
102
}
330
29E
100
AcDbXrecord
280
     1
102
RTVSPost2010Prop28
280
     0
102
RTVSPost2010PropOp28
 70
     1
102
RTVSPost2010Prop29
280
     1
102
RTVSPost2010PropOp29
 70
     1
102
RTVSPost2010Prop30
280
     1
102
RTVSPost2010PropOp30
 70
     1
102
RTVSPost2010Prop31
280
     0
102
RTVSPost2010PropOp31
 70
     1
102
RTVSPost2010Prop32
280
     0
102
RTVSPost2010PropOp32
 70
     1
102
RTVSPost2010Prop33
280
     0
102
RTVSPost2010PropOp33
 70
     1
102
RTVSPost2010Prop34
280
     0
102
RTVSPost2010PropOp34
 70
     1
102
RTVSPost2010Prop35
280
     0
102
RTVSPost2010PropOp35
 70
     1
102
RTVSPost2010Prop36
280
     0
102
RTVSPost2010PropOp36
 70
     1
102
RTVSPost2010Prop37
 90
       50
102
RTVSPost2010PropOp37
 70
     1
102
RTVSPost2010Prop38
140
0.0
102
RTVSPost2010PropOp38
 70
     1
102
RTVSPost2010Prop39
140
1.0
102
RTVSPost2010PropOp39
 70
     1
102
RTVSPost2010Prop40
 90
        0
102
RTVSPost2010PropOp40
 70
     1
102
RTVSPost2010Prop41ColorIndex
 90
       18
102
RTVSPost2010Prop41ColorRGB
 90
        0
102
RTVSPost2010PropOp41
 70
     1
102
RTVSPost2010Prop42
 90
       50
102
RTVSPost2010PropOp42
 70
     1
102
RTVSPost2010Prop43
 90
        3
102
RTVSPost2010PropOp43
 70
     1
102
RTVSPost2010Prop44ColorIndex
 90
        5
102
RTVSPost2010Prop44ColorRGB
 90
      255
102
RTVSPost2010PropOp44
 70
     1
102
RTVSPost2010Prop45
280
     0
102
RTVSPost2010PropOp45
 70
     1
102
RTVSPost2010Prop46
 90
       50
102
RTVSPost2010PropOp46
 70
     1
102
RTVSPost2010Prop47
 90
       50
102
RTVSPost2010PropOp47
 70
     1
102
RTVSPost2010Prop48
 90
       50
102
RTVSPost2010PropOp48
 70
     1
102
RTVSPost2010Prop49
280
     0
102
RTVSPost2010PropOp49
 70
     1
102
RTVSPost2010Prop50
 90
       50
102
RTVSPost2010PropOp50
 70
     1
102
RTVSPost2010Prop51ColorIndex
 90
      256
102
RTVSPost2010Prop51ColorRGB
 90
-16777216
102
RTVSPost2010PropOp51
 70
     0
102
RTVSPost2010Prop52
140
1.0
102
RTVSPost2010PropOp52
 70
     0
102
RTVSPost2010Prop53
 90
        2
102
RTVSPost2010PropOp53
 70
     1
102
RTVSPost2010Prop54
  1
strokes_ogs.tif
102
RTVSPost2010PropOp54
 70
     1
102
RTVSPost2010Prop55
280
     0
102
RTVSPost2010PropOp55
 70
     1
102
RTVSPost2010Prop56
140
1.0
102
RTVSPost2010PropOp56
 70
     1
102
RTVSPost2010Prop57
140
1.0
102
RTVSPost2010PropOp57
 70
     1
102
RTVSPropertyOp0
 70
     1
102
RTVSPropertyOp1
 70
     1
102
RTVSPropertyOp2
 70
     1
102
RTVSPropertyOp3
 70
     1
102
RTVSPropertyOp4
 70
     1
102
RTVSPropertyOp5
 70
     1
102
RTVSPropertyOp6
 70
     1
102
RTVSPropertyOp7
 70
     1
102
RTVSPropertyOp8
 70
     1
102
RTVSPropertyOp9
 70
     1
102
RTVSPropertyOp10
 70
     1
102
RTVSPropertyOp11
 70
     1
102
RTVSPropertyOp12
 70
     1
102
RTVSPropertyOp13
 70
     1
102
RTVSPropertyOp14
 70
     1
102
RTVSPropertyOp15
 70
     1
102
RTVSPropertyOp16
 70
     1
102
RTVSPropertyOp17
 70
     1
102
RTVSPropertyOp18
 70
     1
102
RTVSPropertyOp19
 70
     1
102
RTVSPropertyOp20
 70
     1
102
RTVSPropertyOp21
 70
     1
102
RTVSPropertyOp22
 70
     1
102
RTVSPropertyOp23
 70
     1
102
RTVSPropertyOp24
 70
     1
102
RTVSPropertyOp25
 70
     1
102
RTVSPropertyOp26
 70
     1
102
RTVSPropertyOp27
 70
     1
102
RTVSPropertyOp28
 70
     1
102
RTVSPropertyOp29
 70
     1
102
RTVSPropertyOp30
 70
     1
102
RTVSPropertyOp31
 70
     1
102
RTVSPropertyOp32
 70
     1
102
RTVSPropertyOp33
 70
     1
102
RTVSPropertyOp34
 70
     1
102
RTVSPropertyOp35
 70
     1
102
RTVSPropertyOp36
 70
     1
102
RTVSPropertyOp37
 70
     1
102
RTVSPropertyOp38
 70
     1
102
RTVSPropertyOp39
 70
     1
102
RTVSPropertyOp40
 70
     1
102
RTVSPropertyOp41
 70
     1
102
RTVSPropertyOp42
 70
     1
102
RTVSPropertyOp43
 70
     1
102
RTVSPropertyOp44
 70
     1
102
RTVSPropertyOp45
 70
     1
102
RTVSPropertyOp46
 70
     1
102
RTVSPropertyOp47
 70
     1
102
RTVSPropertyOp48
 70
     1
102
RTVSPropertyOp49
 70
     1
102
RTVSPropertyOp50
 70
     1
102
RTVSPropertyOp51
 70
     0
102
RTVSPropertyOp52
 70
     0
102
RTVSPropertyOp53
 70
     1
102
RTVSPropertyOp54
 70
     1
102
RTVSPropertyOp55
 70
     1
102
RTVSPropertyOp56
 70
     1
102
RTVSPropertyOp57
 70
     1
102
RTVSPropertyOp58
 70
     1
102
RTVSPropertyOp59
 70
     1
102
RTVSPropertyOp60
 70
     1
102
RTVSPropertyOp61
 70
     1
102
RTVSPropertyOp62
 70
     1
  0
XRECORD
  5
293
102
{ACAD_REACTORS
330
292
102
}
330
292
100
AcDbXrecord
280
     1
102
RTVSPost2010Prop28
280
     0
102
RTVSPost2010PropOp28
 70
     1
102
RTVSPost2010Prop29
280
     1
102
RTVSPost2010PropOp29
 70
     1
102
RTVSPost2010Prop30
280
     1
102
RTVSPost2010PropOp30
 70
     1
102
RTVSPost2010Prop31
280
     0
102
RTVSPost2010PropOp31
 70
     1
102
RTVSPost2010Prop32
280
     0
102
RTVSPost2010PropOp32
 70
     1
102
RTVSPost2010Prop33
280
     0
102
RTVSPost2010PropOp33
 70
     1
102
RTVSPost2010Prop34
280
     0
102
RTVSPost2010PropOp34
 70
     1
102
RTVSPost2010Prop35
280
     0
102
RTVSPost2010PropOp35
 70
     1
102
RTVSPost2010Prop36
280
     0
102
RTVSPost2010PropOp36
 70
     1
102
RTVSPost2010Prop37
 90
       50
102
RTVSPost2010PropOp37
 70
     1
102
RTVSPost2010Prop38
140
0.0
102
RTVSPost2010PropOp38
 70
     1
102
RTVSPost2010Prop39
140
1.0
102
RTVSPost2010PropOp39
 70
     1
102
RTVSPost2010Prop40
 90
        0
102
RTVSPost2010PropOp40
 70
     1
102
RTVSPost2010Prop41ColorIndex
 90
       18
102
RTVSPost2010Prop41ColorRGB
 90
        0
102
RTVSPost2010PropOp41
 70
     1
102
RTVSPost2010Prop42
 90
       50
102
RTVSPost2010PropOp42
 70
     1
102
RTVSPost2010Prop43
 90
        3
102
RTVSPost2010PropOp43
 70
     1
102
RTVSPost2010Prop44ColorIndex
 90
        5
102
RTVSPost2010Prop44ColorRGB
 90
      255
102
RTVSPost2010PropOp44
 70
     1
102
RTVSPost2010Prop45
280
     0
102
RTVSPost2010PropOp45
 70
     1
102
RTVSPost2010Prop46
 90
       50
102
RTVSPost2010PropOp46
 70
     1
102
RTVSPost2010Prop47
 90
       50
102
RTVSPost2010PropOp47
 70
     1
102
RTVSPost2010Prop48
 90
       50
102
RTVSPost2010PropOp48
 70
     1
102
RTVSPost2010Prop49
280
     0
102
RTVSPost2010PropOp49
 70
     1
102
RTVSPost2010Prop50
 90
       50
102
RTVSPost2010PropOp50
 70
     1
102
RTVSPost2010Prop51ColorIndex
 90
      256
102
RTVSPost2010Prop51ColorRGB
 90
-16777216
102
RTVSPost2010PropOp51
 70
     0
102
RTVSPost2010Prop52
140
1.0
102
RTVSPost2010PropOp52
 70
     0
102
RTVSPost2010Prop53
 90
        2
102
RTVSPost2010PropOp53
 70
     1
102
RTVSPost2010Prop54
  1
strokes_ogs.tif
102
RTVSPost2010PropOp54
 70
     1
102
RTVSPost2010Prop55
280
     0
102
RTVSPost2010PropOp55
 70
     1
102
RTVSPost2010Prop56
140
1.0
102
RTVSPost2010PropOp56
 70
     1
102
RTVSPost2010Prop57
140
1.0
102
RTVSPost2010PropOp57
 70
     1
102
RTVSPropertyOp0
 70
     1
102
RTVSPropertyOp1
 70
     1
102
RTVSPropertyOp2
 70
     1
102
RTVSPropertyOp3
 70
     1
102
RTVSPropertyOp4
 70
     1
102
RTVSPropertyOp5
 70
     1
102
RTVSPropertyOp6
 70
     1
102
RTVSPropertyOp7
 70
     1
102
RTVSPropertyOp8
 70
     1
102
RTVSPropertyOp9
 70
     1
102
RTVSPropertyOp10
 70
     1
102
RTVSPropertyOp11
 70
     1
102
RTVSPropertyOp12
 70
     1
102
RTVSPropertyOp13
 70
     1
102
RTVSPropertyOp14
 70
     1
102
RTVSPropertyOp15
 70
     1
102
RTVSPropertyOp16
 70
     1
102
RTVSPropertyOp17
 70
     1
102
RTVSPropertyOp18
 70
     1
102
RTVSPropertyOp19
 70
     1
102
RTVSPropertyOp20
 70
     1
102
RTVSPropertyOp21
 70
     1
102
RTVSPropertyOp22
 70
     1
102
RTVSPropertyOp23
 70
     1
102
RTVSPropertyOp24
 70
     1
102
RTVSPropertyOp25
 70
     1
102
RTVSPropertyOp26
 70
     1
102
RTVSPropertyOp27
 70
     1
102
RTVSPropertyOp28
 70
     1
102
RTVSPropertyOp29
 70
     1
102
RTVSPropertyOp30
 70
     1
102
RTVSPropertyOp31
 70
     1
102
RTVSPropertyOp32
 70
     1
102
RTVSPropertyOp33
 70
     1
102
RTVSPropertyOp34
 70
     1
102
RTVSPropertyOp35
 70
     1
102
RTVSPropertyOp36
 70
     1
102
RTVSPropertyOp37
 70
     1
102
RTVSPropertyOp38
 70
     1
102
RTVSPropertyOp39
 70
     1
102
RTVSPropertyOp40
 70
     1
102
RTVSPropertyOp41
 70
     1
102
RTVSPropertyOp42
 70
     1
102
RTVSPropertyOp43
 70
     1
102
RTVSPropertyOp44
 70
     1
102
RTVSPropertyOp45
 70
     1
102
RTVSPropertyOp46
 70
     1
102
RTVSPropertyOp47
 70
     1
102
RTVSPropertyOp48
 70
     1
102
RTVSPropertyOp49
 70
     1
102
RTVSPropertyOp50
 70
     1
102
RTVSPropertyOp51
 70
     0
102
RTVSPropertyOp52
 70
     0
102
RTVSPropertyOp53
 70
     1
102
RTVSPropertyOp54
 70
     1
102
RTVSPropertyOp55
 70
     1
102
RTVSPropertyOp56
 70
     1
102
RTVSPropertyOp57
 70
     1
102
RTVSPropertyOp58
 70
     1
102
RTVSPropertyOp59
 70
     1
102
RTVSPropertyOp60
 70
     1
102
RTVSPropertyOp61
 70
     1
102
RTVSPropertyOp62
 70
     1
  0
XRECORD
  5
2B1
102
{ACAD_REACTORS
330
2B0
102
}
330
2B0
100
AcDbXrecord
280
     1
102
RTVSPost2010Prop28
280
     0
102
RTVSPost2010PropOp28
 70
     1
102
RTVSPost2010Prop29
280
     1
102
RTVSPost2010PropOp29
 70
     1
102
RTVSPost2010Prop30
280
     1
102
RTVSPost2010PropOp30
 70
     1
102
RTVSPost2010Prop31
280
     0
102
RTVSPost2010PropOp31
 70
     1
102
RTVSPost2010Prop32
280
     0
102
RTVSPost2010PropOp32
 70
     1
102
RTVSPost2010Prop33
280
     0
102
RTVSPost2010PropOp33
 70
     1
102
RTVSPost2010Prop34
280
     0
102
RTVSPost2010PropOp34
 70
     1
102
RTVSPost2010Prop35
280
     0
102
RTVSPost2010PropOp35
 70
     1
102
RTVSPost2010Prop36
280
     0
102
RTVSPost2010PropOp36
 70
     1
102
RTVSPost2010Prop37
 90
       50
102
RTVSPost2010PropOp37
 70
     1
102
RTVSPost2010Prop38
140
0.0
102
RTVSPost2010PropOp38
 70
     1
102
RTVSPost2010Prop39
140
1.0
102
RTVSPost2010PropOp39
 70
     1
102
RTVSPost2010Prop40
 90
        0
102
RTVSPost2010PropOp40
 70
     1
102
RTVSPost2010Prop41ColorIndex
 90
       18
102
RTVSPost2010Prop41ColorRGB
 90
        0
102
RTVSPost2010PropOp41
 70
     1
102
RTVSPost2010Prop42
 90
       50
102
RTVSPost2010PropOp42
 70
     1
102
RTVSPost2010Prop43
 90
        3
102
RTVSPost2010PropOp43
 70
     1
102
RTVSPost2010Prop44ColorIndex
 90
        5
102
RTVSPost2010Prop44ColorRGB
 90
      255
102
RTVSPost2010PropOp44
 70
     1
102
RTVSPost2010Prop45
280
     0
102
RTVSPost2010PropOp45
 70
     1
102
RTVSPost2010Prop46
 90
       50
102
RTVSPost2010PropOp46
 70
     1
102
RTVSPost2010Prop47
 90
       50
102
RTVSPost2010PropOp47
 70
     1
102
RTVSPost2010Prop48
 90
       50
102
RTVSPost2010PropOp48
 70
     1
102
RTVSPost2010Prop49
280
     0
102
RTVSPost2010PropOp49
 70
     1
102
RTVSPost2010Prop50
 90
       50
102
RTVSPost2010PropOp50
 70
     1
102
RTVSPost2010Prop51ColorIndex
 90
      256
102
RTVSPost2010Prop51ColorRGB
 90
-16777216
102
RTVSPost2010PropOp51
 70
     0
102
RTVSPost2010Prop52
140
1.0
102
RTVSPost2010PropOp52
 70
     0
102
RTVSPost2010Prop53
 90
        2
102
RTVSPost2010PropOp53
 70
     1
102
RTVSPost2010Prop54
  1
strokes_ogs.tif
102
RTVSPost2010PropOp54
 70
     1
102
RTVSPost2010Prop55
280
     0
102
RTVSPost2010PropOp55
 70
     1
102
RTVSPost2010Prop56
140
1.0
102
RTVSPost2010PropOp56
 70
     1
102
RTVSPost2010Prop57
140
1.0
102
RTVSPost2010PropOp57
 70
     1
102
RTVSPropertyOp0
 70
     1
102
RTVSPropertyOp1
 70
     1
102
RTVSPropertyOp2
 70
     1
102
RTVSPropertyOp3
 70
     1
102
RTVSPropertyOp4
 70
     1
102
RTVSPropertyOp5
 70
     1
102
RTVSPropertyOp6
 70
     1
102
RTVSPropertyOp7
 70
     1
102
RTVSPropertyOp8
 70
     1
102
RTVSPropertyOp9
 70
     1
102
RTVSPropertyOp10
 70
     1
102
RTVSPropertyOp11
 70
     1
102
RTVSPropertyOp12
 70
     1
102
RTVSPropertyOp13
 70
     1
102
RTVSPropertyOp14
 70
     1
102
RTVSPropertyOp15
 70
     1
102
RTVSPropertyOp16
 70
     1
102
RTVSPropertyOp17
 70
     1
102
RTVSPropertyOp18
 70
     1
102
RTVSPropertyOp19
 70
     1
102
RTVSPropertyOp20
 70
     1
102
RTVSPropertyOp21
 70
     1
102
RTVSPropertyOp22
 70
     1
102
RTVSPropertyOp23
 70
     1
102
RTVSPropertyOp24
 70
     1
102
RTVSPropertyOp25
 70
     1
102
RTVSPropertyOp26
 70
     1
102
RTVSPropertyOp27
 70
     1
102
RTVSPropertyOp28
 70
     1
102
RTVSPropertyOp29
 70
     1
102
RTVSPropertyOp30
 70
     1
102
RTVSPropertyOp31
 70
     1
102
RTVSPropertyOp32
 70
     1
102
RTVSPropertyOp33
 70
     1
102
RTVSPropertyOp34
 70
     1
102
RTVSPropertyOp35
 70
     1
102
RTVSPropertyOp36
 70
     1
102
RTVSPropertyOp37
 70
     1
102
RTVSPropertyOp38
 70
     1
102
RTVSPropertyOp39
 70
     1
102
RTVSPropertyOp40
 70
     1
102
RTVSPropertyOp41
 70
     1
102
RTVSPropertyOp42
 70
     1
102
RTVSPropertyOp43
 70
     1
102
RTVSPropertyOp44
 70
     1
102
RTVSPropertyOp45
 70
     1
102
RTVSPropertyOp46
 70
     1
102
RTVSPropertyOp47
 70
     1
102
RTVSPropertyOp48
 70
     1
102
RTVSPropertyOp49
 70
     1
102
RTVSPropertyOp50
 70
     1
102
RTVSPropertyOp51
 70
     0
102
RTVSPropertyOp52
 70
     0
102
RTVSPropertyOp53
 70
     1
102
RTVSPropertyOp54
 70
     1
102
RTVSPropertyOp55
 70
     1
102
RTVSPropertyOp56
 70
     1
102
RTVSPropertyOp57
 70
     1
102
RTVSPropertyOp58
 70
     1
102
RTVSPropertyOp59
 70
     1
102
RTVSPropertyOp60
 70
     1
102
RTVSPropertyOp61
 70
     1
102
RTVSPropertyOp62
 70
     1
  0
ENDSEC
  0
EOF