  0
SECTION
  2
HEADER
  9
$ACADVER
  1
AC1021
  9
$ACADMAINTVER
 70
    50
  9
$DWGCODEPAGE
  3
ANSI_936
  9
$LASTSAVEDBY
  1
win10
  9
$INSBASE
 10
0.0
 20
0.0
 30
0.0
  9
$EXTMIN
 10
-3.083330976318947
 20
-68.55251785135624
 30
0.0
  9
$EXTMAX
 10
243.0101934157901
 20
119.8244141966261
 30
0.0
  9
$LIMMIN
 10
0.0
 20
0.0
  9
$LIMMAX
 10
420.0
 20
297.0
  9
$ORTHOMODE
 70
     0
  9
$REGENMODE
 70
     1
  9
$FILLMODE
 70
     1
  9
$QTEXTMODE
 70
     0
  9
$MIRRTEXT
 70
     0
  9
$LTSCALE
 40
1.0
  9
$ATTMODE
 70
     1
  9
$TEXTSIZE
 40
2.5
  9
$TRACEWID
 40
1.0
  9
$TEXTSTYLE
  7
Standard
  9
$CLAYER
  8
0
  9
$CELTYPE
  6
ByLayer
  9
$CECOLOR
 62
   256
  9
$CELTSCALE
 40
1.0
  9
$DISPSILH
 70
     0
  9
$DIMSCALE
 40
1.0
  9
$DIMASZ
 40
2.5
  9
$DIMEXO
 40
0.625
  9
$DIMDLI
 40
3.75
  9
$DIMRND
 40
0.0
  9
$DIMDLE
 40
0.0
  9
$DIMEXE
 40
1.25
  9
$DIMTP
 40
0.0
  9
$DIMTM
 40
0.0
  9
$DIMTXT
 40
2.5
  9
$DIMCEN
 40
2.5
  9
$DIMTSZ
 40
0.0
  9
$DIMTOL
 70
     0
  9
$DIMLIM
 70
     0
  9
$DIMTIH
 70
     0
  9
$DIMTOH
 70
     0
  9
$DIMSE1
 70
     0
  9
$DIMSE2
 70
     0
  9
$DIMTAD
 70
     1
  9
$DIMZIN
 70
     8
  9
$DIMBLK
  1

  9
$DIMASO
 70
     1
  9
$DIMSHO
 70
     1
  9
$DIMPOST
  1

  9
$DIMAPOST
  1

  9
$DIMALT
 70
     0
  9
$DIMALTD
 70
     3
  9
$DIMALTF
 40
0.03937007874016
  9
$DIMLFAC
 40
1.0
  9
$DIMTOFL
 70
     1
  9
$DIMTVP
 40
0.0
  9
$DIMTIX
 70
     0
  9
$DIMSOXD
 70
     0
  9
$DIMSAH
 70
     0
  9
$DIMBLK1
  1

  9
$DIMBLK2
  1

  9
$DIMSTYLE
  2
ISO-25
  9
$DIMCLRD
 70
     0
  9
$DIMCLRE
 70
     0
  9
$DIMCLRT
 70
     0
  9
$DIMTFAC
 40
1.0
  9
$DIMGAP
 40
0.625
  9
$DIMJUST
 70
     0
  9
$DIMSD1
 70
     0
  9
$DIMSD2
 70
     0
  9
$DIMTOLJ
 70
     0
  9
$DIMTZIN
 70
     8
  9
$DIMALTZ
 70
     0
  9
$DIMALTTZ
 70
     0
  9
$DIMUPT
 70
     0
  9
$DIMDEC
 70
     2
  9
$DIMTDEC
 70
     2
  9
$DIMALTU
 70
     2
  9
$DIMALTTD
 70
     3
  9
$DIMTXSTY
  7
Standard
  9
$DIMAUNIT
 70
     0
  9
$DIMADEC
 70
     0
  9
$DIMALTRND
 40
0.0
  9
$DIMAZIN
 70
     0
  9
$DIMDSEP
 70
    44
  9
$DIMATFIT
 70
     3
  9
$DIMFRAC
 70
     0
  9
$DIMLDRBLK
  1

  9
$DIMLUNIT
 70
     2
  9
$DIMLWD
 70
    -2
  9
$DIMLWE
 70
    -2
  9
$DIMTMOVE
 70
     0
  9
$DIMFXL
 40
1.0
  9
$DIMFXLON
 70
     0
  9
$DIMJOGANG
 40
0.7853981633974483
  9
$DIMTFILL
 70
     0
  9
$DIMTFILLCLR
 70
     0
  9
$DIMARCSYM
 70
     0
  9
$DIMLTYPE
  6

  9
$DIMLTEX1
  6

  9
$DIMLTEX2
  6

  9
$LUNITS
 70
     2
  9
$LUPREC
 70
     4
  9
$SKETCHINC
 40
1.0
  9
$FILLETRAD
 40
0.0
  9
$AUNITS
 70
     0
  9
$AUPREC
 70
     0
  9
$MENU
  1
.
  9
$ELEVATION
 40
0.0
  9
$PELEVATION
 40
0.0
  9
$THICKNESS
 40
0.0
  9
$LIMCHECK
 70
     0
  9
$CHAMFERA
 40
0.0
  9
$CHAMFERB
 40
0.0
  9
$CHAMFERC
 40
0.0
  9
$CHAMFERD
 40
0.0
  9
$SKPOLY
 70
     0
  9
$TDCREATE
 40
2458590.383113426
  9
$TDUCREATE
 40
2458590.049780092
  9
$TDUPDATE
 40
2458590.384224537
  9
$TDUUPDATE
 40
2458590.050891204
  9
$TDINDWG
 40
0.0011111111
  9
$TDUSRTIMER
 40
0.0011111111
  9
$USRTIMER
 70
     1
  9
$ANGBASE
 50
0.0
  9
$ANGDIR
 70
     0
  9
$PDMODE
 70
     0
  9
$PDSIZE
 40
0.0
  9
$PLINEWID
 40
0.0
  9
$SPLFRAME
 70
     0
  9
$SPLINETYPE
 70
     6
  9
$SPLINESEGS
 70
     8
  9
$HANDSEED
  5
2B8
  9
$SURFTAB1
 70
     6
  9
$SURFTAB2
 70
     6
  9
$SURFTYPE
 70
     6
  9
$SURFU
 70
     6
  9
$SURFV
 70
     6
  9
$UCSBASE
  2

  9
$UCSNAME
  2

  9
$UCSORG
 10
0.0
 20
0.0
 30
0.0
  9
$UCSXDIR
 10
1.0
 20
0.0
 30
0.0
  9
$UCSYDIR
 10
0.0
 20
1.0
 30
0.0
  9
$UCSORTHOREF
  2

  9
$UCSORTHOVIEW
 70
     0
  9
$UCSORGTOP
 10
0.0
 20
0.0
 30
0.0
  9
$UCSORGBOTTOM
 10
0.0
 20
0.0
 30
0.0
  9
$UCSORGLEFT
 10
0.0
 20
0.0
 30
0.0
  9
$UCSORGRIGHT
 10
0.0
 20
0.0
 30
0.0
  9
$UCSORGFRONT
 10
0.0
 20
0.0
 30
0.0
  9
$UCSORGBACK
 10
0.0
 20
0.0
 30
0.0
  9
$PUCSBASE
  2

  9
$PUCSNAME
  2

  9
$PUCSORG
 10
0.0
 20
0.0
 30
0.0
  9
$PUCSXDIR
 10
1.0
 20
0.0
 30
0.0
  9
$PUCSYDIR
 10
0.0
 20
1.0
 30
0.0
  9
$PUCSORTHOREF
  2

  9
$PUCSORTHOVIEW
 70
     0
  9
$PUCSORGTOP
 10
0.0
 20
0.0
 30
0.0
  9
$PUCSORGBOTTOM
 10
0.0
 20
0.0
 30
0.0
  9
$PUCSORGLEFT
 10
0.0
 20
0.0
 30
0.0
  9
$PUCSORGRIGHT
 10
0.0
 20
0.0
 30
0.0
  9
$PUCSORGFRONT
 10
0.0
 20
0.0
 30
0.0
  9
$PUCSORGBACK
 10
0.0
 20
0.0
 30
0.0
  9
$USERI1
 70
     0
  9
$USERI2
 70
     0
  9
$USERI3
 70
     0
  9
$USERI4
 70
     0
  9
$USERI5
 70
     0
  9
$USERR1
 40
0.0
  9
$USERR2
 40
0.0
  9
$USERR3
 40
0.0
  9
$USERR4
 40
0.0
  9
$USERR5
 40
0.0
  9
$WORLDVIEW
 70
     1
  9
$SHADEDGE
 70
     3
  9
$SHADEDIF
 70
    70
  9
$TILEMODE
 70
     1
  9
$MAXACTVP
 70
    64
  9
$PINSBASE
 10
0.0
 20
0.0
 30
0.0
  9
$PLIMCHECK
 70
     0
  9
$PEXTMIN
 10
0.0
 20
0.0
 30
0.0
  9
$PEXTMAX
 10
0.0
 20
0.0
 30
0.0
  9
$PLIMMIN
 10
0.0
 20
0.0
  9
$PLIMMAX
 10
12.0
 20
9.0
  9
$UNITMODE
 70
     0
  9
$VISRETAIN
 70
     1
  9
$PLINEGEN
 70
     0
  9
$PSLTSCALE
 70
     1
  9
$TREEDEPTH
 70
  3020
  9
$CMLSTYLE
  2
Standard
  9
$CMLJUST
 70
     0
  9
$CMLSCALE
 40
20.0
  9
$PROXYGRAPHICS
 70
     1
  9
$MEASUREMENT
 70
     1
  9
$CELWEIGHT
370
    -1
  9
$ENDCAPS
280
     0
  9
$JOINSTYLE
280
     0
  9
$LWDISPLAY
290
     0
  9
$INSUNITS
 70
     4
  9
$HYPERLINKBASE
  1

  9
$STYLESHEET
  1

  9
$XEDIT
290
     1
  9
$CEPSNTYPE
380
     0
  9
$PSTYLEMODE
290
     1
  9
$FINGERPRINTGUID
  2
{96A53CC7-ACDD-234C-B0F9-88300B14E85D}
  9
$VERSIONGUID
  2
{FDA5A254-6150-FA48-A4B8-168CBCE559AD}
  9
$EXTNAMES
290
     1
  9
$PSVPSCALE
 40
0.0
  9
$OLESTARTUP
290
     0
  9
$SORTENTS
280
   127
  9
$INDEXCTL
280
     0
  9
$HIDETEXT
280
     1
  9
$XCLIPFRAME
290
     0
  9
$HALOGAP
280
     0
  9
$OBSCOLOR
 70
   257
  9
$OBSLTYPE
280
     0
  9
$INTERSECTIONDISPLAY
280
     0
  9
$INTERSECTIONCOLOR
 70
   257
  9
$DIMASSOC
280
     2
  9
$PROJECTNAME
  1

  9
$CAMERADISPLAY
290
     0
  9
$LENSLENGTH
 40
50.0
  9
$CAMERAHEIGHT
 40
0.0
  9
$STEPSPERSEC
 40
2.0
  9
$STEPSIZE
 40
6.0
  9
$3DDWFPREC
 40
2.0
  9
$PSOLWIDTH
 40
5.0
  9
$PSOLHEIGHT
 40
80.0
  9
$LOFTANG1
 40
1.570796326794896
  9
$LOFTANG2
 40
1.570796326794896
  9
$LOFTMAG1
 40
0.0
  9
$LOFTMAG2
 40
0.0
  9
$LOFTPARAM
 70
     7
  9
$LOFTNORMALS
280
     1
  9
$LATITUDE
 40
37.795
  9
$LONGITUDE
 40
-122.394
  9
$NORTHDIRECTION
 40
0.0
  9
$TIMEZONE
 70
 -8000
  9
$LIGHTGLYPHDISPLAY
280
     1
  9
$TILEMODELIGHTSYNCH
280
     1
  9
$CMATERIAL
347
EC
  9
$SOLIDHIST
280
     0
  9
$SHOWHIST
280
     1
  9
$DWFFRAME
280
     2
  9
$DGNFRAME
280
     0
  9
$REALWORLDSCALE
290
     1
  9
$INTERFERECOLOR
 62
     1
  9
$INTERFEREOBJVS
345
F9
  9
$INTERFEREVPVS
346
F6
  9
$CSHADOW
280
     0
  9
$SHADOWPLANELOCATION
 40
0.0
  0
ENDSEC
  0
SECTION
  2
CLASSES
  0
CLASS
  1
ACDBDICTIONARYWDFLT
  2
AcDbDictionaryWithDefault
  3
ObjectDBX Classes
 90
        0
 91
        1
280
     0
281
     0
  0
CLASS
  1
DICTIONARYVAR
  2
AcDbDictionaryVar
  3
ObjectDBX Classes
 90
        0
 91
       12
280
     0
281
     0
  0
CLASS
  1
TABLESTYLE
  2
AcDbTableStyle
  3
ObjectDBX Classes
 90
     4095
 91
        1
280
     0
281
     0
  0
CLASS
  1
MATERIAL
  2
AcDbMaterial
  3
ObjectDBX Classes
 90
     1153
 91
        3
280
     0
281
     0
  0
CLASS
  1
VISUALSTYLE
  2
AcDbVisualStyle
  3
ObjectDBX Classes
 90
     4095
 91
       24
280
     0
281
     0
  0
CLASS
  1
SCALE
  2
AcDbScale
  3
ObjectDBX Classes
 90
     1153
 91
       17
280
     0
281
     0
  0
CLASS
  1
MLEADERSTYLE
  2
AcDbMLeaderStyle
  3
ACDB_MLEADERSTYLE_CLASS
 90
     4095
 91
        2
280
     0
281
     0
  0
CLASS
  1
CELLSTYLEMAP
  2
AcDbCellStyleMap
  3
ObjectDBX Classes
 90
     1152
 91
        1
280
     0
281
     0
  0
CLASS
  1
EXACXREFPANELOBJECT
  2
ExAcXREFPanelObject
  3
EXAC_ESW
 90
     1025
 91
        0
280
     0
281
     0
  0
CLASS
  1
NPOCOLLECTION
  2
AcDbImpNonPersistentObjectsCollection
  3
ObjectDBX Classes
 90
     1153
 91
        0
280
     0
281
     0
  0
CLASS
  1
LAYER_INDEX
  2
AcDbLayerIndex
  3
ObjectDBX Classes
 90
        0
 91
        0
280
     0
281
     0
  0
CLASS
  1
SPATIAL_INDEX
  2
AcDbSpatialIndex
  3
ObjectDBX Classes
 90
        0
 91
        0
280
     0
281
     0
  0
CLASS
  1
IDBUFFER
  2
AcDbIdBuffer
  3
ObjectDBX Classes
 90
        0
 91
        0
280
     0
281
     0
  0
CLASS
  1
ACDBSECTIONVIEWSTYLE
  2
AcDbSectionViewStyle
  3
ObjectDBX Classes
 90
     1025
 91
        1
280
     0
281
     0
  0
CLASS
  1
ACDBDETAILVIEWSTYLE
  2
AcDbDetailViewStyle
  3
ObjectDBX Classes
 90
     1025
 91
        1
280
     0
281
     0
  0
ENDSEC
  0
SECTION
  2
TABLES
  0
TABLE
  2
VPORT
  5
8
330
0
100
AcDbSymbolTable
 70
     1
  0
VPORT
  5
EA
330
8
100
AcDbSymbolTableRecord
100
AcDbViewportTableRecord
  2
*Active
 70
     0
 10
0.0
 20
0.0
 11
1.0
 21
1.0
 12
26.13531116233776
 22
8.376287332784158
 13
0.0
 23
0.0
 14
10.0
 24
10.0
 15
10.0
 25
10.0
 16
0.0
 26
0.0
 36
1.0
 17
0.0
 27
0.0
 37
0.0
 40
393.0272442228397
 41
2.104271356783919
 42
50.0
 43
0.0
 44
0.0
 50
0.0
 51
0.0
 71
     0
 72
  1000
 73
     1
 74
     3
 75
     0
 76
     1
 77
     0
 78
     0
281
     0
 65
     1
110
0.0
120
0.0
130
0.0
111
1.0
121
0.0
131
0.0
112
0.0
122
1.0
132
0.0
 79
     0
146
0.0
348
F5
 60
     3
 61
     5
292
     1
282
     1
141
0.0
142
0.0
 63
   250
421
  3355443
1001
ACAD_NAV_VCDISPLAY
1070
     3
  0
ENDTAB
  0
TABLE
  2
LTYPE
  5
5
330
0
100
AcDbSymbolTable
 70
     2
  0
LTYPE
  5
14
330
5
100
AcDbSymbolTableRecord
100
AcDbLinetypeTableRecord
  2
ByBlock
 70
     0
  3

 72
    65
 73
     0
 40
0.0
  0
LTYPE
  5
15
330
5
100
AcDbSymbolTableRecord
100
AcDbLinetypeTableRecord
  2
ByLayer
 70
     0
  3

 72
    65
 73
     0
 40
0.0
  0
LTYPE
  5
16
330
5
100
AcDbSymbolTableRecord
100
AcDbLinetypeTableRecord
  2
Continuous
 70
     0
  3
Solid line
 72
    65
 73
     0
 40
0.0
  0
ENDTAB
  0
TABLE
  2
LAYER
  5
2
102
{ACAD_XDICTIONARY
360
1FF
102
}
330
0
100
AcDbSymbolTable
 70
     1
0
LAYER
5
97a
100
AcDbSymbolTableRecord
100
AcDbLayerTableRecord
2
TopLayer
70
0
420
16711680
6
Continuous
370
-3
390
F
347
21
0
LAYER
5
97b
100
AcDbSymbolTableRecord
100
AcDbLayerTableRecord
2
BottomLayer
70
0
420
255
6
Continuous
370
-3
390
F
347
21
0
LAYER
5
97c
100
AcDbSymbolTableRecord
100
AcDbLayerTableRecord
2
TopSilkLayer
70
0
420
16763904
6
Continuous
370
-3
390
F
347
21
0
LAYER
5
97d
100
AcDbSymbolTableRecord
100
AcDbLayerTableRecord
2
TopPasteMaskLayer
70
0
420
8421504
6
Continuous
370
-3
390
F
347
21
0
LAYER
5
97e
100
AcDbSymbolTableRecord
100
AcDbLayerTableRecord
2
TopSolderMaskLayer
70
0
420
8388736
6
Continuous
370
-3
390
F
347
21
0
LAYER
5
97f
100
AcDbSymbolTableRecord
100
AcDbLayerTableRecord
2
BottomSolderMaskLayer
70
0
420
11141375
6
Continuous
370
-3
390
F
347
21
0
LAYER
5
980
100
AcDbSymbolTableRecord
100
AcDbLayerTableRecord
2
BoardOutLine
70
0
420
16711935
6
Continuous
370
-3
390
F
347
21
0
LAYER
5
981
100
AcDbSymbolTableRecord
100
AcDbLayerTableRecord
2
Multi-Layer
70
0
420
12632256
6
Continuous
370
-3
390
F
347
21
0
LAYER
5
982
100
AcDbSymbolTableRecord
100
AcDbLayerTableRecord
2
Document
70
0
420
16777215
6
Continuous
370
-3
390
F
347
21
0
LAYER
5
983
100
AcDbSymbolTableRecord
100
AcDbLayerTableRecord
2
Hole
70
0
420
2236962
6
Continuous
370
-3
390
F
347
21
  0
LAYER
  5
10
102
{ACAD_XDICTIONARY
360
13C
102
}
330
2
100
AcDbSymbolTableRecord
100
AcDbLayerTableRecord
  2
0
 70
     0
 62
     7
  6
Continuous
370
    -3
390
F
347
EE
  0
ENDTAB
  0
TABLE
  2
STYLE
  5
3
330
0
100
AcDbSymbolTable
 70
     2
  0
STYLE
  5
11
330
3
100
AcDbSymbolTableRecord
100
AcDbTextStyleTableRecord
  2
Standard
 70
     0
 40
0.0
 41
1.0
 50
0.0
 71
     0
 42
2.5
  3
arial.ttf
  4

1001
ACAD
1000
Arial
1071
       34
  0
STYLE
  5
132
330
3
100
AcDbSymbolTableRecord
100
AcDbTextStyleTableRecord
  2
Annotative
 70
     0
 40
0.0
 41
1.0
 50
0.0
 71
     0
 42
2.5
  3
arial.ttf
  4

1001
AcadAnnotative
1000
AnnotativeData
1002
{
1070
     1
1070
     1
1002
}
1001
ACAD
1000
Arial
1071
       34
  0
ENDTAB
  0
TABLE
  2
VIEW
  5
6
330
0
100
AcDbSymbolTable
 70
     0
  0
ENDTAB
  0
TABLE
  2
UCS
  5
7
330
0
100
AcDbSymbolTable
 70
     0
  0
ENDTAB
  0
TABLE
  2
APPID
  5
9
330
0
100
AcDbSymbolTable
 70
     9
  0
APPID
  5
12
330
9
100
AcDbSymbolTableRecord
100
AcDbRegAppTableRecord
  2
ACAD
 70
     0
  0
APPID
  5
9E
330
9
100
AcDbSymbolTableRecord
100
AcDbRegAppTableRecord
  2
ACAD_PSEXT
 70
     0
  0
APPID
  5
133
330
9
100
AcDbSymbolTableRecord
100
AcDbRegAppTableRecord
  2
AcadAnnoPO
 70
     0
  0
APPID
  5
134
330
9
100
AcDbSymbolTableRecord
100
AcDbRegAppTableRecord
  2
AcadAnnotative
 70
     0
  0
APPID
  5
135
330
9
100
AcDbSymbolTableRecord
100
AcDbRegAppTableRecord
  2
ACAD_DSTYLE_DIMJAG
 70
     0
  0
APPID
  5
136
330
9
100
AcDbSymbolTableRecord
100
AcDbRegAppTableRecord
  2
ACAD_DSTYLE_DIMTALN
 70
     0
  0
APPID
  5
165
330
9
100
AcDbSymbolTableRecord
100
AcDbRegAppTableRecord
  2
ACAD_MLEADERVER
 70
     0
  0
APPID
  5
217
330
9
100
AcDbSymbolTableRecord
100
AcDbRegAppTableRecord
  2
ACAD_NAV_VCDISPLAY
 70
     0
  0
APPID
  5
26E
330
9
100
AcDbSymbolTableRecord
100
AcDbRegAppTableRecord
  2
ACAD_EXEMPT_FROM_CAD_STANDARDS
 70
     0
  0
ENDTAB
  0
TABLE
  2
DIMSTYLE
  5
A
330
0
100
AcDbSymbolTable
 70
     4
100
AcDbDimStyleTable
 71
     2
340
27
340
137
  0
DIMSTYLE
105
1B0
330
A
100
AcDbSymbolTableRecord
100
AcDbDimStyleTableRecord
  2
Standard
 70
     0
340
11
  0
DIMSTYLE
105
137
330
A
100
AcDbSymbolTableRecord
100
AcDbDimStyleTableRecord
  2
Annotative
 70
     0
 40
0.0
 41
2.5
 42
0.625
 43
3.75
 44
1.25
 73
     0
 74
     0
 77
     1
 78
     8
140
2.5
141
2.5
143
0.03937007874016
147
0.625
171
     3
172
     1
271
     2
272
     2
274
     3
278
    44
283
     0
284
     8
340
11
1001
AcadAnnotative
1000
AnnotativeData
1002
{
1070
     1
1070
     1
1002
}
1001
ACAD_DSTYLE_DIMJAG
1070
   388
1040
1.5
1001
ACAD_DSTYLE_DIMTALN
1070
   392
1070
     0
  0
DIMSTYLE
105
27
330
A
100
AcDbSymbolTableRecord
100
AcDbDimStyleTableRecord
  2
ISO-25
 70
     0
 41
2.5
 42
0.625
 43
3.75
 44
1.25
 73
     0
 74
     0
 77
     1
 78
     8
140
2.5
141
2.5
143
0.03937007874016
147
0.625
171
     3
172
     1
271
     2
272
     2
274
     3
278
    44
283
     0
284
     8
340
11
  0
ENDTAB
  0
TABLE
  2
BLOCK_RECORD
  5
1
330
0
100
AcDbSymbolTable
 70
     2
  0
BLOCK_RECORD
  5
1F
102
{ACAD_XDICTIONARY
360
1CE
102
}
330
1
100
AcDbSymbolTableRecord
100
AcDbBlockTableRecord
  2
*Model_Space
340
22
 70
     0
280
     1
281
     0
  0
BLOCK_RECORD
  5
D2
330
1
100
AcDbSymbolTableRecord
100
AcDbBlockTableRecord
  2
*Paper_Space
340
D3
 70
     0
280
     1
281
     0
  0
BLOCK_RECORD
  5
D6
330
1
100
AcDbSymbolTableRecord
100
AcDbBlockTableRecord
  2
*Paper_Space0
340
D7
 70
     0
280
     1
281
     0
  0
ENDTAB
  0
ENDSEC
  0
SECTION
  2
BLOCKS
  0
BLOCK
  5
20
330
1F
100
AcDbEntity
  8
0
100
AcDbBlockBegin
  2
*Model_Space
 70
     0
 10
0.0
 20
0.0
 30
0.0
  3
*Model_Space
  1

  0
ENDBLK
  5
21
330
1F
100
AcDbEntity
  8
0
100
AcDbBlockEnd
  0
BLOCK
  5
D4
330
D2
100
AcDbEntity
 67
     1
  8
0
100
AcDbBlockBegin
  2
*Paper_Space
 70
     0
 10
0.0
 20
0.0
 30
0.0
  3
*Paper_Space
  1

  0
ENDBLK
  5
D5
330
D2
100
AcDbEntity
 67
     1
  8
0
100
AcDbBlockEnd
  0
BLOCK
  5
D8
330
D6
100
AcDbEntity
 67
     1
  8
0
100
AcDbBlockBegin
  2
*Paper_Space0
 70
     0
 10
0.0
 20
0.0
 30
0.0
  3
*Paper_Space0
  1

  0
ENDBLK
  5
D9
330
D6
100
AcDbEntity
 67
     1
  8
0
100
AcDbBlockEnd
  0
ENDSEC
  0
SECTION
  2
ENTITIES
  0
LWPOLYLINE
  5
3e8
330
1F
100
AcDbEntity
  8
BottomLayer
100
AcDbPolyline
 90
12
 70
 0
 43
0.25400050800101603 
 10
72.13614427228867
 20
58.29314198628401
 10
73.23393446786895
 20
59.3909321818644
 10
73.23393446786895
 20
61.36070612141225
 10
72.49149098298199
 20
62.103149606299326
 10
71.89027178054357
 20
62.103149606299326
 10
68.36830073660144
 20
65.62512065024134
 10
68.36830073660144
 20
69.01374142748284
 10
66.73888747777505
 20
70.64315468630946
 10
65.76504953009908
 20
70.64315468630946
 10
65.24206248412497
 20
70.12016764033524
 10
65.24206248412497
 20
69.25986791973594
 10
62.719583439166854
 20
66.73738887477782
 10
61.59080518161045
 20
66.73738887477782
  0
LWPOLYLINE
  5
3e9
330
1F
100
AcDbEntity
  8
BottomLayer
100
AcDbPolyline
 90
2
 70
 0
 43
0.25400050800101603 
 10
10.287020574041208
 20
17.653060706121437
 10
15.545339090678226
 20
22.911379222758455
 10
15.545339090678226
 20
25.850165100330287
  0
LWPOLYLINE
  5
3ea
330
1F
100
AcDbEntity
  8
BottomLayer
100
AcDbPolyline
 90
2
 70
 0
 43
0.25400050800101603 
 10
10.287020574041208
 20
22.733070866141816
 10
11.507747015494033
 20
23.953797307594527
 10
11.507747015494033
 20
24.638074676149472
  0
LWPOLYLINE
  5
3eb
330
1F
100
AcDbEntity
  8
BottomLayer
100
AcDbPolyline
 90
2
 70
 0
 43
0.25400050800101603 
 10
22.0695961391923
 20
71.87962915925834
 10
22.0695961391923
 20
79.54485648971297
 10
22.264414528829093
 20
79.73967487934976
  0
LWPOLYLINE
  5
3ec
330
1F
100
AcDbEntity
  8
BottomLayer
100
AcDbPolyline
 90
2
 70
 0
 43
0.25400050800101603 
 10
37.33807467614929
 20
43.94211328422659
 10
35.49123698247399
 20
43.94211328422659
 10
17.893573787147716
 20
61.54003048006098
  0
LWPOLYLINE
  5
3ed
330
1F
100
AcDbEntity
  8
BottomLayer
100
AcDbPolyline
 90
6
 70
 0
 43
0.25400050800101603 
 10
7.239014478029048
 20
70.46992633985269
 10
13.924815849631841
 20
63.78412496825001
 10
13.924815849631841
 20
63.783870967741905
 10
14.21310642621279
 20
63.783870967741905
 10
16.457200914401938
 20
61.539776479552984
 10
17.893319786639495
 20
61.539776479552984
 10
17.893573787147716
 20
61.54003048006098
  0
LWPOLYLINE
  5
3ee
330
1F
100
AcDbEntity
  8
BottomLayer
100
AcDbPolyline
 90
2
 70
 0
 43
0.25400050800101603 
 10
17.893573787147716
 20
61.54003048006098
 10
19.272288544577123
 20
62.9187452374905
 10
19.272288544577123
 20
71.87962915925834
  0
LWPOLYLINE
  5
3ef
330
1F
100
AcDbEntity
  8
BottomLayer
100
AcDbPolyline
 90
2
 70
 0
 43
0.25400050800101603 
 10
10.287020574041208
 20
15.113055626111304
 10
14.199136398272913
 20
19.025171450342896
 10
14.199136398272913
 20
20.69268478536958
  0
LWPOLYLINE
  5
3f0
330
1F
100
AcDbEntity
  8
BottomLayer
100
AcDbPolyline
 90
2
 70
 0
 43
0.25400050800101603 
 10
72.13614427228867
 20
60.833147066294146
 10
66.3787147574294
 20
55.075717551435105
 10
66.3787147574294
 20
50.6314706629413
  0
LWPOLYLINE
  5
3f1
330
1F
100
AcDbEntity
  8
BottomLayer
100
AcDbPolyline
 90
7
 70
 0
 43
0.25400050800101603 
 10
7.747015494031075
 20
7.493040386080793
 10
9.017018034036028
 20
8.763042926085859
 10
9.017018034036028
 20
10.438430276860572
 10
9.677927355854763
 20
11.099339598679194
 10
10.37617475234947
 20
11.099339598679194
 10
16.227838455676874
 20
16.951003302006598
 10
16.227838455676874
 20
35.76659893319788
 10
29.531369062738122
 20
49.07012954025913
  0
LWPOLYLINE
  5
3f2
330
1F
100
AcDbEntity
  8
BottomLayer
100
AcDbPolyline
 90
4
 70
 0
 43
0.5 
 10
87.37617475234947
 20
55.75313690627388
 10
75.86868173736343
 20
44.24564389128773
 10
71.481838963678
 20
44.24564389128773
 10
61.97612395224792
 20
53.75135890271781
 10
61.97612395224792
 20
54.99113538227084
  0
LWPOLYLINE
  5
3f3
330
1F
100
AcDbEntity
  8
BottomLayer
100
AcDbPolyline
 90
1
 70
 0
 43
0.5 
 10
61.97612395224792
 20
54.99113538227084
 10
61.97612395224792
 20
61.21414782829572
  0
LWPOLYLINE
  5
3f4
330
1F
100
AcDbEntity
  8
BottomLayer
100
AcDbPolyline
 90
2
 70
 0
 43
0.5 
 10
87.37617475234947
 20
53.21313182626375
 10
76.70815341630691
 20
42.54511049022108
 10
61.97612395224792
 20
42.54511049022108
  0
LWPOLYLINE
  5
3f5
330
1F
100
AcDbEntity
  8
BottomLayer
100
AcDbPolyline
 90
2
 70
 0
 43
0.5 
 10
61.97612395224792
 20
42.54511049022108
 10
61.09906019812024
 20
42.54511049022108
 10
54.876047752095474
 20
48.76812293624596
  0
LWPOLYLINE
  5
3f6
330
1F
100
AcDbEntity
  8
BottomLayer
100
AcDbPolyline
 90
3
 70
 0
 43
0.5 
 10
15.86004572009142
 20
43.94211328422659
 10
8.5514351028703
 20
51.25072390144783
 10
8.5514351028703
 20
61.845593091186174
 10
7.239014478029048
 20
63.158013716027426
  0
LWPOLYLINE
  5
3f7
330
1F
100
AcDbEntity
  8
BottomLayer
100
AcDbPolyline
 90
1
 70
 0
 43
0.5 
 10
7.239014478029048
 20
64.47043434086868
 10
7.239014478029048
 20
63.158013716027426
  0
LWPOLYLINE
  5
3f8
330
1F
100
AcDbEntity
  8
BottomLayer
100
AcDbPolyline
 90
2
 70
 0
 43
0.25400050800101603 
 10
42.164084328168656
 20
61.84914909829831
 10
42.164084328168656
 20
58.547142494285026
 10
36.449072898145914
 20
52.83213106426217
  0
LWPOLYLINE
  5
3f9
330
1F
100
AcDbEntity
  8
BottomLayer
100
AcDbPolyline
 90
3
 70
 0
 43
0.5 
 10
7.747015494031075
 20
27.81308102616208
 10
6.326898653797343
 20
26.39296418592835
 10
6.326898653797343
 20
6.373152146304278
 10
7.747015494031075
 20
4.95303530607066
  0
LWPOLYLINE
  5
3fa
330
1F
100
AcDbEntity
  8
BottomLayer
100
AcDbPolyline
 90
1
 70
 0
 43
0.5 
 10
7.747015494031075
 20
27.81308102616208
 10
7.747015494031075
 20
29.150901701803377
  0
LWPOLYLINE
  5
3fb
330
1F
100
AcDbEntity
  8
BottomLayer
100
AcDbPolyline
 90
2
 70
 0
 43
0.5 
 10
40.8940817881637
 20
60.49862839725688
 10
34.87858775717564
 20
60.49862839725688
 10
33.909067818135554
 20
61.468148336296736
  0
LWPOLYLINE
  5
3fc
330
1F
100
AcDbEntity
  8
BottomLayer
100
AcDbPolyline
 90
1
 70
 0
 43
0.5 
 10
40.8940817881637
 20
61.84914909829831
 10
40.8940817881637
 20
60.49862839725688
  0
LWPOLYLINE
  5
3fd
330
1F
100
AcDbEntity
  8
BottomLayer
100
AcDbPolyline
 90
2
 70
 0
 43
0.5 
 10
30.200152400304887
 20
69.26316992633986
 10
33.909067818135554
 20
65.55425450850908
 10
33.909067818135554
 20
61.468148336296736
  0
LWPOLYLINE
  5
3fe
330
1F
100
AcDbEntity
  8
BottomLayer
100
AcDbPolyline
 90
2
 70
 0
 43
0.5 
 10
61.21412242824499
 20
69.59616459232927
 10
65.15113030226053
 20
73.53317246634504
 10
72.13614427228867
 20
73.53317246634504
  0
LWPOLYLINE
  5
3ff
330
1F
100
AcDbEntity
  8
BottomLayer
100
AcDbPolyline
 90
2
 70
 0
 43
0.5 
 10
52.20015240030466
 20
69.26316992633986
 10
52.20015240030466
 20
57.66703073406154
 10
54.876047752095474
 20
54.99113538227084
  0
LWPOLYLINE
  5
400
330
1F
100
AcDbEntity
  8
BottomLayer
100
AcDbPolyline
 90
2
 70
 0
 43
0.5 
 10
7.613665227330557
 20
74.84508509017019
 10
15.579121158242287
 20
74.84508509017019
 10
16.764033528067102
 20
73.66017272034549
  0
LWPOLYLINE
  5
401
330
1F
100
AcDbEntity
  8
BottomLayer
100
AcDbPolyline
 90
1
 70
 0
 43
0.5 
 10
7.613665227330557
 20
81.3259080518161
 10
7.613665227330557
 20
74.84508509017019
  0
LWPOLYLINE
  5
402
330
1F
100
AcDbEntity
  8
BottomLayer
100
AcDbPolyline
 90
1
 70
 0
 43
0.5 
 10
7.613665227330557
 20
74.84508509017019
 10
7.239014478029048
 20
74.47043434086868
  0
LWPOLYLINE
  5
403
330
1F
100
AcDbEntity
  8
BottomLayer
100
AcDbPolyline
 90
1
 70
 0
 43
0.5 
 10
48.65303530607048
 20
48.76812293624596
 10
54.876047752095474
 20
42.54511049022108
  0
LWPOLYLINE
  5
404
330
1F
100
AcDbEntity
  8
BottomLayer
100
AcDbPolyline
 90
2
 70
 0
 43
0.5 
 10
42.41808483616978
 20
43.94211328422659
 10
43.82702565405111
 20
43.94211328422659
 10
48.65303530607048
 20
48.76812293624596
  0
LWPOLYLINE
  5
405
330
1F
100
AcDbEntity
  8
BottomLayer
100
AcDbPolyline
 90
1
 70
 0
 43
0.5 
 10
48.65303530607048
 20
48.76812293624596
 10
54.876047752095474
 20
54.99113538227084
  0
LWPOLYLINE
  5
406
330
1F
100
AcDbEntity
  8
BottomLayer
100
AcDbPolyline
 90
3
 70
 0
 43
0.5 
 10
7.747015494031075
 20
29.150901701803377
 10
4.872491744983563
 20
32.02542545085089
 10
4.872491744983563
 20
52.50269240538489
 10
6.223012446024995
 20
53.853213106426324
  0
LWPOLYLINE
  5
407
330
1F
100
AcDbEntity
  8
BottomLayer
100
AcDbPolyline
 90
3
 70
 0
 43
0.5 
 10
6.223012446024995
 20
53.853213106426324
 10
4.541275082550101
 20
55.53495046990088
 10
4.541275082550101
 20
71.77269494538996
 10
7.239014478029048
 20
74.47043434086868
  0
LWPOLYLINE
  5
408
330
1F
100
AcDbEntity
  8
BottomLayer
100
AcDbPolyline
 90
5
 70
 0
 43
0.25400050800101603 
 10
10.287020574041208
 20
7.493040386080793
 10
41.04267208534429
 20
38.248691897383765
 10
41.04267208534429
 20
55.76888493776994
 10
50.304038608077235
 20
65.030251460503
 10
50.304038608077235
 20
75.69217678435359
 10
51.57505715011439
 20
76.96319532639075
  0
LWPOLYLINE
  5
409
330
1F
100
AcDbEntity
  8
BottomLayer
100
AcDbPolyline
 90
2
 70
 0
 43
0.5 
 10
10.287020574041208
 20
27.81308102616208
 10
10.287020574041208
 20
38.60784861569721
 10
6.223012446024995
 20
42.67185674371353
  0
LWPOLYLINE
  5
40a
330
1F
100
AcDbEntity
  8
BottomLayer
100
AcDbPolyline
 90
3
 70
 0
 43
0.5 
 10
30.200152400304887
 20
83.41328422656841
 10
47.111760223520605
 20
83.41328422656841
 10
58.67411734823463
 20
71.85092710185427
 10
58.67411734823463
 20
69.59616459232927
  0
LWPOLYLINE
  5
40b
330
1F
100
AcDbEntity
  8
BottomLayer
100
AcDbPolyline
 90
2
 70
 0
 43
0.5 
 10
58.67411734823463
 20
69.59616459232927
 10
58.67411734823463
 20
52.07012954025913
 10
61.97612395224792
 20
48.76812293624596
  0
LWPOLYLINE
  5
40c
330
1F
100
AcDbEntity
  8
BottomLayer
100
AcDbPolyline
 90
4
 70
 0
 43
0.25400050800101603 
 10
19.72720345440689
 20
72.46332232664474
 10
19.030734061468138
 20
72.46332232664474
 10
18.79679959359919
 20
72.22938785877568
 10
7.478536957074084
 20
72.22938785877568
 10
7.239014478029048
 20
72.46891033782072
  0
LWPOLYLINE
  5
40d
330
1F
100
AcDbEntity
  8
BottomLayer
100
AcDbPolyline
 90
2
 70
 0
 43
0.25400050800101603 
 10
24.428752857505742
 20
83.64239268478536
 10
19.72720345440689
 20
78.94084328168663
 10
19.72720345440689
 20
72.46332232664474
  0
LWPOLYLINE
  5
40e
330
1F
100
AcDbEntity
  8
BottomLayer
100
AcDbPolyline
 90
3
 70
 0
 43
0.25400050800101603 
 10
19.72720345440689
 20
72.46332232664474
 10
19.855981711963295
 20
72.33454406908822
 10
19.855981711963295
 20
63.96421132842272
 10
39.87807975615942
 20
43.94211328422659
  0
LWPOLYLINE
  5
40f
330
1F
100
AcDbEntity
  8
BottomLayer
100
AcDbPolyline
 90
2
 70
 0
 43
0.25400050800101603 
 10
66.29413258826526
 20
69.59616459232927
 10
64.52501905003805
 20
67.82705105410218
 10
64.52501905003805
 20
52.48440436880878
  0
LWPOLYLINE
  5
410
330
1F
100
AcDbEntity
  8
BottomLayer
100
AcDbPolyline
 90
2
 70
 0
 43
0.25400050800101603 
 10
10.287020574041208
 20
4.95303530607066
 10
48.53771907543819
 20
43.20373380746764
 10
53.001778003555955
 20
43.20373380746764
  0
LWPOLYLINE
  5
411
330
1F
100
AcDbEntity
  8
BoardOutLine
100
AcDbPolyline
 90
1
 70
 0
 43
0.25400050800101603 
 10
3
 20
88.00002540005084
 10
91.00002540005084
 20
88.00002540005084
  0
LWPOLYLINE
  5
412
330
1F
100
AcDbEntity
  8
BoardOutLine
100
AcDbPolyline
 90
1
 70
 0
 43
0.25400050800101603 
 10
0
 20
3
 10
0
 20
85
  0
LWPOLYLINE
  5
413
330
1F
100
AcDbEntity
  8
BoardOutLine
100
AcDbPolyline
 90
1
 70
 0
 43
0.25400050800101603 
 10
91
 20
0
 10
3
 20
0
  0
LWPOLYLINE
  5
414
330
1F
100
AcDbEntity
  8
BoardOutLine
100
AcDbPolyline
 90
1
 70
 0
 43
0.25400050800101603 
 10
94.00000000000023
 20
85
 10
94.00000000000023
 20
3
  0
LWPOLYLINE
  5
415
330
1F
100
AcDbEntity
  8
TopLayer
100
AcDbPolyline
 90
5
 70
 0
 43
0.25400050800101603 
 10
72.13614427228867
 20
55.75313690627388
 10
71.37769875539766
 20
56.511582423164896
 10
58.647955295910606
 20
56.511582423164896
 10
26.139446278892592
 20
24.003073406146882
 10
9.017018034036028
 20
24.003073406146882
 10
7.747015494031075
 20
22.733070866141816
  0
LWPOLYLINE
  5
416
330
1F
100
AcDbEntity
  8
TopLayer
100
AcDbPolyline
 90
3
 70
 0
 43
0.25400050800101603 
 10
16.165354330708624
 20
83.55019050038106
 10
9.350266700533439
 20
76.73510287020576
 10
9.350266700533439
 20
68.58067056134121
 10
7.239014478029048
 20
66.46941833883659
  0
LWPOLYLINE
  5
417
330
1F
100
AcDbEntity
  8
TopLayer
100
AcDbPolyline
 90
1
 70
 0
 43
0.25400050800101603 
 10
17.19304038608084
 20
83.55019050038106
 10
16.165354330708624
 20
83.55019050038106
  0
LWPOLYLINE
  5
418
330
1F
100
AcDbEntity
  8
TopLayer
100
AcDbPolyline
 90
2
 70
 0
 43
0.5 
 10
15.606045212090294
 20
52.70513081026172
 10
10.958089916179915
 20
57.35308610617233
 10
6.223012446024995
 20
57.35308610617233
  0
LWPOLYLINE
  5
419
330
1F
100
AcDbEntity
  8
TopLayer
100
AcDbPolyline
 90
8
 70
 0
 43
0.5 
 10
15.606045212090294
 20
52.70513081026172
 10
11.210058420116866
 20
52.70513081026172
 10
4.865887731775501
 20
46.36096012192024
 10
4.865887731775501
 20
42.05742951485911
 10
5.878841757683631
 20
41.04447548895098
 10
30.772161544323126
 20
41.04447548895098
 10
38.40132080264152
 20
48.67363474726949
 10
42.335534671069354
 20
48.67363474726949
 10
54.876047752095474
 20
61.21414782829572
  0
LWPOLYLINE
  5
41a
330
1F
100
AcDbEntity
  8
TopLayer
100
AcDbPolyline
 90
7
 70
 0
 43
0.25400050800101603 
 10
10.287020574041208
 20
20.193065786131683
 10
10.371094742189598
 20
20.108991617983293
 10
36.89154178308354
 20
20.108991617983293
 10
68.72567945135893
 20
51.94312928625868
 10
72.38658877317744
 20
51.94312928625868
 10
73.32308864617721
 20
52.87962915925834
 10
73.32308864617721
 20
62.186207772415514
 10
72.13614427228867
 20
63.37315214630439
  0
LWPOLYLINE
  5
41b
330
1F
100
AcDbEntity
  8
TopLayer
100
AcDbPolyline
 90
3
 70
 0
 43
0.25400050800101603 
 10
7.747015494031075
 20
15.113055626111304
 10
9.017018034036028
 20
16.38305816611637
 10
40.38608077216168
 20
16.38305816611637
 10
72.13614427228867
 20
48.13312166624337
  0
LWPOLYLINE
  5
41c
330
1F
100
AcDbEntity
  8
TopLayer
100
AcDbPolyline
 90
3
 70
 0
 43
0.25400050800101603 
 10
7.747015494031075
 20
10.033045466091039
 10
9.017018034036028
 20
11.303048006096105
 10
53.08610617221234
 20
11.303048006096105
 10
87.37617475234947
 20
45.593116586233236
  0
LWPOLYLINE
  5
41d
330
1F
100
AcDbEntity
  8
TopLayer
100
AcDbPolyline
 90
3
 70
 0
 43
0.25400050800101603 
 10
7.747015494031075
 20
12.573050546101172
 10
9.017018034036028
 20
13.843053086106238
 10
40.38608077216168
 20
13.843053086106238
 10
72.13614427228867
 20
45.593116586233236
  0
LWPOLYLINE
  5
41e
330
1F
100
AcDbEntity
  8
TopLayer
100
AcDbPolyline
 90
3
 70
 0
 43
0.25400050800101603 
 10
7.747015494031075
 20
17.653060706121437
 10
8.861823723647603
 20
18.76786893573785
 10
40.230886461773025
 20
18.76786893573785
 10
72.13614427228867
 20
50.673126746253615
  0
LWPOLYLINE
  5
41f
330
1F
100
AcDbEntity
  8
TopLayer
100
AcDbPolyline
 90
4
 70
 0
 43
0.25400050800101603 
 10
17.19304038608084
 20
84.55019050038106
 10
15.592837185674398
 20
84.55019050038106
 10
5.981965963931998
 20
74.93931927863855
 10
5.981965963931998
 20
69.72545085090178
 10
7.239014478029048
 20
68.46840233680473
  0
LWPOLYLINE
  5
420
330
1F
100
AcDbEntity
  8
TopLayer
100
AcDbPolyline
 90
1
 70
 0
 43
0.25400050800101603 
 10
23.19304038608061
 20
80.55019050038106
 10
24.220726441452825
 20
80.55019050038106
  0
LWPOLYLINE
  5
421
330
1F
100
AcDbEntity
  8
TopLayer
100
AcDbPolyline
 90
2
 70
 0
 43
0.25400050800101603 
 10
30.861061722123395
 20
61.468148336296736
 10
18.288036576073182
 20
61.468148336296736
 10
16.764033528067102
 20
62.992151384302815
  0
LWPOLYLINE
  5
422
330
1F
100
AcDbEntity
  8
TopLayer
100
AcDbPolyline
 90
3
 70
 0
 43
0.25400050800101603 
 10
30.861061722123395
 20
61.468148336296736
 10
31.964185928371762
 20
62.5712725425451
 10
31.964185928371762
 20
72.80673101346201
 10
24.220726441452825
 20
80.55019050038106
  0
LWPOLYLINE
  5
423
330
1F
100
AcDbEntity
  8
TopLayer
100
AcDbPolyline
 90
4
 70
 0
 43
0.25400050800101603 
 10
72.13614427228867
 20
53.21313182626375
 10
62.14681229362441
 20
53.21313182626375
 10
30.242316484632966
 20
21.30863601727208
 10
8.862585725171357
 20
21.30863601727208
 10
7.747015494031075
 20
20.193065786131683
  0
LWPOLYLINE
  5
424
330
1F
100
AcDbEntity
  8
TopLayer
100
AcDbPolyline
 90
4
 70
 0
 43
0.25400050800101603 
 10
16.165354330708624
 20
82.55019050038106
 10
15.300736601473318
 20
81.68557277114564
 10
15.300736601473318
 20
73.15801371602743
 10
20.132588265176537
 20
68.32616205232421
 10
23.864109728219546
 20
68.32616205232421
  0
LWPOLYLINE
  5
425
330
1F
100
AcDbEntity
  8
TopLayer
100
AcDbPolyline
 90
1
 70
 0
 43
0.25400050800101603 
 10
17.19304038608084
 20
82.55019050038106
 10
16.165354330708624
 20
82.55019050038106
  0
LWPOLYLINE
  5
426
330
1F
100
AcDbEntity
  8
TopLayer
100
AcDbPolyline
 90
1
 70
 0
 43
0.25400050800101603 
 10
6.223266446532989
 20
45.21211582423166
 10
7.300736601473318
 20
45.21211582423166
  0
LWPOLYLINE
  5
427
330
1F
100
AcDbEntity
  8
TopLayer
100
AcDbPolyline
 90
4
 70
 0
 43
0.25400050800101603 
 10
43.434086868173836
 20
61.84914909829831
 10
43.434086868173836
 20
56.710210820421594
 10
29.478282956565863
 20
42.754406908813735
 10
9.758445516891015
 20
42.754406908813735
 10
7.300736601473318
 20
45.21211582423166
  0
LWPOLYLINE
  5
428
330
1F
100
AcDbEntity
  8
TopLayer
100
AcDbPolyline
 90
2
 70
 0
 43
0.25400050800101603 
 10
61.59080518161045
 20
66.73738887477782
 10
57.45440690881401
 20
66.73738887477782
 10
43.54914909829836
 20
52.83213106426217
  0
LWPOLYLINE
  5
429
330
1F
100
AcDbEntity
  8
TopLayer
100
AcDbPolyline
 90
9
 70
 0
 43
0.25400050800101603 
 10
10.287020574041208
 20
25.27307594615195
 10
10.293624587249042
 20
25.266471932943887
 10
23.213614427228777
 20
25.266471932943887
 10
41.06223012446026
 20
43.11508763017525
 10
41.06223012446026
 20
44.810033020066044
 10
63.435356870713804
 20
67.18315976631959
 10
72.4533909067818
 20
67.18315976631959
 10
73.19202438404886
 20
67.92179324358654
 10
73.19202438404886
 20
69.9372872745746
 10
72.13614427228867
 20
70.99316738633479
  0
LWPOLYLINE
  5
42a
330
1F
100
AcDbEntity
  8
TopLayer
100
AcDbPolyline
 90
6
 70
 0
 43
0.25400050800101603 
 10
15.545339090678226
 20
25.850165100330287
 10
16.69850139700293
 20
25.850165100330287
 10
36.43815087630196
 20
45.58981457962909
 10
41.26847853695722
 20
45.58981457962909
 10
63.53314706629408
 20
67.85448310896618
 10
71.5374650749302
 20
67.85448310896618
 10
72.13614427228867
 20
68.45316230632466
  0
LWPOLYLINE
  5
42b
330
1F
100
AcDbEntity
  8
TopLayer
100
AcDbPolyline
 90
5
 70
 0
 43
0.25400050800101603 
 10
11.507747015494033
 20
24.638074676149472
 10
25.304800609601216
 20
24.638074676149472
 10
43.893319786639495
 20
43.22659385318775
 10
43.893319786639495
 20
46.041681483362936
 10
63.76479552959108
 20
65.91315722631452
 10
72.13614427228867
 20
65.91315722631452
  0
LWPOLYLINE
  5
42c
330
1F
100
AcDbEntity
  8
TopLayer
100
AcDbPolyline
 90
1
 70
 0
 43
0.25400050800101603 
 10
19.272288544577123
 20
71.87962915925834
 10
22.0695961391923
 20
71.87962915925834
  0
LWPOLYLINE
  5
42d
330
1F
100
AcDbEntity
  8
TopLayer
100
AcDbPolyline
 90
1
 70
 0
 43
0.25400050800101603 
 10
23.19304038608061
 20
84.55019050038106
 10
22.16535433070885
 20
84.55019050038106
  0
LWPOLYLINE
  5
42e
330
1F
100
AcDbEntity
  8
TopLayer
100
AcDbPolyline
 90
3
 70
 0
 43
0.25400050800101603 
 10
22.16535433070885
 20
84.55019050038106
 10
22.164084328168656
 20
84.54892049784098
 10
22.164084328168656
 20
79.8400050800102
 10
22.264414528829093
 20
79.73967487934976
  0
LWPOLYLINE
  5
42f
330
1F
100
AcDbEntity
  8
TopLayer
100
AcDbPolyline
 90
7
 70
 0
 43
0.25400050800101603 
 10
18.220726441452825
 20
81.55019050038095
 10
18.221996443992794
 20
81.55146050292103
 10
18.221996443992794
 20
83.98707137414272
 10
18.86283972567935
 20
84.62791465582939
 10
21.596901193802523
 20
84.62791465582939
 10
21.670815341630714
 20
84.55400050800097
 10
21.670815341630714
 20
75.8534671069342
 10
23.864109728219546
 20
73.66017272034549
  0
LWPOLYLINE
  5
430
330
1F
100
AcDbEntity
  8
TopLayer
100
AcDbPolyline
 90
1
 70
 0
 43
0.25400050800101603 
 10
17.19304038608084
 20
81.55019050038095
 10
18.220726441452825
 20
81.55019050038095
  0
LWPOLYLINE
  5
431
330
1F
100
AcDbEntity
  8
TopLayer
100
AcDbPolyline
 90
2
 70
 0
 43
0.25400050800101603 
 10
14.199136398272913
 20
20.69268478536958
 10
36.43992887985769
 20
20.69268478536958
 10
66.3787147574294
 20
50.6314706629413
  0
LWPOLYLINE
  5
432
330
1F
100
AcDbEntity
  8
TopLayer
100
AcDbPolyline
 90
4
 70
 0
 43
0.25400050800101603 
 10
51.57505715011439
 20
74.6131826263653
 10
51.23622047244089
 20
74.6131826263653
 10
39.91338582677167
 20
63.29034798069597
 10
39.91338582677167
 20
59.45214630429257
 10
29.531369062738122
 20
49.07012954025913
  0
LWPOLYLINE
  5
433
330
1F
100
AcDbEntity
  8
TopLayer
100
AcDbPolyline
 90
1
 70
 0
 43
0.5 
 10
52.20015240030466
 20
83.41328422656841
 10
52.20015240030466
 20
81.58778257556514
  0
LWPOLYLINE
  5
434
330
1F
100
AcDbEntity
  8
TopLayer
100
AcDbPolyline
 90
2
 70
 0
 43
0.5 
 10
28.60604521209052
 20
52.70513081026172
 10
28.60604521209052
 20
51.470942341884665
 10
28.860045720091648
 20
51.21694183388365
  0
LWPOLYLINE
  5
435
330
1F
100
AcDbEntity
  8
TopLayer
100
AcDbPolyline
 90
4
 70
 0
 43
0.5 
 10
28.860045720091648
 20
51.21694183388365
 10
29.1945643891288
 20
51.21694183388365
 10
38.84556769113556
 20
60.867945135890295
 10
38.84556769113556
 20
68.23319786639581
 10
52.20015240030466
 20
81.58778257556514
  0
LWPOLYLINE
  5
436
330
1F
100
AcDbEntity
  8
TopLayer
100
AcDbPolyline
 90
3
 70
 0
 43
0.5 
 10
28.860045720091648
 20
51.21694183388365
 10
28.675895351790814
 20
51.03279146558293
 10
28.675895351790814
 20
44.126263652527314
 10
28.860045720091648
 20
43.94211328422659
  0
LWPOLYLINE
  5
437
330
1F
100
AcDbEntity
  8
TopLayer
100
AcDbPolyline
 90
2
 70
 0
 43
0.5 
 10
8.5514351028703
 20
64.47043434086868
 10
12.407162814325602
 20
68.32616205232421
 10
16.764033528067102
 20
68.32616205232421
  0
LWPOLYLINE
  5
438
330
1F
100
AcDbEntity
  8
TopLayer
100
AcDbPolyline
 90
1
 70
 0
 43
0.5 
 10
7.239014478029048
 20
64.47043434086868
 10
8.5514351028703
 20
64.47043434086868
  0
LWPOLYLINE
  5
439
330
1F
100
AcDbEntity
  8
TopLayer
100
AcDbPolyline
 90
2
 70
 0
 43
0.5 
 10
23.864109728219546
 20
62.992151384302815
 10
18.530099060198154
 20
68.32616205232421
 10
16.764033528067102
 20
68.32616205232421
  0
LWPOLYLINE
  5
43a
330
1F
100
AcDbEntity
  8
TopLayer
100
AcDbPolyline
 90
2
 70
 0
 43
0.5 
 10
87.37617475234947
 20
78.6131826263653
 10
82.2961645923292
 20
73.53317246634504
 10
72.13614427228867
 20
73.53317246634504
  0
LWPOLYLINE
  5
43b
330
1F
100
AcDbEntity
  8
TopLayer
100
AcDbPolyline
 90
2
 70
 0
 43
0.5 
 10
20.19304038608084
 20
82.55019050038106
 10
20.19304038608084
 20
77.08917957835922
 10
16.764033528067102
 20
73.66017272034549
  0
LWPOLYLINE
  5
43c
330
1F
100
AcDbEntity
  8
TopLayer
100
AcDbPolyline
 90
3
 70
 0
 43
0.5 
 10
61.21412242824499
 20
69.59616459232927
 10
59.733299466598965
 20
71.07698755397519
 10
54.013970027940104
 20
71.07698755397519
 10
52.20015240030466
 20
69.26316992633986
  0
LWPOLYLINE
  5
43d
330
1F
100
AcDbEntity
  8
TopLayer
100
AcDbPolyline
 90
2
 70
 0
 43
0.5 
 10
52.20015240030466
 20
69.26316992633986
 10
46.95758191516393
 20
69.26316992633986
 10
40.8940817881637
 20
63.19966979933963
  0
LWPOLYLINE
  5
43e
330
1F
100
AcDbEntity
  8
TopLayer
100
AcDbPolyline
 90
1
 70
 0
 43
0.5 
 10
40.8940817881637
 20
61.84914909829831
 10
40.8940817881637
 20
63.19966979933963
  0
LWPOLYLINE
  5
43f
330
1F
100
AcDbEntity
  8
TopLayer
100
AcDbPolyline
 90
3
 70
 0
 43
0.5 
 10
30.200152400304887
 20
69.26316992633986
 10
26.05080010160009
 20
69.26316992633986
 10
21.653797307594687
 20
73.66017272034549
 10
16.764033528067102
 20
73.66017272034549
  0
LWPOLYLINE
  5
440
330
1F
100
AcDbEntity
  8
TopLayer
100
AcDbPolyline
 90
4
 70
 0
 43
0.5 
 10
63.754127508255124
 20
69.59616459232927
 10
63.754127508255124
 20
74.66804673609352
 10
71.64338328676672
 20
82.557302514605
 10
85.97205994411979
 20
82.557302514605
 10
87.37617475234947
 20
81.15318770637543
  0
LWPOLYLINE
  5
441
330
1F
100
AcDbEntity
  8
TopLayer
100
AcDbPolyline
 90
5
 70
 0
 43
0.5 
 10
63.754127508255124
 20
69.59616459232927
 10
62.15849631699257
 20
68.00053340106683
 10
56.11049022098041
 20
68.00053340106683
 10
30.127762255524658
 20
42.01780543561097
 10
6.877063754127448
 20
42.01780543561097
 10
6.223012446024995
 20
42.67185674371353
  0
LWPOLYLINE
  5
442
330
1F
100
AcDbEntity
  8
TopLayer
100
AcDbPolyline
 90
1
 70
 0
 43
0.5 
 10
30.200152400304887
 20
83.41328422656841
 10
28.37465074930151
 20
83.41328422656841
  0
LWPOLYLINE
  5
443
330
1F
100
AcDbEntity
  8
TopLayer
100
AcDbPolyline
 90
3
 70
 0
 43
0.5 
 10
28.37465074930151
 20
83.41328422656841
 10
26.38328676657352
 20
85.4046482092964
 10
13.688849377698716
 20
85.4046482092964
 10
9.610109220218419
 20
81.3259080518161
  0
LWPOLYLINE
  5
444
330
1F
100
AcDbEntity
  8
TopLayer
100
AcDbPolyline
 90
1
 70
 0
 43
0.25400050800101603 
 10
23.19304038608061
 20
83.55019050038106
 10
24.220726441452825
 20
83.55019050038106
  0
LWPOLYLINE
  5
445
330
1F
100
AcDbEntity
  8
TopLayer
100
AcDbPolyline
 90
2
 70
 0
 43
0.25400050800101603 
 10
24.428752857505742
 20
83.64239268478536
 10
24.31292862585724
 20
83.64239268478536
 10
24.220726441452825
 20
83.55019050038106
  0
LWPOLYLINE
  5
446
330
1F
100
AcDbEntity
  8
TopLayer
100
AcDbPolyline
 90
2
 70
 0
 43
0.25400050800101603 
 10
64.52501905003805
 20
52.48440436880878
 10
62.282448564897095
 20
52.48440436880878
 10
53.001778003555955
 20
43.20373380746764
  0
LWPOLYLINE
  5
447
330
1F
100
AcDbEntity
  8
TopSilkLayer
100
AcDbPolyline
 90
4
 70
 1
 43
0.2 
 10
61.42603505207035
 20
47.51805943611885
 10
61.42603505207035
 20
50.01808483616969
 10
55.42603505207012
 20
50.01808483616969
 10
55.42603505207012
 20
47.51805943611885
 10
61.42603505207035
 20
47.51805943611885
  0
LWPOLYLINE
  5
448
330
1F
100
AcDbEntity
  8
TopSilkLayer
100
AcDbPolyline
 90
4
 70
 1
 43
0.2 
 10
55.42598425196843
 20
43.79507239014481
 10
55.42598425196843
 20
41.295046990093965
 10
61.42598425196843
 20
41.295046990093965
 10
61.42598425196843
 20
43.79507239014481
 10
55.42598425196843
 20
43.79507239014481
  0
LWPOLYLINE
  5
449
330
1F
100
AcDbEntity
  8
TopSilkLayer
100
AcDbPolyline
 90
4
 70
 1
 43
0.2 
 10
42.999212598425174
 20
51.582118364236635
 10
42.999212598425174
 20
54.08214376428759
 10
36.999212598425174
 20
54.08214376428759
 10
36.999212598425174
 20
51.582118364236635
 10
42.999212598425174
 20
51.582118364236635
  0
LWPOLYLINE
  5
44a
330
1F
100
AcDbEntity
  8
TopSilkLayer
100
AcDbPolyline
 90
4
 70
 1
 43
0.2 
 10
23.31417322834659
 20
72.41016002031995
 10
23.31417322834659
 20
74.91018542037091
 10
17.314173228346363
 20
74.91018542037091
 10
17.314173228346363
 20
72.41016002031995
 10
23.31417322834659
 20
72.41016002031995
  0
LWPOLYLINE
  5
44b
330
1F
100
AcDbEntity
  8
TopSilkLayer
100
AcDbPolyline
 90
4
 70
 1
 43
0.2 
 10
23.314097028194055
 20
67.07614935229867
 10
23.314097028194055
 20
69.57617475234952
 10
17.314097028194055
 20
69.57617475234952
 10
17.314097028194055
 20
67.07614935229867
 10
23.314097028194055
 20
67.07614935229867
  0
LWPOLYLINE
  5
44c
330
1F
100
AcDbEntity
  8
TopSilkLayer
100
AcDbPolyline
 90
4
 70
 1
 43
0.2 
 10
23.31417322834659
 20
61.74213868427728
 10
23.31417322834659
 20
64.24216408432824
 10
17.314173228346363
 20
64.24216408432824
 10
17.314173228346363
 20
61.74213868427728
 10
23.31417322834659
 20
61.74213868427728
  0
LWPOLYLINE
  5
44d
330
1F
100
AcDbEntity
  8
TopSilkLayer
100
AcDbPolyline
 90
4
 70
 1
 43
0.2 
 10
55.42598425196843
 20
62.46410972821957
 10
55.42598425196843
 20
59.96408432816861
 10
61.42598425196843
 20
59.96408432816861
 10
61.42598425196843
 20
62.46410972821957
 10
55.42598425196843
 20
62.46410972821957
  0
LWPOLYLINE
  5
44e
330
1F
100
AcDbEntity
  8
TopSilkLayer
100
AcDbPolyline
 90
4
 70
 1
 43
0.2 
 10
55.42598425196843
 20
56.24109728219469
 10
55.42598425196843
 20
53.74107188214373
 10
61.42598425196843
 20
53.74107188214373
 10
61.42598425196843
 20
56.24109728219469
 10
55.42598425196843
 20
56.24109728219469
  0
LWPOLYLINE
  5
44f
330
1F
100
AcDbEntity
  8
TopSilkLayer
100
AcDbPolyline
 90
4
 70
 1
 43
0.20066040132080268 
 10
35.43307086614186
 20
62.73812547625096
 10
29.337058674117316
 20
62.73812547625096
 10
29.337058674117316
 20
60.198120396240824
 10
35.43307086614186
 20
60.198120396240824
 10
35.43307086614186
 20
62.73812547625096
  0
LWPOLYLINE
  5
450
330
1F
100
AcDbEntity
  8
TopSilkLayer
100
AcDbPolyline
 90
6
 70
 1
 43
0.12700025400050802 
 10
2.8229616459233284
 20
52.1531623063247
 10
8.422910845821661
 20
52.1531623063247
 10
9.822961645923215
 20
52.1531623063247
 10
9.822961645923215
 20
59.15316230632459
 10
8.422910845821661
 20
59.15316230632459
 10
2.8229616459233284
 20
59.15316230632459
 10
2.8229616459233284
 20
52.1531623063247
  0
LWPOLYLINE
  5
451
330
1F
100
AcDbEntity
  8
TopSilkLayer
100
AcDbPolyline
 90
1
 70
 0
 43
0.12700025400050802 
 10
8.422910845821661
 20
52.1531623063247
 10
8.422910845821661
 20
59.15316230632459
  0
LWPOLYLINE
  5
452
330
1F
100
AcDbEntity
  8
TopSilkLayer
100
AcDbPolyline
 90
4
 70
 0
 43
0.1 
 10
8.939039878079939
 20
63.46913893827798
 10
8.93827787655573
 20
75.46863093726188
 10
4.239014478029048
 20
75.46913893827787
 10
4.239014478029048
 20
63.46913893827798
 10
8.93827787655573
 20
63.469646939293966
  0
LWPOLYLINE
  5
453
330
1F
100
AcDbEntity
  8
TopSilkLayer
100
AcDbPolyline
 90
3
 70
 0
 43
0.15001270002540007 
 10
19.65303530607048
 20
80.0901447802895
 10
19.613030226060573
 20
80.05016510033022
 10
19.37305054610124
 20
80.05016510033022
 10
18.243078486156946
 20
80.05016510033022
  0
LWPOLYLINE
  5
454
330
1F
100
AcDbEntity
  8
TopSilkLayer
100
AcDbPolyline
 90
1
 70
 0
 43
0.15001270002540007 
 10
20.67307594615204
 20
80.05016510033022
 10
20.67307594615204
 20
80.15019050038109
  0
LWPOLYLINE
  5
455
330
1F
100
AcDbEntity
  8
TopSilkLayer
100
AcDbPolyline
 90
1
 70
 0
 43
0.15001270002540007 
 10
22.143053086106192
 20
80.05016510033022
 10
20.67307594615204
 20
80.05016510033022
  0
LWPOLYLINE
  5
456
330
1F
100
AcDbEntity
  8
TopSilkLayer
100
AcDbPolyline
 90
1
 70
 0
 43
0.15001270002540007 
 10
22.143053086106192
 20
85.05016510033022
 10
18.243078486156946
 20
85.05016510033022
  0
LWPOLYLINE
  5
457
330
1F
100
AcDbEntity
  8
TopSilkLayer
100
AcDbPolyline
 90
1
 70
 0
 43
0.15001270002540007 
 10
18.243078486156946
 20
80.05016510033022
 10
18.243078486156946
 20
85.05016510033022
  0
LWPOLYLINE
  5
458
330
1F
100
AcDbEntity
  8
TopSilkLayer
100
AcDbPolyline
 90
1
 70
 0
 43
0.15001270002540007 
 10
22.143053086106192
 20
80.05016510033022
 10
22.143053086106192
 20
85.05016510033022
  0
LWPOLYLINE
  5
459
330
1F
100
AcDbEntity
  8
TopSilkLayer
100
AcDbPolyline
 90
4
 70
 1
 43
0.25400050800101603 
 10
76.58115316230646
 20
46.86309372618746
 10
82.93116586233168
 20
46.86309372618746
 10
82.93116586233168
 20
39.37007874015751
 10
76.58115316230646
 20
39.37007874015751
 10
76.58115316230646
 20
46.86309372618746
  0
LWPOLYLINE
  5
45a
330
1F
100
AcDbEntity
  8
TopSilkLayer
100
AcDbPolyline
 90
5
 70
 0
 43
0.25400050800101603 
 10
82.93116586233168
 20
41.78308356616719
 10
88.64617729235465
 20
41.78308356616719
 10
88.64617729235465
 20
84.9631699263399
 10
70.8661417322835
 20
84.9631699263399
 10
70.8661417322835
 20
41.78308356616719
 10
76.58115316230646
 20
41.78308356616719
  0
LWPOLYLINE
  5
45b
330
1F
100
AcDbEntity
  8
TopSilkLayer
100
AcDbPolyline
 90
4
 70
 1
 43
0.25400050800101603 
 10
56.83413766827539
 20
84.973075946152
 10
68.1341122682245
 20
84.973075946152
 10
68.1341122682245
 20
67.17297434594877
 10
56.83413766827539
 20
67.17297434594877
 10
56.83413766827539
 20
84.973075946152
  0
LWPOLYLINE
  5
45c
330
1F
100
AcDbEntity
  8
TopSilkLayer
100
AcDbPolyline
 90
4
 70
 1
 43
0.25400050800101603 
 10
58.54711709423418
 20
80.51816103632211
 10
63.62712725425445
 20
80.51816103632211
 10
63.62712725425445
 20
75.81915163830331
 10
58.54711709423418
 20
75.81915163830331
 10
58.54711709423418
 20
80.51816103632211
  0
LWPOLYLINE
  5
45d
330
1F
100
AcDbEntity
  8
TopSilkLayer
100
AcDbPolyline
 90
4
 70
 1
 43
0.25400050800101603 
 10
64.77012954025918
 20
78.61315722631446
 10
67.31013462026931
 20
78.61315722631446
 10
67.31013462026931
 20
77.47015494030995
 10
64.77012954025918
 20
77.47015494030995
 10
64.77012954025918
 20
78.61315722631446
  0
LWPOLYLINE
  5
45e
330
1F
100
AcDbEntity
  8
TopSilkLayer
100
AcDbPolyline
 90
4
 70
 1
 43
0.25400050800101603 
 10
64.77012954025918
 20
76.7081534163068
 10
67.31013462026931
 20
76.7081534163068
 10
67.31013462026931
 20
75.5651511303023
 10
64.77012954025918
 20
75.5651511303023
 10
64.77012954025918
 20
76.7081534163068
  0
LWPOLYLINE
  5
45f
330
1F
100
AcDbEntity
  8
TopSilkLayer
100
AcDbPolyline
 90
4
 70
 1
 43
0.25400050800101603 
 10
59.94411988823981
 20
74.80314960629926
 10
62.230124460249044
 20
74.80314960629926
 10
62.230124460249044
 20
73.53314706629419
 10
59.94411988823981
 20
73.53314706629419
 10
59.94411988823981
 20
74.80314960629926
  0
LWPOLYLINE
  5
460
330
1F
100
AcDbEntity
  8
TopSilkLayer
100
AcDbPolyline
 90
4
 70
 1
 43
0.25400050800101603 
 10
28.57505715011439
 20
84.9631699263399
 10
53.824993649987164
 20
84.9631699263399
 10
53.824993649987164
 20
67.7132334264669
 10
28.57505715011439
 20
67.7132334264669
 10
28.57505715011439
 20
84.9631699263399
  0
LWPOLYLINE
  5
461
330
1F
100
AcDbEntity
  8
TopSilkLayer
100
AcDbPolyline
 90
13
 70
 0
 43
0.12700025400050802 
 10
11.560833121666292
 20
81.02616205232414
 10
11.560833121666292
 20
81.92534925069856
 10
10.961391922783832
 20
81.92534925069856
 10
10.961391922783832
 20
81.02616205232414
 10
11.560833121666292
 20
81.02616205232414
 10
11.560833121666292
 20
79.6266446532893
 10
9.01066802133596
 20
79.6266446532893
 10
8.21310642621279
 20
79.6266446532893
 10
5.662941325882684
 20
79.6266446532893
 10
5.662941325882684
 20
81.02616205232414
 10
5.662941325882684
 20
81.92534925069856
 10
6.262382524765144
 20
81.92534925069856
 10
6.262382524765144
 20
81.02616205232414
 10
5.662941325882684
 20
81.02616205232414
  0
LWPOLYLINE
  5
462
330
1F
100
AcDbEntity
  8
TopSilkLayer
100
AcDbPolyline
 90
3
 70
 0
 43
0.12700025400050802 
 10
6.262382524765144
 20
81.02616205232414
 10
6.262382524765144
 20
80.22613665227334
 10
8.21310642621279
 20
80.22613665227334
 10
8.21310642621279
 20
79.6266446532893
  0
LWPOLYLINE
  5
463
330
1F
100
AcDbEntity
  8
TopSilkLayer
100
AcDbPolyline
 90
3
 70
 0
 43
0.12700025400050802 
 10
10.961391922783832
 20
81.02616205232414
 10
10.961391922783832
 20
80.22613665227334
 10
9.01066802133596
 20
80.22613665227334
 10
9.01066802133596
 20
79.6266446532893
  0
LWPOLYLINE
  5
464
330
1F
100
AcDbEntity
  8
TopSilkLayer
100
AcDbPolyline
 90
1
 70
 0
 43
0.25400050800101603 
 10
44.14399288798586
 20
60.34925069850135
 10
40.18417576835168
 20
60.34925069850135
  0
LWPOLYLINE
  5
465
330
1F
100
AcDbEntity
  8
TopSilkLayer
100
AcDbPolyline
 90
1
 70
 0
 43
0.25400050800101603 
 10
2.884023368046769
 20
47.48008636017266
 10
6.9160274320547614
 20
47.48008636017266
  0
LWPOLYLINE
  5
466
330
1F
100
AcDbEntity
  8
TopSilkLayer
100
AcDbPolyline
 90
1
 70
 0
 43
0.2 
 10
6.814960629921188
 20
47.50911861823727
 10
7.985140970281918
 20
47.50510541021083
  0
LWPOLYLINE
  5
467
330
1F
100
AcDbEntity
  8
TopSilkLayer
100
AcDbPolyline
 90
1
 70
 0
 43
0.2 
 10
6.919532639065437
 20
40.39794259588518
 10
7.8644907289815364
 20
40.39796799593603
  0
LWPOLYLINE
  5
468
330
1F
100
AcDbEntity
  8
TopSilkLayer
100
AcDbPolyline
 90
1
 70
 0
 43
0.25400050800101603 
 10
8.365024130048369
 20
45.14909829819658
 10
8.365024130048369
 20
47.48008636017266
  0
LWPOLYLINE
  5
469
330
1F
100
AcDbEntity
  8
TopSilkLayer
100
AcDbPolyline
 90
1
 70
 0
 43
0.25400050800101603 
 10
8.368021336042602
 20
40.427101854203784
 10
8.368021336042602
 20
42.7040894081789
  0
LWPOLYLINE
  5
46a
330
1F
100
AcDbEntity
  8
TopSilkLayer
100
AcDbPolyline
 90
1
 70
 0
 43
0.2 
 10
7.981000762001486
 20
42.75509271018541
 10
8.005003810007565
 20
45.113081026162035
  0
LWPOLYLINE
  5
46b
330
1F
100
AcDbEntity
  8
TopSilkLayer
100
AcDbPolyline
 90
2
 70
 0
 43
0.2 
 10
8.005003810007565
 20
45.113081026162035
 10
8.368935737871425
 20
45.113081026162035
 10
8.371856743713579
 20
45.11605283210565
  0
LWPOLYLINE
  5
46c
330
1F
100
AcDbEntity
  8
TopSilkLayer
100
AcDbPolyline
 90
1
 70
 0
 43
0.2 
 10
8.365024130048369
 20
42.75509271018541
 10
7.981000762001486
 20
42.75509271018541
  0
LWPOLYLINE
  5
46d
330
1F
100
AcDbEntity
  8
TopSilkLayer
100
AcDbPolyline
 90
1
 70
 0
 43
0.25400050800101603 
 10
8.365049530098986
 20
47.48011176022351
 10
7.860960121920243
 20
47.48011176022351
  0
LWPOLYLINE
  5
46e
330
1F
100
AcDbEntity
  8
TopSilkLayer
100
AcDbPolyline
 90
1
 70
 0
 43
0.25400050800101603 
 10
2.8839979679959242
 20
40.42410464820932
 10
2.884023368046769
 20
47.48008636017266
  0
LWPOLYLINE
  5
46f
330
1F
100
AcDbEntity
  8
TopSilkLayer
100
AcDbPolyline
 90
1
 70
 0
 43
0.25400050800101603 
 10
7.861010922021933
 20
40.42407924815859
 10
8.365100330200676
 20
40.42407924815859
  0
LWPOLYLINE
  5
470
330
1F
100
AcDbEntity
  8
TopSilkLayer
100
AcDbPolyline
 90
1
 70
 0
 43
0.25400050800101603 
 10
6.915976631953299
 20
40.42407924815859
 10
2.884023368046769
 20
40.42407924815859
  0
LWPOLYLINE
  5
471
330
1F
100
AcDbEntity
  8
TopSilkLayer
100
AcDbPolyline
 90
5
 70
 1
 43
0.25400050800101603 
 10
17.860020320040576
 20
46.442214884429745
 10
17.860629921259942
 20
41.44208788417575
 10
26.85991871983765
 20
41.44208788417575
 10
26.85991871983765
 20
46.443332486664985
 10
17.860629921259942
 20
46.443332486664985
 10
17.860020320040576
 20
46.442214884429745
  0
LWPOLYLINE
  5
472
330
1F
100
AcDbEntity
  8
TopSilkLayer
100
AcDbPolyline
 90
4
 70
 1
 43
0.25400050800101603 
 10
25.360172720345417
 20
46.441960883921865
 10
26.860299720599414
 20
46.441960883921865
 10
26.860299720599414
 20
41.441960883921865
 10
25.360172720345417
 20
41.441960883921865
 10
25.360172720345417
 20
46.441960883921865
  0
LWPOLYLINE
  5
473
330
1F
100
AcDbEntity
  8
TopSilkLayer
100
AcDbPolyline
 90
5
 70
 1
 43
0.25400050800101603 
 10
17.606019812039676
 20
55.20523241046476
 10
17.606629413258815
 20
50.20510541021076
 10
26.605918211836524
 20
50.20510541021076
 10
26.605918211836524
 20
55.20635001270011
 10
17.606629413258815
 20
55.20635001270011
 10
17.606019812039676
 20
55.20523241046476
  0
LWPOLYLINE
  5
474
330
1F
100
AcDbEntity
  8
TopSilkLayer
100
AcDbPolyline
 90
4
 70
 1
 43
0.25400050800101603 
 10
25.106172212344518
 20
55.20497840995688
 10
26.606299212598287
 20
55.20497840995688
 10
26.606299212598287
 20
50.20497840995688
 10
25.106172212344518
 20
50.20497840995688
 10
25.106172212344518
 20
55.20497840995688
  0
LWPOLYLINE
  5
475
330
1F
100
AcDbEntity
  8
TopSilkLayer
100
AcDbPolyline
 90
4
 70
 1
 43
0.25400050800101603 
 10
34.79806959613916
 20
47.49809499619005
 10
44.958089916179915
 20
47.49809499619005
 10
44.958089916179915
 20
41.402082804165616
 10
34.79806959613916
 20
41.402082804165616
 10
34.79806959613916
 20
47.49809499619005
  0
LWPOLYLINE
  5
476
330
1F
100
AcDbEntity
  8
TopSilkLayer
100
AcDbPolyline
 90
4
 70
 1
 43
0.25400050800101603 
 10
36.576073152146364
 20
42.037084074168206
 10
38.100076200152444
 20
42.037084074168206
 10
38.100076200152444
 20
41.402082804165616
 10
36.576073152146364
 20
41.402082804165616
 10
36.576073152146364
 20
42.037084074168206
  0
LWPOLYLINE
  5
477
330
1F
100
AcDbEntity
  8
TopSilkLayer
100
AcDbPolyline
 90
4
 70
 1
 43
0.25400050800101603 
 10
41.65608331216663
 20
42.037084074168206
 10
43.18008636017271
 20
42.037084074168206
 10
43.18008636017271
 20
41.402082804165616
 10
41.65608331216663
 20
41.402082804165616
 10
41.65608331216663
 20
42.037084074168206
  0
LWPOLYLINE
  5
478
330
1F
100
AcDbEntity
  8
TopSilkLayer
100
AcDbPolyline
 90
6
 70
 1
 43
0.20320040640081283 
 10
11.55702311404616
 20
29.083058166116302
 10
11.55702311404616
 20
27.17805435610876
 10
11.55702311404616
 20
3.683007366014749
 10
6.477012954025895
 20
3.683007366014749
 10
6.477012954025895
 20
27.17805435610876
 10
6.477012954025895
 20
29.083058166116302
 10
11.55702311404616
 20
29.083058166116302
  0
ARC
  5
479
330
1F
100
AcDbEntity
  8
BoardOutLine
100
AcDbCircle
 10
91.00000000000023
 20
85.00000000000011
 30
0.0
 40
3.0000000000000004
100
AcDbArc
 50
359.99999999999926
 51
90
  0
ARC
  5
47a
330
1F
100
AcDbEntity
  8
BoardOutLine
100
AcDbCircle
 10
91.00000000000023
 20
2.9999999999998863
 30
0.0
 40
3.0000000000000004
100
AcDbArc
 50
270
 51
0
  0
ARC
  5
47b
330
1F
100
AcDbEntity
  8
BoardOutLine
100
AcDbCircle
 10
3
 20
2.9999999999998863
 30
0.0
 40
3.0000000000000004
100
AcDbArc
 50
179.9999999999993
 51
270
  0
ARC
  5
47c
330
1F
100
AcDbEntity
  8
BoardOutLine
100
AcDbCircle
 10
3
 20
85.00000000000011
 30
0.0
 40
3.0000000000000004
100
AcDbArc
 50
90
 51
180
  0
ARC
  5
47d
330
1F
100
AcDbEntity
  8
TopSilkLayer
100
AcDbCircle
 10
20.149113030459375
 20
80.13409753596159
 30
0.0
 40
0.4980187960375922
100
AcDbArc
 50
84.93969486264105
 51
185.06030513734672
  0
ARC
  5
47e
330
1F
100
AcDbEntity
  8
TopSilkLayer
100
AcDbCircle
 10
20.19304038608084
 20
80.15016510033024
 30
0.0
 40
0.4800101600203201
100
AcDbArc
 50
0
 51
90
  0
ARC
  5
47f
330
1F
100
AcDbEntity
  8
TopSilkLayer
100
AcDbCircle
 10
42.164084328168656
 20
61.8463808268815
 30
0.0
 40
2.4840233680467363
100
AcDbArc
 50
322.899496985285
 51
217.10050301471497
0
TEXT
5
902
100
AcDbEntity
8
TopSilkLayer
7
NotoSansCJKsc-DemiLight
461
1.25
100
AcDbText
10
9.525019050038054
20
74.16814833629667
30
0
40
1.25
1
GND\nD+\nD-\nCC2\nCC1\nVCC
50
0
71
1
100
AcDbText
0
TEXT
5
903
100
AcDbEntity
8
TopSilkLayer
7

461
2.0320040640081283
100
AcDbText
10
12.065024130048187
20
53.08610617221234
30
0
40
2.0320040640081283
1
- +
50
90
71
1
100
AcDbText
0
TEXT
5
904
100
AcDbEntity
8
TopSilkLayer
7

461
1.5000000000000002
100
AcDbText
10
5.080010160020265
20
27.559055118110223
30
0
40
1.5000000000000002
1
1
50
90
71
1
100
AcDbText
0
TEXT
5
905
100
AcDbEntity
8
TopSilkLayer
7
NotoSerifCJKsc-Medium
461
2.0320040640081283
100
AcDbText
10
67.56413512827021
20
2.667005334010696
30
0
40
2.0320040640081283
1
SM AP Display
50
0
71
1
100
AcDbText
0
TEXT
5
906
100
AcDbEntity
8
TopSilkLayer
7
NotoSerifCJKsc-Medium
461
2.0320040640081283
100
AcDbText
10
71.37414274828552
20
5.969011938023868
30
0
40
2.0320040640081283
1
Rev 2.2
50
0
71
1
100
AcDbText
0
TEXT
5
907
100
AcDbEntity
8
TopSilkLayer
7

461
2.0320040640081283
100
AcDbText
10
11.049022098044134
20
41.52908305816618
30
0
40
2.0320040640081283
1
+ -
50
90
71
1
100
AcDbText
0
TEXT
5
908
100
AcDbEntity
8
TopSilkLayer
7
NotoSansCJKsc-DemiLight
461
2.0320040640081283
100
AcDbText
10
36.32207264414524
20
38.73507747015492
30
0
40
2.0320040640081283
1
D- D+ G
50
0
71
1
100
AcDbText
0
TEXT
5
909
100
AcDbEntity
8
TopSilkLayer
7
NotoSansCJKsc-DemiLight
461
1.5000000000000002
100
AcDbText
10
34.925069850139835
20
36.703073406146814
30
0
40
1.5000000000000002
1
Blue Green Black
50
0
71
1
100
AcDbText
0
TEXT
5
90a
100
AcDbEntity
8
TopSilkLayer
7

461
1.5000000000000002
100
AcDbText
10
6.350012700025445
20
84.0741681483363
30
0
40
1.5000000000000002
1
-  +
50
0
71
1
100
AcDbText
0
TEXT
5
90b
100
AcDbEntity
8
TopSilkLayer
7

461
1.143002286004572
100
AcDbText
10
57.16179832359671
20
48.133096266192524
30
0
40
1.143002286004572
1
10k
50
0
71
1
100
AcDbText
0
TEXT
5
90c
100
AcDbEntity
8
TopSilkLayer
7

461
1.143002286004572
100
AcDbText
10
53.0977901955805
20
50.80010160020322
30
0
40
1.143002286004572
1
BATTERY_R1
50
0
71
1
100
AcDbText
0
TEXT
5
90d
100
AcDbEntity
8
TopSilkLayer
7

461
1.143002286004572
100
AcDbText
10
57.403098806197704
20
42.03810007620018
30
0
40
1.143002286004572
1
12k
50
0
71
1
100
AcDbText
0
TEXT
5
90e
100
AcDbEntity
8
TopSilkLayer
7

461
1.143002286004572
100
AcDbText
10
53.212090424180815
20
44.959105918211776
30
0
40
1.143002286004572
1
BATTERY_R2
50
0
71
1
100
AcDbText
0
TEXT
5
90f
100
AcDbEntity
8
TopSilkLayer
7

461
1.143002286004572
100
AcDbText
10
38.98806197612407
20
52.325120650241274
30
0
40
1.143002286004572
1
1k
50
0
71
1
100
AcDbText
0
TEXT
5
910
100
AcDbEntity
8
TopSilkLayer
7

461
1.143002286004572
100
AcDbText
10
35.30505461010921
20
54.99212598425197
30
0
40
1.143002286004572
1
BUZZER-R1
50
0
71
1
100
AcDbText
0
TEXT
5
911
100
AcDbEntity
8
TopSilkLayer
7

461
1.143002286004572
100
AcDbText
10
18.92303784607566
20
73.02514605029216
30
0
40
1.143002286004572
1
56K
50
0
71
1
100
AcDbText
0
TEXT
5
912
100
AcDbEntity
8
TopSilkLayer
7

461
1.143002286004572
100
AcDbText
10
17.52603505207003
20
75.5651511303023
30
0
40
1.143002286004572
1
CFG-R
50
0
71
1
100
AcDbText
0
TEXT
5
913
100
AcDbEntity
8
TopSilkLayer
7

461
1.143002286004572
100
AcDbText
10
19.049022098044134
20
67.69215138430275
30
0
40
1.143002286004572
1
10k
50
0
71
1
100
AcDbText
0
TEXT
5
914
100
AcDbEntity
8
TopSilkLayer
7

461
1.143002286004572
100
AcDbText
10
16.890017780035578
20
70.23215646431288
30
0
40
1.143002286004572
1
VBUS_R
50
0
71
1
100
AcDbText
0
TEXT
5
915
100
AcDbEntity
8
TopSilkLayer
7

461
1.143002286004572
100
AcDbText
10
19.68503937007881
20
62.357124714249494
30
0
40
1.143002286004572
1
1k
50
0
71
1
100
AcDbText
0
TEXT
5
916
100
AcDbEntity
8
TopSilkLayer
7

461
1.143002286004572
100
AcDbText
10
17.39903479806958
20
64.77012954025906
30
0
40
1.143002286004572
1
VDD-R
50
0
71
1
100
AcDbText
0
TEXT
5
917
100
AcDbEntity
8
TopSilkLayer
7

461
1.143002286004572
100
AcDbText
10
57.14909829819658
20
60.58013716027426
30
0
40
1.143002286004572
1
10k
50
0
71
1
100
AcDbText
0
TEXT
5
918
100
AcDbEntity
8
TopSilkLayer
7

461
1.143002286004572
100
AcDbText
10
55.11709423418847
20
63.24714249428496
30
0
40
1.143002286004572
1
V_IN_R1
50
0
71
1
100
AcDbText
0
TEXT
5
919
100
AcDbEntity
8
TopSilkLayer
7

461
1.143002286004572
100
AcDbText
10
57.276098552197254
20
54.484124968249944
30
0
40
1.143002286004572
1
1.8k
50
0
71
1
100
AcDbText
0
TEXT
5
91a
100
AcDbEntity
8
TopSilkLayer
7

461
1.143002286004572
100
AcDbText
10
54.86309372618757
20
56.89712979425963
30
0
40
1.143002286004572
1
V_IN_R2
50
0
71
1
100
AcDbText
0
TEXT
5
91b
100
AcDbEntity
8
TopSilkLayer
7

461
1.143002286004572
100
AcDbText
10
27.813055626111236
20
63.246126492252984
30
0
40
1.143002286004572
1
1uF Ceramic
50
0
71
1
100
AcDbText
0
TEXT
5
91c
100
AcDbEntity
8
TopSilkLayer
7

461
1.143002286004572
100
AcDbText
10
2.1590043180086695
20
53.97510795021594
30
0
40
1.143002286004572
1
12 V
50
90
71
1
100
AcDbText
0
TEXT
5
91d
100
AcDbEntity
8
TopSilkLayer
7

461
1.143002286004572
100
AcDbText
10
3.302006604013286
20
68.32613665227336
30
0
40
1.143002286004572
1
USB
50
90
71
1
100
AcDbText
0
TEXT
5
91e
100
AcDbEntity
8
TopSilkLayer
7

461
1.143002286004572
100
AcDbText
10
16.1521463042925
20
82.48006096012193
30
0
40
1.143002286004572
1
U2
50
90
71
1
100
AcDbText
0
TEXT
5
91f
100
AcDbEntity
8
TopSilkLayer
7

461
1.143002286004572
100
AcDbText
10
71.50114300228597
20
85.97917195834395
30
0
40
1.143002286004572
1
Arduino Nano ESP32
50
0
71
1
100
AcDbText
0
TEXT
5
920
100
AcDbEntity
8
TopSilkLayer
7

461
1.3000000000000003
100
AcDbText
10
73.40614681229363
20
81.15316230632459
30
0
40
1.3000000000000003
1
TX1
50
0
71
1
100
AcDbText
0
TEXT
5
921
100
AcDbEntity
8
TopSilkLayer
7

461
1.3000000000000003
100
AcDbText
10
73.53314706629408
20
78.53949707899415
30
0
40
1.3000000000000003
1
RX0
50
0
71
1
100
AcDbText
0
TEXT
5
922
100
AcDbEntity
8
TopSilkLayer
7

461
1.3000000000000003
100
AcDbText
10
73.53314706629408
20
75.99949199898401
30
0
40
1.3000000000000003
1
RST
50
0
71
1
100
AcDbText
0
TEXT
5
923
100
AcDbEntity
8
TopSilkLayer
7

461
1.3000000000000003
100
AcDbText
10
73.40614681229363
20
73.33248666497332
30
0
40
1.3000000000000003
1
GND
50
0
71
1
100
AcDbText
0
TEXT
5
924
100
AcDbEntity
8
TopSilkLayer
7

461
1.3000000000000003
100
AcDbText
10
73.53314706629408
20
70.8661417322835
30
0
40
1.3000000000000003
1
D2
50
0
71
1
100
AcDbText
0
TEXT
5
925
100
AcDbEntity
8
TopSilkLayer
7

461
1.3000000000000003
100
AcDbText
10
73.53314706629408
20
68.32613665227336
30
0
40
1.3000000000000003
1
D3
50
0
71
1
100
AcDbText
0
TEXT
5
926
100
AcDbEntity
8
TopSilkLayer
7

461
1.3000000000000003
100
AcDbText
10
73.53314706629408
20
65.91313182626368
30
0
40
1.3000000000000003
1
D4
50
0
71
1
100
AcDbText
0
TEXT
5
927
100
AcDbEntity
8
TopSilkLayer
7

461
1.3000000000000003
100
AcDbText
10
73.53314706629408
20
63.246126492252984
30
0
40
1.3000000000000003
1
D5
50
0
71
1
100
AcDbText
0
TEXT
5
928
100
AcDbEntity
8
TopSilkLayer
7

461
1.3000000000000003
100
AcDbText
10
73.53314706629408
20
60.70612141224285
30
0
40
1.3000000000000003
1
D6
50
0
71
1
100
AcDbText
0
TEXT
5
929
100
AcDbEntity
8
TopSilkLayer
7

461
1.3000000000000003
100
AcDbText
10
73.53314706629408
20
58.16611633223272
30
0
40
1.3000000000000003
1
D7
50
0
71
1
100
AcDbText
0
TEXT
5
92a
100
AcDbEntity
8
TopSilkLayer
7

461
1.3000000000000003
100
AcDbText
10
73.53314706629408
20
55.62611125222247
30
0
40
1.3000000000000003
1
D8
50
0
71
1
100
AcDbText
0
TEXT
5
92b
100
AcDbEntity
8
TopSilkLayer
7

461
1.3000000000000003
100
AcDbText
10
73.53314706629408
20
53.08610617221234
30
0
40
1.3000000000000003
1
D9
50
0
71
1
100
AcDbText
0
TEXT
5
92c
100
AcDbEntity
8
TopSilkLayer
7

461
1.3000000000000003
100
AcDbText
10
73.53314706629408
20
50.54610109220221
30
0
40
1.3000000000000003
1
D10
50
0
71
1
100
AcDbText
0
TEXT
5
92d
100
AcDbEntity
8
TopSilkLayer
7

461
1.3000000000000003
100
AcDbText
10
73.53314706629408
20
48.133096266192524
30
0
40
1.3000000000000003
1
D11
50
0
71
1
100
AcDbText
0
TEXT
5
92e
100
AcDbEntity
8
TopSilkLayer
7

461
1.3000000000000003
100
AcDbText
10
73.53314706629408
20
45.46609093218183
30
0
40
1.3000000000000003
1
D12
50
0
71
1
100
AcDbText
0
TEXT
5
92f
100
AcDbEntity
8
TopSilkLayer
7

461
1.3000000000000003
100
AcDbText
10
83.43916687833371
20
45.46609093218183
30
0
40
1.3000000000000003
1
D13
50
0
71
1
100
AcDbText
0
TEXT
5
930
100
AcDbEntity
8
TopSilkLayer
7

461
1.3000000000000003
100
AcDbText
10
82.80416560833123
20
47.93243586487176
30
0
40
1.3000000000000003
1
3V3
50
0
71
1
100
AcDbText
0
TEXT
5
931
100
AcDbEntity
8
TopSilkLayer
7

461
1.3000000000000003
100
AcDbText
10
81.78816357632718
20
50.472440944881896
30
0
40
1.3000000000000003
1
AREF
50
0
71
1
100
AcDbText
0
TEXT
5
932
100
AcDbEntity
8
TopSilkLayer
7

461
1.3000000000000003
100
AcDbText
10
81.53416306832605
20
53.13944627889259
30
0
40
1.3000000000000003
1
ADC0
50
0
71
1
100
AcDbText
0
TEXT
5
933
100
AcDbEntity
8
TopSilkLayer
7

461
1.3000000000000003
100
AcDbText
10
81.53416306832605
20
55.62611125222247
30
0
40
1.3000000000000003
1
ADC1
50
0
71
1
100
AcDbText
0
TEXT
5
934
100
AcDbEntity
8
TopSilkLayer
7

461
1.3000000000000003
100
AcDbText
10
81.53416306832605
20
58.16611633223272
30
0
40
1.3000000000000003
1
ADC2
50
0
71
1
100
AcDbText
0
TEXT
5
935
100
AcDbEntity
8
TopSilkLayer
7

461
1.3000000000000003
100
AcDbText
10
81.53416306832605
20
60.70612141224285
30
0
40
1.3000000000000003
1
ADC3
50
0
71
1
100
AcDbText
0
TEXT
5
936
100
AcDbEntity
8
TopSilkLayer
7

461
1.3000000000000003
100
AcDbText
10
81.53416306832605
20
63.246126492252984
30
0
40
1.3000000000000003
1
ADC4
50
0
71
1
100
AcDbText
0
TEXT
5
937
100
AcDbEntity
8
TopSilkLayer
7

461
1.3000000000000003
100
AcDbText
10
81.53416306832605
20
65.78613157226312
30
0
40
1.3000000000000003
1
ADC5
50
0
71
1
100
AcDbText
0
TEXT
5
938
100
AcDbEntity
8
TopSilkLayer
7

461
1.3000000000000003
100
AcDbText
10
81.53416306832605
20
68.32613665227336
30
0
40
1.3000000000000003
1
ADC6
50
0
71
1
100
AcDbText
0
TEXT
5
939
100
AcDbEntity
8
TopSilkLayer
7

461
1.3000000000000003
100
AcDbText
10
81.4071628143256
20
70.8661417322835
30
0
40
1.3000000000000003
1
ADC7
50
0
71
1
100
AcDbText
0
TEXT
5
93a
100
AcDbEntity
8
TopSilkLayer
7

461
1.3000000000000003
100
AcDbText
10
83.94716789433573
20
73.45948691897388
30
0
40
1.3000000000000003
1
5V
50
0
71
1
100
AcDbText
0
TEXT
5
93b
100
AcDbEntity
8
TopSilkLayer
7

461
1.3000000000000003
100
AcDbText
10
83.56616713233439
20
81.07950215900439
30
0
40
1.3000000000000003
1
VIN
50
0
71
1
100
AcDbText
0
TEXT
5
93c
100
AcDbEntity
8
TopSilkLayer
7

461
1.3000000000000003
100
AcDbText
10
82.80416560833123
20
75.94615189230376
30
0
40
1.3000000000000003
1
RST
50
0
71
1
100
AcDbText
0
TEXT
5
93d
100
AcDbEntity
8
TopSilkLayer
7

461
1.3000000000000003
100
AcDbText
10
82.80416560833123
20
78.486156972314
30
0
40
1.3000000000000003
1
GND
50
0
71
1
100
AcDbText
0
TEXT
5
93e
100
AcDbEntity
8
TopSilkLayer
7

461
1.143002286004572
100
AcDbText
10
55.118110236220446
20
85.97917195834395
30
0
40
1.143002286004572
1
Adafruit MiniBoost
50
0
71
1
100
AcDbText
0
TEXT
5
93f
100
AcDbEntity
8
TopSilkLayer
7

461
1.143002286004572
100
AcDbText
10
58.67411734823463
20
82.05207010414028
30
0
40
1.143002286004572
1
TPS61023
50
0
71
1
100
AcDbText
0
TEXT
5
940
100
AcDbEntity
8
TopSilkLayer
7

461
1.143002286004572
100
AcDbText
10
35.68707137414276
20
86.36017272034542
30
0
40
1.143002286004572
1
TP5100 Module
50
0
71
1
100
AcDbText
0
TEXT
5
941
100
AcDbEntity
8
TopSilkLayer
7

461
1
100
AcDbText
10
45.87452374904751
20
76.81661163322337
30
0
40
1
1
STDBY
50
0
71
1
100
AcDbText
0
TEXT
5
942
100
AcDbEntity
8
TopSilkLayer
7

461
2
100
AcDbText
10
32.76606553213105
20
74.6761493522987
30
0
40
2
1
TP5100
50
0
71
1
100
AcDbText
0
TEXT
5
943
100
AcDbEntity
8
TopSilkLayer
7

461
1.5000000000000002
100
AcDbText
10
40.176276352552804
20
79.77241554483112
30
0
40
1.5000000000000002
1
IN 5..15v
50
0
71
1
100
AcDbText
0
TEXT
5
944
100
AcDbEntity
8
TopSilkLayer
7

461
1
100
AcDbText
10
45.8750317500635
20
74.66319532639068
30
0
40
1
1
LED+
50
0
71
1
100
AcDbText
0
TEXT
5
945
100
AcDbEntity
8
TopSilkLayer
7

461
1
100
AcDbText
10
45.8750317500635
20
72.26314452628912
30
0
40
1
1
CHRG
50
0
71
1
100
AcDbText
0
TEXT
5
946
100
AcDbEntity
8
TopSilkLayer
7

461
1.5000000000000002
100
AcDbText
10
47.375158750317496
20
83.24460248920502
30
0
40
1.5000000000000002
1
IN+
50
0
71
1
100
AcDbText
0
TEXT
5
947
100
AcDbEntity
8
TopSilkLayer
7

461
1.5000000000000002
100
AcDbText
10
32.07493014986039
20
83.24612649225298
30
0
40
1.5000000000000002
1
BAT+
50
0
71
1
100
AcDbText
0
TEXT
5
948
100
AcDbEntity
8
TopSilkLayer
7

461
1.5000000000000002
100
AcDbText
10
32.07391414782819
20
68.9446278892558
30
0
40
1.5000000000000002
1
BAT-
50
0
71
1
100
AcDbText
0
TEXT
5
949
100
AcDbEntity
8
TopSilkLayer
7

461
1.5000000000000002
100
AcDbText
10
47.37566675133348
20
68.9446278892558
30
0
40
1.5000000000000002
1
IN-
50
0
71
1
100
AcDbText
0
TEXT
5
94a
100
AcDbEntity
8
TopSilkLayer
7

461
1.143002286004572
100
AcDbText
10
6.604013208026345
20
76.96215392430781
30
0
40
1.143002286004572
1
BATT
50
0
71
1
100
AcDbText
0
TEXT
5
94b
100
AcDbEntity
8
TopSilkLayer
7

461
1.143002286004572
100
AcDbText
10
38.98907797815605
20
58.039116078232155
30
0
40
1.143002286004572
1
2N2222
50
0
71
1
100
AcDbText
0
TEXT
5
94c
100
AcDbEntity
8
TopSilkLayer
7

461
1.143002286004572
100
AcDbText
10
2.0998221996443363
20
41.85445770891545
30
0
40
1.143002286004572
1
Buzzer
50
90
71
1
100
AcDbText
0
TEXT
5
94d
100
AcDbEntity
8
Document
7

461
1
100
AcDbText
10
4.699009398018916
20
45.46609093218183
30
0
40
1
1
2P
50
90
71
1
100
AcDbText
0
TEXT
5
94e
100
AcDbEntity
8
TopSilkLayer
7

461
1.143002286004572
100
AcDbText
10
19.304038608077235
20
43.561087122174285
30
0
40
1.143002286004572
1
IN5817
50
0
71
1
100
AcDbText
0
TEXT
5
94f
100
AcDbEntity
8
TopSilkLayer
7

461
1.143002286004572
100
AcDbText
10
15.74803149606305
20
47.371094742189484
30
0
40
1.143002286004572
1
USB_V_IN_DIODE
50
0
71
1
100
AcDbText
0
TEXT
5
950
100
AcDbEntity
8
TopSilkLayer
7

461
1.143002286004572
100
AcDbText
10
19.177038354076785
20
52.45110490220986
30
0
40
1.143002286004572
1
IN5817
50
0
71
1
100
AcDbText
0
TEXT
5
951
100
AcDbEntity
8
TopSilkLayer
7

461
1.143002286004572
100
AcDbText
10
17.018034036068002
20
56.00711201422405
30
0
40
1.143002286004572
1
V_IN_DIODE1
50
0
71
1
100
AcDbText
0
TEXT
5
952
100
AcDbEntity
8
TopSilkLayer
7

461
1.143002286004572
100
AcDbText
10
35.306070612141184
20
48.38709677419354
30
0
40
1.143002286004572
1
Arduino USB
50
0
71
1
100
AcDbText
0
TEXT
5
953
100
AcDbEntity
8
TopSilkLayer
7

461
1.143002286004572
100
AcDbText
10
4.191008382016889
20
12.19202438404875
30
0
40
1.143002286004572
1
Button Board
50
90
71
1
100
AcDbText
  0
CIRCLE
  5
480
330
1F
100
AcDbEntity
  8
Document
100
AcDbCircle
 10
24.003302006604144
 20
80.39116078232155
 30
0.0
 40
0.15011430022860048
  0
CIRCLE
  5
481
330
1F
100
AcDbEntity
  8
TopSilkLayer
100
AcDbCircle
 10
21.453390906782033
 20
80.63017526035048
 30
0.0
 40
0.28422656845313693
  0
CIRCLE
  5
482
330
1F
100
AcDbEntity
  8
TopSolderMaskLayer
100
AcDbCircle
 10
54.87589535179086
 20
48.76804673609354
 30
0.0
 40
0.4213895164632435
  0
CIRCLE
  5
483
330
1F
100
AcDbEntity
  8
TopSolderMaskLayer
100
AcDbCircle
 10
54.876047752095474
 20
48.768097536195114
 30
0.0
 40
1.0008001016002033
0
HATCH
5
484
100
AcDbEntity
8
TopSolderMaskLayer
100
AcDbHatch
10
0
20
0
30
0
210
0
220
0
230
1
2
SOLID
70
1
71
0
91
1
92
7
72
1
73
1
93
2
10
53.87524765049527
20
48.768097536195114
42
1
10
55.87684785369568
20
48.768097536195114
42
1
97
1
330

75
0
76
1
47
0.8681437583925616
98
1
10
3.629517071192367
20
33.92795499968543
450
0
451
0
460
0
461
0
452
1
462
1
453
2
463
0
63
5
421
255
463
1
63
7
421
16777215
470
LINEAR
1001
ACAD
1010
0
1020
0
1030
0
  0
CIRCLE
  5
485
330
1F
100
AcDbEntity
  8
BottomSolderMaskLayer
100
AcDbCircle
 10
54.87589535179086
 20
48.76804673609354
 30
0.0
 40
0.4213895164632435
  0
CIRCLE
  5
486
330
1F
100
AcDbEntity
  8
BottomSolderMaskLayer
100
AcDbCircle
 10
54.876047752095474
 20
48.768097536195114
 30
0.0
 40
1.0008001016002033
0
HATCH
5
487
100
AcDbEntity
8
BottomSolderMaskLayer
100
AcDbHatch
10
0
20
0
30
0
210
0
220
0
230
1
2
SOLID
70
1
71
0
91
1
92
7
72
1
73
1
93
2
10
53.87524765049527
20
48.768097536195114
42
1
10
55.87684785369568
20
48.768097536195114
42
1
97
1
330

75
0
76
1
47
0.8681437583925616
98
1
10
3.629517071192367
20
33.92795499968543
450
0
451
0
460
0
461
0
452
1
462
1
453
2
463
0
63
5
421
255
463
1
63
7
421
16777215
470
LINEAR
1001
ACAD
1010
0
1020
0
1030
0
  0
CIRCLE
  5
488
330
1F
100
AcDbEntity
  8
Multi-Layer
100
AcDbCircle
 10
54.87589535179086
 20
48.76804673609354
 30
0.0
 40
0.4
  0
CIRCLE
  5
489
330
1F
100
AcDbEntity
  8
Multi-Layer
100
AcDbCircle
 10
54.876047752095474
 20
48.768097536195114
 30
0.0
 40
0.9500000000000001
0
HATCH
5
48a
100
AcDbEntity
8
Multi-Layer
100
AcDbHatch
10
0
20
0
30
0
210
0
220
0
230
1
2
SOLID
70
1
71
0
91
1
92
7
72
1
73
1
93
2
10
53.92604775209547
20
48.768097536195114
42
1
10
55.82604775209548
20
48.768097536195114
42
1
97
1
330

75
0
76
1
47
0.8681437583925616
98
1
10
3.629517071192367
20
33.92795499968543
450
0
451
0
460
0
461
0
452
1
462
1
453
2
463
0
63
5
421
255
463
1
63
7
421
16777215
470
LINEAR
1001
ACAD
1010
0
1020
0
1030
0
  0
CIRCLE
  5
48b
330
1F
100
AcDbEntity
  8
TopSolderMaskLayer
100
AcDbCircle
 10
61.97592075184161
 20
48.76804673609354
 30
0.0
 40
0.4213895164632435
  0
CIRCLE
  5
48c
330
1F
100
AcDbEntity
  8
TopSolderMaskLayer
100
AcDbCircle
 10
61.97612395224792
 20
48.768097536195114
 30
0.0
 40
1.0008001016002033
0
HATCH
5
48d
100
AcDbEntity
8
TopSolderMaskLayer
100
AcDbHatch
10
0
20
0
30
0
210
0
220
0
230
1
2
SOLID
70
1
71
0
91
1
92
7
72
1
73
1
93
2
10
60.97532385064771
20
48.768097536195114
42
1
10
62.97692405384812
20
48.768097536195114
42
1
97
1
330

75
0
76
1
47
0.8681437583925616
98
1
10
3.629517071192367
20
33.92795499968543
450
0
451
0
460
0
461
0
452
1
462
1
453
2
463
0
63
5
421
255
463
1
63
7
421
16777215
470
LINEAR
1001
ACAD
1010
0
1020
0
1030
0
  0
CIRCLE
  5
48e
330
1F
100
AcDbEntity
  8
BottomSolderMaskLayer
100
AcDbCircle
 10
61.97592075184161
 20
48.76804673609354
 30
0.0
 40
0.4213895164632435
  0
CIRCLE
  5
48f
330
1F
100
AcDbEntity
  8
BottomSolderMaskLayer
100
AcDbCircle
 10
61.97612395224792
 20
48.768097536195114
 30
0.0
 40
1.0008001016002033
0
HATCH
5
490
100
AcDbEntity
8
BottomSolderMaskLayer
100
AcDbHatch
10
0
20
0
30
0
210
0
220
0
230
1
2
SOLID
70
1
71
0
91
1
92
7
72
1
73
1
93
2
10
60.97532385064771
20
48.768097536195114
42
1
10
62.97692405384812
20
48.768097536195114
42
1
97
1
330

75
0
76
1
47
0.8681437583925616
98
1
10
3.629517071192367
20
33.92795499968543
450
0
451
0
460
0
461
0
452
1
462
1
453
2
463
0
63
5
421
255
463
1
63
7
421
16777215
470
LINEAR
1001
ACAD
1010
0
1020
0
1030
0
  0
CIRCLE
  5
491
330
1F
100
AcDbEntity
  8
Multi-Layer
100
AcDbCircle
 10
61.97592075184161
 20
48.76804673609354
 30
0.0
 40
0.4
  0
CIRCLE
  5
492
330
1F
100
AcDbEntity
  8
Multi-Layer
100
AcDbCircle
 10
61.97612395224792
 20
48.768097536195114
 30
0.0
 40
0.9500000000000001
0
HATCH
5
493
100
AcDbEntity
8
Multi-Layer
100
AcDbHatch
10
0
20
0
30
0
210
0
220
0
230
1
2
SOLID
70
1
71
0
91
1
92
7
72
1
73
1
93
2
10
61.026123952247914
20
48.768097536195114
42
1
10
62.92612395224792
20
48.768097536195114
42
1
97
1
330

75
0
76
1
47
0.8681437583925616
98
1
10
3.629517071192367
20
33.92795499968543
450
0
451
0
460
0
461
0
452
1
462
1
453
2
463
0
63
5
421
255
463
1
63
7
421
16777215
470
LINEAR
1001
ACAD
1010
0
1020
0
1030
0
  0
CIRCLE
  5
494
330
1F
100
AcDbEntity
  8
TopSolderMaskLayer
100
AcDbCircle
 10
61.97612395224792
 20
42.54508509017023
 30
0.0
 40
0.4213895164632435
  0
CIRCLE
  5
495
330
1F
100
AcDbEntity
  8
TopSolderMaskLayer
100
AcDbCircle
 10
61.97612395224792
 20
42.54508509017023
 30
0.0
 40
1.0008001016002033
0
HATCH
5
496
100
AcDbEntity
8
TopSolderMaskLayer
100
AcDbHatch
10
0
20
0
30
0
210
0
220
0
230
1
2
SOLID
70
1
71
0
91
1
92
7
72
1
73
1
93
2
10
60.97532385064771
20
42.54508509017023
42
1
10
62.97692405384812
20
42.54508509017023
42
1
97
1
330

75
0
76
1
47
0.8681437583925616
98
1
10
3.629517071192367
20
33.92795499968543
450
0
451
0
460
0
461
0
452
1
462
1
453
2
463
0
63
5
421
255
463
1
63
7
421
16777215
470
LINEAR
1001
ACAD
1010
0
1020
0
1030
0
  0
CIRCLE
  5
497
330
1F
100
AcDbEntity
  8
BottomSolderMaskLayer
100
AcDbCircle
 10
61.97612395224792
 20
42.54508509017023
 30
0.0
 40
0.4213895164632435
  0
CIRCLE
  5
498
330
1F
100
AcDbEntity
  8
BottomSolderMaskLayer
100
AcDbCircle
 10
61.97612395224792
 20
42.54508509017023
 30
0.0
 40
1.0008001016002033
0
HATCH
5
499
100
AcDbEntity
8
BottomSolderMaskLayer
100
AcDbHatch
10
0
20
0
30
0
210
0
220
0
230
1
2
SOLID
70
1
71
0
91
1
92
7
72
1
73
1
93
2
10
60.97532385064771
20
42.54508509017023
42
1
10
62.97692405384812
20
42.54508509017023
42
1
97
1
330

75
0
76
1
47
0.8681437583925616
98
1
10
3.629517071192367
20
33.92795499968543
450
0
451
0
460
0
461
0
452
1
462
1
453
2
463
0
63
5
421
255
463
1
63
7
421
16777215
470
LINEAR
1001
ACAD
1010
0
1020
0
1030
0
  0
CIRCLE
  5
49a
330
1F
100
AcDbEntity
  8
Multi-Layer
100
AcDbCircle
 10
61.97612395224792
 20
42.54508509017023
 30
0.0
 40
0.4
  0
CIRCLE
  5
49b
330
1F
100
AcDbEntity
  8
Multi-Layer
100
AcDbCircle
 10
61.97612395224792
 20
42.54508509017023
 30
0.0
 40
0.9500000000000001
0
HATCH
5
49c
100
AcDbEntity
8
Multi-Layer
100
AcDbHatch
10
0
20
0
30
0
210
0
220
0
230
1
2
SOLID
70
1
71
0
91
1
92
7
72
1
73
1
93
2
10
61.026123952247914
20
42.54508509017023
42
1
10
62.92612395224792
20
42.54508509017023
42
1
97
1
330

75
0
76
1
47
0.8681437583925616
98
1
10
3.629517071192367
20
33.92795499968543
450
0
451
0
460
0
461
0
452
1
462
1
453
2
463
0
63
5
421
255
463
1
63
7
421
16777215
470
LINEAR
1001
ACAD
1010
0
1020
0
1030
0
  0
CIRCLE
  5
49d
330
1F
100
AcDbEntity
  8
TopSolderMaskLayer
100
AcDbCircle
 10
54.87609855219716
 20
42.54508509017023
 30
0.0
 40
0.4213895164632435
  0
CIRCLE
  5
49e
330
1F
100
AcDbEntity
  8
TopSolderMaskLayer
100
AcDbCircle
 10
54.876047752095474
 20
42.54508509017023
 30
0.0
 40
1.0008001016002033
0
HATCH
5
49f
100
AcDbEntity
8
TopSolderMaskLayer
100
AcDbHatch
10
0
20
0
30
0
210
0
220
0
230
1
2
SOLID
70
1
71
0
91
1
92
7
72
1
73
1
93
2
10
53.87524765049527
20
42.54508509017023
42
1
10
55.87684785369568
20
42.54508509017023
42
1
97
1
330

75
0
76
1
47
0.8681437583925616
98
1
10
3.629517071192367
20
33.92795499968543
450
0
451
0
460
0
461
0
452
1
462
1
453
2
463
0
63
5
421
255
463
1
63
7
421
16777215
470
LINEAR
1001
ACAD
1010
0
1020
0
1030
0
  0
CIRCLE
  5
4a0
330
1F
100
AcDbEntity
  8
BottomSolderMaskLayer
100
AcDbCircle
 10
54.87609855219716
 20
42.54508509017023
 30
0.0
 40
0.4213895164632435
  0
CIRCLE
  5
4a1
330
1F
100
AcDbEntity
  8
BottomSolderMaskLayer
100
AcDbCircle
 10
54.876047752095474
 20
42.54508509017023
 30
0.0
 40
1.0008001016002033
0
HATCH
5
4a2
100
AcDbEntity
8
BottomSolderMaskLayer
100
AcDbHatch
10
0
20
0
30
0
210
0
220
0
230
1
2
SOLID
70
1
71
0
91
1
92
7
72
1
73
1
93
2
10
53.87524765049527
20
42.54508509017023
42
1
10
55.87684785369568
20
42.54508509017023
42
1
97
1
330

75
0
76
1
47
0.8681437583925616
98
1
10
3.629517071192367
20
33.92795499968543
450
0
451
0
460
0
461
0
452
1
462
1
453
2
463
0
63
5
421
255
463
1
63
7
421
16777215
470
LINEAR
1001
ACAD
1010
0
1020
0
1030
0
  0
CIRCLE
  5
4a3
330
1F
100
AcDbEntity
  8
Multi-Layer
100
AcDbCircle
 10
54.87609855219716
 20
42.54508509017023
 30
0.0
 40
0.4
  0
CIRCLE
  5
4a4
330
1F
100
AcDbEntity
  8
Multi-Layer
100
AcDbCircle
 10
54.876047752095474
 20
42.54508509017023
 30
0.0
 40
0.9500000000000001
0
HATCH
5
4a5
100
AcDbEntity
8
Multi-Layer
100
AcDbHatch
10
0
20
0
30
0
210
0
220
0
230
1
2
SOLID
70
1
71
0
91
1
92
7
72
1
73
1
93
2
10
53.92604775209547
20
42.54508509017023
42
1
10
55.82604775209548
20
42.54508509017023
42
1
97
1
330

75
0
76
1
47
0.8681437583925616
98
1
10
3.629517071192367
20
33.92795499968543
450
0
451
0
460
0
461
0
452
1
462
1
453
2
463
0
63
5
421
255
463
1
63
7
421
16777215
470
LINEAR
1001
ACAD
1010
0
1020
0
1030
0
  0
CIRCLE
  5
4a6
330
1F
100
AcDbEntity
  8
TopSolderMaskLayer
100
AcDbCircle
 10
36.449072898145914
 20
52.832105664211326
 30
0.0
 40
0.4213895164632435
  0
CIRCLE
  5
4a7
330
1F
100
AcDbEntity
  8
TopSolderMaskLayer
100
AcDbCircle
 10
36.449072898145914
 20
52.832105664211326
 30
0.0
 40
1.0008001016002033
0
HATCH
5
4a8
100
AcDbEntity
8
TopSolderMaskLayer
100
AcDbHatch
10
0
20
0
30
0
210
0
220
0
230
1
2
SOLID
70
1
71
0
91
1
92
7
72
1
73
1
93
2
10
35.44827279654571
20
52.832105664211326
42
1
10
37.44987299974612
20
52.832105664211326
42
1
97
1
330

75
0
76
1
47
0.8681437583925616
98
1
10
3.629517071192367
20
33.92795499968543
450
0
451
0
460
0
461
0
452
1
462
1
453
2
463
0
63
5
421
255
463
1
63
7
421
16777215
470
LINEAR
1001
ACAD
1010
0
1020
0
1030
0
  0
CIRCLE
  5
4a9
330
1F
100
AcDbEntity
  8
BottomSolderMaskLayer
100
AcDbCircle
 10
36.449072898145914
 20
52.832105664211326
 30
0.0
 40
0.4213895164632435
  0
CIRCLE
  5
4aa
330
1F
100
AcDbEntity
  8
BottomSolderMaskLayer
100
AcDbCircle
 10
36.449072898145914
 20
52.832105664211326
 30
0.0
 40
1.0008001016002033
0
HATCH
5
4ab
100
AcDbEntity
8
BottomSolderMaskLayer
100
AcDbHatch
10
0
20
0
30
0
210
0
220
0
230
1
2
SOLID
70
1
71
0
91
1
92
7
72
1
73
1
93
2
10
35.44827279654571
20
52.832105664211326
42
1
10
37.44987299974612
20
52.832105664211326
42
1
97
1
330

75
0
76
1
47
0.8681437583925616
98
1
10
3.629517071192367
20
33.92795499968543
450
0
451
0
460
0
461
0
452
1
462
1
453
2
463
0
63
5
421
255
463
1
63
7
421
16777215
470
LINEAR
1001
ACAD
1010
0
1020
0
1030
0
  0
CIRCLE
  5
4ac
330
1F
100
AcDbEntity
  8
Multi-Layer
100
AcDbCircle
 10
36.449072898145914
 20
52.832105664211326
 30
0.0
 40
0.4
  0
CIRCLE
  5
4ad
330
1F
100
AcDbEntity
  8
Multi-Layer
100
AcDbCircle
 10
36.449072898145914
 20
52.832105664211326
 30
0.0
 40
0.9500000000000001
0
HATCH
5
4ae
100
AcDbEntity
8
Multi-Layer
100
AcDbHatch
10
0
20
0
30
0
210
0
220
0
230
1
2
SOLID
70
1
71
0
91
1
92
7
72
1
73
1
93
2
10
35.49907289814591
20
52.832105664211326
42
1
10
37.39907289814592
20
52.832105664211326
42
1
97
1
330

75
0
76
1
47
0.8681437583925616
98
1
10
3.629517071192367
20
33.92795499968543
450
0
451
0
460
0
461
0
452
1
462
1
453
2
463
0
63
5
421
255
463
1
63
7
421
16777215
470
LINEAR
1001
ACAD
1010
0
1020
0
1030
0
  0
CIRCLE
  5
4af
330
1F
100
AcDbEntity
  8
TopSolderMaskLayer
100
AcDbCircle
 10
43.54909829819667
 20
52.832105664211326
 30
0.0
 40
0.4213895164632435
  0
CIRCLE
  5
4b0
330
1F
100
AcDbEntity
  8
TopSolderMaskLayer
100
AcDbCircle
 10
43.54914909829836
 20
52.832105664211326
 30
0.0
 40
1.0008001016002033
0
HATCH
5
4b1
100
AcDbEntity
8
TopSolderMaskLayer
100
AcDbHatch
10
0
20
0
30
0
210
0
220
0
230
1
2
SOLID
70
1
71
0
91
1
92
7
72
1
73
1
93
2
10
42.54834899669815
20
52.832105664211326
42
1
10
44.54994919989856
20
52.832105664211326
42
1
97
1
330

75
0
76
1
47
0.8681437583925616
98
1
10
3.629517071192367
20
33.92795499968543
450
0
451
0
460
0
461
0
452
1
462
1
453
2
463
0
63
5
421
255
463
1
63
7
421
16777215
470
LINEAR
1001
ACAD
1010
0
1020
0
1030
0
  0
CIRCLE
  5
4b2
330
1F
100
AcDbEntity
  8
BottomSolderMaskLayer
100
AcDbCircle
 10
43.54909829819667
 20
52.832105664211326
 30
0.0
 40
0.4213895164632435
  0
CIRCLE
  5
4b3
330
1F
100
AcDbEntity
  8
BottomSolderMaskLayer
100
AcDbCircle
 10
43.54914909829836
 20
52.832105664211326
 30
0.0
 40
1.0008001016002033
0
HATCH
5
4b4
100
AcDbEntity
8
BottomSolderMaskLayer
100
AcDbHatch
10
0
20
0
30
0
210
0
220
0
230
1
2
SOLID
70
1
71
0
91
1
92
7
72
1
73
1
93
2
10
42.54834899669815
20
52.832105664211326
42
1
10
44.54994919989856
20
52.832105664211326
42
1
97
1
330

75
0
76
1
47
0.8681437583925616
98
1
10
3.629517071192367
20
33.92795499968543
450
0
451
0
460
0
461
0
452
1
462
1
453
2
463
0
63
5
421
255
463
1
63
7
421
16777215
470
LINEAR
1001
ACAD
1010
0
1020
0
1030
0
  0
CIRCLE
  5
4b5
330
1F
100
AcDbEntity
  8
Multi-Layer
100
AcDbCircle
 10
43.54909829819667
 20
52.832105664211326
 30
0.0
 40
0.4
  0
CIRCLE
  5
4b6
330
1F
100
AcDbEntity
  8
Multi-Layer
100
AcDbCircle
 10
43.54914909829836
 20
52.832105664211326
 30
0.0
 40
0.9500000000000001
0
HATCH
5
4b7
100
AcDbEntity
8
Multi-Layer
100
AcDbHatch
10
0
20
0
30
0
210
0
220
0
230
1
2
SOLID
70
1
71
0
91
1
92
7
72
1
73
1
93
2
10
42.599149098298355
20
52.832105664211326
42
1
10
44.49914909829836
20
52.832105664211326
42
1
97
1
330

75
0
76
1
47
0.8681437583925616
98
1
10
3.629517071192367
20
33.92795499968543
450
0
451
0
460
0
461
0
452
1
462
1
453
2
463
0
63
5
421
255
463
1
63
7
421
16777215
470
LINEAR
1001
ACAD
1010
0
1020
0
1030
0
  0
CIRCLE
  5
4b8
330
1F
100
AcDbEntity
  8
TopSolderMaskLayer
100
AcDbCircle
 10
16.764033528067102
 20
73.66014732029464
 30
0.0
 40
0.4213895164632435
  0
CIRCLE
  5
4b9
330
1F
100
AcDbEntity
  8
TopSolderMaskLayer
100
AcDbCircle
 10
16.764033528067102
 20
73.66014732029464
 30
0.0
 40
1.0008001016002033
0
HATCH
5
4ba
100
AcDbEntity
8
TopSolderMaskLayer
100
AcDbHatch
10
0
20
0
30
0
210
0
220
0
230
1
2
SOLID
70
1
71
0
91
1
92
7
72
1
73
1
93
2
10
15.763233426466899
20
73.66014732029464
42
1
10
17.764833629667304
20
73.66014732029464
42
1
97
1
330

75
0
76
1
47
0.8681437583925616
98
1
10
3.629517071192367
20
33.92795499968543
450
0
451
0
460
0
461
0
452
1
462
1
453
2
463
0
63
5
421
255
463
1
63
7
421
16777215
470
LINEAR
1001
ACAD
1010
0
1020
0
1030
0
  0
CIRCLE
  5
4bb
330
1F
100
AcDbEntity
  8
BottomSolderMaskLayer
100
AcDbCircle
 10
16.764033528067102
 20
73.66014732029464
 30
0.0
 40
0.4213895164632435
  0
CIRCLE
  5
4bc
330
1F
100
AcDbEntity
  8
BottomSolderMaskLayer
100
AcDbCircle
 10
16.764033528067102
 20
73.66014732029464
 30
0.0
 40
1.0008001016002033
0
HATCH
5
4bd
100
AcDbEntity
8
BottomSolderMaskLayer
100
AcDbHatch
10
0
20
0
30
0
210
0
220
0
230
1
2
SOLID
70
1
71
0
91
1
92
7
72
1
73
1
93
2
10
15.763233426466899
20
73.66014732029464
42
1
10
17.764833629667304
20
73.66014732029464
42
1
97
1
330

75
0
76
1
47
0.8681437583925616
98
1
10
3.629517071192367
20
33.92795499968543
450
0
451
0
460
0
461
0
452
1
462
1
453
2
463
0
63
5
421
255
463
1
63
7
421
16777215
470
LINEAR
1001
ACAD
1010
0
1020
0
1030
0
  0
CIRCLE
  5
4be
330
1F
100
AcDbEntity
  8
Multi-Layer
100
AcDbCircle
 10
16.764033528067102
 20
73.66014732029464
 30
0.0
 40
0.4
  0
CIRCLE
  5
4bf
330
1F
100
AcDbEntity
  8
Multi-Layer
100
AcDbCircle
 10
16.764033528067102
 20
73.66014732029464
 30
0.0
 40
0.9500000000000001
0
HATCH
5
4c0
100
AcDbEntity
8
Multi-Layer
100
AcDbHatch
10
0
20
0
30
0
210
0
220
0
230
1
2
SOLID
70
1
71
0
91
1
92
7
72
1
73
1
93
2
10
15.814033528067103
20
73.66014732029464
42
1
10
17.7140335280671
20
73.66014732029464
42
1
97
1
330

75
0
76
1
47
0.8681437583925616
98
1
10
3.629517071192367
20
33.92795499968543
450
0
451
0
460
0
461
0
452
1
462
1
453
2
463
0
63
5
421
255
463
1
63
7
421
16777215
470
LINEAR
1001
ACAD
1010
0
1020
0
1030
0
  0
CIRCLE
  5
4c1
330
1F
100
AcDbEntity
  8
TopSolderMaskLayer
100
AcDbCircle
 10
23.864058928117856
 20
73.66014732029464
 30
0.0
 40
0.4213895164632435
  0
CIRCLE
  5
4c2
330
1F
100
AcDbEntity
  8
TopSolderMaskLayer
100
AcDbCircle
 10
23.864109728219546
 20
73.66014732029464
 30
0.0
 40
1.0008001016002033
0
HATCH
5
4c3
100
AcDbEntity
8
TopSolderMaskLayer
100
AcDbHatch
10
0
20
0
30
0
210
0
220
0
230
1
2
SOLID
70
1
71
0
91
1
92
7
72
1
73
1
93
2
10
22.863309626619344
20
73.66014732029464
42
1
10
24.864909829819748
20
73.66014732029464
42
1
97
1
330

75
0
76
1
47
0.8681437583925616
98
1
10
3.629517071192367
20
33.92795499968543
450
0
451
0
460
0
461
0
452
1
462
1
453
2
463
0
63
5
421
255
463
1
63
7
421
16777215
470
LINEAR
1001
ACAD
1010
0
1020
0
1030
0
  0
CIRCLE
  5
4c4
330
1F
100
AcDbEntity
  8
BottomSolderMaskLayer
100
AcDbCircle
 10
23.864058928117856
 20
73.66014732029464
 30
0.0
 40
0.4213895164632435
  0
CIRCLE
  5
4c5
330
1F
100
AcDbEntity
  8
BottomSolderMaskLayer
100
AcDbCircle
 10
23.864109728219546
 20
73.66014732029464
 30
0.0
 40
1.0008001016002033
0
HATCH
5
4c6
100
AcDbEntity
8
BottomSolderMaskLayer
100
AcDbHatch
10
0
20
0
30
0
210
0
220
0
230
1
2
SOLID
70
1
71
0
91
1
92
7
72
1
73
1
93
2
10
22.863309626619344
20
73.66014732029464
42
1
10
24.864909829819748
20
73.66014732029464
42
1
97
1
330

75
0
76
1
47
0.8681437583925616
98
1
10
3.629517071192367
20
33.92795499968543
450
0
451
0
460
0
461
0
452
1
462
1
453
2
463
0
63
5
421
255
463
1
63
7
421
16777215
470
LINEAR
1001
ACAD
1010
0
1020
0
1030
0
  0
CIRCLE
  5
4c7
330
1F
100
AcDbEntity
  8
Multi-Layer
100
AcDbCircle
 10
23.864058928117856
 20
73.66014732029464
 30
0.0
 40
0.4
  0
CIRCLE
  5
4c8
330
1F
100
AcDbEntity
  8
Multi-Layer
100
AcDbCircle
 10
23.864109728219546
 20
73.66014732029464
 30
0.0
 40
0.9500000000000001
0
HATCH
5
4c9
100
AcDbEntity
8
Multi-Layer
100
AcDbHatch
10
0
20
0
30
0
210
0
220
0
230
1
2
SOLID
70
1
71
0
91
1
92
7
72
1
73
1
93
2
10
22.914109728219547
20
73.66014732029464
42
1
10
24.814109728219545
20
73.66014732029464
42
1
97
1
330

75
0
76
1
47
0.8681437583925616
98
1
10
3.629517071192367
20
33.92795499968543
450
0
451
0
460
0
461
0
452
1
462
1
453
2
463
0
63
5
421
255
463
1
63
7
421
16777215
470
LINEAR
1001
ACAD
1010
0
1020
0
1030
0
  0
CIRCLE
  5
4ca
330
1F
100
AcDbEntity
  8
TopSolderMaskLayer
100
AcDbCircle
 10
16.763957327914568
 20
68.32613665227336
 30
0.0
 40
0.4213895164632435
  0
CIRCLE
  5
4cb
330
1F
100
AcDbEntity
  8
TopSolderMaskLayer
100
AcDbCircle
 10
16.764033528067102
 20
68.32613665227336
 30
0.0
 40
1.0008001016002033
0
HATCH
5
4cc
100
AcDbEntity
8
TopSolderMaskLayer
100
AcDbHatch
10
0
20
0
30
0
210
0
220
0
230
1
2
SOLID
70
1
71
0
91
1
92
7
72
1
73
1
93
2
10
15.763233426466899
20
68.32613665227336
42
1
10
17.764833629667304
20
68.32613665227336
42
1
97
1
330

75
0
76
1
47
0.8681437583925616
98
1
10
3.629517071192367
20
33.92795499968543
450
0
451
0
460
0
461
0
452
1
462
1
453
2
463
0
63
5
421
255
463
1
63
7
421
16777215
470
LINEAR
1001
ACAD
1010
0
1020
0
1030
0
  0
CIRCLE
  5
4cd
330
1F
100
AcDbEntity
  8
BottomSolderMaskLayer
100
AcDbCircle
 10
16.763957327914568
 20
68.32613665227336
 30
0.0
 40
0.4213895164632435
  0
CIRCLE
  5
4ce
330
1F
100
AcDbEntity
  8
BottomSolderMaskLayer
100
AcDbCircle
 10
16.764033528067102
 20
68.32613665227336
 30
0.0
 40
1.0008001016002033
0
HATCH
5
4cf
100
AcDbEntity
8
BottomSolderMaskLayer
100
AcDbHatch
10
0
20
0
30
0
210
0
220
0
230
1
2
SOLID
70
1
71
0
91
1
92
7
72
1
73
1
93
2
10
15.763233426466899
20
68.32613665227336
42
1
10
17.764833629667304
20
68.32613665227336
42
1
97
1
330

75
0
76
1
47
0.8681437583925616
98
1
10
3.629517071192367
20
33.92795499968543
450
0
451
0
460
0
461
0
452
1
462
1
453
2
463
0
63
5
421
255
463
1
63
7
421
16777215
470
LINEAR
1001
ACAD
1010
0
1020
0
1030
0
  0
CIRCLE
  5
4d0
330
1F
100
AcDbEntity
  8
Multi-Layer
100
AcDbCircle
 10
16.763957327914568
 20
68.32613665227336
 30
0.0
 40
0.4
  0
CIRCLE
  5
4d1
330
1F
100
AcDbEntity
  8
Multi-Layer
100
AcDbCircle
 10
16.764033528067102
 20
68.32613665227336
 30
0.0
 40
0.9500000000000001
0
HATCH
5
4d2
100
AcDbEntity
8
Multi-Layer
100
AcDbHatch
10
0
20
0
30
0
210
0
220
0
230
1
2
SOLID
70
1
71
0
91
1
92
7
72
1
73
1
93
2
10
15.814033528067103
20
68.32613665227336
42
1
10
17.7140335280671
20
68.32613665227336
42
1
97
1
330

75
0
76
1
47
0.8681437583925616
98
1
10
3.629517071192367
20
33.92795499968543
450
0
451
0
460
0
461
0
452
1
462
1
453
2
463
0
63
5
421
255
463
1
63
7
421
16777215
470
LINEAR
1001
ACAD
1010
0
1020
0
1030
0
  0
CIRCLE
  5
4d3
330
1F
100
AcDbEntity
  8
TopSolderMaskLayer
100
AcDbCircle
 10
23.86398272796555
 20
68.32613665227336
 30
0.0
 40
0.4213895164632435
  0
CIRCLE
  5
4d4
330
1F
100
AcDbEntity
  8
TopSolderMaskLayer
100
AcDbCircle
 10
23.864109728219546
 20
68.32613665227336
 30
0.0
 40
1.0008001016002033
0
HATCH
5
4d5
100
AcDbEntity
8
TopSolderMaskLayer
100
AcDbHatch
10
0
20
0
30
0
210
0
220
0
230
1
2
SOLID
70
1
71
0
91
1
92
7
72
1
73
1
93
2
10
22.863309626619344
20
68.32613665227336
42
1
10
24.864909829819748
20
68.32613665227336
42
1
97
1
330

75
0
76
1
47
0.8681437583925616
98
1
10
3.629517071192367
20
33.92795499968543
450
0
451
0
460
0
461
0
452
1
462
1
453
2
463
0
63
5
421
255
463
1
63
7
421
16777215
470
LINEAR
1001
ACAD
1010
0
1020
0
1030
0
  0
CIRCLE
  5
4d6
330
1F
100
AcDbEntity
  8
BottomSolderMaskLayer
100
AcDbCircle
 10
23.86398272796555
 20
68.32613665227336
 30
0.0
 40
0.4213895164632435
  0
CIRCLE
  5
4d7
330
1F
100
AcDbEntity
  8
BottomSolderMaskLayer
100
AcDbCircle
 10
23.864109728219546
 20
68.32613665227336
 30
0.0
 40
1.0008001016002033
0
HATCH
5
4d8
100
AcDbEntity
8
BottomSolderMaskLayer
100
AcDbHatch
10
0
20
0
30
0
210
0
220
0
230
1
2
SOLID
70
1
71
0
91
1
92
7
72
1
73
1
93
2
10
22.863309626619344
20
68.32613665227336
42
1
10
24.864909829819748
20
68.32613665227336
42
1
97
1
330

75
0
76
1
47
0.8681437583925616
98
1
10
3.629517071192367
20
33.92795499968543
450
0
451
0
460
0
461
0
452
1
462
1
453
2
463
0
63
5
421
255
463
1
63
7
421
16777215
470
LINEAR
1001
ACAD
1010
0
1020
0
1030
0
  0
CIRCLE
  5
4d9
330
1F
100
AcDbEntity
  8
Multi-Layer
100
AcDbCircle
 10
23.86398272796555
 20
68.32613665227336
 30
0.0
 40
0.4
  0
CIRCLE
  5
4da
330
1F
100
AcDbEntity
  8
Multi-Layer
100
AcDbCircle
 10
23.864109728219546
 20
68.32613665227336
 30
0.0
 40
0.9500000000000001
0
HATCH
5
4db
100
AcDbEntity
8
Multi-Layer
100
AcDbHatch
10
0
20
0
30
0
210
0
220
0
230
1
2
SOLID
70
1
71
0
91
1
92
7
72
1
73
1
93
2
10
22.914109728219547
20
68.32613665227336
42
1
10
24.814109728219545
20
68.32613665227336
42
1
97
1
330

75
0
76
1
47
0.8681437583925616
98
1
10
3.629517071192367
20
33.92795499968543
450
0
451
0
460
0
461
0
452
1
462
1
453
2
463
0
63
5
421
255
463
1
63
7
421
16777215
470
LINEAR
1001
ACAD
1010
0
1020
0
1030
0
  0
CIRCLE
  5
4dc
330
1F
100
AcDbEntity
  8
TopSolderMaskLayer
100
AcDbCircle
 10
16.764033528067102
 20
62.99212598425197
 30
0.0
 40
0.4213895164632435
  0
CIRCLE
  5
4dd
330
1F
100
AcDbEntity
  8
TopSolderMaskLayer
100
AcDbCircle
 10
16.764033528067102
 20
62.99212598425197
 30
0.0
 40
1.0008001016002033
0
HATCH
5
4de
100
AcDbEntity
8
TopSolderMaskLayer
100
AcDbHatch
10
0
20
0
30
0
210
0
220
0
230
1
2
SOLID
70
1
71
0
91
1
92
7
72
1
73
1
93
2
10
15.763233426466899
20
62.99212598425197
42
1
10
17.764833629667304
20
62.99212598425197
42
1
97
1
330

75
0
76
1
47
0.8681437583925616
98
1
10
3.629517071192367
20
33.92795499968543
450
0
451
0
460
0
461
0
452
1
462
1
453
2
463
0
63
5
421
255
463
1
63
7
421
16777215
470
LINEAR
1001
ACAD
1010
0
1020
0
1030
0
  0
CIRCLE
  5
4df
330
1F
100
AcDbEntity
  8
BottomSolderMaskLayer
100
AcDbCircle
 10
16.764033528067102
 20
62.99212598425197
 30
0.0
 40
0.4213895164632435
  0
CIRCLE
  5
4e0
330
1F
100
AcDbEntity
  8
BottomSolderMaskLayer
100
AcDbCircle
 10
16.764033528067102
 20
62.99212598425197
 30
0.0
 40
1.0008001016002033
0
HATCH
5
4e1
100
AcDbEntity
8
BottomSolderMaskLayer
100
AcDbHatch
10
0
20
0
30
0
210
0
220
0
230
1
2
SOLID
70
1
71
0
91
1
92
7
72
1
73
1
93
2
10
15.763233426466899
20
62.99212598425197
42
1
10
17.764833629667304
20
62.99212598425197
42
1
97
1
330

75
0
76
1
47
0.8681437583925616
98
1
10
3.629517071192367
20
33.92795499968543
450
0
451
0
460
0
461
0
452
1
462
1
453
2
463
0
63
5
421
255
463
1
63
7
421
16777215
470
LINEAR
1001
ACAD
1010
0
1020
0
1030
0
  0
CIRCLE
  5
4e2
330
1F
100
AcDbEntity
  8
Multi-Layer
100
AcDbCircle
 10
16.764033528067102
 20
62.99212598425197
 30
0.0
 40
0.4
  0
CIRCLE
  5
4e3
330
1F
100
AcDbEntity
  8
Multi-Layer
100
AcDbCircle
 10
16.764033528067102
 20
62.99212598425197
 30
0.0
 40
0.9500000000000001
0
HATCH
5
4e4
100
AcDbEntity
8
Multi-Layer
100
AcDbHatch
10
0
20
0
30
0
210
0
220
0
230
1
2
SOLID
70
1
71
0
91
1
92
7
72
1
73
1
93
2
10
15.814033528067103
20
62.99212598425197
42
1
10
17.7140335280671
20
62.99212598425197
42
1
97
1
330

75
0
76
1
47
0.8681437583925616
98
1
10
3.629517071192367
20
33.92795499968543
450
0
451
0
460
0
461
0
452
1
462
1
453
2
463
0
63
5
421
255
463
1
63
7
421
16777215
470
LINEAR
1001
ACAD
1010
0
1020
0
1030
0
  0
CIRCLE
  5
4e5
330
1F
100
AcDbEntity
  8
TopSolderMaskLayer
100
AcDbCircle
 10
23.864058928117856
 20
62.99212598425197
 30
0.0
 40
0.4213895164632435
  0
CIRCLE
  5
4e6
330
1F
100
AcDbEntity
  8
TopSolderMaskLayer
100
AcDbCircle
 10
23.864109728219546
 20
62.99212598425197
 30
0.0
 40
1.0008001016002033
0
HATCH
5
4e7
100
AcDbEntity
8
TopSolderMaskLayer
100
AcDbHatch
10
0
20
0
30
0
210
0
220
0
230
1
2
SOLID
70
1
71
0
91
1
92
7
72
1
73
1
93
2
10
22.863309626619344
20
62.99212598425197
42
1
10
24.864909829819748
20
62.99212598425197
42
1
97
1
330

75
0
76
1
47
0.8681437583925616
98
1
10
3.629517071192367
20
33.92795499968543
450
0
451
0
460
0
461
0
452
1
462
1
453
2
463
0
63
5
421
255
463
1
63
7
421
16777215
470
LINEAR
1001
ACAD
1010
0
1020
0
1030
0
  0
CIRCLE
  5
4e8
330
1F
100
AcDbEntity
  8
BottomSolderMaskLayer
100
AcDbCircle
 10
23.864058928117856
 20
62.99212598425197
 30
0.0
 40
0.4213895164632435
  0
CIRCLE
  5
4e9
330
1F
100
AcDbEntity
  8
BottomSolderMaskLayer
100
AcDbCircle
 10
23.864109728219546
 20
62.99212598425197
 30
0.0
 40
1.0008001016002033
0
HATCH
5
4ea
100
AcDbEntity
8
BottomSolderMaskLayer
100
AcDbHatch
10
0
20
0
30
0
210
0
220
0
230
1
2
SOLID
70
1
71
0
91
1
92
7
72
1
73
1
93
2
10
22.863309626619344
20
62.99212598425197
42
1
10
24.864909829819748
20
62.99212598425197
42
1
97
1
330

75
0
76
1
47
0.8681437583925616
98
1
10
3.629517071192367
20
33.92795499968543
450
0
451
0
460
0
461
0
452
1
462
1
453
2
463
0
63
5
421
255
463
1
63
7
421
16777215
470
LINEAR
1001
ACAD
1010
0
1020
0
1030
0
  0
CIRCLE
  5
4eb
330
1F
100
AcDbEntity
  8
Multi-Layer
100
AcDbCircle
 10
23.864058928117856
 20
62.99212598425197
 30
0.0
 40
0.4
  0
CIRCLE
  5
4ec
330
1F
100
AcDbEntity
  8
Multi-Layer
100
AcDbCircle
 10
23.864109728219546
 20
62.99212598425197
 30
0.0
 40
0.9500000000000001
0
HATCH
5
4ed
100
AcDbEntity
8
Multi-Layer
100
AcDbHatch
10
0
20
0
30
0
210
0
220
0
230
1
2
SOLID
70
1
71
0
91
1
92
7
72
1
73
1
93
2
10
22.914109728219547
20
62.99212598425197
42
1
10
24.814109728219545
20
62.99212598425197
42
1
97
1
330

75
0
76
1
47
0.8681437583925616
98
1
10
3.629517071192367
20
33.92795499968543
450
0
451
0
460
0
461
0
452
1
462
1
453
2
463
0
63
5
421
255
463
1
63
7
421
16777215
470
LINEAR
1001
ACAD
1010
0
1020
0
1030
0
  0
CIRCLE
  5
4ee
330
1F
100
AcDbEntity
  8
TopSolderMaskLayer
100
AcDbCircle
 10
61.97612395224792
 20
61.21412242824488
 30
0.0
 40
0.4213895164632435
  0
CIRCLE
  5
4ef
330
1F
100
AcDbEntity
  8
TopSolderMaskLayer
100
AcDbCircle
 10
61.97612395224792
 20
61.21412242824488
 30
0.0
 40
1.0008001016002033
0
HATCH
5
4f0
100
AcDbEntity
8
TopSolderMaskLayer
100
AcDbHatch
10
0
20
0
30
0
210
0
220
0
230
1
2
SOLID
70
1
71
0
91
1
92
7
72
1
73
1
93
2
10
60.97532385064771
20
61.21412242824488
42
1
10
62.97692405384812
20
61.21412242824488
42
1
97
1
330

75
0
76
1
47
0.8681437583925616
98
1
10
3.629517071192367
20
33.92795499968543
450
0
451
0
460
0
461
0
452
1
462
1
453
2
463
0
63
5
421
255
463
1
63
7
421
16777215
470
LINEAR
1001
ACAD
1010
0
1020
0
1030
0
  0
CIRCLE
  5
4f1
330
1F
100
AcDbEntity
  8
BottomSolderMaskLayer
100
AcDbCircle
 10
61.97612395224792
 20
61.21412242824488
 30
0.0
 40
0.4213895164632435
  0
CIRCLE
  5
4f2
330
1F
100
AcDbEntity
  8
BottomSolderMaskLayer
100
AcDbCircle
 10
61.97612395224792
 20
61.21412242824488
 30
0.0
 40
1.0008001016002033
0
HATCH
5
4f3
100
AcDbEntity
8
BottomSolderMaskLayer
100
AcDbHatch
10
0
20
0
30
0
210
0
220
0
230
1
2
SOLID
70
1
71
0
91
1
92
7
72
1
73
1
93
2
10
60.97532385064771
20
61.21412242824488
42
1
10
62.97692405384812
20
61.21412242824488
42
1
97
1
330

75
0
76
1
47
0.8681437583925616
98
1
10
3.629517071192367
20
33.92795499968543
450
0
451
0
460
0
461
0
452
1
462
1
453
2
463
0
63
5
421
255
463
1
63
7
421
16777215
470
LINEAR
1001
ACAD
1010
0
1020
0
1030
0
  0
CIRCLE
  5
4f4
330
1F
100
AcDbEntity
  8
Multi-Layer
100
AcDbCircle
 10
61.97612395224792
 20
61.21412242824488
 30
0.0
 40
0.4
  0
CIRCLE
  5
4f5
330
1F
100
AcDbEntity
  8
Multi-Layer
100
AcDbCircle
 10
61.97612395224792
 20
61.21412242824488
 30
0.0
 40
0.9500000000000001
0
HATCH
5
4f6
100
AcDbEntity
8
Multi-Layer
100
AcDbHatch
10
0
20
0
30
0
210
0
220
0
230
1
2
SOLID
70
1
71
0
91
1
92
7
72
1
73
1
93
2
10
61.026123952247914
20
61.21412242824488
42
1
10
62.92612395224792
20
61.21412242824488
42
1
97
1
330

75
0
76
1
47
0.8681437583925616
98
1
10
3.629517071192367
20
33.92795499968543
450
0
451
0
460
0
461
0
452
1
462
1
453
2
463
0
63
5
421
255
463
1
63
7
421
16777215
470
LINEAR
1001
ACAD
1010
0
1020
0
1030
0
  0
CIRCLE
  5
4f7
330
1F
100
AcDbEntity
  8
TopSolderMaskLayer
100
AcDbCircle
 10
54.87609855219716
 20
61.21412242824488
 30
0.0
 40
0.4213895164632435
  0
CIRCLE
  5
4f8
330
1F
100
AcDbEntity
  8
TopSolderMaskLayer
100
AcDbCircle
 10
54.876047752095474
 20
61.21412242824488
 30
0.0
 40
1.0008001016002033
0
HATCH
5
4f9
100
AcDbEntity
8
TopSolderMaskLayer
100
AcDbHatch
10
0
20
0
30
0
210
0
220
0
230
1
2
SOLID
70
1
71
0
91
1
92
7
72
1
73
1
93
2
10
53.87524765049527
20
61.21412242824488
42
1
10
55.87684785369568
20
61.21412242824488
42
1
97
1
330

75
0
76
1
47
0.8681437583925616
98
1
10
3.629517071192367
20
33.92795499968543
450
0
451
0
460
0
461
0
452
1
462
1
453
2
463
0
63
5
421
255
463
1
63
7
421
16777215
470
LINEAR
1001
ACAD
1010
0
1020
0
1030
0
  0
CIRCLE
  5
4fa
330
1F
100
AcDbEntity
  8
BottomSolderMaskLayer
100
AcDbCircle
 10
54.87609855219716
 20
61.21412242824488
 30
0.0
 40
0.4213895164632435
  0
CIRCLE
  5
4fb
330
1F
100
AcDbEntity
  8
BottomSolderMaskLayer
100
AcDbCircle
 10
54.876047752095474
 20
61.21412242824488
 30
0.0
 40
1.0008001016002033
0
HATCH
5
4fc
100
AcDbEntity
8
BottomSolderMaskLayer
100
AcDbHatch
10
0
20
0
30
0
210
0
220
0
230
1
2
SOLID
70
1
71
0
91
1
92
7
72
1
73
1
93
2
10
53.87524765049527
20
61.21412242824488
42
1
10
55.87684785369568
20
61.21412242824488
42
1
97
1
330

75
0
76
1
47
0.8681437583925616
98
1
10
3.629517071192367
20
33.92795499968543
450
0
451
0
460
0
461
0
452
1
462
1
453
2
463
0
63
5
421
255
463
1
63
7
421
16777215
470
LINEAR
1001
ACAD
1010
0
1020
0
1030
0
  0
CIRCLE
  5
4fd
330
1F
100
AcDbEntity
  8
Multi-Layer
100
AcDbCircle
 10
54.87609855219716
 20
61.21412242824488
 30
0.0
 40
0.4
  0
CIRCLE
  5
4fe
330
1F
100
AcDbEntity
  8
Multi-Layer
100
AcDbCircle
 10
54.876047752095474
 20
61.21412242824488
 30
0.0
 40
0.9500000000000001
0
HATCH
5
4ff
100
AcDbEntity
8
Multi-Layer
100
AcDbHatch
10
0
20
0
30
0
210
0
220
0
230
1
2
SOLID
70
1
71
0
91
1
92
7
72
1
73
1
93
2
10
53.92604775209547
20
61.21412242824488
42
1
10
55.82604775209548
20
61.21412242824488
42
1
97
1
330

75
0
76
1
47
0.8681437583925616
98
1
10
3.629517071192367
20
33.92795499968543
450
0
451
0
460
0
461
0
452
1
462
1
453
2
463
0
63
5
421
255
463
1
63
7
421
16777215
470
LINEAR
1001
ACAD
1010
0
1020
0
1030
0
  0
CIRCLE
  5
500
330
1F
100
AcDbEntity
  8
TopSolderMaskLayer
100
AcDbCircle
 10
61.97612395224792
 20
54.991109982219996
 30
0.0
 40
0.4213895164632435
  0
CIRCLE
  5
501
330
1F
100
AcDbEntity
  8
TopSolderMaskLayer
100
AcDbCircle
 10
61.97612395224792
 20
54.991109982219996
 30
0.0
 40
1.0008001016002033
0
HATCH
5
502
100
AcDbEntity
8
TopSolderMaskLayer
100
AcDbHatch
10
0
20
0
30
0
210
0
220
0
230
1
2
SOLID
70
1
71
0
91
1
92
7
72
1
73
1
93
2
10
60.97532385064771
20
54.991109982219996
42
1
10
62.97692405384812
20
54.991109982219996
42
1
97
1
330

75
0
76
1
47
0.8681437583925616
98
1
10
3.629517071192367
20
33.92795499968543
450
0
451
0
460
0
461
0
452
1
462
1
453
2
463
0
63
5
421
255
463
1
63
7
421
16777215
470
LINEAR
1001
ACAD
1010
0
1020
0
1030
0
  0
CIRCLE
  5
503
330
1F
100
AcDbEntity
  8
BottomSolderMaskLayer
100
AcDbCircle
 10
61.97612395224792
 20
54.991109982219996
 30
0.0
 40
0.4213895164632435
  0
CIRCLE
  5
504
330
1F
100
AcDbEntity
  8
BottomSolderMaskLayer
100
AcDbCircle
 10
61.97612395224792
 20
54.991109982219996
 30
0.0
 40
1.0008001016002033
0
HATCH
5
505
100
AcDbEntity
8
BottomSolderMaskLayer
100
AcDbHatch
10
0
20
0
30
0
210
0
220
0
230
1
2
SOLID
70
1
71
0
91
1
92
7
72
1
73
1
93
2
10
60.97532385064771
20
54.991109982219996
42
1
10
62.97692405384812
20
54.991109982219996
42
1
97
1
330

75
0
76
1
47
0.8681437583925616
98
1
10
3.629517071192367
20
33.92795499968543
450
0
451
0
460
0
461
0
452
1
462
1
453
2
463
0
63
5
421
255
463
1
63
7
421
16777215
470
LINEAR
1001
ACAD
1010
0
1020
0
1030
0
  0
CIRCLE
  5
506
330
1F
100
AcDbEntity
  8
Multi-Layer
100
AcDbCircle
 10
61.97612395224792
 20
54.991109982219996
 30
0.0
 40
0.4
  0
CIRCLE
  5
507
330
1F
100
AcDbEntity
  8
Multi-Layer
100
AcDbCircle
 10
61.97612395224792
 20
54.991109982219996
 30
0.0
 40
0.9500000000000001
0
HATCH
5
508
100
AcDbEntity
8
Multi-Layer
100
AcDbHatch
10
0
20
0
30
0
210
0
220
0
230
1
2
SOLID
70
1
71
0
91
1
92
7
72
1
73
1
93
2
10
61.026123952247914
20
54.991109982219996
42
1
10
62.92612395224792
20
54.991109982219996
42
1
97
1
330

75
0
76
1
47
0.8681437583925616
98
1
10
3.629517071192367
20
33.92795499968543
450
0
451
0
460
0
461
0
452
1
462
1
453
2
463
0
63
5
421
255
463
1
63
7
421
16777215
470
LINEAR
1001
ACAD
1010
0
1020
0
1030
0
  0
CIRCLE
  5
509
330
1F
100
AcDbEntity
  8
TopSolderMaskLayer
100
AcDbCircle
 10
54.87609855219716
 20
54.991109982219996
 30
0.0
 40
0.4213895164632435
  0
CIRCLE
  5
50a
330
1F
100
AcDbEntity
  8
TopSolderMaskLayer
100
AcDbCircle
 10
54.876047752095474
 20
54.991109982219996
 30
0.0
 40
1.0008001016002033
0
HATCH
5
50b
100
AcDbEntity
8
TopSolderMaskLayer
100
AcDbHatch
10
0
20
0
30
0
210
0
220
0
230
1
2
SOLID
70
1
71
0
91
1
92
7
72
1
73
1
93
2
10
53.87524765049527
20
54.991109982219996
42
1
10
55.87684785369568
20
54.991109982219996
42
1
97
1
330

75
0
76
1
47
0.8681437583925616
98
1
10
3.629517071192367
20
33.92795499968543
450
0
451
0
460
0
461
0
452
1
462
1
453
2
463
0
63
5
421
255
463
1
63
7
421
16777215
470
LINEAR
1001
ACAD
1010
0
1020
0
1030
0
  0
CIRCLE
  5
50c
330
1F
100
AcDbEntity
  8
BottomSolderMaskLayer
100
AcDbCircle
 10
54.87609855219716
 20
54.991109982219996
 30
0.0
 40
0.4213895164632435
  0
CIRCLE
  5
50d
330
1F
100
AcDbEntity
  8
BottomSolderMaskLayer
100
AcDbCircle
 10
54.876047752095474
 20
54.991109982219996
 30
0.0
 40
1.0008001016002033
0
HATCH
5
50e
100
AcDbEntity
8
BottomSolderMaskLayer
100
AcDbHatch
10
0
20
0
30
0
210
0
220
0
230
1
2
SOLID
70
1
71
0
91
1
92
7
72
1
73
1
93
2
10
53.87524765049527
20
54.991109982219996
42
1
10
55.87684785369568
20
54.991109982219996
42
1
97
1
330

75
0
76
1
47
0.8681437583925616
98
1
10
3.629517071192367
20
33.92795499968543
450
0
451
0
460
0
461
0
452
1
462
1
453
2
463
0
63
5
421
255
463
1
63
7
421
16777215
470
LINEAR
1001
ACAD
1010
0
1020
0
1030
0
  0
CIRCLE
  5
50f
330
1F
100
AcDbEntity
  8
Multi-Layer
100
AcDbCircle
 10
54.87609855219716
 20
54.991109982219996
 30
0.0
 40
0.4
  0
CIRCLE
  5
510
330
1F
100
AcDbEntity
  8
Multi-Layer
100
AcDbCircle
 10
54.876047752095474
 20
54.991109982219996
 30
0.0
 40
0.9500000000000001
0
HATCH
5
511
100
AcDbEntity
8
Multi-Layer
100
AcDbHatch
10
0
20
0
30
0
210
0
220
0
230
1
2
SOLID
70
1
71
0
91
1
92
7
72
1
73
1
93
2
10
53.92604775209547
20
54.991109982219996
42
1
10
55.82604775209548
20
54.991109982219996
42
1
97
1
330

75
0
76
1
47
0.8681437583925616
98
1
10
3.629517071192367
20
33.92795499968543
450
0
451
0
460
0
461
0
452
1
462
1
453
2
463
0
63
5
421
255
463
1
63
7
421
16777215
470
LINEAR
1001
ACAD
1010
0
1020
0
1030
0
 0
ARC
  5
514
330
1F
100
AcDbEntity
  8
TopSolderMaskLayer
100
AcDbCircle
 10
30.863685514275176
 20
61.46812293624589
 30
0.0
 40
0.4131947880587168
100
AcDbArc
 50
270
 51
450
 0
ARC
  5
515
330
1F
100
AcDbEntity
  8
TopSolderMaskLayer
100
AcDbCircle
 10
30.858437929971842
 20
61.46812293624589
 30
0.0
 40
0.4131947880587168
100
AcDbArc
 50
450
 51
270
 0
LWPOLYLINE
  5
516
330
1F
100
AcDbEntity
  8
TopSolderMaskLayer
100
AcDbPolyline
 90
1
 70
 1
 43
0
 10
30.858437929971842
 20
61.05492814818717
 10
30.863685514275176
 20
61.05492814818717
 0
LWPOLYLINE
  5
517
330
1F
100
AcDbEntity
  8
TopSolderMaskLayer
100
AcDbPolyline
 90
1
 70
 1
 43
0
 10
30.858437929971842
 20
61.88131772430461
 10
30.863685514275176
 20
61.88131772430461
  0
CIRCLE
  5
513
330
1F
100
AcDbEntity
  8
TopSolderMaskLayer
100
AcDbCircle
 10
30.861061722123395
 20
61.46812293624589
 30
0.0
 40
0.7954025908051816
0
HATCH
5
518
100
AcDbEntity
8
TopSolderMaskLayer
100
AcDbHatch
10
0
20
0
30
0
210
0
220
0
230
1
2
SOLID
70
1
71
0
91
1
92
7
72
1
73
1
93
2
10
30.065659131318213
20
61.46812293624589
42
1
10
31.656464312928577
20
61.46812293624589
42
1
97
1
330

75
0
76
1
47
0.8681437583925616
98
1
10
3.629517071192367
20
33.92795499968543
450
0
451
0
460
0
461
0
452
1
462
1
453
2
463
0
63
5
421
255
463
1
63
7
421
16777215
470
LINEAR
1001
ACAD
1010
0
1020
0
1030
0
 0
ARC
  5
51b
330
1F
100
AcDbEntity
  8
BottomSolderMaskLayer
100
AcDbCircle
 10
30.863685514275176
 20
61.46812293624589
 30
0.0
 40
0.4131947880587168
100
AcDbArc
 50
270
 51
450
 0
ARC
  5
51c
330
1F
100
AcDbEntity
  8
BottomSolderMaskLayer
100
AcDbCircle
 10
30.858437929971842
 20
61.46812293624589
 30
0.0
 40
0.4131947880587168
100
AcDbArc
 50
450
 51
270
 0
LWPOLYLINE
  5
51d
330
1F
100
AcDbEntity
  8
BottomSolderMaskLayer
100
AcDbPolyline
 90
1
 70
 1
 43
0
 10
30.858437929971842
 20
61.05492814818717
 10
30.863685514275176
 20
61.05492814818717
 0
LWPOLYLINE
  5
51e
330
1F
100
AcDbEntity
  8
BottomSolderMaskLayer
100
AcDbPolyline
 90
1
 70
 1
 43
0
 10
30.858437929971842
 20
61.88131772430461
 10
30.863685514275176
 20
61.88131772430461
  0
CIRCLE
  5
51a
330
1F
100
AcDbEntity
  8
BottomSolderMaskLayer
100
AcDbCircle
 10
30.861061722123395
 20
61.46812293624589
 30
0.0
 40
0.7954025908051816
0
HATCH
5
51f
100
AcDbEntity
8
BottomSolderMaskLayer
100
AcDbHatch
10
0
20
0
30
0
210
0
220
0
230
1
2
SOLID
70
1
71
0
91
1
92
7
72
1
73
1
93
2
10
30.065659131318213
20
61.46812293624589
42
1
10
31.656464312928577
20
61.46812293624589
42
1
97
1
330

75
0
76
1
47
0.8681437583925616
98
1
10
3.629517071192367
20
33.92795499968543
450
0
451
0
460
0
461
0
452
1
462
1
453
2
463
0
63
5
421
255
463
1
63
7
421
16777215
470
LINEAR
1001
ACAD
1010
0
1020
0
1030
0
 0
ARC
  5
522
330
1F
100
AcDbEntity
  8
Multi-Layer
100
AcDbCircle
 10
30.86360172720356
 20
61.46812293624589
 30
0.0
 40
0.4
100
AcDbArc
 50
270
 51
450
 0
ARC
  5
523
330
1F
100
AcDbEntity
  8
Multi-Layer
100
AcDbCircle
 10
30.85852171704346
 20
61.46812293624589
 30
0.0
 40
0.4
100
AcDbArc
 50
450
 51
270
 0
LWPOLYLINE
  5
524
330
1F
100
AcDbEntity
  8
Multi-Layer
100
AcDbPolyline
 90
1
 70
 1
 43
0
 10
30.85852171704346
 20
61.06812293624589
 10
30.86360172720356
 20
61.06812293624589
 0
LWPOLYLINE
  5
525
330
1F
100
AcDbEntity
  8
Multi-Layer
100
AcDbPolyline
 90
1
 70
 1
 43
0
 10
30.85852171704346
 20
61.86812293624589
 10
30.86360172720356
 20
61.86812293624589
  0
CIRCLE
  5
521
330
1F
100
AcDbEntity
  8
Multi-Layer
100
AcDbCircle
 10
30.861061722123395
 20
61.46812293624589
 30
0.0
 40
0.7700025400050801
0
HATCH
5
526
100
AcDbEntity
8
Multi-Layer
100
AcDbHatch
10
0
20
0
30
0
210
0
220
0
230
1
2
SOLID
70
1
71
0
91
1
92
7
72
1
73
1
93
2
10
30.091059182118315
20
61.46812293624589
42
1
10
31.631064262128476
20
61.46812293624589
42
1
97
1
330

75
0
76
1
47
0.8681437583925616
98
1
10
3.629517071192367
20
33.92795499968543
450
0
451
0
460
0
461
0
452
1
462
1
453
2
463
0
63
5
421
255
463
1
63
7
421
16777215
470
LINEAR
1001
ACAD
1010
0
1020
0
1030
0
 0
ARC
  5
529
330
1F
100
AcDbEntity
  8
TopSolderMaskLayer
100
AcDbCircle
 10
33.911691610287335
 20
61.46812293624589
 30
0.0
 40
0.4131947880587168
100
AcDbArc
 50
270
 51
450
 0
ARC
  5
52a
330
1F
100
AcDbEntity
  8
TopSolderMaskLayer
100
AcDbCircle
 10
33.906444025984
 20
61.46812293624589
 30
0.0
 40
0.4131947880587168
100
AcDbArc
 50
450
 51
270
 0
LWPOLYLINE
  5
52b
330
1F
100
AcDbEntity
  8
TopSolderMaskLayer
100
AcDbPolyline
 90
1
 70
 1
 43
0
 10
33.906444025984
 20
61.05492814818717
 10
33.911691610287335
 20
61.05492814818717
 0
LWPOLYLINE
  5
52c
330
1F
100
AcDbEntity
  8
TopSolderMaskLayer
100
AcDbPolyline
 90
1
 70
 1
 43
0
 10
33.906444025984
 20
61.88131772430461
 10
33.911691610287335
 20
61.88131772430461
  0
CIRCLE
  5
528
330
1F
100
AcDbEntity
  8
TopSolderMaskLayer
100
AcDbCircle
 10
33.909067818135554
 20
61.46812293624589
 30
0.0
 40
0.7954025908051816
0
HATCH
5
52d
100
AcDbEntity
8
TopSolderMaskLayer
100
AcDbHatch
10
0
20
0
30
0
210
0
220
0
230
1
2
SOLID
70
1
71
0
91
1
92
7
72
1
73
1
93
2
10
33.11366522733037
20
61.46812293624589
42
1
10
34.704470408940736
20
61.46812293624589
42
1
97
1
330

75
0
76
1
47
0.8681437583925616
98
1
10
3.629517071192367
20
33.92795499968543
450
0
451
0
460
0
461
0
452
1
462
1
453
2
463
0
63
5
421
255
463
1
63
7
421
16777215
470
LINEAR
1001
ACAD
1010
0
1020
0
1030
0
 0
ARC
  5
530
330
1F
100
AcDbEntity
  8
BottomSolderMaskLayer
100
AcDbCircle
 10
33.911691610287335
 20
61.46812293624589
 30
0.0
 40
0.4131947880587168
100
AcDbArc
 50
270
 51
450
 0
ARC
  5
531
330
1F
100
AcDbEntity
  8
BottomSolderMaskLayer
100
AcDbCircle
 10
33.906444025984
 20
61.46812293624589
 30
0.0
 40
0.4131947880587168
100
AcDbArc
 50
450
 51
270
 0
LWPOLYLINE
  5
532
330
1F
100
AcDbEntity
  8
BottomSolderMaskLayer
100
AcDbPolyline
 90
1
 70
 1
 43
0
 10
33.906444025984
 20
61.05492814818717
 10
33.911691610287335
 20
61.05492814818717
 0
LWPOLYLINE
  5
533
330
1F
100
AcDbEntity
  8
BottomSolderMaskLayer
100
AcDbPolyline
 90
1
 70
 1
 43
0
 10
33.906444025984
 20
61.88131772430461
 10
33.911691610287335
 20
61.88131772430461
  0
CIRCLE
  5
52f
330
1F
100
AcDbEntity
  8
BottomSolderMaskLayer
100
AcDbCircle
 10
33.909067818135554
 20
61.46812293624589
 30
0.0
 40
0.7954025908051816
0
HATCH
5
534
100
AcDbEntity
8
BottomSolderMaskLayer
100
AcDbHatch
10
0
20
0
30
0
210
0
220
0
230
1
2
SOLID
70
1
71
0
91
1
92
7
72
1
73
1
93
2
10
33.11366522733037
20
61.46812293624589
42
1
10
34.704470408940736
20
61.46812293624589
42
1
97
1
330

75
0
76
1
47
0.8681437583925616
98
1
10
3.629517071192367
20
33.92795499968543
450
0
451
0
460
0
461
0
452
1
462
1
453
2
463
0
63
5
421
255
463
1
63
7
421
16777215
470
LINEAR
1001
ACAD
1010
0
1020
0
1030
0
 0
ARC
  5
537
330
1F
100
AcDbEntity
  8
Multi-Layer
100
AcDbCircle
 10
33.91160782321572
 20
61.46812293624589
 30
0.0
 40
0.4
100
AcDbArc
 50
270
 51
450
 0
ARC
  5
538
330
1F
100
AcDbEntity
  8
Multi-Layer
100
AcDbCircle
 10
33.90652781305562
 20
61.46812293624589
 30
0.0
 40
0.4
100
AcDbArc
 50
450
 51
270
 0
LWPOLYLINE
  5
539
330
1F
100
AcDbEntity
  8
Multi-Layer
100
AcDbPolyline
 90
1
 70
 1
 43
0
 10
33.90652781305562
 20
61.06812293624589
 10
33.91160782321572
 20
61.06812293624589
 0
LWPOLYLINE
  5
53a
330
1F
100
AcDbEntity
  8
Multi-Layer
100
AcDbPolyline
 90
1
 70
 1
 43
0
 10
33.90652781305562
 20
61.86812293624589
 10
33.91160782321572
 20
61.86812293624589
  0
CIRCLE
  5
536
330
1F
100
AcDbEntity
  8
Multi-Layer
100
AcDbCircle
 10
33.909067818135554
 20
61.46812293624589
 30
0.0
 40
0.7700025400050801
0
HATCH
5
53b
100
AcDbEntity
8
Multi-Layer
100
AcDbHatch
10
0
20
0
30
0
210
0
220
0
230
1
2
SOLID
70
1
71
0
91
1
92
7
72
1
73
1
93
2
10
33.139065278130474
20
61.46812293624589
42
1
10
34.679070358140635
20
61.46812293624589
42
1
97
1
330

75
0
76
1
47
0.8681437583925616
98
1
10
3.629517071192367
20
33.92795499968543
450
0
451
0
460
0
461
0
452
1
462
1
453
2
463
0
63
5
421
255
463
1
63
7
421
16777215
470
LINEAR
1001
ACAD
1010
0
1020
0
1030
0
 0
ARC
  5
53e
330
1F
100
AcDbEntity
  8
TopSolderMaskLayer
100
AcDbCircle
 10
6.223012446024995
 20
57.35293075237314
 30
0.0
 40
0.5114979532284647
100
AcDbArc
 50
180
 51
360
 0
ARC
  5
53f
330
1F
100
AcDbEntity
  8
TopSolderMaskLayer
100
AcDbCircle
 10
6.223012446024995
 20
57.35319065986971
 30
0.0
 40
0.5114979532284647
100
AcDbArc
 50
360
 51
180
 0
LWPOLYLINE
  5
540
330
1F
100
AcDbEntity
  8
TopSolderMaskLayer
100
AcDbPolyline
 90
1
 70
 1
 43
0
 10
5.711514492796531
 20
57.35319065986971
 10
5.711514492796531
 20
57.35293075237314
 0
LWPOLYLINE
  5
541
330
1F
100
AcDbEntity
  8
TopSolderMaskLayer
100
AcDbPolyline
 90
1
 70
 1
 43
0
 10
6.73451039925346
 20
57.35319065986971
 10
6.73451039925346
 20
57.35293075237314
  0
CIRCLE
  5
53d
330
1F
100
AcDbEntity
  8
TopSolderMaskLayer
100
AcDbCircle
 10
6.223012446024995
 20
57.35306070612137
 30
0.0
 40
1.1176022352044706
0
HATCH
5
542
100
AcDbEntity
8
TopSolderMaskLayer
100
AcDbHatch
10
0
20
0
30
0
210
0
220
0
230
1
2
SOLID
70
1
71
0
91
1
92
7
72
1
73
1
93
2
10
5.105410210820525
20
57.35306070612137
42
1
10
7.340614681229466
20
57.35306070612137
42
1
97
1
330

75
0
76
1
47
0.8681437583925616
98
1
10
3.629517071192367
20
33.92795499968543
450
0
451
0
460
0
461
0
452
1
462
1
453
2
463
0
63
5
421
255
463
1
63
7
421
16777215
470
LINEAR
1001
ACAD
1010
0
1020
0
1030
0
 0
ARC
  5
545
330
1F
100
AcDbEntity
  8
BottomSolderMaskLayer
100
AcDbCircle
 10
6.223012446024995
 20
57.35293075237314
 30
0.0
 40
0.5114979532284647
100
AcDbArc
 50
180
 51
360
 0
ARC
  5
546
330
1F
100
AcDbEntity
  8
BottomSolderMaskLayer
100
AcDbCircle
 10
6.223012446024995
 20
57.35319065986971
 30
0.0
 40
0.5114979532284647
100
AcDbArc
 50
360
 51
180
 0
LWPOLYLINE
  5
547
330
1F
100
AcDbEntity
  8
BottomSolderMaskLayer
100
AcDbPolyline
 90
1
 70
 1
 43
0
 10
5.711514492796531
 20
57.35319065986971
 10
5.711514492796531
 20
57.35293075237314
 0
LWPOLYLINE
  5
548
330
1F
100
AcDbEntity
  8
BottomSolderMaskLayer
100
AcDbPolyline
 90
1
 70
 1
 43
0
 10
6.73451039925346
 20
57.35319065986971
 10
6.73451039925346
 20
57.35293075237314
  0
CIRCLE
  5
544
330
1F
100
AcDbEntity
  8
BottomSolderMaskLayer
100
AcDbCircle
 10
6.223012446024995
 20
57.35306070612137
 30
0.0
 40
1.1176022352044706
0
HATCH
5
549
100
AcDbEntity
8
BottomSolderMaskLayer
100
AcDbHatch
10
0
20
0
30
0
210
0
220
0
230
1
2
SOLID
70
1
71
0
91
1
92
7
72
1
73
1
93
2
10
5.105410210820525
20
57.35306070612137
42
1
10
7.340614681229466
20
57.35306070612137
42
1
97
1
330

75
0
76
1
47
0.8681437583925616
98
1
10
3.629517071192367
20
33.92795499968543
450
0
451
0
460
0
461
0
452
1
462
1
453
2
463
0
63
5
421
255
463
1
63
7
421
16777215
470
LINEAR
1001
ACAD
1010
0
1020
0
1030
0
 0
ARC
  5
54c
330
1F
100
AcDbEntity
  8
Multi-Layer
100
AcDbCircle
 10
6.223012446024995
 20
57.35293370586737
 30
0.0
 40
0.4998729997459995
100
AcDbArc
 50
180
 51
360
 0
ARC
  5
54d
330
1F
100
AcDbEntity
  8
Multi-Layer
100
AcDbCircle
 10
6.223012446024995
 20
57.35318770637548
 30
0.0
 40
0.4998729997459995
100
AcDbArc
 50
360
 51
180
 0
LWPOLYLINE
  5
54e
330
1F
100
AcDbEntity
  8
Multi-Layer
100
AcDbPolyline
 90
1
 70
 1
 43
0
 10
5.723139446278996
 20
57.35318770637548
 10
5.723139446278996
 20
57.35293370586737
 0
LWPOLYLINE
  5
54f
330
1F
100
AcDbEntity
  8
Multi-Layer
100
AcDbPolyline
 90
1
 70
 1
 43
0
 10
6.722885445770995
 20
57.35318770637548
 10
6.722885445770995
 20
57.35293370586737
  0
CIRCLE
  5
54b
330
1F
100
AcDbEntity
  8
Multi-Layer
100
AcDbCircle
 10
6.223012446024995
 20
57.35306070612137
 30
0.0
 40
1.092202184404369
0
HATCH
5
550
100
AcDbEntity
8
Multi-Layer
100
AcDbHatch
10
0
20
0
30
0
210
0
220
0
230
1
2
SOLID
70
1
71
0
91
1
92
7
72
1
73
1
93
2
10
5.130810261620626
20
57.35306070612137
42
1
10
7.315214630429365
20
57.35306070612137
42
1
97
1
330

75
0
76
1
47
0.8681437583925616
98
1
10
3.629517071192367
20
33.92795499968543
450
0
451
0
460
0
461
0
452
1
462
1
453
2
463
0
63
5
421
255
463
1
63
7
421
16777215
470
LINEAR
1001
ACAD
1010
0
1020
0
1030
0
 0
ARC
  5
553
330
1F
100
AcDbEntity
  8
TopSolderMaskLayer
100
AcDbCircle
 10
6.223012446024995
 20
53.85305775262714
 30
0.0
 40
0.5114979532284647
100
AcDbArc
 50
180
 51
360
 0
ARC
  5
554
330
1F
100
AcDbEntity
  8
TopSolderMaskLayer
100
AcDbCircle
 10
6.223012446024995
 20
53.85331766012371
 30
0.0
 40
0.5114979532284647
100
AcDbArc
 50
360
 51
180
 0
LWPOLYLINE
  5
555
330
1F
100
AcDbEntity
  8
TopSolderMaskLayer
100
AcDbPolyline
 90
1
 70
 1
 43
0
 10
5.711514492796531
 20
53.85331766012371
 10
5.711514492796531
 20
53.85305775262714
 0
LWPOLYLINE
  5
556
330
1F
100
AcDbEntity
  8
TopSolderMaskLayer
100
AcDbPolyline
 90
1
 70
 1
 43
0
 10
6.73451039925346
 20
53.85331766012371
 10
6.73451039925346
 20
53.85305775262714
  0
CIRCLE
  5
552
330
1F
100
AcDbEntity
  8
TopSolderMaskLayer
100
AcDbCircle
 10
6.223012446024995
 20
53.85318770637548
 30
0.0
 40
1.1176022352044706
0
HATCH
5
557
100
AcDbEntity
8
TopSolderMaskLayer
100
AcDbHatch
10
0
20
0
30
0
210
0
220
0
230
1
2
SOLID
70
1
71
0
91
1
92
7
72
1
73
1
93
2
10
5.105410210820525
20
53.85318770637548
42
1
10
7.340614681229466
20
53.85318770637548
42
1
97
1
330

75
0
76
1
47
0.8681437583925616
98
1
10
3.629517071192367
20
33.92795499968543
450
0
451
0
460
0
461
0
452
1
462
1
453
2
463
0
63
5
421
255
463
1
63
7
421
16777215
470
LINEAR
1001
ACAD
1010
0
1020
0
1030
0
 0
ARC
  5
55a
330
1F
100
AcDbEntity
  8
BottomSolderMaskLayer
100
AcDbCircle
 10
6.223012446024995
 20
53.85305775262714
 30
0.0
 40
0.5114979532284647
100
AcDbArc
 50
180
 51
360
 0
ARC
  5
55b
330
1F
100
AcDbEntity
  8
BottomSolderMaskLayer
100
AcDbCircle
 10
6.223012446024995
 20
53.85331766012371
 30
0.0
 40
0.5114979532284647
100
AcDbArc
 50
360
 51
180
 0
LWPOLYLINE
  5
55c
330
1F
100
AcDbEntity
  8
BottomSolderMaskLayer
100
AcDbPolyline
 90
1
 70
 1
 43
0
 10
5.711514492796531
 20
53.85331766012371
 10
5.711514492796531
 20
53.85305775262714
 0
LWPOLYLINE
  5
55d
330
1F
100
AcDbEntity
  8
BottomSolderMaskLayer
100
AcDbPolyline
 90
1
 70
 1
 43
0
 10
6.73451039925346
 20
53.85331766012371
 10
6.73451039925346
 20
53.85305775262714
  0
CIRCLE
  5
559
330
1F
100
AcDbEntity
  8
BottomSolderMaskLayer
100
AcDbCircle
 10
6.223012446024995
 20
53.85318770637548
 30
0.0
 40
1.1176022352044706
0
HATCH
5
55e
100
AcDbEntity
8
BottomSolderMaskLayer
100
AcDbHatch
10
0
20
0
30
0
210
0
220
0
230
1
2
SOLID
70
1
71
0
91
1
92
7
72
1
73
1
93
2
10
5.105410210820525
20
53.85318770637548
42
1
10
7.340614681229466
20
53.85318770637548
42
1
97
1
330

75
0
76
1
47
0.8681437583925616
98
1
10
3.629517071192367
20
33.92795499968543
450
0
451
0
460
0
461
0
452
1
462
1
453
2
463
0
63
5
421
255
463
1
63
7
421
16777215
470
LINEAR
1001
ACAD
1010
0
1020
0
1030
0
 0
ARC
  5
561
330
1F
100
AcDbEntity
  8
Multi-Layer
100
AcDbCircle
 10
6.223012446024995
 20
53.85306070612137
 30
0.0
 40
0.4998729997459995
100
AcDbArc
 50
180
 51
360
 0
ARC
  5
562
330
1F
100
AcDbEntity
  8
Multi-Layer
100
AcDbCircle
 10
6.223012446024995
 20
53.853314706629476
 30
0.0
 40
0.4998729997459995
100
AcDbArc
 50
360
 51
180
 0
LWPOLYLINE
  5
563
330
1F
100
AcDbEntity
  8
Multi-Layer
100
AcDbPolyline
 90
1
 70
 1
 43
0
 10
5.723139446278996
 20
53.853314706629476
 10
5.723139446278996
 20
53.85306070612137
 0
LWPOLYLINE
  5
564
330
1F
100
AcDbEntity
  8
Multi-Layer
100
AcDbPolyline
 90
1
 70
 1
 43
0
 10
6.722885445770995
 20
53.853314706629476
 10
6.722885445770995
 20
53.85306070612137
  0
CIRCLE
  5
560
330
1F
100
AcDbEntity
  8
Multi-Layer
100
AcDbCircle
 10
6.223012446024995
 20
53.85318770637548
 30
0.0
 40
1.092202184404369
0
HATCH
5
565
100
AcDbEntity
8
Multi-Layer
100
AcDbHatch
10
0
20
0
30
0
210
0
220
0
230
1
2
SOLID
70
1
71
0
91
1
92
7
72
1
73
1
93
2
10
5.130810261620626
20
53.85318770637548
42
1
10
7.315214630429365
20
53.85318770637548
42
1
97
1
330

75
0
76
1
47
0.8681437583925616
98
1
10
3.629517071192367
20
33.92795499968543
450
0
451
0
460
0
461
0
452
1
462
1
453
2
463
0
63
5
421
255
463
1
63
7
421
16777215
470
LINEAR
1001
ACAD
1010
0
1020
0
1030
0
  0
CIRCLE
  5
56f
330
1F
100
AcDbEntity
  8
TopSolderMaskLayer
100
AcDbCircle
 10
7.239014478029048
 20
66.46939293878586
 30
0.0
 40
0.4133333333333334
  0
CIRCLE
  5
570
330
1F
100
AcDbEntity
  8
TopSolderMaskLayer
100
AcDbCircle
 10
7.239014478029048
 20
66.46939293878586
 30
0.0
 40
0.7874015748031498
0
HATCH
5
571
100
AcDbEntity
8
TopSolderMaskLayer
100
AcDbHatch
10
0
20
0
30
0
210
0
220
0
230
1
2
SOLID
70
1
71
0
91
1
92
7
72
1
73
1
93
2
10
6.451612903225898
20
66.46939293878586
42
1
10
8.026416052832198
20
66.46939293878586
42
1
97
1
330

75
0
76
1
47
0.8681437583925616
98
1
10
3.629517071192367
20
33.92795499968543
450
0
451
0
460
0
461
0
452
1
462
1
453
2
463
0
63
5
421
255
463
1
63
7
421
16777215
470
LINEAR
1001
ACAD
1010
0
1020
0
1030
0
  0
CIRCLE
  5
572
330
1F
100
AcDbEntity
  8
BottomSolderMaskLayer
100
AcDbCircle
 10
7.239014478029048
 20
66.46939293878586
 30
0.0
 40
0.4133333333333334
  0
CIRCLE
  5
573
330
1F
100
AcDbEntity
  8
BottomSolderMaskLayer
100
AcDbCircle
 10
7.239014478029048
 20
66.46939293878586
 30
0.0
 40
0.7874015748031498
0
HATCH
5
574
100
AcDbEntity
8
BottomSolderMaskLayer
100
AcDbHatch
10
0
20
0
30
0
210
0
220
0
230
1
2
SOLID
70
1
71
0
91
1
92
7
72
1
73
1
93
2
10
6.451612903225898
20
66.46939293878586
42
1
10
8.026416052832198
20
66.46939293878586
42
1
97
1
330

75
0
76
1
47
0.8681437583925616
98
1
10
3.629517071192367
20
33.92795499968543
450
0
451
0
460
0
461
0
452
1
462
1
453
2
463
0
63
5
421
255
463
1
63
7
421
16777215
470
LINEAR
1001
ACAD
1010
0
1020
0
1030
0
  0
CIRCLE
  5
575
330
1F
100
AcDbEntity
  8
Multi-Layer
100
AcDbCircle
 10
7.239014478029048
 20
66.46939293878586
 30
0.0
 40
0.4
  0
CIRCLE
  5
576
330
1F
100
AcDbEntity
  8
Multi-Layer
100
AcDbCircle
 10
7.239014478029048
 20
66.46939293878586
 30
0.0
 40
0.7620015240030481
0
HATCH
5
577
100
AcDbEntity
8
Multi-Layer
100
AcDbHatch
10
0
20
0
30
0
210
0
220
0
230
1
2
SOLID
70
1
71
0
91
1
92
7
72
1
73
1
93
2
10
6.477012954026001
20
66.46939293878586
42
1
10
8.001016002032097
20
66.46939293878586
42
1
97
1
330

75
0
76
1
47
0.8681437583925616
98
1
10
3.629517071192367
20
33.92795499968543
450
0
451
0
460
0
461
0
452
1
462
1
453
2
463
0
63
5
421
255
463
1
63
7
421
16777215
470
LINEAR
1001
ACAD
1010
0
1020
0
1030
0
  0
CIRCLE
  5
578
330
1F
100
AcDbEntity
  8
TopSolderMaskLayer
100
AcDbCircle
 10
7.239014478029048
 20
68.46837693675388
 30
0.0
 40
0.4133333333333334
  0
CIRCLE
  5
579
330
1F
100
AcDbEntity
  8
TopSolderMaskLayer
100
AcDbCircle
 10
7.239014478029048
 20
68.46837693675388
 30
0.0
 40
0.7874015748031498
0
HATCH
5
57a
100
AcDbEntity
8
TopSolderMaskLayer
100
AcDbHatch
10
0
20
0
30
0
210
0
220
0
230
1
2
SOLID
70
1
71
0
91
1
92
7
72
1
73
1
93
2
10
6.451612903225898
20
68.46837693675388
42
1
10
8.026416052832198
20
68.46837693675388
42
1
97
1
330

75
0
76
1
47
0.8681437583925616
98
1
10
3.629517071192367
20
33.92795499968543
450
0
451
0
460
0
461
0
452
1
462
1
453
2
463
0
63
5
421
255
463
1
63
7
421
16777215
470
LINEAR
1001
ACAD
1010
0
1020
0
1030
0
  0
CIRCLE
  5
57b
330
1F
100
AcDbEntity
  8
BottomSolderMaskLayer
100
AcDbCircle
 10
7.239014478029048
 20
68.46837693675388
 30
0.0
 40
0.4133333333333334
  0
CIRCLE
  5
57c
330
1F
100
AcDbEntity
  8
BottomSolderMaskLayer
100
AcDbCircle
 10
7.239014478029048
 20
68.46837693675388
 30
0.0
 40
0.7874015748031498
0
HATCH
5
57d
100
AcDbEntity
8
BottomSolderMaskLayer
100
AcDbHatch
10
0
20
0
30
0
210
0
220
0
230
1
2
SOLID
70
1
71
0
91
1
92
7
72
1
73
1
93
2
10
6.451612903225898
20
68.46837693675388
42
1
10
8.026416052832198
20
68.46837693675388
42
1
97
1
330

75
0
76
1
47
0.8681437583925616
98
1
10
3.629517071192367
20
33.92795499968543
450
0
451
0
460
0
461
0
452
1
462
1
453
2
463
0
63
5
421
255
463
1
63
7
421
16777215
470
LINEAR
1001
ACAD
1010
0
1020
0
1030
0
  0
CIRCLE
  5
57e
330
1F
100
AcDbEntity
  8
Multi-Layer
100
AcDbCircle
 10
7.239014478029048
 20
68.46837693675388
 30
0.0
 40
0.4
  0
CIRCLE
  5
57f
330
1F
100
AcDbEntity
  8
Multi-Layer
100
AcDbCircle
 10
7.239014478029048
 20
68.46837693675388
 30
0.0
 40
0.7620015240030481
0
HATCH
5
580
100
AcDbEntity
8
Multi-Layer
100
AcDbHatch
10
0
20
0
30
0
210
0
220
0
230
1
2
SOLID
70
1
71
0
91
1
92
7
72
1
73
1
93
2
10
6.477012954026001
20
68.46837693675388
42
1
10
8.001016002032097
20
68.46837693675388
42
1
97
1
330

75
0
76
1
47
0.8681437583925616
98
1
10
3.629517071192367
20
33.92795499968543
450
0
451
0
460
0
461
0
452
1
462
1
453
2
463
0
63
5
421
255
463
1
63
7
421
16777215
470
LINEAR
1001
ACAD
1010
0
1020
0
1030
0
  0
CIRCLE
  5
581
330
1F
100
AcDbEntity
  8
TopSolderMaskLayer
100
AcDbCircle
 10
7.239014478029048
 20
70.46990093980196
 30
0.0
 40
0.4133333333333334
  0
CIRCLE
  5
582
330
1F
100
AcDbEntity
  8
TopSolderMaskLayer
100
AcDbCircle
 10
7.239014478029048
 20
70.46990093980196
 30
0.0
 40
0.7874015748031498
0
HATCH
5
583
100
AcDbEntity
8
TopSolderMaskLayer
100
AcDbHatch
10
0
20
0
30
0
210
0
220
0
230
1
2
SOLID
70
1
71
0
91
1
92
7
72
1
73
1
93
2
10
6.451612903225898
20
70.46990093980196
42
1
10
8.026416052832198
20
70.46990093980196
42
1
97
1
330

75
0
76
1
47
0.8681437583925616
98
1
10
3.629517071192367
20
33.92795499968543
450
0
451
0
460
0
461
0
452
1
462
1
453
2
463
0
63
5
421
255
463
1
63
7
421
16777215
470
LINEAR
1001
ACAD
1010
0
1020
0
1030
0
  0
CIRCLE
  5
584
330
1F
100
AcDbEntity
  8
BottomSolderMaskLayer
100
AcDbCircle
 10
7.239014478029048
 20
70.46990093980196
 30
0.0
 40
0.4133333333333334
  0
CIRCLE
  5
585
330
1F
100
AcDbEntity
  8
BottomSolderMaskLayer
100
AcDbCircle
 10
7.239014478029048
 20
70.46990093980196
 30
0.0
 40
0.7874015748031498
0
HATCH
5
586
100
AcDbEntity
8
BottomSolderMaskLayer
100
AcDbHatch
10
0
20
0
30
0
210
0
220
0
230
1
2
SOLID
70
1
71
0
91
1
92
7
72
1
73
1
93
2
10
6.451612903225898
20
70.46990093980196
42
1
10
8.026416052832198
20
70.46990093980196
42
1
97
1
330

75
0
76
1
47
0.8681437583925616
98
1
10
3.629517071192367
20
33.92795499968543
450
0
451
0
460
0
461
0
452
1
462
1
453
2
463
0
63
5
421
255
463
1
63
7
421
16777215
470
LINEAR
1001
ACAD
1010
0
1020
0
1030
0
  0
CIRCLE
  5
587
330
1F
100
AcDbEntity
  8
Multi-Layer
100
AcDbCircle
 10
7.239014478029048
 20
70.46990093980196
 30
0.0
 40
0.4
  0
CIRCLE
  5
588
330
1F
100
AcDbEntity
  8
Multi-Layer
100
AcDbCircle
 10
7.239014478029048
 20
70.46990093980196
 30
0.0
 40
0.7620015240030481
0
HATCH
5
589
100
AcDbEntity
8
Multi-Layer
100
AcDbHatch
10
0
20
0
30
0
210
0
220
0
230
1
2
SOLID
70
1
71
0
91
1
92
7
72
1
73
1
93
2
10
6.477012954026001
20
70.46990093980196
42
1
10
8.001016002032097
20
70.46990093980196
42
1
97
1
330

75
0
76
1
47
0.8681437583925616
98
1
10
3.629517071192367
20
33.92795499968543
450
0
451
0
460
0
461
0
452
1
462
1
453
2
463
0
63
5
421
255
463
1
63
7
421
16777215
470
LINEAR
1001
ACAD
1010
0
1020
0
1030
0
  0
CIRCLE
  5
58a
330
1F
100
AcDbEntity
  8
TopSolderMaskLayer
100
AcDbCircle
 10
7.239014478029048
 20
72.46888493776987
 30
0.0
 40
0.4133333333333334
  0
CIRCLE
  5
58b
330
1F
100
AcDbEntity
  8
TopSolderMaskLayer
100
AcDbCircle
 10
7.239014478029048
 20
72.46888493776987
 30
0.0
 40
0.7874015748031498
0
HATCH
5
58c
100
AcDbEntity
8
TopSolderMaskLayer
100
AcDbHatch
10
0
20
0
30
0
210
0
220
0
230
1
2
SOLID
70
1
71
0
91
1
92
7
72
1
73
1
93
2
10
6.451612903225898
20
72.46888493776987
42
1
10
8.026416052832198
20
72.46888493776987
42
1
97
1
330

75
0
76
1
47
0.8681437583925616
98
1
10
3.629517071192367
20
33.92795499968543
450
0
451
0
460
0
461
0
452
1
462
1
453
2
463
0
63
5
421
255
463
1
63
7
421
16777215
470
LINEAR
1001
ACAD
1010
0
1020
0
1030
0
  0
CIRCLE
  5
58d
330
1F
100
AcDbEntity
  8
BottomSolderMaskLayer
100
AcDbCircle
 10
7.239014478029048
 20
72.46888493776987
 30
0.0
 40
0.4133333333333334
  0
CIRCLE
  5
58e
330
1F
100
AcDbEntity
  8
BottomSolderMaskLayer
100
AcDbCircle
 10
7.239014478029048
 20
72.46888493776987
 30
0.0
 40
0.7874015748031498
0
HATCH
5
58f
100
AcDbEntity
8
BottomSolderMaskLayer
100
AcDbHatch
10
0
20
0
30
0
210
0
220
0
230
1
2
SOLID
70
1
71
0
91
1
92
7
72
1
73
1
93
2
10
6.451612903225898
20
72.46888493776987
42
1
10
8.026416052832198
20
72.46888493776987
42
1
97
1
330

75
0
76
1
47
0.8681437583925616
98
1
10
3.629517071192367
20
33.92795499968543
450
0
451
0
460
0
461
0
452
1
462
1
453
2
463
0
63
5
421
255
463
1
63
7
421
16777215
470
LINEAR
1001
ACAD
1010
0
1020
0
1030
0
  0
CIRCLE
  5
590
330
1F
100
AcDbEntity
  8
Multi-Layer
100
AcDbCircle
 10
7.239014478029048
 20
72.46888493776987
 30
0.0
 40
0.4
  0
CIRCLE
  5
591
330
1F
100
AcDbEntity
  8
Multi-Layer
100
AcDbCircle
 10
7.239014478029048
 20
72.46888493776987
 30
0.0
 40
0.7620015240030481
0
HATCH
5
592
100
AcDbEntity
8
Multi-Layer
100
AcDbHatch
10
0
20
0
30
0
210
0
220
0
230
1
2
SOLID
70
1
71
0
91
1
92
7
72
1
73
1
93
2
10
6.477012954026001
20
72.46888493776987
42
1
10
8.001016002032097
20
72.46888493776987
42
1
97
1
330

75
0
76
1
47
0.8681437583925616
98
1
10
3.629517071192367
20
33.92795499968543
450
0
451
0
460
0
461
0
452
1
462
1
453
2
463
0
63
5
421
255
463
1
63
7
421
16777215
470
LINEAR
1001
ACAD
1010
0
1020
0
1030
0
  0
CIRCLE
  5
593
330
1F
100
AcDbEntity
  8
TopSolderMaskLayer
100
AcDbCircle
 10
7.239014478029048
 20
74.47040894081795
 30
0.0
 40
0.4133333333333334
  0
CIRCLE
  5
594
330
1F
100
AcDbEntity
  8
TopSolderMaskLayer
100
AcDbCircle
 10
7.239014478029048
 20
74.47040894081795
 30
0.0
 40
0.7874015748031498
0
HATCH
5
595
100
AcDbEntity
8
TopSolderMaskLayer
100
AcDbHatch
10
0
20
0
30
0
210
0
220
0
230
1
2
SOLID
70
1
71
0
91
1
92
7
72
1
73
1
93
2
10
6.451612903225898
20
74.47040894081795
42
1
10
8.026416052832198
20
74.47040894081795
42
1
97
1
330

75
0
76
1
47
0.8681437583925616
98
1
10
3.629517071192367
20
33.92795499968543
450
0
451
0
460
0
461
0
452
1
462
1
453
2
463
0
63
5
421
255
463
1
63
7
421
16777215
470
LINEAR
1001
ACAD
1010
0
1020
0
1030
0
  0
CIRCLE
  5
596
330
1F
100
AcDbEntity
  8
BottomSolderMaskLayer
100
AcDbCircle
 10
7.239014478029048
 20
74.47040894081795
 30
0.0
 40
0.4133333333333334
  0
CIRCLE
  5
597
330
1F
100
AcDbEntity
  8
BottomSolderMaskLayer
100
AcDbCircle
 10
7.239014478029048
 20
74.47040894081795
 30
0.0
 40
0.7874015748031498
0
HATCH
5
598
100
AcDbEntity
8
BottomSolderMaskLayer
100
AcDbHatch
10
0
20
0
30
0
210
0
220
0
230
1
2
SOLID
70
1
71
0
91
1
92
7
72
1
73
1
93
2
10
6.451612903225898
20
74.47040894081795
42
1
10
8.026416052832198
20
74.47040894081795
42
1
97
1
330

75
0
76
1
47
0.8681437583925616
98
1
10
3.629517071192367
20
33.92795499968543
450
0
451
0
460
0
461
0
452
1
462
1
453
2
463
0
63
5
421
255
463
1
63
7
421
16777215
470
LINEAR
1001
ACAD
1010
0
1020
0
1030
0
  0
CIRCLE
  5
599
330
1F
100
AcDbEntity
  8
Multi-Layer
100
AcDbCircle
 10
7.239014478029048
 20
74.47040894081795
 30
0.0
 40
0.4
  0
CIRCLE
  5
59a
330
1F
100
AcDbEntity
  8
Multi-Layer
100
AcDbCircle
 10
7.239014478029048
 20
74.47040894081795
 30
0.0
 40
0.7620015240030481
0
HATCH
5
59b
100
AcDbEntity
8
Multi-Layer
100
AcDbHatch
10
0
20
0
30
0
210
0
220
0
230
1
2
SOLID
70
1
71
0
91
1
92
7
72
1
73
1
93
2
10
6.477012954026001
20
74.47040894081795
42
1
10
8.001016002032097
20
74.47040894081795
42
1
97
1
330

75
0
76
1
47
0.8681437583925616
98
1
10
3.629517071192367
20
33.92795499968543
450
0
451
0
460
0
461
0
452
1
462
1
453
2
463
0
63
5
421
255
463
1
63
7
421
16777215
470
LINEAR
1001
ACAD
1010
0
1020
0
1030
0
  0
CIRCLE
  5
5ff
330
1F
100
AcDbEntity
  8
TopSolderMaskLayer
100
AcDbCircle
 10
72.13614427228867
 20
81.15316230632459
 30
0.0
 40
0.47244094488188987
  0
CIRCLE
  5
600
330
1F
100
AcDbEntity
  8
TopSolderMaskLayer
100
AcDbCircle
 10
72.13614427228867
 20
81.15316230632459
 30
0.0
 40
0.7874015748031498
0
HATCH
5
601
100
AcDbEntity
8
TopSolderMaskLayer
100
AcDbHatch
10
0
20
0
30
0
210
0
220
0
230
1
2
SOLID
70
1
71
0
91
1
92
7
72
1
73
1
93
2
10
71.34874269748552
20
81.15316230632459
42
1
10
72.92354584709183
20
81.15316230632459
42
1
97
1
330

75
0
76
1
47
0.8681437583925616
98
1
10
3.629517071192367
20
33.92795499968543
450
0
451
0
460
0
461
0
452
1
462
1
453
2
463
0
63
5
421
255
463
1
63
7
421
16777215
470
LINEAR
1001
ACAD
1010
0
1020
0
1030
0
  0
CIRCLE
  5
602
330
1F
100
AcDbEntity
  8
BottomSolderMaskLayer
100
AcDbCircle
 10
72.13614427228867
 20
81.15316230632459
 30
0.0
 40
0.47244094488188987
  0
CIRCLE
  5
603
330
1F
100
AcDbEntity
  8
BottomSolderMaskLayer
100
AcDbCircle
 10
72.13614427228867
 20
81.15316230632459
 30
0.0
 40
0.7874015748031498
0
HATCH
5
604
100
AcDbEntity
8
BottomSolderMaskLayer
100
AcDbHatch
10
0
20
0
30
0
210
0
220
0
230
1
2
SOLID
70
1
71
0
91
1
92
7
72
1
73
1
93
2
10
71.34874269748552
20
81.15316230632459
42
1
10
72.92354584709183
20
81.15316230632459
42
1
97
1
330

75
0
76
1
47
0.8681437583925616
98
1
10
3.629517071192367
20
33.92795499968543
450
0
451
0
460
0
461
0
452
1
462
1
453
2
463
0
63
5
421
255
463
1
63
7
421
16777215
470
LINEAR
1001
ACAD
1010
0
1020
0
1030
0
  0
CIRCLE
  5
605
330
1F
100
AcDbEntity
  8
Multi-Layer
100
AcDbCircle
 10
72.13614427228867
 20
81.15316230632459
 30
0.0
 40
0.45720091440182886
  0
CIRCLE
  5
606
330
1F
100
AcDbEntity
  8
Multi-Layer
100
AcDbCircle
 10
72.13614427228867
 20
81.15316230632459
 30
0.0
 40
0.7620015240030481
0
HATCH
5
607
100
AcDbEntity
8
Multi-Layer
100
AcDbHatch
10
0
20
0
30
0
210
0
220
0
230
1
2
SOLID
70
1
71
0
91
1
92
7
72
1
73
1
93
2
10
71.37414274828562
20
81.15316230632459
42
1
10
72.89814579629173
20
81.15316230632459
42
1
97
1
330

75
0
76
1
47
0.8681437583925616
98
1
10
3.629517071192367
20
33.92795499968543
450
0
451
0
460
0
461
0
452
1
462
1
453
2
463
0
63
5
421
255
463
1
63
7
421
16777215
470
LINEAR
1001
ACAD
1010
0
1020
0
1030
0
  0
CIRCLE
  5
608
330
1F
100
AcDbEntity
  8
TopSolderMaskLayer
100
AcDbCircle
 10
72.13614427228867
 20
78.61315722631446
 30
0.0
 40
0.47244094488188987
  0
CIRCLE
  5
609
330
1F
100
AcDbEntity
  8
TopSolderMaskLayer
100
AcDbCircle
 10
72.13614427228867
 20
78.61315722631446
 30
0.0
 40
0.7874015748031498
0
HATCH
5
60a
100
AcDbEntity
8
TopSolderMaskLayer
100
AcDbHatch
10
0
20
0
30
0
210
0
220
0
230
1
2
SOLID
70
1
71
0
91
1
92
7
72
1
73
1
93
2
10
71.34874269748552
20
78.61315722631446
42
1
10
72.92354584709183
20
78.61315722631446
42
1
97
1
330

75
0
76
1
47
0.8681437583925616
98
1
10
3.629517071192367
20
33.92795499968543
450
0
451
0
460
0
461
0
452
1
462
1
453
2
463
0
63
5
421
255
463
1
63
7
421
16777215
470
LINEAR
1001
ACAD
1010
0
1020
0
1030
0
  0
CIRCLE
  5
60b
330
1F
100
AcDbEntity
  8
BottomSolderMaskLayer
100
AcDbCircle
 10
72.13614427228867
 20
78.61315722631446
 30
0.0
 40
0.47244094488188987
  0
CIRCLE
  5
60c
330
1F
100
AcDbEntity
  8
BottomSolderMaskLayer
100
AcDbCircle
 10
72.13614427228867
 20
78.61315722631446
 30
0.0
 40
0.7874015748031498
0
HATCH
5
60d
100
AcDbEntity
8
BottomSolderMaskLayer
100
AcDbHatch
10
0
20
0
30
0
210
0
220
0
230
1
2
SOLID
70
1
71
0
91
1
92
7
72
1
73
1
93
2
10
71.34874269748552
20
78.61315722631446
42
1
10
72.92354584709183
20
78.61315722631446
42
1
97
1
330

75
0
76
1
47
0.8681437583925616
98
1
10
3.629517071192367
20
33.92795499968543
450
0
451
0
460
0
461
0
452
1
462
1
453
2
463
0
63
5
421
255
463
1
63
7
421
16777215
470
LINEAR
1001
ACAD
1010
0
1020
0
1030
0
  0
CIRCLE
  5
60e
330
1F
100
AcDbEntity
  8
Multi-Layer
100
AcDbCircle
 10
72.13614427228867
 20
78.61315722631446
 30
0.0
 40
0.45720091440182886
  0
CIRCLE
  5
60f
330
1F
100
AcDbEntity
  8
Multi-Layer
100
AcDbCircle
 10
72.13614427228867
 20
78.61315722631446
 30
0.0
 40
0.7620015240030481
0
HATCH
5
610
100
AcDbEntity
8
Multi-Layer
100
AcDbHatch
10
0
20
0
30
0
210
0
220
0
230
1
2
SOLID
70
1
71
0
91
1
92
7
72
1
73
1
93
2
10
71.37414274828562
20
78.61315722631446
42
1
10
72.89814579629173
20
78.61315722631446
42
1
97
1
330

75
0
76
1
47
0.8681437583925616
98
1
10
3.629517071192367
20
33.92795499968543
450
0
451
0
460
0
461
0
452
1
462
1
453
2
463
0
63
5
421
255
463
1
63
7
421
16777215
470
LINEAR
1001
ACAD
1010
0
1020
0
1030
0
  0
CIRCLE
  5
611
330
1F
100
AcDbEntity
  8
TopSolderMaskLayer
100
AcDbCircle
 10
72.13614427228867
 20
76.07315214630432
 30
0.0
 40
0.47244094488188987
  0
CIRCLE
  5
612
330
1F
100
AcDbEntity
  8
TopSolderMaskLayer
100
AcDbCircle
 10
72.13614427228867
 20
76.07315214630432
 30
0.0
 40
0.7874015748031498
0
HATCH
5
613
100
AcDbEntity
8
TopSolderMaskLayer
100
AcDbHatch
10
0
20
0
30
0
210
0
220
0
230
1
2
SOLID
70
1
71
0
91
1
92
7
72
1
73
1
93
2
10
71.34874269748552
20
76.07315214630432
42
1
10
72.92354584709183
20
76.07315214630432
42
1
97
1
330

75
0
76
1
47
0.8681437583925616
98
1
10
3.629517071192367
20
33.92795499968543
450
0
451
0
460
0
461
0
452
1
462
1
453
2
463
0
63
5
421
255
463
1
63
7
421
16777215
470
LINEAR
1001
ACAD
1010
0
1020
0
1030
0
  0
CIRCLE
  5
614
330
1F
100
AcDbEntity
  8
BottomSolderMaskLayer
100
AcDbCircle
 10
72.13614427228867
 20
76.07315214630432
 30
0.0
 40
0.47244094488188987
  0
CIRCLE
  5
615
330
1F
100
AcDbEntity
  8
BottomSolderMaskLayer
100
AcDbCircle
 10
72.13614427228867
 20
76.07315214630432
 30
0.0
 40
0.7874015748031498
0
HATCH
5
616
100
AcDbEntity
8
BottomSolderMaskLayer
100
AcDbHatch
10
0
20
0
30
0
210
0
220
0
230
1
2
SOLID
70
1
71
0
91
1
92
7
72
1
73
1
93
2
10
71.34874269748552
20
76.07315214630432
42
1
10
72.92354584709183
20
76.07315214630432
42
1
97
1
330

75
0
76
1
47
0.8681437583925616
98
1
10
3.629517071192367
20
33.92795499968543
450
0
451
0
460
0
461
0
452
1
462
1
453
2
463
0
63
5
421
255
463
1
63
7
421
16777215
470
LINEAR
1001
ACAD
1010
0
1020
0
1030
0
  0
CIRCLE
  5
617
330
1F
100
AcDbEntity
  8
Multi-Layer
100
AcDbCircle
 10
72.13614427228867
 20
76.07315214630432
 30
0.0
 40
0.45720091440182886
  0
CIRCLE
  5
618
330
1F
100
AcDbEntity
  8
Multi-Layer
100
AcDbCircle
 10
72.13614427228867
 20
76.07315214630432
 30
0.0
 40
0.7620015240030481
0
HATCH
5
619
100
AcDbEntity
8
Multi-Layer
100
AcDbHatch
10
0
20
0
30
0
210
0
220
0
230
1
2
SOLID
70
1
71
0
91
1
92
7
72
1
73
1
93
2
10
71.37414274828562
20
76.07315214630432
42
1
10
72.89814579629173
20
76.07315214630432
42
1
97
1
330

75
0
76
1
47
0.8681437583925616
98
1
10
3.629517071192367
20
33.92795499968543
450
0
451
0
460
0
461
0
452
1
462
1
453
2
463
0
63
5
421
255
463
1
63
7
421
16777215
470
LINEAR
1001
ACAD
1010
0
1020
0
1030
0
  0
CIRCLE
  5
61a
330
1F
100
AcDbEntity
  8
TopSolderMaskLayer
100
AcDbCircle
 10
72.13614427228867
 20
73.53314706629419
 30
0.0
 40
0.47244094488188987
  0
CIRCLE
  5
61b
330
1F
100
AcDbEntity
  8
TopSolderMaskLayer
100
AcDbCircle
 10
72.13614427228867
 20
73.53314706629419
 30
0.0
 40
0.7874015748031498
0
HATCH
5
61c
100
AcDbEntity
8
TopSolderMaskLayer
100
AcDbHatch
10
0
20
0
30
0
210
0
220
0
230
1
2
SOLID
70
1
71
0
91
1
92
7
72
1
73
1
93
2
10
71.34874269748552
20
73.53314706629419
42
1
10
72.92354584709183
20
73.53314706629419
42
1
97
1
330

75
0
76
1
47
0.8681437583925616
98
1
10
3.629517071192367
20
33.92795499968543
450
0
451
0
460
0
461
0
452
1
462
1
453
2
463
0
63
5
421
255
463
1
63
7
421
16777215
470
LINEAR
1001
ACAD
1010
0
1020
0
1030
0
  0
CIRCLE
  5
61d
330
1F
100
AcDbEntity
  8
BottomSolderMaskLayer
100
AcDbCircle
 10
72.13614427228867
 20
73.53314706629419
 30
0.0
 40
0.47244094488188987
  0
CIRCLE
  5
61e
330
1F
100
AcDbEntity
  8
BottomSolderMaskLayer
100
AcDbCircle
 10
72.13614427228867
 20
73.53314706629419
 30
0.0
 40
0.7874015748031498
0
HATCH
5
61f
100
AcDbEntity
8
BottomSolderMaskLayer
100
AcDbHatch
10
0
20
0
30
0
210
0
220
0
230
1
2
SOLID
70
1
71
0
91
1
92
7
72
1
73
1
93
2
10
71.34874269748552
20
73.53314706629419
42
1
10
72.92354584709183
20
73.53314706629419
42
1
97
1
330

75
0
76
1
47
0.8681437583925616
98
1
10
3.629517071192367
20
33.92795499968543
450
0
451
0
460
0
461
0
452
1
462
1
453
2
463
0
63
5
421
255
463
1
63
7
421
16777215
470
LINEAR
1001
ACAD
1010
0
1020
0
1030
0
  0
CIRCLE
  5
620
330
1F
100
AcDbEntity
  8
Multi-Layer
100
AcDbCircle
 10
72.13614427228867
 20
73.53314706629419
 30
0.0
 40
0.45720091440182886
  0
CIRCLE
  5
621
330
1F
100
AcDbEntity
  8
Multi-Layer
100
AcDbCircle
 10
72.13614427228867
 20
73.53314706629419
 30
0.0
 40
0.7620015240030481
0
HATCH
5
622
100
AcDbEntity
8
Multi-Layer
100
AcDbHatch
10
0
20
0
30
0
210
0
220
0
230
1
2
SOLID
70
1
71
0
91
1
92
7
72
1
73
1
93
2
10
71.37414274828562
20
73.53314706629419
42
1
10
72.89814579629173
20
73.53314706629419
42
1
97
1
330

75
0
76
1
47
0.8681437583925616
98
1
10
3.629517071192367
20
33.92795499968543
450
0
451
0
460
0
461
0
452
1
462
1
453
2
463
0
63
5
421
255
463
1
63
7
421
16777215
470
LINEAR
1001
ACAD
1010
0
1020
0
1030
0
  0
CIRCLE
  5
623
330
1F
100
AcDbEntity
  8
TopSolderMaskLayer
100
AcDbCircle
 10
72.13614427228867
 20
70.99314198628394
 30
0.0
 40
0.47244094488188987
  0
CIRCLE
  5
624
330
1F
100
AcDbEntity
  8
TopSolderMaskLayer
100
AcDbCircle
 10
72.13614427228867
 20
70.99314198628394
 30
0.0
 40
0.7874015748031498
0
HATCH
5
625
100
AcDbEntity
8
TopSolderMaskLayer
100
AcDbHatch
10
0
20
0
30
0
210
0
220
0
230
1
2
SOLID
70
1
71
0
91
1
92
7
72
1
73
1
93
2
10
71.34874269748552
20
70.99314198628394
42
1
10
72.92354584709183
20
70.99314198628394
42
1
97
1
330

75
0
76
1
47
0.8681437583925616
98
1
10
3.629517071192367
20
33.92795499968543
450
0
451
0
460
0
461
0
452
1
462
1
453
2
463
0
63
5
421
255
463
1
63
7
421
16777215
470
LINEAR
1001
ACAD
1010
0
1020
0
1030
0
  0
CIRCLE
  5
626
330
1F
100
AcDbEntity
  8
BottomSolderMaskLayer
100
AcDbCircle
 10
72.13614427228867
 20
70.99314198628394
 30
0.0
 40
0.47244094488188987
  0
CIRCLE
  5
627
330
1F
100
AcDbEntity
  8
BottomSolderMaskLayer
100
AcDbCircle
 10
72.13614427228867
 20
70.99314198628394
 30
0.0
 40
0.7874015748031498
0
HATCH
5
628
100
AcDbEntity
8
BottomSolderMaskLayer
100
AcDbHatch
10
0
20
0
30
0
210
0
220
0
230
1
2
SOLID
70
1
71
0
91
1
92
7
72
1
73
1
93
2
10
71.34874269748552
20
70.99314198628394
42
1
10
72.92354584709183
20
70.99314198628394
42
1
97
1
330

75
0
76
1
47
0.8681437583925616
98
1
10
3.629517071192367
20
33.92795499968543
450
0
451
0
460
0
461
0
452
1
462
1
453
2
463
0
63
5
421
255
463
1
63
7
421
16777215
470
LINEAR
1001
ACAD
1010
0
1020
0
1030
0
  0
CIRCLE
  5
629
330
1F
100
AcDbEntity
  8
Multi-Layer
100
AcDbCircle
 10
72.13614427228867
 20
70.99314198628394
 30
0.0
 40
0.45720091440182886
  0
CIRCLE
  5
62a
330
1F
100
AcDbEntity
  8
Multi-Layer
100
AcDbCircle
 10
72.13614427228867
 20
70.99314198628394
 30
0.0
 40
0.7620015240030481
0
HATCH
5
62b
100
AcDbEntity
8
Multi-Layer
100
AcDbHatch
10
0
20
0
30
0
210
0
220
0
230
1
2
SOLID
70
1
71
0
91
1
92
7
72
1
73
1
93
2
10
71.37414274828562
20
70.99314198628394
42
1
10
72.89814579629173
20
70.99314198628394
42
1
97
1
330

75
0
76
1
47
0.8681437583925616
98
1
10
3.629517071192367
20
33.92795499968543
450
0
451
0
460
0
461
0
452
1
462
1
453
2
463
0
63
5
421
255
463
1
63
7
421
16777215
470
LINEAR
1001
ACAD
1010
0
1020
0
1030
0
  0
CIRCLE
  5
62c
330
1F
100
AcDbEntity
  8
TopSolderMaskLayer
100
AcDbCircle
 10
72.13614427228867
 20
68.45313690627381
 30
0.0
 40
0.47244094488188987
  0
CIRCLE
  5
62d
330
1F
100
AcDbEntity
  8
TopSolderMaskLayer
100
AcDbCircle
 10
72.13614427228867
 20
68.45313690627381
 30
0.0
 40
0.7874015748031498
0
HATCH
5
62e
100
AcDbEntity
8
TopSolderMaskLayer
100
AcDbHatch
10
0
20
0
30
0
210
0
220
0
230
1
2
SOLID
70
1
71
0
91
1
92
7
72
1
73
1
93
2
10
71.34874269748552
20
68.45313690627381
42
1
10
72.92354584709183
20
68.45313690627381
42
1
97
1
330

75
0
76
1
47
0.8681437583925616
98
1
10
3.629517071192367
20
33.92795499968543
450
0
451
0
460
0
461
0
452
1
462
1
453
2
463
0
63
5
421
255
463
1
63
7
421
16777215
470
LINEAR
1001
ACAD
1010
0
1020
0
1030
0
  0
CIRCLE
  5
62f
330
1F
100
AcDbEntity
  8
BottomSolderMaskLayer
100
AcDbCircle
 10
72.13614427228867
 20
68.45313690627381
 30
0.0
 40
0.47244094488188987
  0
CIRCLE
  5
630
330
1F
100
AcDbEntity
  8
BottomSolderMaskLayer
100
AcDbCircle
 10
72.13614427228867
 20
68.45313690627381
 30
0.0
 40
0.7874015748031498
0
HATCH
5
631
100
AcDbEntity
8
BottomSolderMaskLayer
100
AcDbHatch
10
0
20
0
30
0
210
0
220
0
230
1
2
SOLID
70
1
71
0
91
1
92
7
72
1
73
1
93
2
10
71.34874269748552
20
68.45313690627381
42
1
10
72.92354584709183
20
68.45313690627381
42
1
97
1
330

75
0
76
1
47
0.8681437583925616
98
1
10
3.629517071192367
20
33.92795499968543
450
0
451
0
460
0
461
0
452
1
462
1
453
2
463
0
63
5
421
255
463
1
63
7
421
16777215
470
LINEAR
1001
ACAD
1010
0
1020
0
1030
0
  0
CIRCLE
  5
632
330
1F
100
AcDbEntity
  8
Multi-Layer
100
AcDbCircle
 10
72.13614427228867
 20
68.45313690627381
 30
0.0
 40
0.45720091440182886
  0
CIRCLE
  5
633
330
1F
100
AcDbEntity
  8
Multi-Layer
100
AcDbCircle
 10
72.13614427228867
 20
68.45313690627381
 30
0.0
 40
0.7620015240030481
0
HATCH
5
634
100
AcDbEntity
8
Multi-Layer
100
AcDbHatch
10
0
20
0
30
0
210
0
220
0
230
1
2
SOLID
70
1
71
0
91
1
92
7
72
1
73
1
93
2
10
71.37414274828562
20
68.45313690627381
42
1
10
72.89814579629173
20
68.45313690627381
42
1
97
1
330

75
0
76
1
47
0.8681437583925616
98
1
10
3.629517071192367
20
33.92795499968543
450
0
451
0
460
0
461
0
452
1
462
1
453
2
463
0
63
5
421
255
463
1
63
7
421
16777215
470
LINEAR
1001
ACAD
1010
0
1020
0
1030
0
  0
CIRCLE
  5
635
330
1F
100
AcDbEntity
  8
TopSolderMaskLayer
100
AcDbCircle
 10
72.13614427228867
 20
65.91313182626368
 30
0.0
 40
0.47244094488188987
  0
CIRCLE
  5
636
330
1F
100
AcDbEntity
  8
TopSolderMaskLayer
100
AcDbCircle
 10
72.13614427228867
 20
65.91313182626368
 30
0.0
 40
0.7874015748031498
0
HATCH
5
637
100
AcDbEntity
8
TopSolderMaskLayer
100
AcDbHatch
10
0
20
0
30
0
210
0
220
0
230
1
2
SOLID
70
1
71
0
91
1
92
7
72
1
73
1
93
2
10
71.34874269748552
20
65.91313182626368
42
1
10
72.92354584709183
20
65.91313182626368
42
1
97
1
330

75
0
76
1
47
0.8681437583925616
98
1
10
3.629517071192367
20
33.92795499968543
450
0
451
0
460
0
461
0
452
1
462
1
453
2
463
0
63
5
421
255
463
1
63
7
421
16777215
470
LINEAR
1001
ACAD
1010
0
1020
0
1030
0
  0
CIRCLE
  5
638
330
1F
100
AcDbEntity
  8
BottomSolderMaskLayer
100
AcDbCircle
 10
72.13614427228867
 20
65.91313182626368
 30
0.0
 40
0.47244094488188987
  0
CIRCLE
  5
639
330
1F
100
AcDbEntity
  8
BottomSolderMaskLayer
100
AcDbCircle
 10
72.13614427228867
 20
65.91313182626368
 30
0.0
 40
0.7874015748031498
0
HATCH
5
63a
100
AcDbEntity
8
BottomSolderMaskLayer
100
AcDbHatch
10
0
20
0
30
0
210
0
220
0
230
1
2
SOLID
70
1
71
0
91
1
92
7
72
1
73
1
93
2
10
71.34874269748552
20
65.91313182626368
42
1
10
72.92354584709183
20
65.91313182626368
42
1
97
1
330

75
0
76
1
47
0.8681437583925616
98
1
10
3.629517071192367
20
33.92795499968543
450
0
451
0
460
0
461
0
452
1
462
1
453
2
463
0
63
5
421
255
463
1
63
7
421
16777215
470
LINEAR
1001
ACAD
1010
0
1020
0
1030
0
  0
CIRCLE
  5
63b
330
1F
100
AcDbEntity
  8
Multi-Layer
100
AcDbCircle
 10
72.13614427228867
 20
65.91313182626368
 30
0.0
 40
0.45720091440182886
  0
CIRCLE
  5
63c
330
1F
100
AcDbEntity
  8
Multi-Layer
100
AcDbCircle
 10
72.13614427228867
 20
65.91313182626368
 30
0.0
 40
0.7620015240030481
0
HATCH
5
63d
100
AcDbEntity
8
Multi-Layer
100
AcDbHatch
10
0
20
0
30
0
210
0
220
0
230
1
2
SOLID
70
1
71
0
91
1
92
7
72
1
73
1
93
2
10
71.37414274828562
20
65.91313182626368
42
1
10
72.89814579629173
20
65.91313182626368
42
1
97
1
330

75
0
76
1
47
0.8681437583925616
98
1
10
3.629517071192367
20
33.92795499968543
450
0
451
0
460
0
461
0
452
1
462
1
453
2
463
0
63
5
421
255
463
1
63
7
421
16777215
470
LINEAR
1001
ACAD
1010
0
1020
0
1030
0
  0
CIRCLE
  5
63e
330
1F
100
AcDbEntity
  8
TopSolderMaskLayer
100
AcDbCircle
 10
72.13614427228867
 20
63.37312674625355
 30
0.0
 40
0.47244094488188987
  0
CIRCLE
  5
63f
330
1F
100
AcDbEntity
  8
TopSolderMaskLayer
100
AcDbCircle
 10
72.13614427228867
 20
63.37312674625355
 30
0.0
 40
0.7874015748031498
0
HATCH
5
640
100
AcDbEntity
8
TopSolderMaskLayer
100
AcDbHatch
10
0
20
0
30
0
210
0
220
0
230
1
2
SOLID
70
1
71
0
91
1
92
7
72
1
73
1
93
2
10
71.34874269748552
20
63.37312674625355
42
1
10
72.92354584709183
20
63.37312674625355
42
1
97
1
330

75
0
76
1
47
0.8681437583925616
98
1
10
3.629517071192367
20
33.92795499968543
450
0
451
0
460
0
461
0
452
1
462
1
453
2
463
0
63
5
421
255
463
1
63
7
421
16777215
470
LINEAR
1001
ACAD
1010
0
1020
0
1030
0
  0
CIRCLE
  5
641
330
1F
100
AcDbEntity
  8
BottomSolderMaskLayer
100
AcDbCircle
 10
72.13614427228867
 20
63.37312674625355
 30
0.0
 40
0.47244094488188987
  0
CIRCLE
  5
642
330
1F
100
AcDbEntity
  8
BottomSolderMaskLayer
100
AcDbCircle
 10
72.13614427228867
 20
63.37312674625355
 30
0.0
 40
0.7874015748031498
0
HATCH
5
643
100
AcDbEntity
8
BottomSolderMaskLayer
100
AcDbHatch
10
0
20
0
30
0
210
0
220
0
230
1
2
SOLID
70
1
71
0
91
1
92
7
72
1
73
1
93
2
10
71.34874269748552
20
63.37312674625355
42
1
10
72.92354584709183
20
63.37312674625355
42
1
97
1
330

75
0
76
1
47
0.8681437583925616
98
1
10
3.629517071192367
20
33.92795499968543
450
0
451
0
460
0
461
0
452
1
462
1
453
2
463
0
63
5
421
255
463
1
63
7
421
16777215
470
LINEAR
1001
ACAD
1010
0
1020
0
1030
0
  0
CIRCLE
  5
644
330
1F
100
AcDbEntity
  8
Multi-Layer
100
AcDbCircle
 10
72.13614427228867
 20
63.37312674625355
 30
0.0
 40
0.45720091440182886
  0
CIRCLE
  5
645
330
1F
100
AcDbEntity
  8
Multi-Layer
100
AcDbCircle
 10
72.13614427228867
 20
63.37312674625355
 30
0.0
 40
0.7620015240030481
0
HATCH
5
646
100
AcDbEntity
8
Multi-Layer
100
AcDbHatch
10
0
20
0
30
0
210
0
220
0
230
1
2
SOLID
70
1
71
0
91
1
92
7
72
1
73
1
93
2
10
71.37414274828562
20
63.37312674625355
42
1
10
72.89814579629173
20
63.37312674625355
42
1
97
1
330

75
0
76
1
47
0.8681437583925616
98
1
10
3.629517071192367
20
33.92795499968543
450
0
451
0
460
0
461
0
452
1
462
1
453
2
463
0
63
5
421
255
463
1
63
7
421
16777215
470
LINEAR
1001
ACAD
1010
0
1020
0
1030
0
  0
CIRCLE
  5
647
330
1F
100
AcDbEntity
  8
TopSolderMaskLayer
100
AcDbCircle
 10
72.13614427228867
 20
60.8331216662433
 30
0.0
 40
0.47244094488188987
  0
CIRCLE
  5
648
330
1F
100
AcDbEntity
  8
TopSolderMaskLayer
100
AcDbCircle
 10
72.13614427228867
 20
60.8331216662433
 30
0.0
 40
0.7874015748031498
0
HATCH
5
649
100
AcDbEntity
8
TopSolderMaskLayer
100
AcDbHatch
10
0
20
0
30
0
210
0
220
0
230
1
2
SOLID
70
1
71
0
91
1
92
7
72
1
73
1
93
2
10
71.34874269748552
20
60.8331216662433
42
1
10
72.92354584709183
20
60.8331216662433
42
1
97
1
330

75
0
76
1
47
0.8681437583925616
98
1
10
3.629517071192367
20
33.92795499968543
450
0
451
0
460
0
461
0
452
1
462
1
453
2
463
0
63
5
421
255
463
1
63
7
421
16777215
470
LINEAR
1001
ACAD
1010
0
1020
0
1030
0
  0
CIRCLE
  5
64a
330
1F
100
AcDbEntity
  8
BottomSolderMaskLayer
100
AcDbCircle
 10
72.13614427228867
 20
60.8331216662433
 30
0.0
 40
0.47244094488188987
  0
CIRCLE
  5
64b
330
1F
100
AcDbEntity
  8
BottomSolderMaskLayer
100
AcDbCircle
 10
72.13614427228867
 20
60.8331216662433
 30
0.0
 40
0.7874015748031498
0
HATCH
5
64c
100
AcDbEntity
8
BottomSolderMaskLayer
100
AcDbHatch
10
0
20
0
30
0
210
0
220
0
230
1
2
SOLID
70
1
71
0
91
1
92
7
72
1
73
1
93
2
10
71.34874269748552
20
60.8331216662433
42
1
10
72.92354584709183
20
60.8331216662433
42
1
97
1
330

75
0
76
1
47
0.8681437583925616
98
1
10
3.629517071192367
20
33.92795499968543
450
0
451
0
460
0
461
0
452
1
462
1
453
2
463
0
63
5
421
255
463
1
63
7
421
16777215
470
LINEAR
1001
ACAD
1010
0
1020
0
1030
0
  0
CIRCLE
  5
64d
330
1F
100
AcDbEntity
  8
Multi-Layer
100
AcDbCircle
 10
72.13614427228867
 20
60.8331216662433
 30
0.0
 40
0.45720091440182886
  0
CIRCLE
  5
64e
330
1F
100
AcDbEntity
  8
Multi-Layer
100
AcDbCircle
 10
72.13614427228867
 20
60.8331216662433
 30
0.0
 40
0.7620015240030481
0
HATCH
5
64f
100
AcDbEntity
8
Multi-Layer
100
AcDbHatch
10
0
20
0
30
0
210
0
220
0
230
1
2
SOLID
70
1
71
0
91
1
92
7
72
1
73
1
93
2
10
71.37414274828562
20
60.8331216662433
42
1
10
72.89814579629173
20
60.8331216662433
42
1
97
1
330

75
0
76
1
47
0.8681437583925616
98
1
10
3.629517071192367
20
33.92795499968543
450
0
451
0
460
0
461
0
452
1
462
1
453
2
463
0
63
5
421
255
463
1
63
7
421
16777215
470
LINEAR
1001
ACAD
1010
0
1020
0
1030
0
  0
CIRCLE
  5
650
330
1F
100
AcDbEntity
  8
TopSolderMaskLayer
100
AcDbCircle
 10
72.13614427228867
 20
58.29311658623317
 30
0.0
 40
0.47244094488188987
  0
CIRCLE
  5
651
330
1F
100
AcDbEntity
  8
TopSolderMaskLayer
100
AcDbCircle
 10
72.13614427228867
 20
58.29311658623317
 30
0.0
 40
0.7874015748031498
0
HATCH
5
652
100
AcDbEntity
8
TopSolderMaskLayer
100
AcDbHatch
10
0
20
0
30
0
210
0
220
0
230
1
2
SOLID
70
1
71
0
91
1
92
7
72
1
73
1
93
2
10
71.34874269748552
20
58.29311658623317
42
1
10
72.92354584709183
20
58.29311658623317
42
1
97
1
330

75
0
76
1
47
0.8681437583925616
98
1
10
3.629517071192367
20
33.92795499968543
450
0
451
0
460
0
461
0
452
1
462
1
453
2
463
0
63
5
421
255
463
1
63
7
421
16777215
470
LINEAR
1001
ACAD
1010
0
1020
0
1030
0
  0
CIRCLE
  5
653
330
1F
100
AcDbEntity
  8
BottomSolderMaskLayer
100
AcDbCircle
 10
72.13614427228867
 20
58.29311658623317
 30
0.0
 40
0.47244094488188987
  0
CIRCLE
  5
654
330
1F
100
AcDbEntity
  8
BottomSolderMaskLayer
100
AcDbCircle
 10
72.13614427228867
 20
58.29311658623317
 30
0.0
 40
0.7874015748031498
0
HATCH
5
655
100
AcDbEntity
8
BottomSolderMaskLayer
100
AcDbHatch
10
0
20
0
30
0
210
0
220
0
230
1
2
SOLID
70
1
71
0
91
1
92
7
72
1
73
1
93
2
10
71.34874269748552
20
58.29311658623317
42
1
10
72.92354584709183
20
58.29311658623317
42
1
97
1
330

75
0
76
1
47
0.8681437583925616
98
1
10
3.629517071192367
20
33.92795499968543
450
0
451
0
460
0
461
0
452
1
462
1
453
2
463
0
63
5
421
255
463
1
63
7
421
16777215
470
LINEAR
1001
ACAD
1010
0
1020
0
1030
0
  0
CIRCLE
  5
656
330
1F
100
AcDbEntity
  8
Multi-Layer
100
AcDbCircle
 10
72.13614427228867
 20
58.29311658623317
 30
0.0
 40
0.45720091440182886
  0
CIRCLE
  5
657
330
1F
100
AcDbEntity
  8
Multi-Layer
100
AcDbCircle
 10
72.13614427228867
 20
58.29311658623317
 30
0.0
 40
0.7620015240030481
0
HATCH
5
658
100
AcDbEntity
8
Multi-Layer
100
AcDbHatch
10
0
20
0
30
0
210
0
220
0
230
1
2
SOLID
70
1
71
0
91
1
92
7
72
1
73
1
93
2
10
71.37414274828562
20
58.29311658623317
42
1
10
72.89814579629173
20
58.29311658623317
42
1
97
1
330

75
0
76
1
47
0.8681437583925616
98
1
10
3.629517071192367
20
33.92795499968543
450
0
451
0
460
0
461
0
452
1
462
1
453
2
463
0
63
5
421
255
463
1
63
7
421
16777215
470
LINEAR
1001
ACAD
1010
0
1020
0
1030
0
  0
CIRCLE
  5
659
330
1F
100
AcDbEntity
  8
TopSolderMaskLayer
100
AcDbCircle
 10
72.13614427228867
 20
55.753111506223036
 30
0.0
 40
0.47244094488188987
  0
CIRCLE
  5
65a
330
1F
100
AcDbEntity
  8
TopSolderMaskLayer
100
AcDbCircle
 10
72.13614427228867
 20
55.753111506223036
 30
0.0
 40
0.7874015748031498
0
HATCH
5
65b
100
AcDbEntity
8
TopSolderMaskLayer
100
AcDbHatch
10
0
20
0
30
0
210
0
220
0
230
1
2
SOLID
70
1
71
0
91
1
92
7
72
1
73
1
93
2
10
71.34874269748552
20
55.753111506223036
42
1
10
72.92354584709183
20
55.753111506223036
42
1
97
1
330

75
0
76
1
47
0.8681437583925616
98
1
10
3.629517071192367
20
33.92795499968543
450
0
451
0
460
0
461
0
452
1
462
1
453
2
463
0
63
5
421
255
463
1
63
7
421
16777215
470
LINEAR
1001
ACAD
1010
0
1020
0
1030
0
  0
CIRCLE
  5
65c
330
1F
100
AcDbEntity
  8
BottomSolderMaskLayer
100
AcDbCircle
 10
72.13614427228867
 20
55.753111506223036
 30
0.0
 40
0.47244094488188987
  0
CIRCLE
  5
65d
330
1F
100
AcDbEntity
  8
BottomSolderMaskLayer
100
AcDbCircle
 10
72.13614427228867
 20
55.753111506223036
 30
0.0
 40
0.7874015748031498
0
HATCH
5
65e
100
AcDbEntity
8
BottomSolderMaskLayer
100
AcDbHatch
10
0
20
0
30
0
210
0
220
0
230
1
2
SOLID
70
1
71
0
91
1
92
7
72
1
73
1
93
2
10
71.34874269748552
20
55.753111506223036
42
1
10
72.92354584709183
20
55.753111506223036
42
1
97
1
330

75
0
76
1
47
0.8681437583925616
98
1
10
3.629517071192367
20
33.92795499968543
450
0
451
0
460
0
461
0
452
1
462
1
453
2
463
0
63
5
421
255
463
1
63
7
421
16777215
470
LINEAR
1001
ACAD
1010
0
1020
0
1030
0
  0
CIRCLE
  5
65f
330
1F
100
AcDbEntity
  8
Multi-Layer
100
AcDbCircle
 10
72.13614427228867
 20
55.753111506223036
 30
0.0
 40
0.45720091440182886
  0
CIRCLE
  5
660
330
1F
100
AcDbEntity
  8
Multi-Layer
100
AcDbCircle
 10
72.13614427228867
 20
55.753111506223036
 30
0.0
 40
0.7620015240030481
0
HATCH
5
661
100
AcDbEntity
8
Multi-Layer
100
AcDbHatch
10
0
20
0
30
0
210
0
220
0
230
1
2
SOLID
70
1
71
0
91
1
92
7
72
1
73
1
93
2
10
71.37414274828562
20
55.753111506223036
42
1
10
72.89814579629173
20
55.753111506223036
42
1
97
1
330

75
0
76
1
47
0.8681437583925616
98
1
10
3.629517071192367
20
33.92795499968543
450
0
451
0
460
0
461
0
452
1
462
1
453
2
463
0
63
5
421
255
463
1
63
7
421
16777215
470
LINEAR
1001
ACAD
1010
0
1020
0
1030
0
  0
CIRCLE
  5
662
330
1F
100
AcDbEntity
  8
TopSolderMaskLayer
100
AcDbCircle
 10
72.13614427228867
 20
53.2131064262129
 30
0.0
 40
0.47244094488188987
  0
CIRCLE
  5
663
330
1F
100
AcDbEntity
  8
TopSolderMaskLayer
100
AcDbCircle
 10
72.13614427228867
 20
53.2131064262129
 30
0.0
 40
0.7874015748031498
0
HATCH
5
664
100
AcDbEntity
8
TopSolderMaskLayer
100
AcDbHatch
10
0
20
0
30
0
210
0
220
0
230
1
2
SOLID
70
1
71
0
91
1
92
7
72
1
73
1
93
2
10
71.34874269748552
20
53.2131064262129
42
1
10
72.92354584709183
20
53.2131064262129
42
1
97
1
330

75
0
76
1
47
0.8681437583925616
98
1
10
3.629517071192367
20
33.92795499968543
450
0
451
0
460
0
461
0
452
1
462
1
453
2
463
0
63
5
421
255
463
1
63
7
421
16777215
470
LINEAR
1001
ACAD
1010
0
1020
0
1030
0
  0
CIRCLE
  5
665
330
1F
100
AcDbEntity
  8
BottomSolderMaskLayer
100
AcDbCircle
 10
72.13614427228867
 20
53.2131064262129
 30
0.0
 40
0.47244094488188987
  0
CIRCLE
  5
666
330
1F
100
AcDbEntity
  8
BottomSolderMaskLayer
100
AcDbCircle
 10
72.13614427228867
 20
53.2131064262129
 30
0.0
 40
0.7874015748031498
0
HATCH
5
667
100
AcDbEntity
8
BottomSolderMaskLayer
100
AcDbHatch
10
0
20
0
30
0
210
0
220
0
230
1
2
SOLID
70
1
71
0
91
1
92
7
72
1
73
1
93
2
10
71.34874269748552
20
53.2131064262129
42
1
10
72.92354584709183
20
53.2131064262129
42
1
97
1
330

75
0
76
1
47
0.8681437583925616
98
1
10
3.629517071192367
20
33.92795499968543
450
0
451
0
460
0
461
0
452
1
462
1
453
2
463
0
63
5
421
255
463
1
63
7
421
16777215
470
LINEAR
1001
ACAD
1010
0
1020
0
1030
0
  0
CIRCLE
  5
668
330
1F
100
AcDbEntity
  8
Multi-Layer
100
AcDbCircle
 10
72.13614427228867
 20
53.2131064262129
 30
0.0
 40
0.45720091440182886
  0
CIRCLE
  5
669
330
1F
100
AcDbEntity
  8
Multi-Layer
100
AcDbCircle
 10
72.13614427228867
 20
53.2131064262129
 30
0.0
 40
0.7620015240030481
0
HATCH
5
66a
100
AcDbEntity
8
Multi-Layer
100
AcDbHatch
10
0
20
0
30
0
210
0
220
0
230
1
2
SOLID
70
1
71
0
91
1
92
7
72
1
73
1
93
2
10
71.37414274828562
20
53.2131064262129
42
1
10
72.89814579629173
20
53.2131064262129
42
1
97
1
330

75
0
76
1
47
0.8681437583925616
98
1
10
3.629517071192367
20
33.92795499968543
450
0
451
0
460
0
461
0
452
1
462
1
453
2
463
0
63
5
421
255
463
1
63
7
421
16777215
470
LINEAR
1001
ACAD
1010
0
1020
0
1030
0
  0
CIRCLE
  5
66b
330
1F
100
AcDbEntity
  8
TopSolderMaskLayer
100
AcDbCircle
 10
72.13614427228867
 20
50.67310134620266
 30
0.0
 40
0.47244094488188987
  0
CIRCLE
  5
66c
330
1F
100
AcDbEntity
  8
TopSolderMaskLayer
100
AcDbCircle
 10
72.13614427228867
 20
50.67310134620266
 30
0.0
 40
0.7874015748031498
0
HATCH
5
66d
100
AcDbEntity
8
TopSolderMaskLayer
100
AcDbHatch
10
0
20
0
30
0
210
0
220
0
230
1
2
SOLID
70
1
71
0
91
1
92
7
72
1
73
1
93
2
10
71.34874269748552
20
50.67310134620266
42
1
10
72.92354584709183
20
50.67310134620266
42
1
97
1
330

75
0
76
1
47
0.8681437583925616
98
1
10
3.629517071192367
20
33.92795499968543
450
0
451
0
460
0
461
0
452
1
462
1
453
2
463
0
63
5
421
255
463
1
63
7
421
16777215
470
LINEAR
1001
ACAD
1010
0
1020
0
1030
0
  0
CIRCLE
  5
66e
330
1F
100
AcDbEntity
  8
BottomSolderMaskLayer
100
AcDbCircle
 10
72.13614427228867
 20
50.67310134620266
 30
0.0
 40
0.47244094488188987
  0
CIRCLE
  5
66f
330
1F
100
AcDbEntity
  8
BottomSolderMaskLayer
100
AcDbCircle
 10
72.13614427228867
 20
50.67310134620266
 30
0.0
 40
0.7874015748031498
0
HATCH
5
670
100
AcDbEntity
8
BottomSolderMaskLayer
100
AcDbHatch
10
0
20
0
30
0
210
0
220
0
230
1
2
SOLID
70
1
71
0
91
1
92
7
72
1
73
1
93
2
10
71.34874269748552
20
50.67310134620266
42
1
10
72.92354584709183
20
50.67310134620266
42
1
97
1
330

75
0
76
1
47
0.8681437583925616
98
1
10
3.629517071192367
20
33.92795499968543
450
0
451
0
460
0
461
0
452
1
462
1
453
2
463
0
63
5
421
255
463
1
63
7
421
16777215
470
LINEAR
1001
ACAD
1010
0
1020
0
1030
0
  0
CIRCLE
  5
671
330
1F
100
AcDbEntity
  8
Multi-Layer
100
AcDbCircle
 10
72.13614427228867
 20
50.67310134620266
 30
0.0
 40
0.45720091440182886
  0
CIRCLE
  5
672
330
1F
100
AcDbEntity
  8
Multi-Layer
100
AcDbCircle
 10
72.13614427228867
 20
50.67310134620266
 30
0.0
 40
0.7620015240030481
0
HATCH
5
673
100
AcDbEntity
8
Multi-Layer
100
AcDbHatch
10
0
20
0
30
0
210
0
220
0
230
1
2
SOLID
70
1
71
0
91
1
92
7
72
1
73
1
93
2
10
71.37414274828562
20
50.67310134620266
42
1
10
72.89814579629173
20
50.67310134620266
42
1
97
1
330

75
0
76
1
47
0.8681437583925616
98
1
10
3.629517071192367
20
33.92795499968543
450
0
451
0
460
0
461
0
452
1
462
1
453
2
463
0
63
5
421
255
463
1
63
7
421
16777215
470
LINEAR
1001
ACAD
1010
0
1020
0
1030
0
  0
CIRCLE
  5
674
330
1F
100
AcDbEntity
  8
TopSolderMaskLayer
100
AcDbCircle
 10
72.13614427228867
 20
48.133096266192524
 30
0.0
 40
0.47244094488188987
  0
CIRCLE
  5
675
330
1F
100
AcDbEntity
  8
TopSolderMaskLayer
100
AcDbCircle
 10
72.13614427228867
 20
48.133096266192524
 30
0.0
 40
0.7874015748031498
0
HATCH
5
676
100
AcDbEntity
8
TopSolderMaskLayer
100
AcDbHatch
10
0
20
0
30
0
210
0
220
0
230
1
2
SOLID
70
1
71
0
91
1
92
7
72
1
73
1
93
2
10
71.34874269748552
20
48.133096266192524
42
1
10
72.92354584709183
20
48.133096266192524
42
1
97
1
330

75
0
76
1
47
0.8681437583925616
98
1
10
3.629517071192367
20
33.92795499968543
450
0
451
0
460
0
461
0
452
1
462
1
453
2
463
0
63
5
421
255
463
1
63
7
421
16777215
470
LINEAR
1001
ACAD
1010
0
1020
0
1030
0
  0
CIRCLE
  5
677
330
1F
100
AcDbEntity
  8
BottomSolderMaskLayer
100
AcDbCircle
 10
72.13614427228867
 20
48.133096266192524
 30
0.0
 40
0.47244094488188987
  0
CIRCLE
  5
678
330
1F
100
AcDbEntity
  8
BottomSolderMaskLayer
100
AcDbCircle
 10
72.13614427228867
 20
48.133096266192524
 30
0.0
 40
0.7874015748031498
0
HATCH
5
679
100
AcDbEntity
8
BottomSolderMaskLayer
100
AcDbHatch
10
0
20
0
30
0
210
0
220
0
230
1
2
SOLID
70
1
71
0
91
1
92
7
72
1
73
1
93
2
10
71.34874269748552
20
48.133096266192524
42
1
10
72.92354584709183
20
48.133096266192524
42
1
97
1
330

75
0
76
1
47
0.8681437583925616
98
1
10
3.629517071192367
20
33.92795499968543
450
0
451
0
460
0
461
0
452
1
462
1
453
2
463
0
63
5
421
255
463
1
63
7
421
16777215
470
LINEAR
1001
ACAD
1010
0
1020
0
1030
0
  0
CIRCLE
  5
67a
330
1F
100
AcDbEntity
  8
Multi-Layer
100
AcDbCircle
 10
72.13614427228867
 20
48.133096266192524
 30
0.0
 40
0.45720091440182886
  0
CIRCLE
  5
67b
330
1F
100
AcDbEntity
  8
Multi-Layer
100
AcDbCircle
 10
72.13614427228867
 20
48.133096266192524
 30
0.0
 40
0.7620015240030481
0
HATCH
5
67c
100
AcDbEntity
8
Multi-Layer
100
AcDbHatch
10
0
20
0
30
0
210
0
220
0
230
1
2
SOLID
70
1
71
0
91
1
92
7
72
1
73
1
93
2
10
71.37414274828562
20
48.133096266192524
42
1
10
72.89814579629173
20
48.133096266192524
42
1
97
1
330

75
0
76
1
47
0.8681437583925616
98
1
10
3.629517071192367
20
33.92795499968543
450
0
451
0
460
0
461
0
452
1
462
1
453
2
463
0
63
5
421
255
463
1
63
7
421
16777215
470
LINEAR
1001
ACAD
1010
0
1020
0
1030
0
  0
CIRCLE
  5
67d
330
1F
100
AcDbEntity
  8
TopSolderMaskLayer
100
AcDbCircle
 10
72.13614427228867
 20
45.59309118618239
 30
0.0
 40
0.47244094488188987
  0
CIRCLE
  5
67e
330
1F
100
AcDbEntity
  8
TopSolderMaskLayer
100
AcDbCircle
 10
72.13614427228867
 20
45.59309118618239
 30
0.0
 40
0.7874015748031498
0
HATCH
5
67f
100
AcDbEntity
8
TopSolderMaskLayer
100
AcDbHatch
10
0
20
0
30
0
210
0
220
0
230
1
2
SOLID
70
1
71
0
91
1
92
7
72
1
73
1
93
2
10
71.34874269748552
20
45.59309118618239
42
1
10
72.92354584709183
20
45.59309118618239
42
1
97
1
330

75
0
76
1
47
0.8681437583925616
98
1
10
3.629517071192367
20
33.92795499968543
450
0
451
0
460
0
461
0
452
1
462
1
453
2
463
0
63
5
421
255
463
1
63
7
421
16777215
470
LINEAR
1001
ACAD
1010
0
1020
0
1030
0
  0
CIRCLE
  5
680
330
1F
100
AcDbEntity
  8
BottomSolderMaskLayer
100
AcDbCircle
 10
72.13614427228867
 20
45.59309118618239
 30
0.0
 40
0.47244094488188987
  0
CIRCLE
  5
681
330
1F
100
AcDbEntity
  8
BottomSolderMaskLayer
100
AcDbCircle
 10
72.13614427228867
 20
45.59309118618239
 30
0.0
 40
0.7874015748031498
0
HATCH
5
682
100
AcDbEntity
8
BottomSolderMaskLayer
100
AcDbHatch
10
0
20
0
30
0
210
0
220
0
230
1
2
SOLID
70
1
71
0
91
1
92
7
72
1
73
1
93
2
10
71.34874269748552
20
45.59309118618239
42
1
10
72.92354584709183
20
45.59309118618239
42
1
97
1
330

75
0
76
1
47
0.8681437583925616
98
1
10
3.629517071192367
20
33.92795499968543
450
0
451
0
460
0
461
0
452
1
462
1
453
2
463
0
63
5
421
255
463
1
63
7
421
16777215
470
LINEAR
1001
ACAD
1010
0
1020
0
1030
0
  0
CIRCLE
  5
683
330
1F
100
AcDbEntity
  8
Multi-Layer
100
AcDbCircle
 10
72.13614427228867
 20
45.59309118618239
 30
0.0
 40
0.45720091440182886
  0
CIRCLE
  5
684
330
1F
100
AcDbEntity
  8
Multi-Layer
100
AcDbCircle
 10
72.13614427228867
 20
45.59309118618239
 30
0.0
 40
0.7620015240030481
0
HATCH
5
685
100
AcDbEntity
8
Multi-Layer
100
AcDbHatch
10
0
20
0
30
0
210
0
220
0
230
1
2
SOLID
70
1
71
0
91
1
92
7
72
1
73
1
93
2
10
71.37414274828562
20
45.59309118618239
42
1
10
72.89814579629173
20
45.59309118618239
42
1
97
1
330

75
0
76
1
47
0.8681437583925616
98
1
10
3.629517071192367
20
33.92795499968543
450
0
451
0
460
0
461
0
452
1
462
1
453
2
463
0
63
5
421
255
463
1
63
7
421
16777215
470
LINEAR
1001
ACAD
1010
0
1020
0
1030
0
  0
CIRCLE
  5
686
330
1F
100
AcDbEntity
  8
TopSolderMaskLayer
100
AcDbCircle
 10
87.37617475234947
 20
81.15316230632459
 30
0.0
 40
0.47244094488188987
  0
CIRCLE
  5
687
330
1F
100
AcDbEntity
  8
TopSolderMaskLayer
100
AcDbCircle
 10
87.37617475234947
 20
81.15316230632459
 30
0.0
 40
0.7874015748031498
0
HATCH
5
688
100
AcDbEntity
8
TopSolderMaskLayer
100
AcDbHatch
10
0
20
0
30
0
210
0
220
0
230
1
2
SOLID
70
1
71
0
91
1
92
7
72
1
73
1
93
2
10
86.58877317754632
20
81.15316230632459
42
1
10
88.16357632715263
20
81.15316230632459
42
1
97
1
330

75
0
76
1
47
0.8681437583925616
98
1
10
3.629517071192367
20
33.92795499968543
450
0
451
0
460
0
461
0
452
1
462
1
453
2
463
0
63
5
421
255
463
1
63
7
421
16777215
470
LINEAR
1001
ACAD
1010
0
1020
0
1030
0
  0
CIRCLE
  5
689
330
1F
100
AcDbEntity
  8
BottomSolderMaskLayer
100
AcDbCircle
 10
87.37617475234947
 20
81.15316230632459
 30
0.0
 40
0.47244094488188987
  0
CIRCLE
  5
68a
330
1F
100
AcDbEntity
  8
BottomSolderMaskLayer
100
AcDbCircle
 10
87.37617475234947
 20
81.15316230632459
 30
0.0
 40
0.7874015748031498
0
HATCH
5
68b
100
AcDbEntity
8
BottomSolderMaskLayer
100
AcDbHatch
10
0
20
0
30
0
210
0
220
0
230
1
2
SOLID
70
1
71
0
91
1
92
7
72
1
73
1
93
2
10
86.58877317754632
20
81.15316230632459
42
1
10
88.16357632715263
20
81.15316230632459
42
1
97
1
330

75
0
76
1
47
0.8681437583925616
98
1
10
3.629517071192367
20
33.92795499968543
450
0
451
0
460
0
461
0
452
1
462
1
453
2
463
0
63
5
421
255
463
1
63
7
421
16777215
470
LINEAR
1001
ACAD
1010
0
1020
0
1030
0
  0
CIRCLE
  5
68c
330
1F
100
AcDbEntity
  8
Multi-Layer
100
AcDbCircle
 10
87.37617475234947
 20
81.15316230632459
 30
0.0
 40
0.45720091440182886
  0
CIRCLE
  5
68d
330
1F
100
AcDbEntity
  8
Multi-Layer
100
AcDbCircle
 10
87.37617475234947
 20
81.15316230632459
 30
0.0
 40
0.7620015240030481
0
HATCH
5
68e
100
AcDbEntity
8
Multi-Layer
100
AcDbHatch
10
0
20
0
30
0
210
0
220
0
230
1
2
SOLID
70
1
71
0
91
1
92
7
72
1
73
1
93
2
10
86.61417322834642
20
81.15316230632459
42
1
10
88.13817627635252
20
81.15316230632459
42
1
97
1
330

75
0
76
1
47
0.8681437583925616
98
1
10
3.629517071192367
20
33.92795499968543
450
0
451
0
460
0
461
0
452
1
462
1
453
2
463
0
63
5
421
255
463
1
63
7
421
16777215
470
LINEAR
1001
ACAD
1010
0
1020
0
1030
0
  0
CIRCLE
  5
68f
330
1F
100
AcDbEntity
  8
TopSolderMaskLayer
100
AcDbCircle
 10
87.37617475234947
 20
78.61315722631446
 30
0.0
 40
0.47244094488188987
  0
CIRCLE
  5
690
330
1F
100
AcDbEntity
  8
TopSolderMaskLayer
100
AcDbCircle
 10
87.37617475234947
 20
78.61315722631446
 30
0.0
 40
0.7874015748031498
0
HATCH
5
691
100
AcDbEntity
8
TopSolderMaskLayer
100
AcDbHatch
10
0
20
0
30
0
210
0
220
0
230
1
2
SOLID
70
1
71
0
91
1
92
7
72
1
73
1
93
2
10
86.58877317754632
20
78.61315722631446
42
1
10
88.16357632715263
20
78.61315722631446
42
1
97
1
330

75
0
76
1
47
0.8681437583925616
98
1
10
3.629517071192367
20
33.92795499968543
450
0
451
0
460
0
461
0
452
1
462
1
453
2
463
0
63
5
421
255
463
1
63
7
421
16777215
470
LINEAR
1001
ACAD
1010
0
1020
0
1030
0
  0
CIRCLE
  5
692
330
1F
100
AcDbEntity
  8
BottomSolderMaskLayer
100
AcDbCircle
 10
87.37617475234947
 20
78.61315722631446
 30
0.0
 40
0.47244094488188987
  0
CIRCLE
  5
693
330
1F
100
AcDbEntity
  8
BottomSolderMaskLayer
100
AcDbCircle
 10
87.37617475234947
 20
78.61315722631446
 30
0.0
 40
0.7874015748031498
0
HATCH
5
694
100
AcDbEntity
8
BottomSolderMaskLayer
100
AcDbHatch
10
0
20
0
30
0
210
0
220
0
230
1
2
SOLID
70
1
71
0
91
1
92
7
72
1
73
1
93
2
10
86.58877317754632
20
78.61315722631446
42
1
10
88.16357632715263
20
78.61315722631446
42
1
97
1
330

75
0
76
1
47
0.8681437583925616
98
1
10
3.629517071192367
20
33.92795499968543
450
0
451
0
460
0
461
0
452
1
462
1
453
2
463
0
63
5
421
255
463
1
63
7
421
16777215
470
LINEAR
1001
ACAD
1010
0
1020
0
1030
0
  0
CIRCLE
  5
695
330
1F
100
AcDbEntity
  8
Multi-Layer
100
AcDbCircle
 10
87.37617475234947
 20
78.61315722631446
 30
0.0
 40
0.45720091440182886
  0
CIRCLE
  5
696
330
1F
100
AcDbEntity
  8
Multi-Layer
100
AcDbCircle
 10
87.37617475234947
 20
78.61315722631446
 30
0.0
 40
0.7620015240030481
0
HATCH
5
697
100
AcDbEntity
8
Multi-Layer
100
AcDbHatch
10
0
20
0
30
0
210
0
220
0
230
1
2
SOLID
70
1
71
0
91
1
92
7
72
1
73
1
93
2
10
86.61417322834642
20
78.61315722631446
42
1
10
88.13817627635252
20
78.61315722631446
42
1
97
1
330

75
0
76
1
47
0.8681437583925616
98
1
10
3.629517071192367
20
33.92795499968543
450
0
451
0
460
0
461
0
452
1
462
1
453
2
463
0
63
5
421
255
463
1
63
7
421
16777215
470
LINEAR
1001
ACAD
1010
0
1020
0
1030
0
  0
CIRCLE
  5
698
330
1F
100
AcDbEntity
  8
TopSolderMaskLayer
100
AcDbCircle
 10
87.37617475234947
 20
76.07315214630432
 30
0.0
 40
0.47244094488188987
  0
CIRCLE
  5
699
330
1F
100
AcDbEntity
  8
TopSolderMaskLayer
100
AcDbCircle
 10
87.37617475234947
 20
76.07315214630432
 30
0.0
 40
0.7874015748031498
0
HATCH
5
69a
100
AcDbEntity
8
TopSolderMaskLayer
100
AcDbHatch
10
0
20
0
30
0
210
0
220
0
230
1
2
SOLID
70
1
71
0
91
1
92
7
72
1
73
1
93
2
10
86.58877317754632
20
76.07315214630432
42
1
10
88.16357632715263
20
76.07315214630432
42
1
97
1
330

75
0
76
1
47
0.8681437583925616
98
1
10
3.629517071192367
20
33.92795499968543
450
0
451
0
460
0
461
0
452
1
462
1
453
2
463
0
63
5
421
255
463
1
63
7
421
16777215
470
LINEAR
1001
ACAD
1010
0
1020
0
1030
0
  0
CIRCLE
  5
69b
330
1F
100
AcDbEntity
  8
BottomSolderMaskLayer
100
AcDbCircle
 10
87.37617475234947
 20
76.07315214630432
 30
0.0
 40
0.47244094488188987
  0
CIRCLE
  5
69c
330
1F
100
AcDbEntity
  8
BottomSolderMaskLayer
100
AcDbCircle
 10
87.37617475234947
 20
76.07315214630432
 30
0.0
 40
0.7874015748031498
0
HATCH
5
69d
100
AcDbEntity
8
BottomSolderMaskLayer
100
AcDbHatch
10
0
20
0
30
0
210
0
220
0
230
1
2
SOLID
70
1
71
0
91
1
92
7
72
1
73
1
93
2
10
86.58877317754632
20
76.07315214630432
42
1
10
88.16357632715263
20
76.07315214630432
42
1
97
1
330

75
0
76
1
47
0.8681437583925616
98
1
10
3.629517071192367
20
33.92795499968543
450
0
451
0
460
0
461
0
452
1
462
1
453
2
463
0
63
5
421
255
463
1
63
7
421
16777215
470
LINEAR
1001
ACAD
1010
0
1020
0
1030
0
  0
CIRCLE
  5
69e
330
1F
100
AcDbEntity
  8
Multi-Layer
100
AcDbCircle
 10
87.37617475234947
 20
76.07315214630432
 30
0.0
 40
0.45720091440182886
  0
CIRCLE
  5
69f
330
1F
100
AcDbEntity
  8
Multi-Layer
100
AcDbCircle
 10
87.37617475234947
 20
76.07315214630432
 30
0.0
 40
0.7620015240030481
0
HATCH
5
6a0
100
AcDbEntity
8
Multi-Layer
100
AcDbHatch
10
0
20
0
30
0
210
0
220
0
230
1
2
SOLID
70
1
71
0
91
1
92
7
72
1
73
1
93
2
10
86.61417322834642
20
76.07315214630432
42
1
10
88.13817627635252
20
76.07315214630432
42
1
97
1
330

75
0
76
1
47
0.8681437583925616
98
1
10
3.629517071192367
20
33.92795499968543
450
0
451
0
460
0
461
0
452
1
462
1
453
2
463
0
63
5
421
255
463
1
63
7
421
16777215
470
LINEAR
1001
ACAD
1010
0
1020
0
1030
0
  0
CIRCLE
  5
6a1
330
1F
100
AcDbEntity
  8
TopSolderMaskLayer
100
AcDbCircle
 10
87.37617475234947
 20
73.53314706629419
 30
0.0
 40
0.47244094488188987
  0
CIRCLE
  5
6a2
330
1F
100
AcDbEntity
  8
TopSolderMaskLayer
100
AcDbCircle
 10
87.37617475234947
 20
73.53314706629419
 30
0.0
 40
0.7874015748031498
0
HATCH
5
6a3
100
AcDbEntity
8
TopSolderMaskLayer
100
AcDbHatch
10
0
20
0
30
0
210
0
220
0
230
1
2
SOLID
70
1
71
0
91
1
92
7
72
1
73
1
93
2
10
86.58877317754632
20
73.53314706629419
42
1
10
88.16357632715263
20
73.53314706629419
42
1
97
1
330

75
0
76
1
47
0.8681437583925616
98
1
10
3.629517071192367
20
33.92795499968543
450
0
451
0
460
0
461
0
452
1
462
1
453
2
463
0
63
5
421
255
463
1
63
7
421
16777215
470
LINEAR
1001
ACAD
1010
0
1020
0
1030
0
  0
CIRCLE
  5
6a4
330
1F
100
AcDbEntity
  8
BottomSolderMaskLayer
100
AcDbCircle
 10
87.37617475234947
 20
73.53314706629419
 30
0.0
 40
0.47244094488188987
  0
CIRCLE
  5
6a5
330
1F
100
AcDbEntity
  8
BottomSolderMaskLayer
100
AcDbCircle
 10
87.37617475234947
 20
73.53314706629419
 30
0.0
 40
0.7874015748031498
0
HATCH
5
6a6
100
AcDbEntity
8
BottomSolderMaskLayer
100
AcDbHatch
10
0
20
0
30
0
210
0
220
0
230
1
2
SOLID
70
1
71
0
91
1
92
7
72
1
73
1
93
2
10
86.58877317754632
20
73.53314706629419
42
1
10
88.16357632715263
20
73.53314706629419
42
1
97
1
330

75
0
76
1
47
0.8681437583925616
98
1
10
3.629517071192367
20
33.92795499968543
450
0
451
0
460
0
461
0
452
1
462
1
453
2
463
0
63
5
421
255
463
1
63
7
421
16777215
470
LINEAR
1001
ACAD
1010
0
1020
0
1030
0
  0
CIRCLE
  5
6a7
330
1F
100
AcDbEntity
  8
Multi-Layer
100
AcDbCircle
 10
87.37617475234947
 20
73.53314706629419
 30
0.0
 40
0.45720091440182886
  0
CIRCLE
  5
6a8
330
1F
100
AcDbEntity
  8
Multi-Layer
100
AcDbCircle
 10
87.37617475234947
 20
73.53314706629419
 30
0.0
 40
0.7620015240030481
0
HATCH
5
6a9
100
AcDbEntity
8
Multi-Layer
100
AcDbHatch
10
0
20
0
30
0
210
0
220
0
230
1
2
SOLID
70
1
71
0
91
1
92
7
72
1
73
1
93
2
10
86.61417322834642
20
73.53314706629419
42
1
10
88.13817627635252
20
73.53314706629419
42
1
97
1
330

75
0
76
1
47
0.8681437583925616
98
1
10
3.629517071192367
20
33.92795499968543
450
0
451
0
460
0
461
0
452
1
462
1
453
2
463
0
63
5
421
255
463
1
63
7
421
16777215
470
LINEAR
1001
ACAD
1010
0
1020
0
1030
0
  0
CIRCLE
  5
6aa
330
1F
100
AcDbEntity
  8
TopSolderMaskLayer
100
AcDbCircle
 10
87.37617475234947
 20
70.99314198628394
 30
0.0
 40
0.47244094488188987
  0
CIRCLE
  5
6ab
330
1F
100
AcDbEntity
  8
TopSolderMaskLayer
100
AcDbCircle
 10
87.37617475234947
 20
70.99314198628394
 30
0.0
 40
0.7874015748031498
0
HATCH
5
6ac
100
AcDbEntity
8
TopSolderMaskLayer
100
AcDbHatch
10
0
20
0
30
0
210
0
220
0
230
1
2
SOLID
70
1
71
0
91
1
92
7
72
1
73
1
93
2
10
86.58877317754632
20
70.99314198628394
42
1
10
88.16357632715263
20
70.99314198628394
42
1
97
1
330

75
0
76
1
47
0.8681437583925616
98
1
10
3.629517071192367
20
33.92795499968543
450
0
451
0
460
0
461
0
452
1
462
1
453
2
463
0
63
5
421
255
463
1
63
7
421
16777215
470
LINEAR
1001
ACAD
1010
0
1020
0
1030
0
  0
CIRCLE
  5
6ad
330
1F
100
AcDbEntity
  8
BottomSolderMaskLayer
100
AcDbCircle
 10
87.37617475234947
 20
70.99314198628394
 30
0.0
 40
0.47244094488188987
  0
CIRCLE
  5
6ae
330
1F
100
AcDbEntity
  8
BottomSolderMaskLayer
100
AcDbCircle
 10
87.37617475234947
 20
70.99314198628394
 30
0.0
 40
0.7874015748031498
0
HATCH
5
6af
100
AcDbEntity
8
BottomSolderMaskLayer
100
AcDbHatch
10
0
20
0
30
0
210
0
220
0
230
1
2
SOLID
70
1
71
0
91
1
92
7
72
1
73
1
93
2
10
86.58877317754632
20
70.99314198628394
42
1
10
88.16357632715263
20
70.99314198628394
42
1
97
1
330

75
0
76
1
47
0.8681437583925616
98
1
10
3.629517071192367
20
33.92795499968543
450
0
451
0
460
0
461
0
452
1
462
1
453
2
463
0
63
5
421
255
463
1
63
7
421
16777215
470
LINEAR
1001
ACAD
1010
0
1020
0
1030
0
  0
CIRCLE
  5
6b0
330
1F
100
AcDbEntity
  8
Multi-Layer
100
AcDbCircle
 10
87.37617475234947
 20
70.99314198628394
 30
0.0
 40
0.45720091440182886
  0
CIRCLE
  5
6b1
330
1F
100
AcDbEntity
  8
Multi-Layer
100
AcDbCircle
 10
87.37617475234947
 20
70.99314198628394
 30
0.0
 40
0.7620015240030481
0
HATCH
5
6b2
100
AcDbEntity
8
Multi-Layer
100
AcDbHatch
10
0
20
0
30
0
210
0
220
0
230
1
2
SOLID
70
1
71
0
91
1
92
7
72
1
73
1
93
2
10
86.61417322834642
20
70.99314198628394
42
1
10
88.13817627635252
20
70.99314198628394
42
1
97
1
330

75
0
76
1
47
0.8681437583925616
98
1
10
3.629517071192367
20
33.92795499968543
450
0
451
0
460
0
461
0
452
1
462
1
453
2
463
0
63
5
421
255
463
1
63
7
421
16777215
470
LINEAR
1001
ACAD
1010
0
1020
0
1030
0
  0
CIRCLE
  5
6b3
330
1F
100
AcDbEntity
  8
TopSolderMaskLayer
100
AcDbCircle
 10
87.37617475234947
 20
68.45313690627381
 30
0.0
 40
0.47244094488188987
  0
CIRCLE
  5
6b4
330
1F
100
AcDbEntity
  8
TopSolderMaskLayer
100
AcDbCircle
 10
87.37617475234947
 20
68.45313690627381
 30
0.0
 40
0.7874015748031498
0
HATCH
5
6b5
100
AcDbEntity
8
TopSolderMaskLayer
100
AcDbHatch
10
0
20
0
30
0
210
0
220
0
230
1
2
SOLID
70
1
71
0
91
1
92
7
72
1
73
1
93
2
10
86.58877317754632
20
68.45313690627381
42
1
10
88.16357632715263
20
68.45313690627381
42
1
97
1
330

75
0
76
1
47
0.8681437583925616
98
1
10
3.629517071192367
20
33.92795499968543
450
0
451
0
460
0
461
0
452
1
462
1
453
2
463
0
63
5
421
255
463
1
63
7
421
16777215
470
LINEAR
1001
ACAD
1010
0
1020
0
1030
0
  0
CIRCLE
  5
6b6
330
1F
100
AcDbEntity
  8
BottomSolderMaskLayer
100
AcDbCircle
 10
87.37617475234947
 20
68.45313690627381
 30
0.0
 40
0.47244094488188987
  0
CIRCLE
  5
6b7
330
1F
100
AcDbEntity
  8
BottomSolderMaskLayer
100
AcDbCircle
 10
87.37617475234947
 20
68.45313690627381
 30
0.0
 40
0.7874015748031498
0
HATCH
5
6b8
100
AcDbEntity
8
BottomSolderMaskLayer
100
AcDbHatch
10
0
20
0
30
0
210
0
220
0
230
1
2
SOLID
70
1
71
0
91
1
92
7
72
1
73
1
93
2
10
86.58877317754632
20
68.45313690627381
42
1
10
88.16357632715263
20
68.45313690627381
42
1
97
1
330

75
0
76
1
47
0.8681437583925616
98
1
10
3.629517071192367
20
33.92795499968543
450
0
451
0
460
0
461
0
452
1
462
1
453
2
463
0
63
5
421
255
463
1
63
7
421
16777215
470
LINEAR
1001
ACAD
1010
0
1020
0
1030
0
  0
CIRCLE
  5
6b9
330
1F
100
AcDbEntity
  8
Multi-Layer
100
AcDbCircle
 10
87.37617475234947
 20
68.45313690627381
 30
0.0
 40
0.45720091440182886
  0
CIRCLE
  5
6ba
330
1F
100
AcDbEntity
  8
Multi-Layer
100
AcDbCircle
 10
87.37617475234947
 20
68.45313690627381
 30
0.0
 40
0.7620015240030481
0
HATCH
5
6bb
100
AcDbEntity
8
Multi-Layer
100
AcDbHatch
10
0
20
0
30
0
210
0
220
0
230
1
2
SOLID
70
1
71
0
91
1
92
7
72
1
73
1
93
2
10
86.61417322834642
20
68.45313690627381
42
1
10
88.13817627635252
20
68.45313690627381
42
1
97
1
330

75
0
76
1
47
0.8681437583925616
98
1
10
3.629517071192367
20
33.92795499968543
450
0
451
0
460
0
461
0
452
1
462
1
453
2
463
0
63
5
421
255
463
1
63
7
421
16777215
470
LINEAR
1001
ACAD
1010
0
1020
0
1030
0
  0
CIRCLE
  5
6bc
330
1F
100
AcDbEntity
  8
TopSolderMaskLayer
100
AcDbCircle
 10
87.37617475234947
 20
65.91313182626368
 30
0.0
 40
0.47244094488188987
  0
CIRCLE
  5
6bd
330
1F
100
AcDbEntity
  8
TopSolderMaskLayer
100
AcDbCircle
 10
87.37617475234947
 20
65.91313182626368
 30
0.0
 40
0.7874015748031498
0
HATCH
5
6be
100
AcDbEntity
8
TopSolderMaskLayer
100
AcDbHatch
10
0
20
0
30
0
210
0
220
0
230
1
2
SOLID
70
1
71
0
91
1
92
7
72
1
73
1
93
2
10
86.58877317754632
20
65.91313182626368
42
1
10
88.16357632715263
20
65.91313182626368
42
1
97
1
330

75
0
76
1
47
0.8681437583925616
98
1
10
3.629517071192367
20
33.92795499968543
450
0
451
0
460
0
461
0
452
1
462
1
453
2
463
0
63
5
421
255
463
1
63
7
421
16777215
470
LINEAR
1001
ACAD
1010
0
1020
0
1030
0
  0
CIRCLE
  5
6bf
330
1F
100
AcDbEntity
  8
BottomSolderMaskLayer
100
AcDbCircle
 10
87.37617475234947
 20
65.91313182626368
 30
0.0
 40
0.47244094488188987
  0
CIRCLE
  5
6c0
330
1F
100
AcDbEntity
  8
BottomSolderMaskLayer
100
AcDbCircle
 10
87.37617475234947
 20
65.91313182626368
 30
0.0
 40
0.7874015748031498
0
HATCH
5
6c1
100
AcDbEntity
8
BottomSolderMaskLayer
100
AcDbHatch
10
0
20
0
30
0
210
0
220
0
230
1
2
SOLID
70
1
71
0
91
1
92
7
72
1
73
1
93
2
10
86.58877317754632
20
65.91313182626368
42
1
10
88.16357632715263
20
65.91313182626368
42
1
97
1
330

75
0
76
1
47
0.8681437583925616
98
1
10
3.629517071192367
20
33.92795499968543
450
0
451
0
460
0
461
0
452
1
462
1
453
2
463
0
63
5
421
255
463
1
63
7
421
16777215
470
LINEAR
1001
ACAD
1010
0
1020
0
1030
0
  0
CIRCLE
  5
6c2
330
1F
100
AcDbEntity
  8
Multi-Layer
100
AcDbCircle
 10
87.37617475234947
 20
65.91313182626368
 30
0.0
 40
0.45720091440182886
  0
CIRCLE
  5
6c3
330
1F
100
AcDbEntity
  8
Multi-Layer
100
AcDbCircle
 10
87.37617475234947
 20
65.91313182626368
 30
0.0
 40
0.7620015240030481
0
HATCH
5
6c4
100
AcDbEntity
8
Multi-Layer
100
AcDbHatch
10
0
20
0
30
0
210
0
220
0
230
1
2
SOLID
70
1
71
0
91
1
92
7
72
1
73
1
93
2
10
86.61417322834642
20
65.91313182626368
42
1
10
88.13817627635252
20
65.91313182626368
42
1
97
1
330

75
0
76
1
47
0.8681437583925616
98
1
10
3.629517071192367
20
33.92795499968543
450
0
451
0
460
0
461
0
452
1
462
1
453
2
463
0
63
5
421
255
463
1
63
7
421
16777215
470
LINEAR
1001
ACAD
1010
0
1020
0
1030
0
  0
CIRCLE
  5
6c5
330
1F
100
AcDbEntity
  8
TopSolderMaskLayer
100
AcDbCircle
 10
87.37617475234947
 20
63.37312674625355
 30
0.0
 40
0.47244094488188987
  0
CIRCLE
  5
6c6
330
1F
100
AcDbEntity
  8
TopSolderMaskLayer
100
AcDbCircle
 10
87.37617475234947
 20
63.37312674625355
 30
0.0
 40
0.7874015748031498
0
HATCH
5
6c7
100
AcDbEntity
8
TopSolderMaskLayer
100
AcDbHatch
10
0
20
0
30
0
210
0
220
0
230
1
2
SOLID
70
1
71
0
91
1
92
7
72
1
73
1
93
2
10
86.58877317754632
20
63.37312674625355
42
1
10
88.16357632715263
20
63.37312674625355
42
1
97
1
330

75
0
76
1
47
0.8681437583925616
98
1
10
3.629517071192367
20
33.92795499968543
450
0
451
0
460
0
461
0
452
1
462
1
453
2
463
0
63
5
421
255
463
1
63
7
421
16777215
470
LINEAR
1001
ACAD
1010
0
1020
0
1030
0
  0
CIRCLE
  5
6c8
330
1F
100
AcDbEntity
  8
BottomSolderMaskLayer
100
AcDbCircle
 10
87.37617475234947
 20
63.37312674625355
 30
0.0
 40
0.47244094488188987
  0
CIRCLE
  5
6c9
330
1F
100
AcDbEntity
  8
BottomSolderMaskLayer
100
AcDbCircle
 10
87.37617475234947
 20
63.37312674625355
 30
0.0
 40
0.7874015748031498
0
HATCH
5
6ca
100
AcDbEntity
8
BottomSolderMaskLayer
100
AcDbHatch
10
0
20
0
30
0
210
0
220
0
230
1
2
SOLID
70
1
71
0
91
1
92
7
72
1
73
1
93
2
10
86.58877317754632
20
63.37312674625355
42
1
10
88.16357632715263
20
63.37312674625355
42
1
97
1
330

75
0
76
1
47
0.8681437583925616
98
1
10
3.629517071192367
20
33.92795499968543
450
0
451
0
460
0
461
0
452
1
462
1
453
2
463
0
63
5
421
255
463
1
63
7
421
16777215
470
LINEAR
1001
ACAD
1010
0
1020
0
1030
0
  0
CIRCLE
  5
6cb
330
1F
100
AcDbEntity
  8
Multi-Layer
100
AcDbCircle
 10
87.37617475234947
 20
63.37312674625355
 30
0.0
 40
0.45720091440182886
  0
CIRCLE
  5
6cc
330
1F
100
AcDbEntity
  8
Multi-Layer
100
AcDbCircle
 10
87.37617475234947
 20
63.37312674625355
 30
0.0
 40
0.7620015240030481
0
HATCH
5
6cd
100
AcDbEntity
8
Multi-Layer
100
AcDbHatch
10
0
20
0
30
0
210
0
220
0
230
1
2
SOLID
70
1
71
0
91
1
92
7
72
1
73
1
93
2
10
86.61417322834642
20
63.37312674625355
42
1
10
88.13817627635252
20
63.37312674625355
42
1
97
1
330

75
0
76
1
47
0.8681437583925616
98
1
10
3.629517071192367
20
33.92795499968543
450
0
451
0
460
0
461
0
452
1
462
1
453
2
463
0
63
5
421
255
463
1
63
7
421
16777215
470
LINEAR
1001
ACAD
1010
0
1020
0
1030
0
  0
CIRCLE
  5
6ce
330
1F
100
AcDbEntity
  8
TopSolderMaskLayer
100
AcDbCircle
 10
87.37617475234947
 20
60.8331216662433
 30
0.0
 40
0.47244094488188987
  0
CIRCLE
  5
6cf
330
1F
100
AcDbEntity
  8
TopSolderMaskLayer
100
AcDbCircle
 10
87.37617475234947
 20
60.8331216662433
 30
0.0
 40
0.7874015748031498
0
HATCH
5
6d0
100
AcDbEntity
8
TopSolderMaskLayer
100
AcDbHatch
10
0
20
0
30
0
210
0
220
0
230
1
2
SOLID
70
1
71
0
91
1
92
7
72
1
73
1
93
2
10
86.58877317754632
20
60.8331216662433
42
1
10
88.16357632715263
20
60.8331216662433
42
1
97
1
330

75
0
76
1
47
0.8681437583925616
98
1
10
3.629517071192367
20
33.92795499968543
450
0
451
0
460
0
461
0
452
1
462
1
453
2
463
0
63
5
421
255
463
1
63
7
421
16777215
470
LINEAR
1001
ACAD
1010
0
1020
0
1030
0
  0
CIRCLE
  5
6d1
330
1F
100
AcDbEntity
  8
BottomSolderMaskLayer
100
AcDbCircle
 10
87.37617475234947
 20
60.8331216662433
 30
0.0
 40
0.47244094488188987
  0
CIRCLE
  5
6d2
330
1F
100
AcDbEntity
  8
BottomSolderMaskLayer
100
AcDbCircle
 10
87.37617475234947
 20
60.8331216662433
 30
0.0
 40
0.7874015748031498
0
HATCH
5
6d3
100
AcDbEntity
8
BottomSolderMaskLayer
100
AcDbHatch
10
0
20
0
30
0
210
0
220
0
230
1
2
SOLID
70
1
71
0
91
1
92
7
72
1
73
1
93
2
10
86.58877317754632
20
60.8331216662433
42
1
10
88.16357632715263
20
60.8331216662433
42
1
97
1
330

75
0
76
1
47
0.8681437583925616
98
1
10
3.629517071192367
20
33.92795499968543
450
0
451
0
460
0
461
0
452
1
462
1
453
2
463
0
63
5
421
255
463
1
63
7
421
16777215
470
LINEAR
1001
ACAD
1010
0
1020
0
1030
0
  0
CIRCLE
  5
6d4
330
1F
100
AcDbEntity
  8
Multi-Layer
100
AcDbCircle
 10
87.37617475234947
 20
60.8331216662433
 30
0.0
 40
0.45720091440182886
  0
CIRCLE
  5
6d5
330
1F
100
AcDbEntity
  8
Multi-Layer
100
AcDbCircle
 10
87.37617475234947
 20
60.8331216662433
 30
0.0
 40
0.7620015240030481
0
HATCH
5
6d6
100
AcDbEntity
8
Multi-Layer
100
AcDbHatch
10
0
20
0
30
0
210
0
220
0
230
1
2
SOLID
70
1
71
0
91
1
92
7
72
1
73
1
93
2
10
86.61417322834642
20
60.8331216662433
42
1
10
88.13817627635252
20
60.8331216662433
42
1
97
1
330

75
0
76
1
47
0.8681437583925616
98
1
10
3.629517071192367
20
33.92795499968543
450
0
451
0
460
0
461
0
452
1
462
1
453
2
463
0
63
5
421
255
463
1
63
7
421
16777215
470
LINEAR
1001
ACAD
1010
0
1020
0
1030
0
  0
CIRCLE
  5
6d7
330
1F
100
AcDbEntity
  8
TopSolderMaskLayer
100
AcDbCircle
 10
87.37617475234947
 20
58.29311658623317
 30
0.0
 40
0.47244094488188987
  0
CIRCLE
  5
6d8
330
1F
100
AcDbEntity
  8
TopSolderMaskLayer
100
AcDbCircle
 10
87.37617475234947
 20
58.29311658623317
 30
0.0
 40
0.7874015748031498
0
HATCH
5
6d9
100
AcDbEntity
8
TopSolderMaskLayer
100
AcDbHatch
10
0
20
0
30
0
210
0
220
0
230
1
2
SOLID
70
1
71
0
91
1
92
7
72
1
73
1
93
2
10
86.58877317754632
20
58.29311658623317
42
1
10
88.16357632715263
20
58.29311658623317
42
1
97
1
330

75
0
76
1
47
0.8681437583925616
98
1
10
3.629517071192367
20
33.92795499968543
450
0
451
0
460
0
461
0
452
1
462
1
453
2
463
0
63
5
421
255
463
1
63
7
421
16777215
470
LINEAR
1001
ACAD
1010
0
1020
0
1030
0
  0
CIRCLE
  5
6da
330
1F
100
AcDbEntity
  8
BottomSolderMaskLayer
100
AcDbCircle
 10
87.37617475234947
 20
58.29311658623317
 30
0.0
 40
0.47244094488188987
  0
CIRCLE
  5
6db
330
1F
100
AcDbEntity
  8
BottomSolderMaskLayer
100
AcDbCircle
 10
87.37617475234947
 20
58.29311658623317
 30
0.0
 40
0.7874015748031498
0
HATCH
5
6dc
100
AcDbEntity
8
BottomSolderMaskLayer
100
AcDbHatch
10
0
20
0
30
0
210
0
220
0
230
1
2
SOLID
70
1
71
0
91
1
92
7
72
1
73
1
93
2
10
86.58877317754632
20
58.29311658623317
42
1
10
88.16357632715263
20
58.29311658623317
42
1
97
1
330

75
0
76
1
47
0.8681437583925616
98
1
10
3.629517071192367
20
33.92795499968543
450
0
451
0
460
0
461
0
452
1
462
1
453
2
463
0
63
5
421
255
463
1
63
7
421
16777215
470
LINEAR
1001
ACAD
1010
0
1020
0
1030
0
  0
CIRCLE
  5
6dd
330
1F
100
AcDbEntity
  8
Multi-Layer
100
AcDbCircle
 10
87.37617475234947
 20
58.29311658623317
 30
0.0
 40
0.45720091440182886
  0
CIRCLE
  5
6de
330
1F
100
AcDbEntity
  8
Multi-Layer
100
AcDbCircle
 10
87.37617475234947
 20
58.29311658623317
 30
0.0
 40
0.7620015240030481
0
HATCH
5
6df
100
AcDbEntity
8
Multi-Layer
100
AcDbHatch
10
0
20
0
30
0
210
0
220
0
230
1
2
SOLID
70
1
71
0
91
1
92
7
72
1
73
1
93
2
10
86.61417322834642
20
58.29311658623317
42
1
10
88.13817627635252
20
58.29311658623317
42
1
97
1
330

75
0
76
1
47
0.8681437583925616
98
1
10
3.629517071192367
20
33.92795499968543
450
0
451
0
460
0
461
0
452
1
462
1
453
2
463
0
63
5
421
255
463
1
63
7
421
16777215
470
LINEAR
1001
ACAD
1010
0
1020
0
1030
0
  0
CIRCLE
  5
6e0
330
1F
100
AcDbEntity
  8
TopSolderMaskLayer
100
AcDbCircle
 10
87.37617475234947
 20
55.753111506223036
 30
0.0
 40
0.47244094488188987
  0
CIRCLE
  5
6e1
330
1F
100
AcDbEntity
  8
TopSolderMaskLayer
100
AcDbCircle
 10
87.37617475234947
 20
55.753111506223036
 30
0.0
 40
0.7874015748031498
0
HATCH
5
6e2
100
AcDbEntity
8
TopSolderMaskLayer
100
AcDbHatch
10
0
20
0
30
0
210
0
220
0
230
1
2
SOLID
70
1
71
0
91
1
92
7
72
1
73
1
93
2
10
86.58877317754632
20
55.753111506223036
42
1
10
88.16357632715263
20
55.753111506223036
42
1
97
1
330

75
0
76
1
47
0.8681437583925616
98
1
10
3.629517071192367
20
33.92795499968543
450
0
451
0
460
0
461
0
452
1
462
1
453
2
463
0
63
5
421
255
463
1
63
7
421
16777215
470
LINEAR
1001
ACAD
1010
0
1020
0
1030
0
  0
CIRCLE
  5
6e3
330
1F
100
AcDbEntity
  8
BottomSolderMaskLayer
100
AcDbCircle
 10
87.37617475234947
 20
55.753111506223036
 30
0.0
 40
0.47244094488188987
  0
CIRCLE
  5
6e4
330
1F
100
AcDbEntity
  8
BottomSolderMaskLayer
100
AcDbCircle
 10
87.37617475234947
 20
55.753111506223036
 30
0.0
 40
0.7874015748031498
0
HATCH
5
6e5
100
AcDbEntity
8
BottomSolderMaskLayer
100
AcDbHatch
10
0
20
0
30
0
210
0
220
0
230
1
2
SOLID
70
1
71
0
91
1
92
7
72
1
73
1
93
2
10
86.58877317754632
20
55.753111506223036
42
1
10
88.16357632715263
20
55.753111506223036
42
1
97
1
330

75
0
76
1
47
0.8681437583925616
98
1
10
3.629517071192367
20
33.92795499968543
450
0
451
0
460
0
461
0
452
1
462
1
453
2
463
0
63
5
421
255
463
1
63
7
421
16777215
470
LINEAR
1001
ACAD
1010
0
1020
0
1030
0
  0
CIRCLE
  5
6e6
330
1F
100
AcDbEntity
  8
Multi-Layer
100
AcDbCircle
 10
87.37617475234947
 20
55.753111506223036
 30
0.0
 40
0.45720091440182886
  0
CIRCLE
  5
6e7
330
1F
100
AcDbEntity
  8
Multi-Layer
100
AcDbCircle
 10
87.37617475234947
 20
55.753111506223036
 30
0.0
 40
0.7620015240030481
0
HATCH
5
6e8
100
AcDbEntity
8
Multi-Layer
100
AcDbHatch
10
0
20
0
30
0
210
0
220
0
230
1
2
SOLID
70
1
71
0
91
1
92
7
72
1
73
1
93
2
10
86.61417322834642
20
55.753111506223036
42
1
10
88.13817627635252
20
55.753111506223036
42
1
97
1
330

75
0
76
1
47
0.8681437583925616
98
1
10
3.629517071192367
20
33.92795499968543
450
0
451
0
460
0
461
0
452
1
462
1
453
2
463
0
63
5
421
255
463
1
63
7
421
16777215
470
LINEAR
1001
ACAD
1010
0
1020
0
1030
0
  0
CIRCLE
  5
6e9
330
1F
100
AcDbEntity
  8
TopSolderMaskLayer
100
AcDbCircle
 10
87.37617475234947
 20
53.2131064262129
 30
0.0
 40
0.47244094488188987
  0
CIRCLE
  5
6ea
330
1F
100
AcDbEntity
  8
TopSolderMaskLayer
100
AcDbCircle
 10
87.37617475234947
 20
53.2131064262129
 30
0.0
 40
0.7874015748031498
0
HATCH
5
6eb
100
AcDbEntity
8
TopSolderMaskLayer
100
AcDbHatch
10
0
20
0
30
0
210
0
220
0
230
1
2
SOLID
70
1
71
0
91
1
92
7
72
1
73
1
93
2
10
86.58877317754632
20
53.2131064262129
42
1
10
88.16357632715263
20
53.2131064262129
42
1
97
1
330

75
0
76
1
47
0.8681437583925616
98
1
10
3.629517071192367
20
33.92795499968543
450
0
451
0
460
0
461
0
452
1
462
1
453
2
463
0
63
5
421
255
463
1
63
7
421
16777215
470
LINEAR
1001
ACAD
1010
0
1020
0
1030
0
  0
CIRCLE
  5
6ec
330
1F
100
AcDbEntity
  8
BottomSolderMaskLayer
100
AcDbCircle
 10
87.37617475234947
 20
53.2131064262129
 30
0.0
 40
0.47244094488188987
  0
CIRCLE
  5
6ed
330
1F
100
AcDbEntity
  8
BottomSolderMaskLayer
100
AcDbCircle
 10
87.37617475234947
 20
53.2131064262129
 30
0.0
 40
0.7874015748031498
0
HATCH
5
6ee
100
AcDbEntity
8
BottomSolderMaskLayer
100
AcDbHatch
10
0
20
0
30
0
210
0
220
0
230
1
2
SOLID
70
1
71
0
91
1
92
7
72
1
73
1
93
2
10
86.58877317754632
20
53.2131064262129
42
1
10
88.16357632715263
20
53.2131064262129
42
1
97
1
330

75
0
76
1
47
0.8681437583925616
98
1
10
3.629517071192367
20
33.92795499968543
450
0
451
0
460
0
461
0
452
1
462
1
453
2
463
0
63
5
421
255
463
1
63
7
421
16777215
470
LINEAR
1001
ACAD
1010
0
1020
0
1030
0
  0
CIRCLE
  5
6ef
330
1F
100
AcDbEntity
  8
Multi-Layer
100
AcDbCircle
 10
87.37617475234947
 20
53.2131064262129
 30
0.0
 40
0.45720091440182886
  0
CIRCLE
  5
6f0
330
1F
100
AcDbEntity
  8
Multi-Layer
100
AcDbCircle
 10
87.37617475234947
 20
53.2131064262129
 30
0.0
 40
0.7620015240030481
0
HATCH
5
6f1
100
AcDbEntity
8
Multi-Layer
100
AcDbHatch
10
0
20
0
30
0
210
0
220
0
230
1
2
SOLID
70
1
71
0
91
1
92
7
72
1
73
1
93
2
10
86.61417322834642
20
53.2131064262129
42
1
10
88.13817627635252
20
53.2131064262129
42
1
97
1
330

75
0
76
1
47
0.8681437583925616
98
1
10
3.629517071192367
20
33.92795499968543
450
0
451
0
460
0
461
0
452
1
462
1
453
2
463
0
63
5
421
255
463
1
63
7
421
16777215
470
LINEAR
1001
ACAD
1010
0
1020
0
1030
0
  0
CIRCLE
  5
6f2
330
1F
100
AcDbEntity
  8
TopSolderMaskLayer
100
AcDbCircle
 10
87.37617475234947
 20
50.67310134620266
 30
0.0
 40
0.47244094488188987
  0
CIRCLE
  5
6f3
330
1F
100
AcDbEntity
  8
TopSolderMaskLayer
100
AcDbCircle
 10
87.37617475234947
 20
50.67310134620266
 30
0.0
 40
0.7874015748031498
0
HATCH
5
6f4
100
AcDbEntity
8
TopSolderMaskLayer
100
AcDbHatch
10
0
20
0
30
0
210
0
220
0
230
1
2
SOLID
70
1
71
0
91
1
92
7
72
1
73
1
93
2
10
86.58877317754632
20
50.67310134620266
42
1
10
88.16357632715263
20
50.67310134620266
42
1
97
1
330

75
0
76
1
47
0.8681437583925616
98
1
10
3.629517071192367
20
33.92795499968543
450
0
451
0
460
0
461
0
452
1
462
1
453
2
463
0
63
5
421
255
463
1
63
7
421
16777215
470
LINEAR
1001
ACAD
1010
0
1020
0
1030
0
  0
CIRCLE
  5
6f5
330
1F
100
AcDbEntity
  8
BottomSolderMaskLayer
100
AcDbCircle
 10
87.37617475234947
 20
50.67310134620266
 30
0.0
 40
0.47244094488188987
  0
CIRCLE
  5
6f6
330
1F
100
AcDbEntity
  8
BottomSolderMaskLayer
100
AcDbCircle
 10
87.37617475234947
 20
50.67310134620266
 30
0.0
 40
0.7874015748031498
0
HATCH
5
6f7
100
AcDbEntity
8
BottomSolderMaskLayer
100
AcDbHatch
10
0
20
0
30
0
210
0
220
0
230
1
2
SOLID
70
1
71
0
91
1
92
7
72
1
73
1
93
2
10
86.58877317754632
20
50.67310134620266
42
1
10
88.16357632715263
20
50.67310134620266
42
1
97
1
330

75
0
76
1
47
0.8681437583925616
98
1
10
3.629517071192367
20
33.92795499968543
450
0
451
0
460
0
461
0
452
1
462
1
453
2
463
0
63
5
421
255
463
1
63
7
421
16777215
470
LINEAR
1001
ACAD
1010
0
1020
0
1030
0
  0
CIRCLE
  5
6f8
330
1F
100
AcDbEntity
  8
Multi-Layer
100
AcDbCircle
 10
87.37617475234947
 20
50.67310134620266
 30
0.0
 40
0.45720091440182886
  0
CIRCLE
  5
6f9
330
1F
100
AcDbEntity
  8
Multi-Layer
100
AcDbCircle
 10
87.37617475234947
 20
50.67310134620266
 30
0.0
 40
0.7620015240030481
0
HATCH
5
6fa
100
AcDbEntity
8
Multi-Layer
100
AcDbHatch
10
0
20
0
30
0
210
0
220
0
230
1
2
SOLID
70
1
71
0
91
1
92
7
72
1
73
1
93
2
10
86.61417322834642
20
50.67310134620266
42
1
10
88.13817627635252
20
50.67310134620266
42
1
97
1
330

75
0
76
1
47
0.8681437583925616
98
1
10
3.629517071192367
20
33.92795499968543
450
0
451
0
460
0
461
0
452
1
462
1
453
2
463
0
63
5
421
255
463
1
63
7
421
16777215
470
LINEAR
1001
ACAD
1010
0
1020
0
1030
0
  0
CIRCLE
  5
6fb
330
1F
100
AcDbEntity
  8
TopSolderMaskLayer
100
AcDbCircle
 10
87.37617475234947
 20
48.133096266192524
 30
0.0
 40
0.47244094488188987
  0
CIRCLE
  5
6fc
330
1F
100
AcDbEntity
  8
TopSolderMaskLayer
100
AcDbCircle
 10
87.37617475234947
 20
48.133096266192524
 30
0.0
 40
0.7874015748031498
0
HATCH
5
6fd
100
AcDbEntity
8
TopSolderMaskLayer
100
AcDbHatch
10
0
20
0
30
0
210
0
220
0
230
1
2
SOLID
70
1
71
0
91
1
92
7
72
1
73
1
93
2
10
86.58877317754632
20
48.133096266192524
42
1
10
88.16357632715263
20
48.133096266192524
42
1
97
1
330

75
0
76
1
47
0.8681437583925616
98
1
10
3.629517071192367
20
33.92795499968543
450
0
451
0
460
0
461
0
452
1
462
1
453
2
463
0
63
5
421
255
463
1
63
7
421
16777215
470
LINEAR
1001
ACAD
1010
0
1020
0
1030
0
  0
CIRCLE
  5
6fe
330
1F
100
AcDbEntity
  8
BottomSolderMaskLayer
100
AcDbCircle
 10
87.37617475234947
 20
48.133096266192524
 30
0.0
 40
0.47244094488188987
  0
CIRCLE
  5
6ff
330
1F
100
AcDbEntity
  8
BottomSolderMaskLayer
100
AcDbCircle
 10
87.37617475234947
 20
48.133096266192524
 30
0.0
 40
0.7874015748031498
0
HATCH
5
700
100
AcDbEntity
8
BottomSolderMaskLayer
100
AcDbHatch
10
0
20
0
30
0
210
0
220
0
230
1
2
SOLID
70
1
71
0
91
1
92
7
72
1
73
1
93
2
10
86.58877317754632
20
48.133096266192524
42
1
10
88.16357632715263
20
48.133096266192524
42
1
97
1
330

75
0
76
1
47
0.8681437583925616
98
1
10
3.629517071192367
20
33.92795499968543
450
0
451
0
460
0
461
0
452
1
462
1
453
2
463
0
63
5
421
255
463
1
63
7
421
16777215
470
LINEAR
1001
ACAD
1010
0
1020
0
1030
0
  0
CIRCLE
  5
701
330
1F
100
AcDbEntity
  8
Multi-Layer
100
AcDbCircle
 10
87.37617475234947
 20
48.133096266192524
 30
0.0
 40
0.45720091440182886
  0
CIRCLE
  5
702
330
1F
100
AcDbEntity
  8
Multi-Layer
100
AcDbCircle
 10
87.37617475234947
 20
48.133096266192524
 30
0.0
 40
0.7620015240030481
0
HATCH
5
703
100
AcDbEntity
8
Multi-Layer
100
AcDbHatch
10
0
20
0
30
0
210
0
220
0
230
1
2
SOLID
70
1
71
0
91
1
92
7
72
1
73
1
93
2
10
86.61417322834642
20
48.133096266192524
42
1
10
88.13817627635252
20
48.133096266192524
42
1
97
1
330

75
0
76
1
47
0.8681437583925616
98
1
10
3.629517071192367
20
33.92795499968543
450
0
451
0
460
0
461
0
452
1
462
1
453
2
463
0
63
5
421
255
463
1
63
7
421
16777215
470
LINEAR
1001
ACAD
1010
0
1020
0
1030
0
  0
CIRCLE
  5
704
330
1F
100
AcDbEntity
  8
TopSolderMaskLayer
100
AcDbCircle
 10
87.37617475234947
 20
45.59309118618239
 30
0.0
 40
0.47244094488188987
  0
CIRCLE
  5
705
330
1F
100
AcDbEntity
  8
TopSolderMaskLayer
100
AcDbCircle
 10
87.37617475234947
 20
45.59309118618239
 30
0.0
 40
0.7874015748031498
0
HATCH
5
706
100
AcDbEntity
8
TopSolderMaskLayer
100
AcDbHatch
10
0
20
0
30
0
210
0
220
0
230
1
2
SOLID
70
1
71
0
91
1
92
7
72
1
73
1
93
2
10
86.58877317754632
20
45.59309118618239
42
1
10
88.16357632715263
20
45.59309118618239
42
1
97
1
330

75
0
76
1
47
0.8681437583925616
98
1
10
3.629517071192367
20
33.92795499968543
450
0
451
0
460
0
461
0
452
1
462
1
453
2
463
0
63
5
421
255
463
1
63
7
421
16777215
470
LINEAR
1001
ACAD
1010
0
1020
0
1030
0
  0
CIRCLE
  5
707
330
1F
100
AcDbEntity
  8
BottomSolderMaskLayer
100
AcDbCircle
 10
87.37617475234947
 20
45.59309118618239
 30
0.0
 40
0.47244094488188987
  0
CIRCLE
  5
708
330
1F
100
AcDbEntity
  8
BottomSolderMaskLayer
100
AcDbCircle
 10
87.37617475234947
 20
45.59309118618239
 30
0.0
 40
0.7874015748031498
0
HATCH
5
709
100
AcDbEntity
8
BottomSolderMaskLayer
100
AcDbHatch
10
0
20
0
30
0
210
0
220
0
230
1
2
SOLID
70
1
71
0
91
1
92
7
72
1
73
1
93
2
10
86.58877317754632
20
45.59309118618239
42
1
10
88.16357632715263
20
45.59309118618239
42
1
97
1
330

75
0
76
1
47
0.8681437583925616
98
1
10
3.629517071192367
20
33.92795499968543
450
0
451
0
460
0
461
0
452
1
462
1
453
2
463
0
63
5
421
255
463
1
63
7
421
16777215
470
LINEAR
1001
ACAD
1010
0
1020
0
1030
0
  0
CIRCLE
  5
70a
330
1F
100
AcDbEntity
  8
Multi-Layer
100
AcDbCircle
 10
87.37617475234947
 20
45.59309118618239
 30
0.0
 40
0.45720091440182886
  0
CIRCLE
  5
70b
330
1F
100
AcDbEntity
  8
Multi-Layer
100
AcDbCircle
 10
87.37617475234947
 20
45.59309118618239
 30
0.0
 40
0.7620015240030481
0
HATCH
5
70c
100
AcDbEntity
8
Multi-Layer
100
AcDbHatch
10
0
20
0
30
0
210
0
220
0
230
1
2
SOLID
70
1
71
0
91
1
92
7
72
1
73
1
93
2
10
86.61417322834642
20
45.59309118618239
42
1
10
88.13817627635252
20
45.59309118618239
42
1
97
1
330

75
0
76
1
47
0.8681437583925616
98
1
10
3.629517071192367
20
33.92795499968543
450
0
451
0
460
0
461
0
452
1
462
1
453
2
463
0
63
5
421
255
463
1
63
7
421
16777215
470
LINEAR
1001
ACAD
1010
0
1020
0
1030
0
  0
CIRCLE
  5
70d
330
1F
100
AcDbEntity
  8
TopSolderMaskLayer
100
AcDbCircle
 10
58.67411734823463
 20
69.59613919227843
 30
0.0
 40
0.47244094488188987
  0
CIRCLE
  5
70e
330
1F
100
AcDbEntity
  8
TopSolderMaskLayer
100
AcDbCircle
 10
58.67411734823463
 20
69.59613919227843
 30
0.0
 40
0.7874015748031498
0
HATCH
5
70f
100
AcDbEntity
8
TopSolderMaskLayer
100
AcDbHatch
10
0
20
0
30
0
210
0
220
0
230
1
2
SOLID
70
1
71
0
91
1
92
7
72
1
73
1
93
2
10
57.88671577343148
20
69.59613919227843
42
1
10
59.46151892303778
20
69.59613919227843
42
1
97
1
330

75
0
76
1
47
0.8681437583925616
98
1
10
3.629517071192367
20
33.92795499968543
450
0
451
0
460
0
461
0
452
1
462
1
453
2
463
0
63
5
421
255
463
1
63
7
421
16777215
470
LINEAR
1001
ACAD
1010
0
1020
0
1030
0
  0
CIRCLE
  5
710
330
1F
100
AcDbEntity
  8
BottomSolderMaskLayer
100
AcDbCircle
 10
58.67411734823463
 20
69.59613919227843
 30
0.0
 40
0.47244094488188987
  0
CIRCLE
  5
711
330
1F
100
AcDbEntity
  8
BottomSolderMaskLayer
100
AcDbCircle
 10
58.67411734823463
 20
69.59613919227843
 30
0.0
 40
0.7874015748031498
0
HATCH
5
712
100
AcDbEntity
8
BottomSolderMaskLayer
100
AcDbHatch
10
0
20
0
30
0
210
0
220
0
230
1
2
SOLID
70
1
71
0
91
1
92
7
72
1
73
1
93
2
10
57.88671577343148
20
69.59613919227843
42
1
10
59.46151892303778
20
69.59613919227843
42
1
97
1
330

75
0
76
1
47
0.8681437583925616
98
1
10
3.629517071192367
20
33.92795499968543
450
0
451
0
460
0
461
0
452
1
462
1
453
2
463
0
63
5
421
255
463
1
63
7
421
16777215
470
LINEAR
1001
ACAD
1010
0
1020
0
1030
0
  0
CIRCLE
  5
713
330
1F
100
AcDbEntity
  8
Multi-Layer
100
AcDbCircle
 10
58.67411734823463
 20
69.59613919227843
 30
0.0
 40
0.45720091440182886
  0
CIRCLE
  5
714
330
1F
100
AcDbEntity
  8
Multi-Layer
100
AcDbCircle
 10
58.67411734823463
 20
69.59613919227843
 30
0.0
 40
0.7620015240030481
0
HATCH
5
715
100
AcDbEntity
8
Multi-Layer
100
AcDbHatch
10
0
20
0
30
0
210
0
220
0
230
1
2
SOLID
70
1
71
0
91
1
92
7
72
1
73
1
93
2
10
57.912115824231584
20
69.59613919227843
42
1
10
59.43611887223768
20
69.59613919227843
42
1
97
1
330

75
0
76
1
47
0.8681437583925616
98
1
10
3.629517071192367
20
33.92795499968543
450
0
451
0
460
0
461
0
452
1
462
1
453
2
463
0
63
5
421
255
463
1
63
7
421
16777215
470
LINEAR
1001
ACAD
1010
0
1020
0
1030
0
  0
CIRCLE
  5
716
330
1F
100
AcDbEntity
  8
TopSolderMaskLayer
100
AcDbCircle
 10
61.21412242824499
 20
69.59613919227843
 30
0.0
 40
0.47244094488188987
  0
CIRCLE
  5
717
330
1F
100
AcDbEntity
  8
TopSolderMaskLayer
100
AcDbCircle
 10
61.21412242824499
 20
69.59613919227843
 30
0.0
 40
0.7874015748031498
0
HATCH
5
718
100
AcDbEntity
8
TopSolderMaskLayer
100
AcDbHatch
10
0
20
0
30
0
210
0
220
0
230
1
2
SOLID
70
1
71
0
91
1
92
7
72
1
73
1
93
2
10
60.42672085344184
20
69.59613919227843
42
1
10
62.00152400304814
20
69.59613919227843
42
1
97
1
330

75
0
76
1
47
0.8681437583925616
98
1
10
3.629517071192367
20
33.92795499968543
450
0
451
0
460
0
461
0
452
1
462
1
453
2
463
0
63
5
421
255
463
1
63
7
421
16777215
470
LINEAR
1001
ACAD
1010
0
1020
0
1030
0
  0
CIRCLE
  5
719
330
1F
100
AcDbEntity
  8
BottomSolderMaskLayer
100
AcDbCircle
 10
61.21412242824499
 20
69.59613919227843
 30
0.0
 40
0.47244094488188987
  0
CIRCLE
  5
71a
330
1F
100
AcDbEntity
  8
BottomSolderMaskLayer
100
AcDbCircle
 10
61.21412242824499
 20
69.59613919227843
 30
0.0
 40
0.7874015748031498
0
HATCH
5
71b
100
AcDbEntity
8
BottomSolderMaskLayer
100
AcDbHatch
10
0
20
0
30
0
210
0
220
0
230
1
2
SOLID
70
1
71
0
91
1
92
7
72
1
73
1
93
2
10
60.42672085344184
20
69.59613919227843
42
1
10
62.00152400304814
20
69.59613919227843
42
1
97
1
330

75
0
76
1
47
0.8681437583925616
98
1
10
3.629517071192367
20
33.92795499968543
450
0
451
0
460
0
461
0
452
1
462
1
453
2
463
0
63
5
421
255
463
1
63
7
421
16777215
470
LINEAR
1001
ACAD
1010
0
1020
0
1030
0
  0
CIRCLE
  5
71c
330
1F
100
AcDbEntity
  8
Multi-Layer
100
AcDbCircle
 10
61.21412242824499
 20
69.59613919227843
 30
0.0
 40
0.45720091440182886
  0
CIRCLE
  5
71d
330
1F
100
AcDbEntity
  8
Multi-Layer
100
AcDbCircle
 10
61.21412242824499
 20
69.59613919227843
 30
0.0
 40
0.7620015240030481
0
HATCH
5
71e
100
AcDbEntity
8
Multi-Layer
100
AcDbHatch
10
0
20
0
30
0
210
0
220
0
230
1
2
SOLID
70
1
71
0
91
1
92
7
72
1
73
1
93
2
10
60.452120904241944
20
69.59613919227843
42
1
10
61.97612395224804
20
69.59613919227843
42
1
97
1
330

75
0
76
1
47
0.8681437583925616
98
1
10
3.629517071192367
20
33.92795499968543
450
0
451
0
460
0
461
0
452
1
462
1
453
2
463
0
63
5
421
255
463
1
63
7
421
16777215
470
LINEAR
1001
ACAD
1010
0
1020
0
1030
0
  0
CIRCLE
  5
71f
330
1F
100
AcDbEntity
  8
TopSolderMaskLayer
100
AcDbCircle
 10
63.754127508255124
 20
69.59613919227843
 30
0.0
 40
0.47244094488188987
  0
CIRCLE
  5
720
330
1F
100
AcDbEntity
  8
TopSolderMaskLayer
100
AcDbCircle
 10
63.754127508255124
 20
69.59613919227843
 30
0.0
 40
0.7874015748031498
0
HATCH
5
721
100
AcDbEntity
8
TopSolderMaskLayer
100
AcDbHatch
10
0
20
0
30
0
210
0
220
0
230
1
2
SOLID
70
1
71
0
91
1
92
7
72
1
73
1
93
2
10
62.966725933451976
20
69.59613919227843
42
1
10
64.54152908305828
20
69.59613919227843
42
1
97
1
330

75
0
76
1
47
0.8681437583925616
98
1
10
3.629517071192367
20
33.92795499968543
450
0
451
0
460
0
461
0
452
1
462
1
453
2
463
0
63
5
421
255
463
1
63
7
421
16777215
470
LINEAR
1001
ACAD
1010
0
1020
0
1030
0
  0
CIRCLE
  5
722
330
1F
100
AcDbEntity
  8
BottomSolderMaskLayer
100
AcDbCircle
 10
63.754127508255124
 20
69.59613919227843
 30
0.0
 40
0.47244094488188987
  0
CIRCLE
  5
723
330
1F
100
AcDbEntity
  8
BottomSolderMaskLayer
100
AcDbCircle
 10
63.754127508255124
 20
69.59613919227843
 30
0.0
 40
0.7874015748031498
0
HATCH
5
724
100
AcDbEntity
8
BottomSolderMaskLayer
100
AcDbHatch
10
0
20
0
30
0
210
0
220
0
230
1
2
SOLID
70
1
71
0
91
1
92
7
72
1
73
1
93
2
10
62.966725933451976
20
69.59613919227843
42
1
10
64.54152908305828
20
69.59613919227843
42
1
97
1
330

75
0
76
1
47
0.8681437583925616
98
1
10
3.629517071192367
20
33.92795499968543
450
0
451
0
460
0
461
0
452
1
462
1
453
2
463
0
63
5
421
255
463
1
63
7
421
16777215
470
LINEAR
1001
ACAD
1010
0
1020
0
1030
0
  0
CIRCLE
  5
725
330
1F
100
AcDbEntity
  8
Multi-Layer
100
AcDbCircle
 10
63.754127508255124
 20
69.59613919227843
 30
0.0
 40
0.45720091440182886
  0
CIRCLE
  5
726
330
1F
100
AcDbEntity
  8
Multi-Layer
100
AcDbCircle
 10
63.754127508255124
 20
69.59613919227843
 30
0.0
 40
0.7620015240030481
0
HATCH
5
727
100
AcDbEntity
8
Multi-Layer
100
AcDbHatch
10
0
20
0
30
0
210
0
220
0
230
1
2
SOLID
70
1
71
0
91
1
92
7
72
1
73
1
93
2
10
62.99212598425208
20
69.59613919227843
42
1
10
64.51612903225818
20
69.59613919227843
42
1
97
1
330

75
0
76
1
47
0.8681437583925616
98
1
10
3.629517071192367
20
33.92795499968543
450
0
451
0
460
0
461
0
452
1
462
1
453
2
463
0
63
5
421
255
463
1
63
7
421
16777215
470
LINEAR
1001
ACAD
1010
0
1020
0
1030
0
  0
CIRCLE
  5
728
330
1F
100
AcDbEntity
  8
TopSolderMaskLayer
100
AcDbCircle
 10
66.29413258826526
 20
69.59613919227843
 30
0.0
 40
0.47244094488188987
  0
CIRCLE
  5
729
330
1F
100
AcDbEntity
  8
TopSolderMaskLayer
100
AcDbCircle
 10
66.29413258826526
 20
69.59613919227843
 30
0.0
 40
0.7874015748031498
0
HATCH
5
72a
100
AcDbEntity
8
TopSolderMaskLayer
100
AcDbHatch
10
0
20
0
30
0
210
0
220
0
230
1
2
SOLID
70
1
71
0
91
1
92
7
72
1
73
1
93
2
10
65.5067310134621
20
69.59613919227843
42
1
10
67.08153416306841
20
69.59613919227843
42
1
97
1
330

75
0
76
1
47
0.8681437583925616
98
1
10
3.629517071192367
20
33.92795499968543
450
0
451
0
460
0
461
0
452
1
462
1
453
2
463
0
63
5
421
255
463
1
63
7
421
16777215
470
LINEAR
1001
ACAD
1010
0
1020
0
1030
0
  0
CIRCLE
  5
72b
330
1F
100
AcDbEntity
  8
BottomSolderMaskLayer
100
AcDbCircle
 10
66.29413258826526
 20
69.59613919227843
 30
0.0
 40
0.47244094488188987
  0
CIRCLE
  5
72c
330
1F
100
AcDbEntity
  8
BottomSolderMaskLayer
100
AcDbCircle
 10
66.29413258826526
 20
69.59613919227843
 30
0.0
 40
0.7874015748031498
0
HATCH
5
72d
100
AcDbEntity
8
BottomSolderMaskLayer
100
AcDbHatch
10
0
20
0
30
0
210
0
220
0
230
1
2
SOLID
70
1
71
0
91
1
92
7
72
1
73
1
93
2
10
65.5067310134621
20
69.59613919227843
42
1
10
67.08153416306841
20
69.59613919227843
42
1
97
1
330

75
0
76
1
47
0.8681437583925616
98
1
10
3.629517071192367
20
33.92795499968543
450
0
451
0
460
0
461
0
452
1
462
1
453
2
463
0
63
5
421
255
463
1
63
7
421
16777215
470
LINEAR
1001
ACAD
1010
0
1020
0
1030
0
  0
CIRCLE
  5
72e
330
1F
100
AcDbEntity
  8
Multi-Layer
100
AcDbCircle
 10
66.29413258826526
 20
69.59613919227843
 30
0.0
 40
0.45720091440182886
  0
CIRCLE
  5
72f
330
1F
100
AcDbEntity
  8
Multi-Layer
100
AcDbCircle
 10
66.29413258826526
 20
69.59613919227843
 30
0.0
 40
0.7620015240030481
0
HATCH
5
730
100
AcDbEntity
8
Multi-Layer
100
AcDbHatch
10
0
20
0
30
0
210
0
220
0
230
1
2
SOLID
70
1
71
0
91
1
92
7
72
1
73
1
93
2
10
65.5321310642622
20
69.59613919227843
42
1
10
67.05613411226831
20
69.59613919227843
42
1
97
1
330

75
0
76
1
47
0.8681437583925616
98
1
10
3.629517071192367
20
33.92795499968543
450
0
451
0
460
0
461
0
452
1
462
1
453
2
463
0
63
5
421
255
463
1
63
7
421
16777215
470
LINEAR
1001
ACAD
1010
0
1020
0
1030
0
  0
CIRCLE
  5
73a
330
1F
100
AcDbEntity
  8
TopSolderMaskLayer
100
AcDbCircle
 10
52.20015240030466
 20
69.26314452628901
 30
0.0
 40
0.5609697831185212
  0
CIRCLE
  5
73b
330
1F
100
AcDbEntity
  8
TopSolderMaskLayer
100
AcDbCircle
 10
52.20015240030466
 20
69.26314452628901
 30
0.0
 40
1.3004064008128018
0
HATCH
5
73c
100
AcDbEntity
8
TopSolderMaskLayer
100
AcDbHatch
10
0
20
0
30
0
210
0
220
0
230
1
2
SOLID
70
1
71
0
91
1
92
7
72
1
73
1
93
2
10
50.899745999491856
20
69.26314452628901
42
1
10
53.500558801117464
20
69.26314452628901
42
1
97
1
330

75
0
76
1
47
0.8681437583925616
98
1
10
3.629517071192367
20
33.92795499968543
450
0
451
0
460
0
461
0
452
1
462
1
453
2
463
0
63
5
421
255
463
1
63
7
421
16777215
470
LINEAR
1001
ACAD
1010
0
1020
0
1030
0
  0
CIRCLE
  5
73d
330
1F
100
AcDbEntity
  8
BottomSolderMaskLayer
100
AcDbCircle
 10
52.20015240030466
 20
69.26314452628901
 30
0.0
 40
0.5609697831185212
  0
CIRCLE
  5
73e
330
1F
100
AcDbEntity
  8
BottomSolderMaskLayer
100
AcDbCircle
 10
52.20015240030466
 20
69.26314452628901
 30
0.0
 40
1.3004064008128018
0
HATCH
5
73f
100
AcDbEntity
8
BottomSolderMaskLayer
100
AcDbHatch
10
0
20
0
30
0
210
0
220
0
230
1
2
SOLID
70
1
71
0
91
1
92
7
72
1
73
1
93
2
10
50.899745999491856
20
69.26314452628901
42
1
10
53.500558801117464
20
69.26314452628901
42
1
97
1
330

75
0
76
1
47
0.8681437583925616
98
1
10
3.629517071192367
20
33.92795499968543
450
0
451
0
460
0
461
0
452
1
462
1
453
2
463
0
63
5
421
255
463
1
63
7
421
16777215
470
LINEAR
1001
ACAD
1010
0
1020
0
1030
0
  0
CIRCLE
  5
740
330
1F
100
AcDbEntity
  8
Multi-Layer
100
AcDbCircle
 10
52.20015240030466
 20
69.26314452628901
 30
0.0
 40
0.5500127000254001
  0
CIRCLE
  5
741
330
1F
100
AcDbEntity
  8
Multi-Layer
100
AcDbCircle
 10
52.20015240030466
 20
69.26314452628901
 30
0.0
 40
1.2750063500127002
0
HATCH
5
742
100
AcDbEntity
8
Multi-Layer
100
AcDbHatch
10
0
20
0
30
0
210
0
220
0
230
1
2
SOLID
70
1
71
0
91
1
92
7
72
1
73
1
93
2
10
50.92514605029196
20
69.26314452628901
42
1
10
53.47515875031736
20
69.26314452628901
42
1
97
1
330

75
0
76
1
47
0.8681437583925616
98
1
10
3.629517071192367
20
33.92795499968543
450
0
451
0
460
0
461
0
452
1
462
1
453
2
463
0
63
5
421
255
463
1
63
7
421
16777215
470
LINEAR
1001
ACAD
1010
0
1020
0
1030
0
  0
CIRCLE
  5
743
330
1F
100
AcDbEntity
  8
TopSolderMaskLayer
100
AcDbCircle
 10
30.200152400304887
 20
69.26314452628901
 30
0.0
 40
0.5609697831185212
  0
CIRCLE
  5
744
330
1F
100
AcDbEntity
  8
TopSolderMaskLayer
100
AcDbCircle
 10
30.200152400304887
 20
69.26314452628901
 30
0.0
 40
1.3004064008128018
0
HATCH
5
745
100
AcDbEntity
8
TopSolderMaskLayer
100
AcDbHatch
10
0
20
0
30
0
210
0
220
0
230
1
2
SOLID
70
1
71
0
91
1
92
7
72
1
73
1
93
2
10
28.899745999492087
20
69.26314452628901
42
1
10
31.500558801117688
20
69.26314452628901
42
1
97
1
330

75
0
76
1
47
0.8681437583925616
98
1
10
3.629517071192367
20
33.92795499968543
450
0
451
0
460
0
461
0
452
1
462
1
453
2
463
0
63
5
421
255
463
1
63
7
421
16777215
470
LINEAR
1001
ACAD
1010
0
1020
0
1030
0
  0
CIRCLE
  5
746
330
1F
100
AcDbEntity
  8
BottomSolderMaskLayer
100
AcDbCircle
 10
30.200152400304887
 20
69.26314452628901
 30
0.0
 40
0.5609697831185212
  0
CIRCLE
  5
747
330
1F
100
AcDbEntity
  8
BottomSolderMaskLayer
100
AcDbCircle
 10
30.200152400304887
 20
69.26314452628901
 30
0.0
 40
1.3004064008128018
0
HATCH
5
748
100
AcDbEntity
8
BottomSolderMaskLayer
100
AcDbHatch
10
0
20
0
30
0
210
0
220
0
230
1
2
SOLID
70
1
71
0
91
1
92
7
72
1
73
1
93
2
10
28.899745999492087
20
69.26314452628901
42
1
10
31.500558801117688
20
69.26314452628901
42
1
97
1
330

75
0
76
1
47
0.8681437583925616
98
1
10
3.629517071192367
20
33.92795499968543
450
0
451
0
460
0
461
0
452
1
462
1
453
2
463
0
63
5
421
255
463
1
63
7
421
16777215
470
LINEAR
1001
ACAD
1010
0
1020
0
1030
0
  0
CIRCLE
  5
749
330
1F
100
AcDbEntity
  8
Multi-Layer
100
AcDbCircle
 10
30.200152400304887
 20
69.26314452628901
 30
0.0
 40
0.5500127000254001
  0
CIRCLE
  5
74a
330
1F
100
AcDbEntity
  8
Multi-Layer
100
AcDbCircle
 10
30.200152400304887
 20
69.26314452628901
 30
0.0
 40
1.2750063500127002
0
HATCH
5
74b
100
AcDbEntity
8
Multi-Layer
100
AcDbHatch
10
0
20
0
30
0
210
0
220
0
230
1
2
SOLID
70
1
71
0
91
1
92
7
72
1
73
1
93
2
10
28.925146050292188
20
69.26314452628901
42
1
10
31.475158750317586
20
69.26314452628901
42
1
97
1
330

75
0
76
1
47
0.8681437583925616
98
1
10
3.629517071192367
20
33.92795499968543
450
0
451
0
460
0
461
0
452
1
462
1
453
2
463
0
63
5
421
255
463
1
63
7
421
16777215
470
LINEAR
1001
ACAD
1010
0
1020
0
1030
0
  0
CIRCLE
  5
755
330
1F
100
AcDbEntity
  8
TopSolderMaskLayer
100
AcDbCircle
 10
51.57505715011439
 20
76.9631699263399
 30
0.0
 40
0.4127000254000508
  0
CIRCLE
  5
756
330
1F
100
AcDbEntity
  8
TopSolderMaskLayer
100
AcDbCircle
 10
51.57505715011439
 20
76.9631699263399
 30
0.0
 40
0.8254000508001016
0
HATCH
5
757
100
AcDbEntity
8
TopSolderMaskLayer
100
AcDbHatch
10
0
20
0
30
0
210
0
220
0
230
1
2
SOLID
70
1
71
0
91
1
92
7
72
1
73
1
93
2
10
50.74965709931429
20
76.9631699263399
42
1
10
52.40045720091449
20
76.9631699263399
42
1
97
1
330

75
0
76
1
47
0.8681437583925616
98
1
10
3.629517071192367
20
33.92795499968543
450
0
451
0
460
0
461
0
452
1
462
1
453
2
463
0
63
5
421
255
463
1
63
7
421
16777215
470
LINEAR
1001
ACAD
1010
0
1020
0
1030
0
  0
CIRCLE
  5
758
330
1F
100
AcDbEntity
  8
BottomSolderMaskLayer
100
AcDbCircle
 10
51.57505715011439
 20
76.9631699263399
 30
0.0
 40
0.4127000254000508
  0
CIRCLE
  5
759
330
1F
100
AcDbEntity
  8
BottomSolderMaskLayer
100
AcDbCircle
 10
51.57505715011439
 20
76.9631699263399
 30
0.0
 40
0.8254000508001016
0
HATCH
5
75a
100
AcDbEntity
8
BottomSolderMaskLayer
100
AcDbHatch
10
0
20
0
30
0
210
0
220
0
230
1
2
SOLID
70
1
71
0
91
1
92
7
72
1
73
1
93
2
10
50.74965709931429
20
76.9631699263399
42
1
10
52.40045720091449
20
76.9631699263399
42
1
97
1
330

75
0
76
1
47
0.8681437583925616
98
1
10
3.629517071192367
20
33.92795499968543
450
0
451
0
460
0
461
0
452
1
462
1
453
2
463
0
63
5
421
255
463
1
63
7
421
16777215
470
LINEAR
1001
ACAD
1010
0
1020
0
1030
0
  0
CIRCLE
  5
75b
330
1F
100
AcDbEntity
  8
Multi-Layer
100
AcDbCircle
 10
51.57505715011439
 20
76.9631699263399
 30
0.0
 40
0.4
  0
CIRCLE
  5
75c
330
1F
100
AcDbEntity
  8
Multi-Layer
100
AcDbCircle
 10
51.57505715011439
 20
76.9631699263399
 30
0.0
 40
0.8
0
HATCH
5
75d
100
AcDbEntity
8
Multi-Layer
100
AcDbHatch
10
0
20
0
30
0
210
0
220
0
230
1
2
SOLID
70
1
71
0
91
1
92
7
72
1
73
1
93
2
10
50.77505715011439
20
76.9631699263399
42
1
10
52.37505715011439
20
76.9631699263399
42
1
97
1
330

75
0
76
1
47
0.8681437583925616
98
1
10
3.629517071192367
20
33.92795499968543
450
0
451
0
460
0
461
0
452
1
462
1
453
2
463
0
63
5
421
255
463
1
63
7
421
16777215
470
LINEAR
1001
ACAD
1010
0
1020
0
1030
0
  0
CIRCLE
  5
75e
330
1F
100
AcDbEntity
  8
TopSolderMaskLayer
100
AcDbCircle
 10
51.57505715011439
 20
74.61315722631446
 30
0.0
 40
0.4127000254000508
  0
CIRCLE
  5
75f
330
1F
100
AcDbEntity
  8
TopSolderMaskLayer
100
AcDbCircle
 10
51.57505715011439
 20
74.61315722631446
 30
0.0
 40
0.8254000508001016
0
HATCH
5
760
100
AcDbEntity
8
TopSolderMaskLayer
100
AcDbHatch
10
0
20
0
30
0
210
0
220
0
230
1
2
SOLID
70
1
71
0
91
1
92
7
72
1
73
1
93
2
10
50.74965709931429
20
74.61315722631446
42
1
10
52.40045720091449
20
74.61315722631446
42
1
97
1
330

75
0
76
1
47
0.8681437583925616
98
1
10
3.629517071192367
20
33.92795499968543
450
0
451
0
460
0
461
0
452
1
462
1
453
2
463
0
63
5
421
255
463
1
63
7
421
16777215
470
LINEAR
1001
ACAD
1010
0
1020
0
1030
0
  0
CIRCLE
  5
761
330
1F
100
AcDbEntity
  8
BottomSolderMaskLayer
100
AcDbCircle
 10
51.57505715011439
 20
74.61315722631446
 30
0.0
 40
0.4127000254000508
  0
CIRCLE
  5
762
330
1F
100
AcDbEntity
  8
BottomSolderMaskLayer
100
AcDbCircle
 10
51.57505715011439
 20
74.61315722631446
 30
0.0
 40
0.8254000508001016
0
HATCH
5
763
100
AcDbEntity
8
BottomSolderMaskLayer
100
AcDbHatch
10
0
20
0
30
0
210
0
220
0
230
1
2
SOLID
70
1
71
0
91
1
92
7
72
1
73
1
93
2
10
50.74965709931429
20
74.61315722631446
42
1
10
52.40045720091449
20
74.61315722631446
42
1
97
1
330

75
0
76
1
47
0.8681437583925616
98
1
10
3.629517071192367
20
33.92795499968543
450
0
451
0
460
0
461
0
452
1
462
1
453
2
463
0
63
5
421
255
463
1
63
7
421
16777215
470
LINEAR
1001
ACAD
1010
0
1020
0
1030
0
  0
CIRCLE
  5
764
330
1F
100
AcDbEntity
  8
Multi-Layer
100
AcDbCircle
 10
51.57505715011439
 20
74.61315722631446
 30
0.0
 40
0.4
  0
CIRCLE
  5
765
330
1F
100
AcDbEntity
  8
Multi-Layer
100
AcDbCircle
 10
51.57505715011439
 20
74.61315722631446
 30
0.0
 40
0.8
0
HATCH
5
766
100
AcDbEntity
8
Multi-Layer
100
AcDbHatch
10
0
20
0
30
0
210
0
220
0
230
1
2
SOLID
70
1
71
0
91
1
92
7
72
1
73
1
93
2
10
50.77505715011439
20
74.61315722631446
42
1
10
52.37505715011439
20
74.61315722631446
42
1
97
1
330

75
0
76
1
47
0.8681437583925616
98
1
10
3.629517071192367
20
33.92795499968543
450
0
451
0
460
0
461
0
452
1
462
1
453
2
463
0
63
5
421
255
463
1
63
7
421
16777215
470
LINEAR
1001
ACAD
1010
0
1020
0
1030
0
 0
ARC
  5
772
330
1F
100
AcDbEntity
  8
TopSolderMaskLayer
100
AcDbCircle
 10
9.607492245287403
 20
81.32588265176526
 30
0.0
 40
0.41871598894712947
100
AcDbArc
 50
90
 51
270
 0
ARC
  5
773
330
1F
100
AcDbEntity
  8
TopSolderMaskLayer
100
AcDbCircle
 10
9.612726195149207
 20
81.32588265176526
 30
0.0
 40
0.41871598894712947
100
AcDbArc
 50
270
 51
90
 0
LWPOLYLINE
  5
774
330
1F
100
AcDbEntity
  8
TopSolderMaskLayer
100
AcDbPolyline
 90
1
 70
 1
 43
0
 10
9.612726195149207
 20
81.74459864071238
 10
9.607492245287403
 20
81.74459864071238
 0
LWPOLYLINE
  5
775
330
1F
100
AcDbEntity
  8
TopSolderMaskLayer
100
AcDbPolyline
 90
1
 70
 1
 43
0
 10
9.612726195149207
 20
80.90716666281813
 10
9.607492245287403
 20
80.90716666281813
  0
CIRCLE
  5
771
330
1F
100
AcDbEntity
  8
TopSolderMaskLayer
100
AcDbCircle
 10
9.610109220218419
 20
81.32588265176526
 30
0.0
 40
0.8636017272034544
0
HATCH
5
776
100
AcDbEntity
8
TopSolderMaskLayer
100
AcDbHatch
10
0
20
0
30
0
210
0
220
0
230
1
2
SOLID
70
1
71
0
91
1
92
7
72
1
73
1
93
2
10
8.746507493014965
20
81.32588265176526
42
1
10
10.473710947421873
20
81.32588265176526
42
1
97
1
330

75
0
76
1
47
0.8681437583925616
98
1
10
3.629517071192367
20
33.92795499968543
450
0
451
0
460
0
461
0
452
1
462
1
453
2
463
0
63
5
421
255
463
1
63
7
421
16777215
470
LINEAR
1001
ACAD
1010
0
1020
0
1030
0
 0
ARC
  5
779
330
1F
100
AcDbEntity
  8
BottomSolderMaskLayer
100
AcDbCircle
 10
9.607492245287403
 20
81.32588265176526
 30
0.0
 40
0.41871598894712947
100
AcDbArc
 50
90
 51
270
 0
ARC
  5
77a
330
1F
100
AcDbEntity
  8
BottomSolderMaskLayer
100
AcDbCircle
 10
9.612726195149207
 20
81.32588265176526
 30
0.0
 40
0.41871598894712947
100
AcDbArc
 50
270
 51
90
 0
LWPOLYLINE
  5
77b
330
1F
100
AcDbEntity
  8
BottomSolderMaskLayer
100
AcDbPolyline
 90
1
 70
 1
 43
0
 10
9.612726195149207
 20
81.74459864071238
 10
9.607492245287403
 20
81.74459864071238
 0
LWPOLYLINE
  5
77c
330
1F
100
AcDbEntity
  8
BottomSolderMaskLayer
100
AcDbPolyline
 90
1
 70
 1
 43
0
 10
9.612726195149207
 20
80.90716666281813
 10
9.607492245287403
 20
80.90716666281813
  0
CIRCLE
  5
778
330
1F
100
AcDbEntity
  8
BottomSolderMaskLayer
100
AcDbCircle
 10
9.610109220218419
 20
81.32588265176526
 30
0.0
 40
0.8636017272034544
0
HATCH
5
77d
100
AcDbEntity
8
BottomSolderMaskLayer
100
AcDbHatch
10
0
20
0
30
0
210
0
220
0
230
1
2
SOLID
70
1
71
0
91
1
92
7
72
1
73
1
93
2
10
8.746507493014965
20
81.32588265176526
42
1
10
10.473710947421873
20
81.32588265176526
42
1
97
1
330

75
0
76
1
47
0.8681437583925616
98
1
10
3.629517071192367
20
33.92795499968543
450
0
451
0
460
0
461
0
452
1
462
1
453
2
463
0
63
5
421
255
463
1
63
7
421
16777215
470
LINEAR
1001
ACAD
1010
0
1020
0
1030
0
 0
ARC
  5
780
330
1F
100
AcDbEntity
  8
Multi-Layer
100
AcDbCircle
 10
9.607569215138483
 20
81.32588265176526
 30
0.0
 40
0.40640081280162565
100
AcDbArc
 50
90
 51
270
 0
ARC
  5
781
330
1F
100
AcDbEntity
  8
Multi-Layer
100
AcDbCircle
 10
9.612649225298355
 20
81.32588265176526
 30
0.0
 40
0.40640081280162565
100
AcDbArc
 50
270
 51
90
 0
LWPOLYLINE
  5
782
330
1F
100
AcDbEntity
  8
Multi-Layer
100
AcDbPolyline
 90
1
 70
 1
 43
0
 10
9.612649225298355
 20
81.73228346456688
 10
9.607569215138483
 20
81.73228346456688
 0
LWPOLYLINE
  5
783
330
1F
100
AcDbEntity
  8
Multi-Layer
100
AcDbPolyline
 90
1
 70
 1
 43
0
 10
9.612649225298355
 20
80.91948183896363
 10
9.607569215138483
 20
80.91948183896363
  0
CIRCLE
  5
77f
330
1F
100
AcDbEntity
  8
Multi-Layer
100
AcDbCircle
 10
9.610109220218419
 20
81.32588265176526
 30
0.0
 40
0.8382016764033529
0
HATCH
5
784
100
AcDbEntity
8
Multi-Layer
100
AcDbHatch
10
0
20
0
30
0
210
0
220
0
230
1
2
SOLID
70
1
71
0
91
1
92
7
72
1
73
1
93
2
10
8.771907543815066
20
81.32588265176526
42
1
10
10.448310896621772
20
81.32588265176526
42
1
97
1
330

75
0
76
1
47
0.8681437583925616
98
1
10
3.629517071192367
20
33.92795499968543
450
0
451
0
460
0
461
0
452
1
462
1
453
2
463
0
63
5
421
255
463
1
63
7
421
16777215
470
LINEAR
1001
ACAD
1010
0
1020
0
1030
0
 0
ARC
  5
787
330
1F
100
AcDbEntity
  8
TopSolderMaskLayer
100
AcDbCircle
 10
7.6110482523995415
 20
81.32588265176526
 30
0.0
 40
0.41871598894712947
100
AcDbArc
 50
90
 51
270
 0
ARC
  5
788
330
1F
100
AcDbEntity
  8
TopSolderMaskLayer
100
AcDbCircle
 10
7.616282202261573
 20
81.32588265176526
 30
0.0
 40
0.41871598894712947
100
AcDbArc
 50
270
 51
90
 0
LWPOLYLINE
  5
789
330
1F
100
AcDbEntity
  8
TopSolderMaskLayer
100
AcDbPolyline
 90
1
 70
 1
 43
0
 10
7.616282202261573
 20
81.74459864071238
 10
7.6110482523995415
 20
81.74459864071238
 0
LWPOLYLINE
  5
78a
330
1F
100
AcDbEntity
  8
TopSolderMaskLayer
100
AcDbPolyline
 90
1
 70
 1
 43
0
 10
7.616282202261573
 20
80.90716666281813
 10
7.6110482523995415
 20
80.90716666281813
  0
CIRCLE
  5
786
330
1F
100
AcDbEntity
  8
TopSolderMaskLayer
100
AcDbCircle
 10
7.613665227330557
 20
81.32588265176526
 30
0.0
 40
0.8636017272034544
0
HATCH
5
78b
100
AcDbEntity
8
TopSolderMaskLayer
100
AcDbHatch
10
0
20
0
30
0
210
0
220
0
230
1
2
SOLID
70
1
71
0
91
1
92
7
72
1
73
1
93
2
10
6.750063500127103
20
81.32588265176526
42
1
10
8.477266954534011
20
81.32588265176526
42
1
97
1
330

75
0
76
1
47
0.8681437583925616
98
1
10
3.629517071192367
20
33.92795499968543
450
0
451
0
460
0
461
0
452
1
462
1
453
2
463
0
63
5
421
255
463
1
63
7
421
16777215
470
LINEAR
1001
ACAD
1010
0
1020
0
1030
0
 0
ARC
  5
78e
330
1F
100
AcDbEntity
  8
BottomSolderMaskLayer
100
AcDbCircle
 10
7.6110482523995415
 20
81.32588265176526
 30
0.0
 40
0.41871598894712947
100
AcDbArc
 50
90
 51
270
 0
ARC
  5
78f
330
1F
100
AcDbEntity
  8
BottomSolderMaskLayer
100
AcDbCircle
 10
7.616282202261573
 20
81.32588265176526
 30
0.0
 40
0.41871598894712947
100
AcDbArc
 50
270
 51
90
 0
LWPOLYLINE
  5
790
330
1F
100
AcDbEntity
  8
BottomSolderMaskLayer
100
AcDbPolyline
 90
1
 70
 1
 43
0
 10
7.616282202261573
 20
81.74459864071238
 10
7.6110482523995415
 20
81.74459864071238
 0
LWPOLYLINE
  5
791
330
1F
100
AcDbEntity
  8
BottomSolderMaskLayer
100
AcDbPolyline
 90
1
 70
 1
 43
0
 10
7.616282202261573
 20
80.90716666281813
 10
7.6110482523995415
 20
80.90716666281813
  0
CIRCLE
  5
78d
330
1F
100
AcDbEntity
  8
BottomSolderMaskLayer
100
AcDbCircle
 10
7.613665227330557
 20
81.32588265176526
 30
0.0
 40
0.8636017272034544
0
HATCH
5
792
100
AcDbEntity
8
BottomSolderMaskLayer
100
AcDbHatch
10
0
20
0
30
0
210
0
220
0
230
1
2
SOLID
70
1
71
0
91
1
92
7
72
1
73
1
93
2
10
6.750063500127103
20
81.32588265176526
42
1
10
8.477266954534011
20
81.32588265176526
42
1
97
1
330

75
0
76
1
47
0.8681437583925616
98
1
10
3.629517071192367
20
33.92795499968543
450
0
451
0
460
0
461
0
452
1
462
1
453
2
463
0
63
5
421
255
463
1
63
7
421
16777215
470
LINEAR
1001
ACAD
1010
0
1020
0
1030
0
 0
ARC
  5
795
330
1F
100
AcDbEntity
  8
Multi-Layer
100
AcDbCircle
 10
7.611125222250394
 20
81.32588265176526
 30
0.0
 40
0.40640081280162565
100
AcDbArc
 50
90
 51
270
 0
ARC
  5
796
330
1F
100
AcDbEntity
  8
Multi-Layer
100
AcDbCircle
 10
7.616205232410493
 20
81.32588265176526
 30
0.0
 40
0.40640081280162565
100
AcDbArc
 50
270
 51
90
 0
LWPOLYLINE
  5
797
330
1F
100
AcDbEntity
  8
Multi-Layer
100
AcDbPolyline
 90
1
 70
 1
 43
0
 10
7.616205232410493
 20
81.73228346456688
 10
7.611125222250394
 20
81.73228346456688
 0
LWPOLYLINE
  5
798
330
1F
100
AcDbEntity
  8
Multi-Layer
100
AcDbPolyline
 90
1
 70
 1
 43
0
 10
7.616205232410493
 20
80.91948183896363
 10
7.611125222250394
 20
80.91948183896363
  0
CIRCLE
  5
794
330
1F
100
AcDbEntity
  8
Multi-Layer
100
AcDbCircle
 10
7.613665227330557
 20
81.32588265176526
 30
0.0
 40
0.8382016764033529
0
HATCH
5
799
100
AcDbEntity
8
Multi-Layer
100
AcDbHatch
10
0
20
0
30
0
210
0
220
0
230
1
2
SOLID
70
1
71
0
91
1
92
7
72
1
73
1
93
2
10
6.7754635509272045
20
81.32588265176526
42
1
10
8.45186690373391
20
81.32588265176526
42
1
97
1
330

75
0
76
1
47
0.8681437583925616
98
1
10
3.629517071192367
20
33.92795499968543
450
0
451
0
460
0
461
0
452
1
462
1
453
2
463
0
63
5
421
255
463
1
63
7
421
16777215
470
LINEAR
1001
ACAD
1010
0
1020
0
1030
0
  0
CIRCLE
  5
7eb
330
1F
100
AcDbEntity
  8
TopSolderMaskLayer
100
AcDbCircle
 10
15.86004572009142
 20
43.94208788417575
 30
0.0
 40
0.48540393776085167
  0
CIRCLE
  5
7ec
330
1F
100
AcDbEntity
  8
TopSolderMaskLayer
100
AcDbCircle
 10
15.86004572009142
 20
43.94208788417575
 30
0.0
 40
0.8107950215900432
0
HATCH
5
7ed
100
AcDbEntity
8
TopSolderMaskLayer
100
AcDbHatch
10
0
20
0
30
0
210
0
220
0
230
1
2
SOLID
70
1
71
0
91
1
92
7
72
1
73
1
93
2
10
15.049250698501378
20
43.94208788417575
42
1
10
16.670840741681463
20
43.94208788417575
42
1
97
1
330

75
0
76
1
47
0.8681437583925616
98
1
10
3.629517071192367
20
33.92795499968543
450
0
451
0
460
0
461
0
452
1
462
1
453
2
463
0
63
5
421
255
463
1
63
7
421
16777215
470
LINEAR
1001
ACAD
1010
0
1020
0
1030
0
  0
CIRCLE
  5
7ee
330
1F
100
AcDbEntity
  8
BottomSolderMaskLayer
100
AcDbCircle
 10
15.86004572009142
 20
43.94208788417575
 30
0.0
 40
0.48540393776085167
  0
CIRCLE
  5
7ef
330
1F
100
AcDbEntity
  8
BottomSolderMaskLayer
100
AcDbCircle
 10
15.86004572009142
 20
43.94208788417575
 30
0.0
 40
0.8107950215900432
0
HATCH
5
7f0
100
AcDbEntity
8
BottomSolderMaskLayer
100
AcDbHatch
10
0
20
0
30
0
210
0
220
0
230
1
2
SOLID
70
1
71
0
91
1
92
7
72
1
73
1
93
2
10
15.049250698501378
20
43.94208788417575
42
1
10
16.670840741681463
20
43.94208788417575
42
1
97
1
330

75
0
76
1
47
0.8681437583925616
98
1
10
3.629517071192367
20
33.92795499968543
450
0
451
0
460
0
461
0
452
1
462
1
453
2
463
0
63
5
421
255
463
1
63
7
421
16777215
470
LINEAR
1001
ACAD
1010
0
1020
0
1030
0
  0
CIRCLE
  5
7f1
330
1F
100
AcDbEntity
  8
Multi-Layer
100
AcDbCircle
 10
15.86004572009142
 20
43.94208788417575
 30
0.0
 40
0.45499110998222
  0
CIRCLE
  5
7f2
330
1F
100
AcDbEntity
  8
Multi-Layer
100
AcDbCircle
 10
15.86004572009142
 20
43.94208788417575
 30
0.0
 40
0.7599949199898401
0
HATCH
5
7f3
100
AcDbEntity
8
Multi-Layer
100
AcDbHatch
10
0
20
0
30
0
210
0
220
0
230
1
2
SOLID
70
1
71
0
91
1
92
7
72
1
73
1
93
2
10
15.100050800101581
20
43.94208788417575
42
1
10
16.62004064008126
20
43.94208788417575
42
1
97
1
330

75
0
76
1
47
0.8681437583925616
98
1
10
3.629517071192367
20
33.92795499968543
450
0
451
0
460
0
461
0
452
1
462
1
453
2
463
0
63
5
421
255
463
1
63
7
421
16777215
470
LINEAR
1001
ACAD
1010
0
1020
0
1030
0
  0
CIRCLE
  5
7f4
330
1F
100
AcDbEntity
  8
TopSolderMaskLayer
100
AcDbCircle
 10
28.860045720091648
 20
43.94208788417575
 30
0.0
 40
0.48540393776085167
  0
CIRCLE
  5
7f5
330
1F
100
AcDbEntity
  8
TopSolderMaskLayer
100
AcDbCircle
 10
28.860045720091648
 20
43.94208788417575
 30
0.0
 40
0.8107950215900432
0
HATCH
5
7f6
100
AcDbEntity
8
TopSolderMaskLayer
100
AcDbHatch
10
0
20
0
30
0
210
0
220
0
230
1
2
SOLID
70
1
71
0
91
1
92
7
72
1
73
1
93
2
10
28.049250698501606
20
43.94208788417575
42
1
10
29.67084074168169
20
43.94208788417575
42
1
97
1
330

75
0
76
1
47
0.8681437583925616
98
1
10
3.629517071192367
20
33.92795499968543
450
0
451
0
460
0
461
0
452
1
462
1
453
2
463
0
63
5
421
255
463
1
63
7
421
16777215
470
LINEAR
1001
ACAD
1010
0
1020
0
1030
0
  0
CIRCLE
  5
7f7
330
1F
100
AcDbEntity
  8
BottomSolderMaskLayer
100
AcDbCircle
 10
28.860045720091648
 20
43.94208788417575
 30
0.0
 40
0.48540393776085167
  0
CIRCLE
  5
7f8
330
1F
100
AcDbEntity
  8
BottomSolderMaskLayer
100
AcDbCircle
 10
28.860045720091648
 20
43.94208788417575
 30
0.0
 40
0.8107950215900432
0
HATCH
5
7f9
100
AcDbEntity
8
BottomSolderMaskLayer
100
AcDbHatch
10
0
20
0
30
0
210
0
220
0
230
1
2
SOLID
70
1
71
0
91
1
92
7
72
1
73
1
93
2
10
28.049250698501606
20
43.94208788417575
42
1
10
29.67084074168169
20
43.94208788417575
42
1
97
1
330

75
0
76
1
47
0.8681437583925616
98
1
10
3.629517071192367
20
33.92795499968543
450
0
451
0
460
0
461
0
452
1
462
1
453
2
463
0
63
5
421
255
463
1
63
7
421
16777215
470
LINEAR
1001
ACAD
1010
0
1020
0
1030
0
  0
CIRCLE
  5
7fa
330
1F
100
AcDbEntity
  8
Multi-Layer
100
AcDbCircle
 10
28.860045720091648
 20
43.94208788417575
 30
0.0
 40
0.45499110998222
  0
CIRCLE
  5
7fb
330
1F
100
AcDbEntity
  8
Multi-Layer
100
AcDbCircle
 10
28.860045720091648
 20
43.94208788417575
 30
0.0
 40
0.7599949199898401
0
HATCH
5
7fc
100
AcDbEntity
8
Multi-Layer
100
AcDbHatch
10
0
20
0
30
0
210
0
220
0
230
1
2
SOLID
70
1
71
0
91
1
92
7
72
1
73
1
93
2
10
28.10005080010181
20
43.94208788417575
42
1
10
29.620040640081488
20
43.94208788417575
42
1
97
1
330

75
0
76
1
47
0.8681437583925616
98
1
10
3.629517071192367
20
33.92795499968543
450
0
451
0
460
0
461
0
452
1
462
1
453
2
463
0
63
5
421
255
463
1
63
7
421
16777215
470
LINEAR
1001
ACAD
1010
0
1020
0
1030
0
  0
CIRCLE
  5
7fd
330
1F
100
AcDbEntity
  8
TopSolderMaskLayer
100
AcDbCircle
 10
15.606045212090294
 20
52.70510541021088
 30
0.0
 40
0.48540393776085167
  0
CIRCLE
  5
7fe
330
1F
100
AcDbEntity
  8
TopSolderMaskLayer
100
AcDbCircle
 10
15.606045212090294
 20
52.70510541021088
 30
0.0
 40
0.8107950215900432
0
HATCH
5
7ff
100
AcDbEntity
8
TopSolderMaskLayer
100
AcDbHatch
10
0
20
0
30
0
210
0
220
0
230
1
2
SOLID
70
1
71
0
91
1
92
7
72
1
73
1
93
2
10
14.795250190500251
20
52.70510541021088
42
1
10
16.416840233680336
20
52.70510541021088
42
1
97
1
330

75
0
76
1
47
0.8681437583925616
98
1
10
3.629517071192367
20
33.92795499968543
450
0
451
0
460
0
461
0
452
1
462
1
453
2
463
0
63
5
421
255
463
1
63
7
421
16777215
470
LINEAR
1001
ACAD
1010
0
1020
0
1030
0
  0
CIRCLE
  5
800
330
1F
100
AcDbEntity
  8
BottomSolderMaskLayer
100
AcDbCircle
 10
15.606045212090294
 20
52.70510541021088
 30
0.0
 40
0.48540393776085167
  0
CIRCLE
  5
801
330
1F
100
AcDbEntity
  8
BottomSolderMaskLayer
100
AcDbCircle
 10
15.606045212090294
 20
52.70510541021088
 30
0.0
 40
0.8107950215900432
0
HATCH
5
802
100
AcDbEntity
8
BottomSolderMaskLayer
100
AcDbHatch
10
0
20
0
30
0
210
0
220
0
230
1
2
SOLID
70
1
71
0
91
1
92
7
72
1
73
1
93
2
10
14.795250190500251
20
52.70510541021088
42
1
10
16.416840233680336
20
52.70510541021088
42
1
97
1
330

75
0
76
1
47
0.8681437583925616
98
1
10
3.629517071192367
20
33.92795499968543
450
0
451
0
460
0
461
0
452
1
462
1
453
2
463
0
63
5
421
255
463
1
63
7
421
16777215
470
LINEAR
1001
ACAD
1010
0
1020
0
1030
0
  0
CIRCLE
  5
803
330
1F
100
AcDbEntity
  8
Multi-Layer
100
AcDbCircle
 10
15.606045212090294
 20
52.70510541021088
 30
0.0
 40
0.45499110998222
  0
CIRCLE
  5
804
330
1F
100
AcDbEntity
  8
Multi-Layer
100
AcDbCircle
 10
15.606045212090294
 20
52.70510541021088
 30
0.0
 40
0.7599949199898401
0
HATCH
5
805
100
AcDbEntity
8
Multi-Layer
100
AcDbHatch
10
0
20
0
30
0
210
0
220
0
230
1
2
SOLID
70
1
71
0
91
1
92
7
72
1
73
1
93
2
10
14.846050292100454
20
52.70510541021088
42
1
10
16.366040132080133
20
52.70510541021088
42
1
97
1
330

75
0
76
1
47
0.8681437583925616
98
1
10
3.629517071192367
20
33.92795499968543
450
0
451
0
460
0
461
0
452
1
462
1
453
2
463
0
63
5
421
255
463
1
63
7
421
16777215
470
LINEAR
1001
ACAD
1010
0
1020
0
1030
0
  0
CIRCLE
  5
806
330
1F
100
AcDbEntity
  8
TopSolderMaskLayer
100
AcDbCircle
 10
28.60604521209052
 20
52.70510541021088
 30
0.0
 40
0.48540393776085167
  0
CIRCLE
  5
807
330
1F
100
AcDbEntity
  8
TopSolderMaskLayer
100
AcDbCircle
 10
28.60604521209052
 20
52.70510541021088
 30
0.0
 40
0.8107950215900432
0
HATCH
5
808
100
AcDbEntity
8
TopSolderMaskLayer
100
AcDbHatch
10
0
20
0
30
0
210
0
220
0
230
1
2
SOLID
70
1
71
0
91
1
92
7
72
1
73
1
93
2
10
27.79525019050048
20
52.70510541021088
42
1
10
29.416840233680563
20
52.70510541021088
42
1
97
1
330

75
0
76
1
47
0.8681437583925616
98
1
10
3.629517071192367
20
33.92795499968543
450
0
451
0
460
0
461
0
452
1
462
1
453
2
463
0
63
5
421
255
463
1
63
7
421
16777215
470
LINEAR
1001
ACAD
1010
0
1020
0
1030
0
  0
CIRCLE
  5
809
330
1F
100
AcDbEntity
  8
BottomSolderMaskLayer
100
AcDbCircle
 10
28.60604521209052
 20
52.70510541021088
 30
0.0
 40
0.48540393776085167
  0
CIRCLE
  5
80a
330
1F
100
AcDbEntity
  8
BottomSolderMaskLayer
100
AcDbCircle
 10
28.60604521209052
 20
52.70510541021088
 30
0.0
 40
0.8107950215900432
0
HATCH
5
80b
100
AcDbEntity
8
BottomSolderMaskLayer
100
AcDbHatch
10
0
20
0
30
0
210
0
220
0
230
1
2
SOLID
70
1
71
0
91
1
92
7
72
1
73
1
93
2
10
27.79525019050048
20
52.70510541021088
42
1
10
29.416840233680563
20
52.70510541021088
42
1
97
1
330

75
0
76
1
47
0.8681437583925616
98
1
10
3.629517071192367
20
33.92795499968543
450
0
451
0
460
0
461
0
452
1
462
1
453
2
463
0
63
5
421
255
463
1
63
7
421
16777215
470
LINEAR
1001
ACAD
1010
0
1020
0
1030
0
  0
CIRCLE
  5
80c
330
1F
100
AcDbEntity
  8
Multi-Layer
100
AcDbCircle
 10
28.60604521209052
 20
52.70510541021088
 30
0.0
 40
0.45499110998222
  0
CIRCLE
  5
80d
330
1F
100
AcDbEntity
  8
Multi-Layer
100
AcDbCircle
 10
28.60604521209052
 20
52.70510541021088
 30
0.0
 40
0.7599949199898401
0
HATCH
5
80e
100
AcDbEntity
8
Multi-Layer
100
AcDbHatch
10
0
20
0
30
0
210
0
220
0
230
1
2
SOLID
70
1
71
0
91
1
92
7
72
1
73
1
93
2
10
27.84605029210068
20
52.70510541021088
42
1
10
29.36604013208036
20
52.70510541021088
42
1
97
1
330

75
0
76
1
47
0.8681437583925616
98
1
10
3.629517071192367
20
33.92795499968543
450
0
451
0
460
0
461
0
452
1
462
1
453
2
463
0
63
5
421
255
463
1
63
7
421
16777215
470
LINEAR
1001
ACAD
1010
0
1020
0
1030
0
  0
CIRCLE
  5
84e
330
1F
100
AcDbEntity
  8
TopSolderMaskLayer
100
AcDbCircle
 10
10.287020574041208
 20
4.953009906019815
 30
0.0
 40
0.45883962735667416
  0
CIRCLE
  5
84f
330
1F
100
AcDbEntity
  8
TopSolderMaskLayer
100
AcDbCircle
 10
10.287020574041208
 20
4.953009906019815
 30
0.0
 40
0.8128016256032513
0
HATCH
5
850
100
AcDbEntity
8
TopSolderMaskLayer
100
AcDbHatch
10
0
20
0
30
0
210
0
220
0
230
1
2
SOLID
70
1
71
0
91
1
92
7
72
1
73
1
93
2
10
9.474218948437956
20
4.953009906019815
42
1
10
11.099822199644459
20
4.953009906019815
42
1
97
1
330

75
0
76
1
47
0.8681437583925616
98
1
10
3.629517071192367
20
33.92795499968543
450
0
451
0
460
0
461
0
452
1
462
1
453
2
463
0
63
5
421
255
463
1
63
7
421
16777215
470
LINEAR
1001
ACAD
1010
0
1020
0
1030
0
  0
CIRCLE
  5
851
330
1F
100
AcDbEntity
  8
BottomSolderMaskLayer
100
AcDbCircle
 10
10.287020574041208
 20
4.953009906019815
 30
0.0
 40
0.45883962735667416
  0
CIRCLE
  5
852
330
1F
100
AcDbEntity
  8
BottomSolderMaskLayer
100
AcDbCircle
 10
10.287020574041208
 20
4.953009906019815
 30
0.0
 40
0.8128016256032513
0
HATCH
5
853
100
AcDbEntity
8
BottomSolderMaskLayer
100
AcDbHatch
10
0
20
0
30
0
210
0
220
0
230
1
2
SOLID
70
1
71
0
91
1
92
7
72
1
73
1
93
2
10
9.474218948437956
20
4.953009906019815
42
1
10
11.099822199644459
20
4.953009906019815
42
1
97
1
330

75
0
76
1
47
0.8681437583925616
98
1
10
3.629517071192367
20
33.92795499968543
450
0
451
0
460
0
461
0
452
1
462
1
453
2
463
0
63
5
421
255
463
1
63
7
421
16777215
470
LINEAR
1001
ACAD
1010
0
1020
0
1030
0
  0
CIRCLE
  5
854
330
1F
100
AcDbEntity
  8
Multi-Layer
100
AcDbCircle
 10
10.287020574041208
 20
4.953009906019815
 30
0.0
 40
0.4445008890017781
  0
CIRCLE
  5
855
330
1F
100
AcDbEntity
  8
Multi-Layer
100
AcDbCircle
 10
10.287020574041208
 20
4.953009906019815
 30
0.0
 40
0.7874015748031498
0
HATCH
5
856
100
AcDbEntity
8
Multi-Layer
100
AcDbHatch
10
0
20
0
30
0
210
0
220
0
230
1
2
SOLID
70
1
71
0
91
1
92
7
72
1
73
1
93
2
10
9.499618999238058
20
4.953009906019815
42
1
10
11.074422148844357
20
4.953009906019815
42
1
97
1
330

75
0
76
1
47
0.8681437583925616
98
1
10
3.629517071192367
20
33.92795499968543
450
0
451
0
460
0
461
0
452
1
462
1
453
2
463
0
63
5
421
255
463
1
63
7
421
16777215
470
LINEAR
1001
ACAD
1010
0
1020
0
1030
0
  0
CIRCLE
  5
857
330
1F
100
AcDbEntity
  8
TopSolderMaskLayer
100
AcDbCircle
 10
7.747015494031075
 20
4.953009906019815
 30
0.0
 40
0.45883962735667416
  0
CIRCLE
  5
858
330
1F
100
AcDbEntity
  8
TopSolderMaskLayer
100
AcDbCircle
 10
7.747015494031075
 20
4.953009906019815
 30
0.0
 40
0.8128016256032513
0
HATCH
5
859
100
AcDbEntity
8
TopSolderMaskLayer
100
AcDbHatch
10
0
20
0
30
0
210
0
220
0
230
1
2
SOLID
70
1
71
0
91
1
92
7
72
1
73
1
93
2
10
6.934213868427824
20
4.953009906019815
42
1
10
8.559817119634326
20
4.953009906019815
42
1
97
1
330

75
0
76
1
47
0.8681437583925616
98
1
10
3.629517071192367
20
33.92795499968543
450
0
451
0
460
0
461
0
452
1
462
1
453
2
463
0
63
5
421
255
463
1
63
7
421
16777215
470
LINEAR
1001
ACAD
1010
0
1020
0
1030
0
  0
CIRCLE
  5
85a
330
1F
100
AcDbEntity
  8
BottomSolderMaskLayer
100
AcDbCircle
 10
7.747015494031075
 20
4.953009906019815
 30
0.0
 40
0.45883962735667416
  0
CIRCLE
  5
85b
330
1F
100
AcDbEntity
  8
BottomSolderMaskLayer
100
AcDbCircle
 10
7.747015494031075
 20
4.953009906019815
 30
0.0
 40
0.8128016256032513
0
HATCH
5
85c
100
AcDbEntity
8
BottomSolderMaskLayer
100
AcDbHatch
10
0
20
0
30
0
210
0
220
0
230
1
2
SOLID
70
1
71
0
91
1
92
7
72
1
73
1
93
2
10
6.934213868427824
20
4.953009906019815
42
1
10
8.559817119634326
20
4.953009906019815
42
1
97
1
330

75
0
76
1
47
0.8681437583925616
98
1
10
3.629517071192367
20
33.92795499968543
450
0
451
0
460
0
461
0
452
1
462
1
453
2
463
0
63
5
421
255
463
1
63
7
421
16777215
470
LINEAR
1001
ACAD
1010
0
1020
0
1030
0
  0
CIRCLE
  5
85d
330
1F
100
AcDbEntity
  8
Multi-Layer
100
AcDbCircle
 10
7.747015494031075
 20
4.953009906019815
 30
0.0
 40
0.4445008890017781
  0
CIRCLE
  5
85e
330
1F
100
AcDbEntity
  8
Multi-Layer
100
AcDbCircle
 10
7.747015494031075
 20
4.953009906019815
 30
0.0
 40
0.7874015748031498
0
HATCH
5
85f
100
AcDbEntity
8
Multi-Layer
100
AcDbHatch
10
0
20
0
30
0
210
0
220
0
230
1
2
SOLID
70
1
71
0
91
1
92
7
72
1
73
1
93
2
10
6.959613919227925
20
4.953009906019815
42
1
10
8.534417068834225
20
4.953009906019815
42
1
97
1
330

75
0
76
1
47
0.8681437583925616
98
1
10
3.629517071192367
20
33.92795499968543
450
0
451
0
460
0
461
0
452
1
462
1
453
2
463
0
63
5
421
255
463
1
63
7
421
16777215
470
LINEAR
1001
ACAD
1010
0
1020
0
1030
0
  0
CIRCLE
  5
860
330
1F
100
AcDbEntity
  8
TopSolderMaskLayer
100
AcDbCircle
 10
10.287020574041208
 20
7.493014986029948
 30
0.0
 40
0.45883962735667416
  0
CIRCLE
  5
861
330
1F
100
AcDbEntity
  8
TopSolderMaskLayer
100
AcDbCircle
 10
10.287020574041208
 20
7.493014986029948
 30
0.0
 40
0.8128016256032513
0
HATCH
5
862
100
AcDbEntity
8
TopSolderMaskLayer
100
AcDbHatch
10
0
20
0
30
0
210
0
220
0
230
1
2
SOLID
70
1
71
0
91
1
92
7
72
1
73
1
93
2
10
9.474218948437956
20
7.493014986029948
42
1
10
11.099822199644459
20
7.493014986029948
42
1
97
1
330

75
0
76
1
47
0.8681437583925616
98
1
10
3.629517071192367
20
33.92795499968543
450
0
451
0
460
0
461
0
452
1
462
1
453
2
463
0
63
5
421
255
463
1
63
7
421
16777215
470
LINEAR
1001
ACAD
1010
0
1020
0
1030
0
  0
CIRCLE
  5
863
330
1F
100
AcDbEntity
  8
BottomSolderMaskLayer
100
AcDbCircle
 10
10.287020574041208
 20
7.493014986029948
 30
0.0
 40
0.45883962735667416
  0
CIRCLE
  5
864
330
1F
100
AcDbEntity
  8
BottomSolderMaskLayer
100
AcDbCircle
 10
10.287020574041208
 20
7.493014986029948
 30
0.0
 40
0.8128016256032513
0
HATCH
5
865
100
AcDbEntity
8
BottomSolderMaskLayer
100
AcDbHatch
10
0
20
0
30
0
210
0
220
0
230
1
2
SOLID
70
1
71
0
91
1
92
7
72
1
73
1
93
2
10
9.474218948437956
20
7.493014986029948
42
1
10
11.099822199644459
20
7.493014986029948
42
1
97
1
330

75
0
76
1
47
0.8681437583925616
98
1
10
3.629517071192367
20
33.92795499968543
450
0
451
0
460
0
461
0
452
1
462
1
453
2
463
0
63
5
421
255
463
1
63
7
421
16777215
470
LINEAR
1001
ACAD
1010
0
1020
0
1030
0
  0
CIRCLE
  5
866
330
1F
100
AcDbEntity
  8
Multi-Layer
100
AcDbCircle
 10
10.287020574041208
 20
7.493014986029948
 30
0.0
 40
0.4445008890017781
  0
CIRCLE
  5
867
330
1F
100
AcDbEntity
  8
Multi-Layer
100
AcDbCircle
 10
10.287020574041208
 20
7.493014986029948
 30
0.0
 40
0.7874015748031498
0
HATCH
5
868
100
AcDbEntity
8
Multi-Layer
100
AcDbHatch
10
0
20
0
30
0
210
0
220
0
230
1
2
SOLID
70
1
71
0
91
1
92
7
72
1
73
1
93
2
10
9.499618999238058
20
7.493014986029948
42
1
10
11.074422148844357
20
7.493014986029948
42
1
97
1
330

75
0
76
1
47
0.8681437583925616
98
1
10
3.629517071192367
20
33.92795499968543
450
0
451
0
460
0
461
0
452
1
462
1
453
2
463
0
63
5
421
255
463
1
63
7
421
16777215
470
LINEAR
1001
ACAD
1010
0
1020
0
1030
0
  0
CIRCLE
  5
869
330
1F
100
AcDbEntity
  8
TopSolderMaskLayer
100
AcDbCircle
 10
7.747015494031075
 20
7.493014986029948
 30
0.0
 40
0.45883962735667416
  0
CIRCLE
  5
86a
330
1F
100
AcDbEntity
  8
TopSolderMaskLayer
100
AcDbCircle
 10
7.747015494031075
 20
7.493014986029948
 30
0.0
 40
0.8128016256032513
0
HATCH
5
86b
100
AcDbEntity
8
TopSolderMaskLayer
100
AcDbHatch
10
0
20
0
30
0
210
0
220
0
230
1
2
SOLID
70
1
71
0
91
1
92
7
72
1
73
1
93
2
10
6.934213868427824
20
7.493014986029948
42
1
10
8.559817119634326
20
7.493014986029948
42
1
97
1
330

75
0
76
1
47
0.8681437583925616
98
1
10
3.629517071192367
20
33.92795499968543
450
0
451
0
460
0
461
0
452
1
462
1
453
2
463
0
63
5
421
255
463
1
63
7
421
16777215
470
LINEAR
1001
ACAD
1010
0
1020
0
1030
0
  0
CIRCLE
  5
86c
330
1F
100
AcDbEntity
  8
BottomSolderMaskLayer
100
AcDbCircle
 10
7.747015494031075
 20
7.493014986029948
 30
0.0
 40
0.45883962735667416
  0
CIRCLE
  5
86d
330
1F
100
AcDbEntity
  8
BottomSolderMaskLayer
100
AcDbCircle
 10
7.747015494031075
 20
7.493014986029948
 30
0.0
 40
0.8128016256032513
0
HATCH
5
86e
100
AcDbEntity
8
BottomSolderMaskLayer
100
AcDbHatch
10
0
20
0
30
0
210
0
220
0
230
1
2
SOLID
70
1
71
0
91
1
92
7
72
1
73
1
93
2
10
6.934213868427824
20
7.493014986029948
42
1
10
8.559817119634326
20
7.493014986029948
42
1
97
1
330

75
0
76
1
47
0.8681437583925616
98
1
10
3.629517071192367
20
33.92795499968543
450
0
451
0
460
0
461
0
452
1
462
1
453
2
463
0
63
5
421
255
463
1
63
7
421
16777215
470
LINEAR
1001
ACAD
1010
0
1020
0
1030
0
  0
CIRCLE
  5
86f
330
1F
100
AcDbEntity
  8
Multi-Layer
100
AcDbCircle
 10
7.747015494031075
 20
7.493014986029948
 30
0.0
 40
0.4445008890017781
  0
CIRCLE
  5
870
330
1F
100
AcDbEntity
  8
Multi-Layer
100
AcDbCircle
 10
7.747015494031075
 20
7.493014986029948
 30
0.0
 40
0.7874015748031498
0
HATCH
5
871
100
AcDbEntity
8
Multi-Layer
100
AcDbHatch
10
0
20
0
30
0
210
0
220
0
230
1
2
SOLID
70
1
71
0
91
1
92
7
72
1
73
1
93
2
10
6.959613919227925
20
7.493014986029948
42
1
10
8.534417068834225
20
7.493014986029948
42
1
97
1
330

75
0
76
1
47
0.8681437583925616
98
1
10
3.629517071192367
20
33.92795499968543
450
0
451
0
460
0
461
0
452
1
462
1
453
2
463
0
63
5
421
255
463
1
63
7
421
16777215
470
LINEAR
1001
ACAD
1010
0
1020
0
1030
0
  0
CIRCLE
  5
872
330
1F
100
AcDbEntity
  8
TopSolderMaskLayer
100
AcDbCircle
 10
10.287020574041208
 20
10.033020066040194
 30
0.0
 40
0.45883962735667416
  0
CIRCLE
  5
873
330
1F
100
AcDbEntity
  8
TopSolderMaskLayer
100
AcDbCircle
 10
10.287020574041208
 20
10.033020066040194
 30
0.0
 40
0.8128016256032513
0
HATCH
5
874
100
AcDbEntity
8
TopSolderMaskLayer
100
AcDbHatch
10
0
20
0
30
0
210
0
220
0
230
1
2
SOLID
70
1
71
0
91
1
92
7
72
1
73
1
93
2
10
9.474218948437956
20
10.033020066040194
42
1
10
11.099822199644459
20
10.033020066040194
42
1
97
1
330

75
0
76
1
47
0.8681437583925616
98
1
10
3.629517071192367
20
33.92795499968543
450
0
451
0
460
0
461
0
452
1
462
1
453
2
463
0
63
5
421
255
463
1
63
7
421
16777215
470
LINEAR
1001
ACAD
1010
0
1020
0
1030
0
  0
CIRCLE
  5
875
330
1F
100
AcDbEntity
  8
BottomSolderMaskLayer
100
AcDbCircle
 10
10.287020574041208
 20
10.033020066040194
 30
0.0
 40
0.45883962735667416
  0
CIRCLE
  5
876
330
1F
100
AcDbEntity
  8
BottomSolderMaskLayer
100
AcDbCircle
 10
10.287020574041208
 20
10.033020066040194
 30
0.0
 40
0.8128016256032513
0
HATCH
5
877
100
AcDbEntity
8
BottomSolderMaskLayer
100
AcDbHatch
10
0
20
0
30
0
210
0
220
0
230
1
2
SOLID
70
1
71
0
91
1
92
7
72
1
73
1
93
2
10
9.474218948437956
20
10.033020066040194
42
1
10
11.099822199644459
20
10.033020066040194
42
1
97
1
330

75
0
76
1
47
0.8681437583925616
98
1
10
3.629517071192367
20
33.92795499968543
450
0
451
0
460
0
461
0
452
1
462
1
453
2
463
0
63
5
421
255
463
1
63
7
421
16777215
470
LINEAR
1001
ACAD
1010
0
1020
0
1030
0
  0
CIRCLE
  5
878
330
1F
100
AcDbEntity
  8
Multi-Layer
100
AcDbCircle
 10
10.287020574041208
 20
10.033020066040194
 30
0.0
 40
0.4445008890017781
  0
CIRCLE
  5
879
330
1F
100
AcDbEntity
  8
Multi-Layer
100
AcDbCircle
 10
10.287020574041208
 20
10.033020066040194
 30
0.0
 40
0.7874015748031498
0
HATCH
5
87a
100
AcDbEntity
8
Multi-Layer
100
AcDbHatch
10
0
20
0
30
0
210
0
220
0
230
1
2
SOLID
70
1
71
0
91
1
92
7
72
1
73
1
93
2
10
9.499618999238058
20
10.033020066040194
42
1
10
11.074422148844357
20
10.033020066040194
42
1
97
1
330

75
0
76
1
47
0.8681437583925616
98
1
10
3.629517071192367
20
33.92795499968543
450
0
451
0
460
0
461
0
452
1
462
1
453
2
463
0
63
5
421
255
463
1
63
7
421
16777215
470
LINEAR
1001
ACAD
1010
0
1020
0
1030
0
  0
CIRCLE
  5
87b
330
1F
100
AcDbEntity
  8
TopSolderMaskLayer
100
AcDbCircle
 10
7.747015494031075
 20
10.033020066040194
 30
0.0
 40
0.45883962735667416
  0
CIRCLE
  5
87c
330
1F
100
AcDbEntity
  8
TopSolderMaskLayer
100
AcDbCircle
 10
7.747015494031075
 20
10.033020066040194
 30
0.0
 40
0.8128016256032513
0
HATCH
5
87d
100
AcDbEntity
8
TopSolderMaskLayer
100
AcDbHatch
10
0
20
0
30
0
210
0
220
0
230
1
2
SOLID
70
1
71
0
91
1
92
7
72
1
73
1
93
2
10
6.934213868427824
20
10.033020066040194
42
1
10
8.559817119634326
20
10.033020066040194
42
1
97
1
330

75
0
76
1
47
0.8681437583925616
98
1
10
3.629517071192367
20
33.92795499968543
450
0
451
0
460
0
461
0
452
1
462
1
453
2
463
0
63
5
421
255
463
1
63
7
421
16777215
470
LINEAR
1001
ACAD
1010
0
1020
0
1030
0
  0
CIRCLE
  5
87e
330
1F
100
AcDbEntity
  8
BottomSolderMaskLayer
100
AcDbCircle
 10
7.747015494031075
 20
10.033020066040194
 30
0.0
 40
0.45883962735667416
  0
CIRCLE
  5
87f
330
1F
100
AcDbEntity
  8
BottomSolderMaskLayer
100
AcDbCircle
 10
7.747015494031075
 20
10.033020066040194
 30
0.0
 40
0.8128016256032513
0
HATCH
5
880
100
AcDbEntity
8
BottomSolderMaskLayer
100
AcDbHatch
10
0
20
0
30
0
210
0
220
0
230
1
2
SOLID
70
1
71
0
91
1
92
7
72
1
73
1
93
2
10
6.934213868427824
20
10.033020066040194
42
1
10
8.559817119634326
20
10.033020066040194
42
1
97
1
330

75
0
76
1
47
0.8681437583925616
98
1
10
3.629517071192367
20
33.92795499968543
450
0
451
0
460
0
461
0
452
1
462
1
453
2
463
0
63
5
421
255
463
1
63
7
421
16777215
470
LINEAR
1001
ACAD
1010
0
1020
0
1030
0
  0
CIRCLE
  5
881
330
1F
100
AcDbEntity
  8
Multi-Layer
100
AcDbCircle
 10
7.747015494031075
 20
10.033020066040194
 30
0.0
 40
0.4445008890017781
  0
CIRCLE
  5
882
330
1F
100
AcDbEntity
  8
Multi-Layer
100
AcDbCircle
 10
7.747015494031075
 20
10.033020066040194
 30
0.0
 40
0.7874015748031498
0
HATCH
5
883
100
AcDbEntity
8
Multi-Layer
100
AcDbHatch
10
0
20
0
30
0
210
0
220
0
230
1
2
SOLID
70
1
71
0
91
1
92
7
72
1
73
1
93
2
10
6.959613919227925
20
10.033020066040194
42
1
10
8.534417068834225
20
10.033020066040194
42
1
97
1
330

75
0
76
1
47
0.8681437583925616
98
1
10
3.629517071192367
20
33.92795499968543
450
0
451
0
460
0
461
0
452
1
462
1
453
2
463
0
63
5
421
255
463
1
63
7
421
16777215
470
LINEAR
1001
ACAD
1010
0
1020
0
1030
0
  0
CIRCLE
  5
884
330
1F
100
AcDbEntity
  8
TopSolderMaskLayer
100
AcDbCircle
 10
10.287020574041208
 20
12.573025146050327
 30
0.0
 40
0.45883962735667416
  0
CIRCLE
  5
885
330
1F
100
AcDbEntity
  8
TopSolderMaskLayer
100
AcDbCircle
 10
10.287020574041208
 20
12.573025146050327
 30
0.0
 40
0.8128016256032513
0
HATCH
5
886
100
AcDbEntity
8
TopSolderMaskLayer
100
AcDbHatch
10
0
20
0
30
0
210
0
220
0
230
1
2
SOLID
70
1
71
0
91
1
92
7
72
1
73
1
93
2
10
9.474218948437956
20
12.573025146050327
42
1
10
11.099822199644459
20
12.573025146050327
42
1
97
1
330

75
0
76
1
47
0.8681437583925616
98
1
10
3.629517071192367
20
33.92795499968543
450
0
451
0
460
0
461
0
452
1
462
1
453
2
463
0
63
5
421
255
463
1
63
7
421
16777215
470
LINEAR
1001
ACAD
1010
0
1020
0
1030
0
  0
CIRCLE
  5
887
330
1F
100
AcDbEntity
  8
BottomSolderMaskLayer
100
AcDbCircle
 10
10.287020574041208
 20
12.573025146050327
 30
0.0
 40
0.45883962735667416
  0
CIRCLE
  5
888
330
1F
100
AcDbEntity
  8
BottomSolderMaskLayer
100
AcDbCircle
 10
10.287020574041208
 20
12.573025146050327
 30
0.0
 40
0.8128016256032513
0
HATCH
5
889
100
AcDbEntity
8
BottomSolderMaskLayer
100
AcDbHatch
10
0
20
0
30
0
210
0
220
0
230
1
2
SOLID
70
1
71
0
91
1
92
7
72
1
73
1
93
2
10
9.474218948437956
20
12.573025146050327
42
1
10
11.099822199644459
20
12.573025146050327
42
1
97
1
330

75
0
76
1
47
0.8681437583925616
98
1
10
3.629517071192367
20
33.92795499968543
450
0
451
0
460
0
461
0
452
1
462
1
453
2
463
0
63
5
421
255
463
1
63
7
421
16777215
470
LINEAR
1001
ACAD
1010
0
1020
0
1030
0
  0
CIRCLE
  5
88a
330
1F
100
AcDbEntity
  8
Multi-Layer
100
AcDbCircle
 10
10.287020574041208
 20
12.573025146050327
 30
0.0
 40
0.4445008890017781
  0
CIRCLE
  5
88b
330
1F
100
AcDbEntity
  8
Multi-Layer
100
AcDbCircle
 10
10.287020574041208
 20
12.573025146050327
 30
0.0
 40
0.7874015748031498
0
HATCH
5
88c
100
AcDbEntity
8
Multi-Layer
100
AcDbHatch
10
0
20
0
30
0
210
0
220
0
230
1
2
SOLID
70
1
71
0
91
1
92
7
72
1
73
1
93
2
10
9.499618999238058
20
12.573025146050327
42
1
10
11.074422148844357
20
12.573025146050327
42
1
97
1
330

75
0
76
1
47
0.8681437583925616
98
1
10
3.629517071192367
20
33.92795499968543
450
0
451
0
460
0
461
0
452
1
462
1
453
2
463
0
63
5
421
255
463
1
63
7
421
16777215
470
LINEAR
1001
ACAD
1010
0
1020
0
1030
0
  0
CIRCLE
  5
88d
330
1F
100
AcDbEntity
  8
TopSolderMaskLayer
100
AcDbCircle
 10
7.747015494031075
 20
12.573025146050327
 30
0.0
 40
0.45883962735667416
  0
CIRCLE
  5
88e
330
1F
100
AcDbEntity
  8
TopSolderMaskLayer
100
AcDbCircle
 10
7.747015494031075
 20
12.573025146050327
 30
0.0
 40
0.8128016256032513
0
HATCH
5
88f
100
AcDbEntity
8
TopSolderMaskLayer
100
AcDbHatch
10
0
20
0
30
0
210
0
220
0
230
1
2
SOLID
70
1
71
0
91
1
92
7
72
1
73
1
93
2
10
6.934213868427824
20
12.573025146050327
42
1
10
8.559817119634326
20
12.573025146050327
42
1
97
1
330

75
0
76
1
47
0.8681437583925616
98
1
10
3.629517071192367
20
33.92795499968543
450
0
451
0
460
0
461
0
452
1
462
1
453
2
463
0
63
5
421
255
463
1
63
7
421
16777215
470
LINEAR
1001
ACAD
1010
0
1020
0
1030
0
  0
CIRCLE
  5
890
330
1F
100
AcDbEntity
  8
BottomSolderMaskLayer
100
AcDbCircle
 10
7.747015494031075
 20
12.573025146050327
 30
0.0
 40
0.45883962735667416
  0
CIRCLE
  5
891
330
1F
100
AcDbEntity
  8
BottomSolderMaskLayer
100
AcDbCircle
 10
7.747015494031075
 20
12.573025146050327
 30
0.0
 40
0.8128016256032513
0
HATCH
5
892
100
AcDbEntity
8
BottomSolderMaskLayer
100
AcDbHatch
10
0
20
0
30
0
210
0
220
0
230
1
2
SOLID
70
1
71
0
91
1
92
7
72
1
73
1
93
2
10
6.934213868427824
20
12.573025146050327
42
1
10
8.559817119634326
20
12.573025146050327
42
1
97
1
330

75
0
76
1
47
0.8681437583925616
98
1
10
3.629517071192367
20
33.92795499968543
450
0
451
0
460
0
461
0
452
1
462
1
453
2
463
0
63
5
421
255
463
1
63
7
421
16777215
470
LINEAR
1001
ACAD
1010
0
1020
0
1030
0
  0
CIRCLE
  5
893
330
1F
100
AcDbEntity
  8
Multi-Layer
100
AcDbCircle
 10
7.747015494031075
 20
12.573025146050327
 30
0.0
 40
0.4445008890017781
  0
CIRCLE
  5
894
330
1F
100
AcDbEntity
  8
Multi-Layer
100
AcDbCircle
 10
7.747015494031075
 20
12.573025146050327
 30
0.0
 40
0.7874015748031498
0
HATCH
5
895
100
AcDbEntity
8
Multi-Layer
100
AcDbHatch
10
0
20
0
30
0
210
0
220
0
230
1
2
SOLID
70
1
71
0
91
1
92
7
72
1
73
1
93
2
10
6.959613919227925
20
12.573025146050327
42
1
10
8.534417068834225
20
12.573025146050327
42
1
97
1
330

75
0
76
1
47
0.8681437583925616
98
1
10
3.629517071192367
20
33.92795499968543
450
0
451
0
460
0
461
0
452
1
462
1
453
2
463
0
63
5
421
255
463
1
63
7
421
16777215
470
LINEAR
1001
ACAD
1010
0
1020
0
1030
0
  0
CIRCLE
  5
896
330
1F
100
AcDbEntity
  8
TopSolderMaskLayer
100
AcDbCircle
 10
10.287020574041208
 20
15.11303022606046
 30
0.0
 40
0.45883962735667416
  0
CIRCLE
  5
897
330
1F
100
AcDbEntity
  8
TopSolderMaskLayer
100
AcDbCircle
 10
10.287020574041208
 20
15.11303022606046
 30
0.0
 40
0.8128016256032513
0
HATCH
5
898
100
AcDbEntity
8
TopSolderMaskLayer
100
AcDbHatch
10
0
20
0
30
0
210
0
220
0
230
1
2
SOLID
70
1
71
0
91
1
92
7
72
1
73
1
93
2
10
9.474218948437956
20
15.11303022606046
42
1
10
11.099822199644459
20
15.11303022606046
42
1
97
1
330

75
0
76
1
47
0.8681437583925616
98
1
10
3.629517071192367
20
33.92795499968543
450
0
451
0
460
0
461
0
452
1
462
1
453
2
463
0
63
5
421
255
463
1
63
7
421
16777215
470
LINEAR
1001
ACAD
1010
0
1020
0
1030
0
  0
CIRCLE
  5
899
330
1F
100
AcDbEntity
  8
BottomSolderMaskLayer
100
AcDbCircle
 10
10.287020574041208
 20
15.11303022606046
 30
0.0
 40
0.45883962735667416
  0
CIRCLE
  5
89a
330
1F
100
AcDbEntity
  8
BottomSolderMaskLayer
100
AcDbCircle
 10
10.287020574041208
 20
15.11303022606046
 30
0.0
 40
0.8128016256032513
0
HATCH
5
89b
100
AcDbEntity
8
BottomSolderMaskLayer
100
AcDbHatch
10
0
20
0
30
0
210
0
220
0
230
1
2
SOLID
70
1
71
0
91
1
92
7
72
1
73
1
93
2
10
9.474218948437956
20
15.11303022606046
42
1
10
11.099822199644459
20
15.11303022606046
42
1
97
1
330

75
0
76
1
47
0.8681437583925616
98
1
10
3.629517071192367
20
33.92795499968543
450
0
451
0
460
0
461
0
452
1
462
1
453
2
463
0
63
5
421
255
463
1
63
7
421
16777215
470
LINEAR
1001
ACAD
1010
0
1020
0
1030
0
  0
CIRCLE
  5
89c
330
1F
100
AcDbEntity
  8
Multi-Layer
100
AcDbCircle
 10
10.287020574041208
 20
15.11303022606046
 30
0.0
 40
0.4445008890017781
  0
CIRCLE
  5
89d
330
1F
100
AcDbEntity
  8
Multi-Layer
100
AcDbCircle
 10
10.287020574041208
 20
15.11303022606046
 30
0.0
 40
0.7874015748031498
0
HATCH
5
89e
100
AcDbEntity
8
Multi-Layer
100
AcDbHatch
10
0
20
0
30
0
210
0
220
0
230
1
2
SOLID
70
1
71
0
91
1
92
7
72
1
73
1
93
2
10
9.499618999238058
20
15.11303022606046
42
1
10
11.074422148844357
20
15.11303022606046
42
1
97
1
330

75
0
76
1
47
0.8681437583925616
98
1
10
3.629517071192367
20
33.92795499968543
450
0
451
0
460
0
461
0
452
1
462
1
453
2
463
0
63
5
421
255
463
1
63
7
421
16777215
470
LINEAR
1001
ACAD
1010
0
1020
0
1030
0
  0
CIRCLE
  5
89f
330
1F
100
AcDbEntity
  8
TopSolderMaskLayer
100
AcDbCircle
 10
7.747015494031075
 20
15.11303022606046
 30
0.0
 40
0.45883962735667416
  0
CIRCLE
  5
8a0
330
1F
100
AcDbEntity
  8
TopSolderMaskLayer
100
AcDbCircle
 10
7.747015494031075
 20
15.11303022606046
 30
0.0
 40
0.8128016256032513
0
HATCH
5
8a1
100
AcDbEntity
8
TopSolderMaskLayer
100
AcDbHatch
10
0
20
0
30
0
210
0
220
0
230
1
2
SOLID
70
1
71
0
91
1
92
7
72
1
73
1
93
2
10
6.934213868427824
20
15.11303022606046
42
1
10
8.559817119634326
20
15.11303022606046
42
1
97
1
330

75
0
76
1
47
0.8681437583925616
98
1
10
3.629517071192367
20
33.92795499968543
450
0
451
0
460
0
461
0
452
1
462
1
453
2
463
0
63
5
421
255
463
1
63
7
421
16777215
470
LINEAR
1001
ACAD
1010
0
1020
0
1030
0
  0
CIRCLE
  5
8a2
330
1F
100
AcDbEntity
  8
BottomSolderMaskLayer
100
AcDbCircle
 10
7.747015494031075
 20
15.11303022606046
 30
0.0
 40
0.45883962735667416
  0
CIRCLE
  5
8a3
330
1F
100
AcDbEntity
  8
BottomSolderMaskLayer
100
AcDbCircle
 10
7.747015494031075
 20
15.11303022606046
 30
0.0
 40
0.8128016256032513
0
HATCH
5
8a4
100
AcDbEntity
8
BottomSolderMaskLayer
100
AcDbHatch
10
0
20
0
30
0
210
0
220
0
230
1
2
SOLID
70
1
71
0
91
1
92
7
72
1
73
1
93
2
10
6.934213868427824
20
15.11303022606046
42
1
10
8.559817119634326
20
15.11303022606046
42
1
97
1
330

75
0
76
1
47
0.8681437583925616
98
1
10
3.629517071192367
20
33.92795499968543
450
0
451
0
460
0
461
0
452
1
462
1
453
2
463
0
63
5
421
255
463
1
63
7
421
16777215
470
LINEAR
1001
ACAD
1010
0
1020
0
1030
0
  0
CIRCLE
  5
8a5
330
1F
100
AcDbEntity
  8
Multi-Layer
100
AcDbCircle
 10
7.747015494031075
 20
15.11303022606046
 30
0.0
 40
0.4445008890017781
  0
CIRCLE
  5
8a6
330
1F
100
AcDbEntity
  8
Multi-Layer
100
AcDbCircle
 10
7.747015494031075
 20
15.11303022606046
 30
0.0
 40
0.7874015748031498
0
HATCH
5
8a7
100
AcDbEntity
8
Multi-Layer
100
AcDbHatch
10
0
20
0
30
0
210
0
220
0
230
1
2
SOLID
70
1
71
0
91
1
92
7
72
1
73
1
93
2
10
6.959613919227925
20
15.11303022606046
42
1
10
8.534417068834225
20
15.11303022606046
42
1
97
1
330

75
0
76
1
47
0.8681437583925616
98
1
10
3.629517071192367
20
33.92795499968543
450
0
451
0
460
0
461
0
452
1
462
1
453
2
463
0
63
5
421
255
463
1
63
7
421
16777215
470
LINEAR
1001
ACAD
1010
0
1020
0
1030
0
  0
CIRCLE
  5
8a8
330
1F
100
AcDbEntity
  8
TopSolderMaskLayer
100
AcDbCircle
 10
10.287020574041208
 20
17.653035306070592
 30
0.0
 40
0.45883962735667416
  0
CIRCLE
  5
8a9
330
1F
100
AcDbEntity
  8
TopSolderMaskLayer
100
AcDbCircle
 10
10.287020574041208
 20
17.653035306070592
 30
0.0
 40
0.8128016256032513
0
HATCH
5
8aa
100
AcDbEntity
8
TopSolderMaskLayer
100
AcDbHatch
10
0
20
0
30
0
210
0
220
0
230
1
2
SOLID
70
1
71
0
91
1
92
7
72
1
73
1
93
2
10
9.474218948437956
20
17.653035306070592
42
1
10
11.099822199644459
20
17.653035306070592
42
1
97
1
330

75
0
76
1
47
0.8681437583925616
98
1
10
3.629517071192367
20
33.92795499968543
450
0
451
0
460
0
461
0
452
1
462
1
453
2
463
0
63
5
421
255
463
1
63
7
421
16777215
470
LINEAR
1001
ACAD
1010
0
1020
0
1030
0
  0
CIRCLE
  5
8ab
330
1F
100
AcDbEntity
  8
BottomSolderMaskLayer
100
AcDbCircle
 10
10.287020574041208
 20
17.653035306070592
 30
0.0
 40
0.45883962735667416
  0
CIRCLE
  5
8ac
330
1F
100
AcDbEntity
  8
BottomSolderMaskLayer
100
AcDbCircle
 10
10.287020574041208
 20
17.653035306070592
 30
0.0
 40
0.8128016256032513
0
HATCH
5
8ad
100
AcDbEntity
8
BottomSolderMaskLayer
100
AcDbHatch
10
0
20
0
30
0
210
0
220
0
230
1
2
SOLID
70
1
71
0
91
1
92
7
72
1
73
1
93
2
10
9.474218948437956
20
17.653035306070592
42
1
10
11.099822199644459
20
17.653035306070592
42
1
97
1
330

75
0
76
1
47
0.8681437583925616
98
1
10
3.629517071192367
20
33.92795499968543
450
0
451
0
460
0
461
0
452
1
462
1
453
2
463
0
63
5
421
255
463
1
63
7
421
16777215
470
LINEAR
1001
ACAD
1010
0
1020
0
1030
0
  0
CIRCLE
  5
8ae
330
1F
100
AcDbEntity
  8
Multi-Layer
100
AcDbCircle
 10
10.287020574041208
 20
17.653035306070592
 30
0.0
 40
0.4445008890017781
  0
CIRCLE
  5
8af
330
1F
100
AcDbEntity
  8
Multi-Layer
100
AcDbCircle
 10
10.287020574041208
 20
17.653035306070592
 30
0.0
 40
0.7874015748031498
0
HATCH
5
8b0
100
AcDbEntity
8
Multi-Layer
100
AcDbHatch
10
0
20
0
30
0
210
0
220
0
230
1
2
SOLID
70
1
71
0
91
1
92
7
72
1
73
1
93
2
10
9.499618999238058
20
17.653035306070592
42
1
10
11.074422148844357
20
17.653035306070592
42
1
97
1
330

75
0
76
1
47
0.8681437583925616
98
1
10
3.629517071192367
20
33.92795499968543
450
0
451
0
460
0
461
0
452
1
462
1
453
2
463
0
63
5
421
255
463
1
63
7
421
16777215
470
LINEAR
1001
ACAD
1010
0
1020
0
1030
0
  0
CIRCLE
  5
8b1
330
1F
100
AcDbEntity
  8
TopSolderMaskLayer
100
AcDbCircle
 10
7.747015494031075
 20
17.653035306070592
 30
0.0
 40
0.45883962735667416
  0
CIRCLE
  5
8b2
330
1F
100
AcDbEntity
  8
TopSolderMaskLayer
100
AcDbCircle
 10
7.747015494031075
 20
17.653035306070592
 30
0.0
 40
0.8128016256032513
0
HATCH
5
8b3
100
AcDbEntity
8
TopSolderMaskLayer
100
AcDbHatch
10
0
20
0
30
0
210
0
220
0
230
1
2
SOLID
70
1
71
0
91
1
92
7
72
1
73
1
93
2
10
6.934213868427824
20
17.653035306070592
42
1
10
8.559817119634326
20
17.653035306070592
42
1
97
1
330

75
0
76
1
47
0.8681437583925616
98
1
10
3.629517071192367
20
33.92795499968543
450
0
451
0
460
0
461
0
452
1
462
1
453
2
463
0
63
5
421
255
463
1
63
7
421
16777215
470
LINEAR
1001
ACAD
1010
0
1020
0
1030
0
  0
CIRCLE
  5
8b4
330
1F
100
AcDbEntity
  8
BottomSolderMaskLayer
100
AcDbCircle
 10
7.747015494031075
 20
17.653035306070592
 30
0.0
 40
0.45883962735667416
  0
CIRCLE
  5
8b5
330
1F
100
AcDbEntity
  8
BottomSolderMaskLayer
100
AcDbCircle
 10
7.747015494031075
 20
17.653035306070592
 30
0.0
 40
0.8128016256032513
0
HATCH
5
8b6
100
AcDbEntity
8
BottomSolderMaskLayer
100
AcDbHatch
10
0
20
0
30
0
210
0
220
0
230
1
2
SOLID
70
1
71
0
91
1
92
7
72
1
73
1
93
2
10
6.934213868427824
20
17.653035306070592
42
1
10
8.559817119634326
20
17.653035306070592
42
1
97
1
330

75
0
76
1
47
0.8681437583925616
98
1
10
3.629517071192367
20
33.92795499968543
450
0
451
0
460
0
461
0
452
1
462
1
453
2
463
0
63
5
421
255
463
1
63
7
421
16777215
470
LINEAR
1001
ACAD
1010
0
1020
0
1030
0
  0
CIRCLE
  5
8b7
330
1F
100
AcDbEntity
  8
Multi-Layer
100
AcDbCircle
 10
7.747015494031075
 20
17.653035306070592
 30
0.0
 40
0.4445008890017781
  0
CIRCLE
  5
8b8
330
1F
100
AcDbEntity
  8
Multi-Layer
100
AcDbCircle
 10
7.747015494031075
 20
17.653035306070592
 30
0.0
 40
0.7874015748031498
0
HATCH
5
8b9
100
AcDbEntity
8
Multi-Layer
100
AcDbHatch
10
0
20
0
30
0
210
0
220
0
230
1
2
SOLID
70
1
71
0
91
1
92
7
72
1
73
1
93
2
10
6.959613919227925
20
17.653035306070592
42
1
10
8.534417068834225
20
17.653035306070592
42
1
97
1
330

75
0
76
1
47
0.8681437583925616
98
1
10
3.629517071192367
20
33.92795499968543
450
0
451
0
460
0
461
0
452
1
462
1
453
2
463
0
63
5
421
255
463
1
63
7
421
16777215
470
LINEAR
1001
ACAD
1010
0
1020
0
1030
0
  0
CIRCLE
  5
8ba
330
1F
100
AcDbEntity
  8
TopSolderMaskLayer
100
AcDbCircle
 10
10.287020574041208
 20
20.19304038608084
 30
0.0
 40
0.45883962735667416
  0
CIRCLE
  5
8bb
330
1F
100
AcDbEntity
  8
TopSolderMaskLayer
100
AcDbCircle
 10
10.287020574041208
 20
20.19304038608084
 30
0.0
 40
0.8128016256032513
0
HATCH
5
8bc
100
AcDbEntity
8
TopSolderMaskLayer
100
AcDbHatch
10
0
20
0
30
0
210
0
220
0
230
1
2
SOLID
70
1
71
0
91
1
92
7
72
1
73
1
93
2
10
9.474218948437956
20
20.19304038608084
42
1
10
11.099822199644459
20
20.19304038608084
42
1
97
1
330

75
0
76
1
47
0.8681437583925616
98
1
10
3.629517071192367
20
33.92795499968543
450
0
451
0
460
0
461
0
452
1
462
1
453
2
463
0
63
5
421
255
463
1
63
7
421
16777215
470
LINEAR
1001
ACAD
1010
0
1020
0
1030
0
  0
CIRCLE
  5
8bd
330
1F
100
AcDbEntity
  8
BottomSolderMaskLayer
100
AcDbCircle
 10
10.287020574041208
 20
20.19304038608084
 30
0.0
 40
0.45883962735667416
  0
CIRCLE
  5
8be
330
1F
100
AcDbEntity
  8
BottomSolderMaskLayer
100
AcDbCircle
 10
10.287020574041208
 20
20.19304038608084
 30
0.0
 40
0.8128016256032513
0
HATCH
5
8bf
100
AcDbEntity
8
BottomSolderMaskLayer
100
AcDbHatch
10
0
20
0
30
0
210
0
220
0
230
1
2
SOLID
70
1
71
0
91
1
92
7
72
1
73
1
93
2
10
9.474218948437956
20
20.19304038608084
42
1
10
11.099822199644459
20
20.19304038608084
42
1
97
1
330

75
0
76
1
47
0.8681437583925616
98
1
10
3.629517071192367
20
33.92795499968543
450
0
451
0
460
0
461
0
452
1
462
1
453
2
463
0
63
5
421
255
463
1
63
7
421
16777215
470
LINEAR
1001
ACAD
1010
0
1020
0
1030
0
  0
CIRCLE
  5
8c0
330
1F
100
AcDbEntity
  8
Multi-Layer
100
AcDbCircle
 10
10.287020574041208
 20
20.19304038608084
 30
0.0
 40
0.4445008890017781
  0
CIRCLE
  5
8c1
330
1F
100
AcDbEntity
  8
Multi-Layer
100
AcDbCircle
 10
10.287020574041208
 20
20.19304038608084
 30
0.0
 40
0.7874015748031498
0
HATCH
5
8c2
100
AcDbEntity
8
Multi-Layer
100
AcDbHatch
10
0
20
0
30
0
210
0
220
0
230
1
2
SOLID
70
1
71
0
91
1
92
7
72
1
73
1
93
2
10
9.499618999238058
20
20.19304038608084
42
1
10
11.074422148844357
20
20.19304038608084
42
1
97
1
330

75
0
76
1
47
0.8681437583925616
98
1
10
3.629517071192367
20
33.92795499968543
450
0
451
0
460
0
461
0
452
1
462
1
453
2
463
0
63
5
421
255
463
1
63
7
421
16777215
470
LINEAR
1001
ACAD
1010
0
1020
0
1030
0
  0
CIRCLE
  5
8c3
330
1F
100
AcDbEntity
  8
TopSolderMaskLayer
100
AcDbCircle
 10
7.747015494031075
 20
20.19304038608084
 30
0.0
 40
0.45883962735667416
  0
CIRCLE
  5
8c4
330
1F
100
AcDbEntity
  8
TopSolderMaskLayer
100
AcDbCircle
 10
7.747015494031075
 20
20.19304038608084
 30
0.0
 40
0.8128016256032513
0
HATCH
5
8c5
100
AcDbEntity
8
TopSolderMaskLayer
100
AcDbHatch
10
0
20
0
30
0
210
0
220
0
230
1
2
SOLID
70
1
71
0
91
1
92
7
72
1
73
1
93
2
10
6.934213868427824
20
20.19304038608084
42
1
10
8.559817119634326
20
20.19304038608084
42
1
97
1
330

75
0
76
1
47
0.8681437583925616
98
1
10
3.629517071192367
20
33.92795499968543
450
0
451
0
460
0
461
0
452
1
462
1
453
2
463
0
63
5
421
255
463
1
63
7
421
16777215
470
LINEAR
1001
ACAD
1010
0
1020
0
1030
0
  0
CIRCLE
  5
8c6
330
1F
100
AcDbEntity
  8
BottomSolderMaskLayer
100
AcDbCircle
 10
7.747015494031075
 20
20.19304038608084
 30
0.0
 40
0.45883962735667416
  0
CIRCLE
  5
8c7
330
1F
100
AcDbEntity
  8
BottomSolderMaskLayer
100
AcDbCircle
 10
7.747015494031075
 20
20.19304038608084
 30
0.0
 40
0.8128016256032513
0
HATCH
5
8c8
100
AcDbEntity
8
BottomSolderMaskLayer
100
AcDbHatch
10
0
20
0
30
0
210
0
220
0
230
1
2
SOLID
70
1
71
0
91
1
92
7
72
1
73
1
93
2
10
6.934213868427824
20
20.19304038608084
42
1
10
8.559817119634326
20
20.19304038608084
42
1
97
1
330

75
0
76
1
47
0.8681437583925616
98
1
10
3.629517071192367
20
33.92795499968543
450
0
451
0
460
0
461
0
452
1
462
1
453
2
463
0
63
5
421
255
463
1
63
7
421
16777215
470
LINEAR
1001
ACAD
1010
0
1020
0
1030
0
  0
CIRCLE
  5
8c9
330
1F
100
AcDbEntity
  8
Multi-Layer
100
AcDbCircle
 10
7.747015494031075
 20
20.19304038608084
 30
0.0
 40
0.4445008890017781
  0
CIRCLE
  5
8ca
330
1F
100
AcDbEntity
  8
Multi-Layer
100
AcDbCircle
 10
7.747015494031075
 20
20.19304038608084
 30
0.0
 40
0.7874015748031498
0
HATCH
5
8cb
100
AcDbEntity
8
Multi-Layer
100
AcDbHatch
10
0
20
0
30
0
210
0
220
0
230
1
2
SOLID
70
1
71
0
91
1
92
7
72
1
73
1
93
2
10
6.959613919227925
20
20.19304038608084
42
1
10
8.534417068834225
20
20.19304038608084
42
1
97
1
330

75
0
76
1
47
0.8681437583925616
98
1
10
3.629517071192367
20
33.92795499968543
450
0
451
0
460
0
461
0
452
1
462
1
453
2
463
0
63
5
421
255
463
1
63
7
421
16777215
470
LINEAR
1001
ACAD
1010
0
1020
0
1030
0
  0
CIRCLE
  5
8cc
330
1F
100
AcDbEntity
  8
TopSolderMaskLayer
100
AcDbCircle
 10
10.287020574041208
 20
22.73304546609097
 30
0.0
 40
0.45883962735667416
  0
CIRCLE
  5
8cd
330
1F
100
AcDbEntity
  8
TopSolderMaskLayer
100
AcDbCircle
 10
10.287020574041208
 20
22.73304546609097
 30
0.0
 40
0.8128016256032513
0
HATCH
5
8ce
100
AcDbEntity
8
TopSolderMaskLayer
100
AcDbHatch
10
0
20
0
30
0
210
0
220
0
230
1
2
SOLID
70
1
71
0
91
1
92
7
72
1
73
1
93
2
10
9.474218948437956
20
22.73304546609097
42
1
10
11.099822199644459
20
22.73304546609097
42
1
97
1
330

75
0
76
1
47
0.8681437583925616
98
1
10
3.629517071192367
20
33.92795499968543
450
0
451
0
460
0
461
0
452
1
462
1
453
2
463
0
63
5
421
255
463
1
63
7
421
16777215
470
LINEAR
1001
ACAD
1010
0
1020
0
1030
0
  0
CIRCLE
  5
8cf
330
1F
100
AcDbEntity
  8
BottomSolderMaskLayer
100
AcDbCircle
 10
10.287020574041208
 20
22.73304546609097
 30
0.0
 40
0.45883962735667416
  0
CIRCLE
  5
8d0
330
1F
100
AcDbEntity
  8
BottomSolderMaskLayer
100
AcDbCircle
 10
10.287020574041208
 20
22.73304546609097
 30
0.0
 40
0.8128016256032513
0
HATCH
5
8d1
100
AcDbEntity
8
BottomSolderMaskLayer
100
AcDbHatch
10
0
20
0
30
0
210
0
220
0
230
1
2
SOLID
70
1
71
0
91
1
92
7
72
1
73
1
93
2
10
9.474218948437956
20
22.73304546609097
42
1
10
11.099822199644459
20
22.73304546609097
42
1
97
1
330

75
0
76
1
47
0.8681437583925616
98
1
10
3.629517071192367
20
33.92795499968543
450
0
451
0
460
0
461
0
452
1
462
1
453
2
463
0
63
5
421
255
463
1
63
7
421
16777215
470
LINEAR
1001
ACAD
1010
0
1020
0
1030
0
  0
CIRCLE
  5
8d2
330
1F
100
AcDbEntity
  8
Multi-Layer
100
AcDbCircle
 10
10.287020574041208
 20
22.73304546609097
 30
0.0
 40
0.4445008890017781
  0
CIRCLE
  5
8d3
330
1F
100
AcDbEntity
  8
Multi-Layer
100
AcDbCircle
 10
10.287020574041208
 20
22.73304546609097
 30
0.0
 40
0.7874015748031498
0
HATCH
5
8d4
100
AcDbEntity
8
Multi-Layer
100
AcDbHatch
10
0
20
0
30
0
210
0
220
0
230
1
2
SOLID
70
1
71
0
91
1
92
7
72
1
73
1
93
2
10
9.499618999238058
20
22.73304546609097
42
1
10
11.074422148844357
20
22.73304546609097
42
1
97
1
330

75
0
76
1
47
0.8681437583925616
98
1
10
3.629517071192367
20
33.92795499968543
450
0
451
0
460
0
461
0
452
1
462
1
453
2
463
0
63
5
421
255
463
1
63
7
421
16777215
470
LINEAR
1001
ACAD
1010
0
1020
0
1030
0
  0
CIRCLE
  5
8d5
330
1F
100
AcDbEntity
  8
TopSolderMaskLayer
100
AcDbCircle
 10
7.747015494031075
 20
22.73304546609097
 30
0.0
 40
0.45883962735667416
  0
CIRCLE
  5
8d6
330
1F
100
AcDbEntity
  8
TopSolderMaskLayer
100
AcDbCircle
 10
7.747015494031075
 20
22.73304546609097
 30
0.0
 40
0.8128016256032513
0
HATCH
5
8d7
100
AcDbEntity
8
TopSolderMaskLayer
100
AcDbHatch
10
0
20
0
30
0
210
0
220
0
230
1
2
SOLID
70
1
71
0
91
1
92
7
72
1
73
1
93
2
10
6.934213868427824
20
22.73304546609097
42
1
10
8.559817119634326
20
22.73304546609097
42
1
97
1
330

75
0
76
1
47
0.8681437583925616
98
1
10
3.629517071192367
20
33.92795499968543
450
0
451
0
460
0
461
0
452
1
462
1
453
2
463
0
63
5
421
255
463
1
63
7
421
16777215
470
LINEAR
1001
ACAD
1010
0
1020
0
1030
0
  0
CIRCLE
  5
8d8
330
1F
100
AcDbEntity
  8
BottomSolderMaskLayer
100
AcDbCircle
 10
7.747015494031075
 20
22.73304546609097
 30
0.0
 40
0.45883962735667416
  0
CIRCLE
  5
8d9
330
1F
100
AcDbEntity
  8
BottomSolderMaskLayer
100
AcDbCircle
 10
7.747015494031075
 20
22.73304546609097
 30
0.0
 40
0.8128016256032513
0
HATCH
5
8da
100
AcDbEntity
8
BottomSolderMaskLayer
100
AcDbHatch
10
0
20
0
30
0
210
0
220
0
230
1
2
SOLID
70
1
71
0
91
1
92
7
72
1
73
1
93
2
10
6.934213868427824
20
22.73304546609097
42
1
10
8.559817119634326
20
22.73304546609097
42
1
97
1
330

75
0
76
1
47
0.8681437583925616
98
1
10
3.629517071192367
20
33.92795499968543
450
0
451
0
460
0
461
0
452
1
462
1
453
2
463
0
63
5
421
255
463
1
63
7
421
16777215
470
LINEAR
1001
ACAD
1010
0
1020
0
1030
0
  0
CIRCLE
  5
8db
330
1F
100
AcDbEntity
  8
Multi-Layer
100
AcDbCircle
 10
7.747015494031075
 20
22.73304546609097
 30
0.0
 40
0.4445008890017781
  0
CIRCLE
  5
8dc
330
1F
100
AcDbEntity
  8
Multi-Layer
100
AcDbCircle
 10
7.747015494031075
 20
22.73304546609097
 30
0.0
 40
0.7874015748031498
0
HATCH
5
8dd
100
AcDbEntity
8
Multi-Layer
100
AcDbHatch
10
0
20
0
30
0
210
0
220
0
230
1
2
SOLID
70
1
71
0
91
1
92
7
72
1
73
1
93
2
10
6.959613919227925
20
22.73304546609097
42
1
10
8.534417068834225
20
22.73304546609097
42
1
97
1
330

75
0
76
1
47
0.8681437583925616
98
1
10
3.629517071192367
20
33.92795499968543
450
0
451
0
460
0
461
0
452
1
462
1
453
2
463
0
63
5
421
255
463
1
63
7
421
16777215
470
LINEAR
1001
ACAD
1010
0
1020
0
1030
0
  0
CIRCLE
  5
8de
330
1F
100
AcDbEntity
  8
TopSolderMaskLayer
100
AcDbCircle
 10
10.287020574041208
 20
25.273050546101103
 30
0.0
 40
0.45883962735667416
  0
CIRCLE
  5
8df
330
1F
100
AcDbEntity
  8
TopSolderMaskLayer
100
AcDbCircle
 10
10.287020574041208
 20
25.273050546101103
 30
0.0
 40
0.8128016256032513
0
HATCH
5
8e0
100
AcDbEntity
8
TopSolderMaskLayer
100
AcDbHatch
10
0
20
0
30
0
210
0
220
0
230
1
2
SOLID
70
1
71
0
91
1
92
7
72
1
73
1
93
2
10
9.474218948437956
20
25.273050546101103
42
1
10
11.099822199644459
20
25.273050546101103
42
1
97
1
330

75
0
76
1
47
0.8681437583925616
98
1
10
3.629517071192367
20
33.92795499968543
450
0
451
0
460
0
461
0
452
1
462
1
453
2
463
0
63
5
421
255
463
1
63
7
421
16777215
470
LINEAR
1001
ACAD
1010
0
1020
0
1030
0
  0
CIRCLE
  5
8e1
330
1F
100
AcDbEntity
  8
BottomSolderMaskLayer
100
AcDbCircle
 10
10.287020574041208
 20
25.273050546101103
 30
0.0
 40
0.45883962735667416
  0
CIRCLE
  5
8e2
330
1F
100
AcDbEntity
  8
BottomSolderMaskLayer
100
AcDbCircle
 10
10.287020574041208
 20
25.273050546101103
 30
0.0
 40
0.8128016256032513
0
HATCH
5
8e3
100
AcDbEntity
8
BottomSolderMaskLayer
100
AcDbHatch
10
0
20
0
30
0
210
0
220
0
230
1
2
SOLID
70
1
71
0
91
1
92
7
72
1
73
1
93
2
10
9.474218948437956
20
25.273050546101103
42
1
10
11.099822199644459
20
25.273050546101103
42
1
97
1
330

75
0
76
1
47
0.8681437583925616
98
1
10
3.629517071192367
20
33.92795499968543
450
0
451
0
460
0
461
0
452
1
462
1
453
2
463
0
63
5
421
255
463
1
63
7
421
16777215
470
LINEAR
1001
ACAD
1010
0
1020
0
1030
0
  0
CIRCLE
  5
8e4
330
1F
100
AcDbEntity
  8
Multi-Layer
100
AcDbCircle
 10
10.287020574041208
 20
25.273050546101103
 30
0.0
 40
0.4445008890017781
  0
CIRCLE
  5
8e5
330
1F
100
AcDbEntity
  8
Multi-Layer
100
AcDbCircle
 10
10.287020574041208
 20
25.273050546101103
 30
0.0
 40
0.7874015748031498
0
HATCH
5
8e6
100
AcDbEntity
8
Multi-Layer
100
AcDbHatch
10
0
20
0
30
0
210
0
220
0
230
1
2
SOLID
70
1
71
0
91
1
92
7
72
1
73
1
93
2
10
9.499618999238058
20
25.273050546101103
42
1
10
11.074422148844357
20
25.273050546101103
42
1
97
1
330

75
0
76
1
47
0.8681437583925616
98
1
10
3.629517071192367
20
33.92795499968543
450
0
451
0
460
0
461
0
452
1
462
1
453
2
463
0
63
5
421
255
463
1
63
7
421
16777215
470
LINEAR
1001
ACAD
1010
0
1020
0
1030
0
  0
CIRCLE
  5
8e7
330
1F
100
AcDbEntity
  8
TopSolderMaskLayer
100
AcDbCircle
 10
7.747015494031075
 20
25.273050546101103
 30
0.0
 40
0.45883962735667416
  0
CIRCLE
  5
8e8
330
1F
100
AcDbEntity
  8
TopSolderMaskLayer
100
AcDbCircle
 10
7.747015494031075
 20
25.273050546101103
 30
0.0
 40
0.8128016256032513
0
HATCH
5
8e9
100
AcDbEntity
8
TopSolderMaskLayer
100
AcDbHatch
10
0
20
0
30
0
210
0
220
0
230
1
2
SOLID
70
1
71
0
91
1
92
7
72
1
73
1
93
2
10
6.934213868427824
20
25.273050546101103
42
1
10
8.559817119634326
20
25.273050546101103
42
1
97
1
330

75
0
76
1
47
0.8681437583925616
98
1
10
3.629517071192367
20
33.92795499968543
450
0
451
0
460
0
461
0
452
1
462
1
453
2
463
0
63
5
421
255
463
1
63
7
421
16777215
470
LINEAR
1001
ACAD
1010
0
1020
0
1030
0
  0
CIRCLE
  5
8ea
330
1F
100
AcDbEntity
  8
BottomSolderMaskLayer
100
AcDbCircle
 10
7.747015494031075
 20
25.273050546101103
 30
0.0
 40
0.45883962735667416
  0
CIRCLE
  5
8eb
330
1F
100
AcDbEntity
  8
BottomSolderMaskLayer
100
AcDbCircle
 10
7.747015494031075
 20
25.273050546101103
 30
0.0
 40
0.8128016256032513
0
HATCH
5
8ec
100
AcDbEntity
8
BottomSolderMaskLayer
100
AcDbHatch
10
0
20
0
30
0
210
0
220
0
230
1
2
SOLID
70
1
71
0
91
1
92
7
72
1
73
1
93
2
10
6.934213868427824
20
25.273050546101103
42
1
10
8.559817119634326
20
25.273050546101103
42
1
97
1
330

75
0
76
1
47
0.8681437583925616
98
1
10
3.629517071192367
20
33.92795499968543
450
0
451
0
460
0
461
0
452
1
462
1
453
2
463
0
63
5
421
255
463
1
63
7
421
16777215
470
LINEAR
1001
ACAD
1010
0
1020
0
1030
0
  0
CIRCLE
  5
8ed
330
1F
100
AcDbEntity
  8
Multi-Layer
100
AcDbCircle
 10
7.747015494031075
 20
25.273050546101103
 30
0.0
 40
0.4445008890017781
  0
CIRCLE
  5
8ee
330
1F
100
AcDbEntity
  8
Multi-Layer
100
AcDbCircle
 10
7.747015494031075
 20
25.273050546101103
 30
0.0
 40
0.7874015748031498
0
HATCH
5
8ef
100
AcDbEntity
8
Multi-Layer
100
AcDbHatch
10
0
20
0
30
0
210
0
220
0
230
1
2
SOLID
70
1
71
0
91
1
92
7
72
1
73
1
93
2
10
6.959613919227925
20
25.273050546101103
42
1
10
8.534417068834225
20
25.273050546101103
42
1
97
1
330

75
0
76
1
47
0.8681437583925616
98
1
10
3.629517071192367
20
33.92795499968543
450
0
451
0
460
0
461
0
452
1
462
1
453
2
463
0
63
5
421
255
463
1
63
7
421
16777215
470
LINEAR
1001
ACAD
1010
0
1020
0
1030
0
  0
CIRCLE
  5
8f0
330
1F
100
AcDbEntity
  8
TopSolderMaskLayer
100
AcDbCircle
 10
10.287020574041208
 20
27.813055626111236
 30
0.0
 40
0.45883962735667416
  0
CIRCLE
  5
8f1
330
1F
100
AcDbEntity
  8
TopSolderMaskLayer
100
AcDbCircle
 10
10.287020574041208
 20
27.813055626111236
 30
0.0
 40
0.8128016256032513
0
HATCH
5
8f2
100
AcDbEntity
8
TopSolderMaskLayer
100
AcDbHatch
10
0
20
0
30
0
210
0
220
0
230
1
2
SOLID
70
1
71
0
91
1
92
7
72
1
73
1
93
2
10
9.474218948437956
20
27.813055626111236
42
1
10
11.099822199644459
20
27.813055626111236
42
1
97
1
330

75
0
76
1
47
0.8681437583925616
98
1
10
3.629517071192367
20
33.92795499968543
450
0
451
0
460
0
461
0
452
1
462
1
453
2
463
0
63
5
421
255
463
1
63
7
421
16777215
470
LINEAR
1001
ACAD
1010
0
1020
0
1030
0
  0
CIRCLE
  5
8f3
330
1F
100
AcDbEntity
  8
BottomSolderMaskLayer
100
AcDbCircle
 10
10.287020574041208
 20
27.813055626111236
 30
0.0
 40
0.45883962735667416
  0
CIRCLE
  5
8f4
330
1F
100
AcDbEntity
  8
BottomSolderMaskLayer
100
AcDbCircle
 10
10.287020574041208
 20
27.813055626111236
 30
0.0
 40
0.8128016256032513
0
HATCH
5
8f5
100
AcDbEntity
8
BottomSolderMaskLayer
100
AcDbHatch
10
0
20
0
30
0
210
0
220
0
230
1
2
SOLID
70
1
71
0
91
1
92
7
72
1
73
1
93
2
10
9.474218948437956
20
27.813055626111236
42
1
10
11.099822199644459
20
27.813055626111236
42
1
97
1
330

75
0
76
1
47
0.8681437583925616
98
1
10
3.629517071192367
20
33.92795499968543
450
0
451
0
460
0
461
0
452
1
462
1
453
2
463
0
63
5
421
255
463
1
63
7
421
16777215
470
LINEAR
1001
ACAD
1010
0
1020
0
1030
0
  0
CIRCLE
  5
8f6
330
1F
100
AcDbEntity
  8
Multi-Layer
100
AcDbCircle
 10
10.287020574041208
 20
27.813055626111236
 30
0.0
 40
0.4445008890017781
  0
CIRCLE
  5
8f7
330
1F
100
AcDbEntity
  8
Multi-Layer
100
AcDbCircle
 10
10.287020574041208
 20
27.813055626111236
 30
0.0
 40
0.7874015748031498
0
HATCH
5
8f8
100
AcDbEntity
8
Multi-Layer
100
AcDbHatch
10
0
20
0
30
0
210
0
220
0
230
1
2
SOLID
70
1
71
0
91
1
92
7
72
1
73
1
93
2
10
9.499618999238058
20
27.813055626111236
42
1
10
11.074422148844357
20
27.813055626111236
42
1
97
1
330

75
0
76
1
47
0.8681437583925616
98
1
10
3.629517071192367
20
33.92795499968543
450
0
451
0
460
0
461
0
452
1
462
1
453
2
463
0
63
5
421
255
463
1
63
7
421
16777215
470
LINEAR
1001
ACAD
1010
0
1020
0
1030
0
  0
CIRCLE
  5
566
330
1F
100
AcDbEntity
  8
TopSolderMaskLayer
100
AcDbCircle
 10
7.239014478029048
 20
64.47040894081795
 30
0.0
 40
0.4133333333333334
0
HATCH
5
568
100
AcDbEntity
8
TopSolderMaskLayer
100
AcDbHatch
10
0
20
0
30
0
210
0
220
0
230
1
2
SOLID
70
1
71
0
91
1
92
7
72
0
73
1
93
4
10
6.4516129032258505
20
63.68300736601486
10
6.4516129032258505
20
65.25781051562103
10
8.026416052832019
20
65.25781051562103
10
8.026416052832019
20
63.68300736601486
97
1
330

75
0
76
1
47
0.4128176842155181
98
1
10
34.90568961886538
20
22.81183545379326
450
0
451
0
460
0
461
0
452
1
462
1
453
2
463
0
63
5
421
255
463
1
63
7
421
16777215
470
LINEAR
1001
ACAD
1010
0
1020
0
1030
0
  0
CIRCLE
  5
569
330
1F
100
AcDbEntity
  8
BottomSolderMaskLayer
100
AcDbCircle
 10
7.239014478029048
 20
64.47040894081795
 30
0.0
 40
0.4133333333333334
0
HATCH
5
56b
100
AcDbEntity
8
BottomSolderMaskLayer
100
AcDbHatch
10
0
20
0
30
0
210
0
220
0
230
1
2
SOLID
70
1
71
0
91
1
92
7
72
0
73
1
93
4
10
6.4516129032258505
20
63.68300736601486
10
6.4516129032258505
20
65.25781051562103
10
8.026416052832019
20
65.25781051562103
10
8.026416052832019
20
63.68300736601486
97
1
330

75
0
76
1
47
0.4128176842155181
98
1
10
34.90568961886538
20
22.81183545379326
450
0
451
0
460
0
461
0
452
1
462
1
453
2
463
0
63
5
421
255
463
1
63
7
421
16777215
470
LINEAR
1001
ACAD
1010
0
1020
0
1030
0
  0
CIRCLE
  5
56c
330
1F
100
AcDbEntity
  8
Multi-Layer
100
AcDbCircle
 10
7.239014478029048
 20
64.47040894081795
 30
0.0
 40
0.4
0
HATCH
5
56e
100
AcDbEntity
8
Multi-Layer
100
AcDbHatch
10
0
20
0
30
0
210
0
220
0
230
1
2
SOLID
70
1
71
0
91
1
92
7
72
0
73
1
93
4
10
6.477012954025895
20
63.70840741681491
10
6.477012954025895
20
65.23241046482099
10
8.001016002031974
20
65.23241046482099
10
8.001016002031974
20
63.70840741681491
97
1
330

75
0
76
1
47
0.4128176842155181
98
1
10
34.90568961886538
20
22.81183545379326
450
0
451
0
460
0
461
0
452
1
462
1
453
2
463
0
63
5
421
255
463
1
63
7
421
16777215
470
LINEAR
1001
ACAD
1010
0
1020
0
1030
0
0
HATCH
5
59e
100
AcDbEntity
8
TopSolderMaskLayer
100
AcDbHatch
10
0
20
0
30
0
210
0
220
0
230
1
2
SOLID
70
1
71
0
91
1
92
7
72
0
73
1
93
4
10
17.968059859560526
20
80.22515875031752
10
16.418020912600923
20
80.22515875031752
10
16.418020912600923
20
80.87517145034292
10
17.968059859560526
20
80.87517145034292
97
1
330

75
0
76
1
47
0.4128176842155181
98
1
10
34.90568961886538
20
22.81183545379326
450
0
451
0
460
0
461
0
452
1
462
1
453
2
463
0
63
5
421
255
463
1
63
7
421
16777215
470
LINEAR
1001
ACAD
1010
0
1020
0
1030
0
0
HATCH
5
5a1
100
AcDbEntity
8
TopPasteMaskLayer
100
AcDbHatch
10
0
20
0
30
0
210
0
220
0
230
1
2
SOLID
70
1
71
0
91
1
92
7
72
0
73
1
93
4
10
17.943053086106147
20
80.25016510033026
10
16.443027686055302
20
80.25016510033026
10
16.443027686055302
20
80.85016510033017
10
17.943053086106147
20
80.85016510033017
97
1
330

75
0
76
1
47
0.4128176842155181
98
1
10
34.90568961886538
20
22.81183545379326
450
0
451
0
460
0
461
0
452
1
462
1
453
2
463
0
63
5
421
255
463
1
63
7
421
16777215
470
LINEAR
1001
ACAD
1010
0
1020
0
1030
0
0
HATCH
5
5a4
100
AcDbEntity
8
TopLayer
100
AcDbHatch
10
0
20
0
30
0
210
0
220
0
230
1
2
SOLID
70
1
71
0
91
1
92
7
72
0
73
1
93
4
10
17.943053086106147
20
80.25016510033026
10
16.443027686055302
20
80.25016510033026
10
16.443027686055302
20
80.85016510033017
10
17.943053086106147
20
80.85016510033017
97
1
330

75
0
76
1
47
0.4128176842155181
98
1
10
34.90568961886538
20
22.81183545379326
450
0
451
0
460
0
461
0
452
1
462
1
453
2
463
0
63
5
421
255
463
1
63
7
421
16777215
470
LINEAR
1001
ACAD
1010
0
1020
0
1030
0
0
HATCH
5
5a7
100
AcDbEntity
8
TopSolderMaskLayer
100
AcDbHatch
10
0
20
0
30
0
210
0
220
0
230
1
2
SOLID
70
1
71
0
91
1
92
7
72
0
73
1
93
4
10
17.968033612626414
20
81.22515875031752
10
16.41799466566681
20
81.22515875031752
10
16.41799466566681
20
81.87517145034292
10
17.968033612626414
20
81.87517145034292
97
1
330

75
0
76
1
47
0.4128176842155181
98
1
10
34.90568961886538
20
22.81183545379326
450
0
451
0
460
0
461
0
452
1
462
1
453
2
463
0
63
5
421
255
463
1
63
7
421
16777215
470
LINEAR
1001
ACAD
1010
0
1020
0
1030
0
0
HATCH
5
5aa
100
AcDbEntity
8
TopPasteMaskLayer
100
AcDbHatch
10
0
20
0
30
0
210
0
220
0
230
1
2
SOLID
70
1
71
0
91
1
92
7
72
0
73
1
93
4
10
17.94302768605553
20
81.25016510033015
10
16.443002286004685
20
81.25016510033015
10
16.443002286004685
20
81.85016510033017
10
17.94302768605553
20
81.85016510033017
97
1
330

75
0
76
1
47
0.4128176842155181
98
1
10
34.90568961886538
20
22.81183545379326
450
0
451
0
460
0
461
0
452
1
462
1
453
2
463
0
63
5
421
255
463
1
63
7
421
16777215
470
LINEAR
1001
ACAD
1010
0
1020
0
1030
0
0
HATCH
5
5ad
100
AcDbEntity
8
TopLayer
100
AcDbHatch
10
0
20
0
30
0
210
0
220
0
230
1
2
SOLID
70
1
71
0
91
1
92
7
72
0
73
1
93
4
10
17.94302768605553
20
81.25016510033015
10
16.443002286004685
20
81.25016510033015
10
16.443002286004685
20
81.85016510033017
10
17.94302768605553
20
81.85016510033017
97
1
330

75
0
76
1
47
0.4128176842155181
98
1
10
34.90568961886538
20
22.81183545379326
450
0
451
0
460
0
461
0
452
1
462
1
453
2
463
0
63
5
421
255
463
1
63
7
421
16777215
470
LINEAR
1001
ACAD
1010
0
1020
0
1030
0
0
HATCH
5
5b0
100
AcDbEntity
8
TopSolderMaskLayer
100
AcDbHatch
10
0
20
0
30
0
210
0
220
0
230
1
2
SOLID
70
1
71
0
91
1
92
7
72
0
73
1
93
4
10
17.968007365692074
20
82.22518626757676
10
16.41796841873247
20
82.22518626757676
10
16.41796841873247
20
82.87519896760216
10
17.968007365692074
20
82.87519896760216
97
1
330

75
0
76
1
47
0.4128176842155181
98
1
10
34.90568961886538
20
22.81183545379326
450
0
451
0
460
0
461
0
452
1
462
1
453
2
463
0
63
5
421
255
463
1
63
7
421
16777215
470
LINEAR
1001
ACAD
1010
0
1020
0
1030
0
0
HATCH
5
5b3
100
AcDbEntity
8
TopPasteMaskLayer
100
AcDbHatch
10
0
20
0
30
0
210
0
220
0
230
1
2
SOLID
70
1
71
0
91
1
92
7
72
0
73
1
93
4
10
17.943002286004685
20
82.250190500381
10
16.44297688595384
20
82.250190500381
10
16.44297688595384
20
82.85019050038102
10
17.943002286004685
20
82.85019050038102
97
1
330

75
0
76
1
47
0.4128176842155181
98
1
10
34.90568961886538
20
22.81183545379326
450
0
451
0
460
0
461
0
452
1
462
1
453
2
463
0
63
5
421
255
463
1
63
7
421
16777215
470
LINEAR
1001
ACAD
1010
0
1020
0
1030
0
0
HATCH
5
5b6
100
AcDbEntity
8
TopLayer
100
AcDbHatch
10
0
20
0
30
0
210
0
220
0
230
1
2
SOLID
70
1
71
0
91
1
92
7
72
0
73
1
93
4
10
17.943002286004685
20
82.250190500381
10
16.44297688595384
20
82.250190500381
10
16.44297688595384
20
82.85019050038102
10
17.943002286004685
20
82.85019050038102
97
1
330

75
0
76
1
47
0.4128176842155181
98
1
10
34.90568961886538
20
22.81183545379326
450
0
451
0
460
0
461
0
452
1
462
1
453
2
463
0
63
5
421
255
463
1
63
7
421
16777215
470
LINEAR
1001
ACAD
1010
0
1020
0
1030
0
0
HATCH
5
5b9
100
AcDbEntity
8
TopSolderMaskLayer
100
AcDbHatch
10
0
20
0
30
0
210
0
220
0
230
1
2
SOLID
70
1
71
0
91
1
92
7
72
0
73
1
93
4
10
17.968033612626414
20
83.22515875031752
10
16.41799466566681
20
83.22515875031752
10
16.41799466566681
20
83.87517145034292
10
17.968033612626414
20
83.87517145034292
97
1
330

75
0
76
1
47
0.4128176842155181
98
1
10
34.90568961886538
20
22.81183545379326
450
0
451
0
460
0
461
0
452
1
462
1
453
2
463
0
63
5
421
255
463
1
63
7
421
16777215
470
LINEAR
1001
ACAD
1010
0
1020
0
1030
0
0
HATCH
5
5bc
100
AcDbEntity
8
TopPasteMaskLayer
100
AcDbHatch
10
0
20
0
30
0
210
0
220
0
230
1
2
SOLID
70
1
71
0
91
1
92
7
72
0
73
1
93
4
10
17.94302768605553
20
83.25016510033026
10
16.443002286004685
20
83.25016510033026
10
16.443002286004685
20
83.85016510033029
10
17.94302768605553
20
83.85016510033029
97
1
330

75
0
76
1
47
0.4128176842155181
98
1
10
34.90568961886538
20
22.81183545379326
450
0
451
0
460
0
461
0
452
1
462
1
453
2
463
0
63
5
421
255
463
1
63
7
421
16777215
470
LINEAR
1001
ACAD
1010
0
1020
0
1030
0
0
HATCH
5
5bf
100
AcDbEntity
8
TopLayer
100
AcDbHatch
10
0
20
0
30
0
210
0
220
0
230
1
2
SOLID
70
1
71
0
91
1
92
7
72
0
73
1
93
4
10
17.94302768605553
20
83.25016510033026
10
16.443002286004685
20
83.25016510033026
10
16.443002286004685
20
83.85016510033029
10
17.94302768605553
20
83.85016510033029
97
1
330

75
0
76
1
47
0.4128176842155181
98
1
10
34.90568961886538
20
22.81183545379326
450
0
451
0
460
0
461
0
452
1
462
1
453
2
463
0
63
5
421
255
463
1
63
7
421
16777215
470
LINEAR
1001
ACAD
1010
0
1020
0
1030
0
0
HATCH
5
5c2
100
AcDbEntity
8
TopSolderMaskLayer
100
AcDbHatch
10
0
20
0
30
0
210
0
220
0
230
1
2
SOLID
70
1
71
0
91
1
92
7
72
0
73
1
93
4
10
17.968059859560526
20
84.22515875031752
10
16.418020912600923
20
84.22515875031752
10
16.418020912600923
20
84.87517145034292
10
17.968059859560526
20
84.87517145034292
97
1
330

75
0
76
1
47
0.4128176842155181
98
1
10
34.90568961886538
20
22.81183545379326
450
0
451
0
460
0
461
0
452
1
462
1
453
2
463
0
63
5
421
255
463
1
63
7
421
16777215
470
LINEAR
1001
ACAD
1010
0
1020
0
1030
0
0
HATCH
5
5c5
100
AcDbEntity
8
TopPasteMaskLayer
100
AcDbHatch
10
0
20
0
30
0
210
0
220
0
230
1
2
SOLID
70
1
71
0
91
1
92
7
72
0
73
1
93
4
10
17.943053086106147
20
84.25016510033026
10
16.443027686055302
20
84.25016510033026
10
16.443027686055302
20
84.85016510033029
10
17.943053086106147
20
84.85016510033029
97
1
330

75
0
76
1
47
0.4128176842155181
98
1
10
34.90568961886538
20
22.81183545379326
450
0
451
0
460
0
461
0
452
1
462
1
453
2
463
0
63
5
421
255
463
1
63
7
421
16777215
470
LINEAR
1001
ACAD
1010
0
1020
0
1030
0
0
HATCH
5
5c8
100
AcDbEntity
8
TopLayer
100
AcDbHatch
10
0
20
0
30
0
210
0
220
0
230
1
2
SOLID
70
1
71
0
91
1
92
7
72
0
73
1
93
4
10
17.943053086106147
20
84.25016510033026
10
16.443027686055302
20
84.25016510033026
10
16.443027686055302
20
84.85016510033029
10
17.943053086106147
20
84.85016510033029
97
1
330

75
0
76
1
47
0.4128176842155181
98
1
10
34.90568961886538
20
22.81183545379326
450
0
451
0
460
0
461
0
452
1
462
1
453
2
463
0
63
5
421
255
463
1
63
7
421
16777215
470
LINEAR
1001
ACAD
1010
0
1020
0
1030
0
0
HATCH
5
5cb
100
AcDbEntity
8
TopSolderMaskLayer
100
AcDbHatch
10
0
20
0
30
0
210
0
220
0
230
1
2
SOLID
70
1
71
0
91
1
92
7
72
0
73
1
93
4
10
23.968059859560526
20
84.22515875031752
10
22.418020912600923
20
84.22515875031752
10
22.418020912600923
20
84.87517145034292
10
23.968059859560526
20
84.87517145034292
97
1
330

75
0
76
1
47
0.4128176842155181
98
1
10
34.90568961886538
20
22.81183545379326
450
0
451
0
460
0
461
0
452
1
462
1
453
2
463
0
63
5
421
255
463
1
63
7
421
16777215
470
LINEAR
1001
ACAD
1010
0
1020
0
1030
0
0
HATCH
5
5ce
100
AcDbEntity
8
TopPasteMaskLayer
100
AcDbHatch
10
0
20
0
30
0
210
0
220
0
230
1
2
SOLID
70
1
71
0
91
1
92
7
72
0
73
1
93
4
10
23.943053086106147
20
84.25016510033026
10
22.443027686055302
20
84.25016510033026
10
22.443027686055302
20
84.85016510033029
10
23.943053086106147
20
84.85016510033029
97
1
330

75
0
76
1
47
0.4128176842155181
98
1
10
34.90568961886538
20
22.81183545379326
450
0
451
0
460
0
461
0
452
1
462
1
453
2
463
0
63
5
421
255
463
1
63
7
421
16777215
470
LINEAR
1001
ACAD
1010
0
1020
0
1030
0
0
HATCH
5
5d1
100
AcDbEntity
8
TopLayer
100
AcDbHatch
10
0
20
0
30
0
210
0
220
0
230
1
2
SOLID
70
1
71
0
91
1
92
7
72
0
73
1
93
4
10
23.943053086106147
20
84.25016510033026
10
22.443027686055302
20
84.25016510033026
10
22.443027686055302
20
84.85016510033029
10
23.943053086106147
20
84.85016510033029
97
1
330

75
0
76
1
47
0.4128176842155181
98
1
10
34.90568961886538
20
22.81183545379326
450
0
451
0
460
0
461
0
452
1
462
1
453
2
463
0
63
5
421
255
463
1
63
7
421
16777215
470
LINEAR
1001
ACAD
1010
0
1020
0
1030
0
0
HATCH
5
5d4
100
AcDbEntity
8
TopSolderMaskLayer
100
AcDbHatch
10
0
20
0
30
0
210
0
220
0
230
1
2
SOLID
70
1
71
0
91
1
92
7
72
0
73
1
93
4
10
23.968059859560526
20
83.22515875031752
10
22.418020912600923
20
83.22515875031752
10
22.418020912600923
20
83.87517145034292
10
23.968059859560526
20
83.87517145034292
97
1
330

75
0
76
1
47
0.4128176842155181
98
1
10
34.90568961886538
20
22.81183545379326
450
0
451
0
460
0
461
0
452
1
462
1
453
2
463
0
63
5
421
255
463
1
63
7
421
16777215
470
LINEAR
1001
ACAD
1010
0
1020
0
1030
0
0
HATCH
5
5d7
100
AcDbEntity
8
TopPasteMaskLayer
100
AcDbHatch
10
0
20
0
30
0
210
0
220
0
230
1
2
SOLID
70
1
71
0
91
1
92
7
72
0
73
1
93
4
10
23.943053086106147
20
83.25016510033026
10
22.443027686055302
20
83.25016510033026
10
22.443027686055302
20
83.85016510033029
10
23.943053086106147
20
83.85016510033029
97
1
330

75
0
76
1
47
0.4128176842155181
98
1
10
34.90568961886538
20
22.81183545379326
450
0
451
0
460
0
461
0
452
1
462
1
453
2
463
0
63
5
421
255
463
1
63
7
421
16777215
470
LINEAR
1001
ACAD
1010
0
1020
0
1030
0
0
HATCH
5
5da
100
AcDbEntity
8
TopLayer
100
AcDbHatch
10
0
20
0
30
0
210
0
220
0
230
1
2
SOLID
70
1
71
0
91
1
92
7
72
0
73
1
93
4
10
23.943053086106147
20
83.25016510033026
10
22.443027686055302
20
83.25016510033026
10
22.443027686055302
20
83.85016510033029
10
23.943053086106147
20
83.85016510033029
97
1
330

75
0
76
1
47
0.4128176842155181
98
1
10
34.90568961886538
20
22.81183545379326
450
0
451
0
460
0
461
0
452
1
462
1
453
2
463
0
63
5
421
255
463
1
63
7
421
16777215
470
LINEAR
1001
ACAD
1010
0
1020
0
1030
0
0
HATCH
5
5dd
100
AcDbEntity
8
TopSolderMaskLayer
100
AcDbHatch
10
0
20
0
30
0
210
0
220
0
230
1
2
SOLID
70
1
71
0
91
1
92
7
72
0
73
1
93
4
10
23.968059859560526
20
82.22515875031763
10
22.418020912600923
20
82.22515875031763
10
22.418020912600923
20
82.8751714503428
10
23.968059859560526
20
82.8751714503428
97
1
330

75
0
76
1
47
0.4128176842155181
98
1
10
34.90568961886538
20
22.81183545379326
450
0
451
0
460
0
461
0
452
1
462
1
453
2
463
0
63
5
421
255
463
1
63
7
421
16777215
470
LINEAR
1001
ACAD
1010
0
1020
0
1030
0
0
HATCH
5
5e0
100
AcDbEntity
8
TopPasteMaskLayer
100
AcDbHatch
10
0
20
0
30
0
210
0
220
0
230
1
2
SOLID
70
1
71
0
91
1
92
7
72
0
73
1
93
4
10
23.943053086106147
20
82.25016510033026
10
22.443027686055302
20
82.25016510033026
10
22.443027686055302
20
82.85016510033017
10
23.943053086106147
20
82.85016510033017
97
1
330

75
0
76
1
47
0.4128176842155181
98
1
10
34.90568961886538
20
22.81183545379326
450
0
451
0
460
0
461
0
452
1
462
1
453
2
463
0
63
5
421
255
463
1
63
7
421
16777215
470
LINEAR
1001
ACAD
1010
0
1020
0
1030
0
0
HATCH
5
5e3
100
AcDbEntity
8
TopLayer
100
AcDbHatch
10
0
20
0
30
0
210
0
220
0
230
1
2
SOLID
70
1
71
0
91
1
92
7
72
0
73
1
93
4
10
23.943053086106147
20
82.25016510033026
10
22.443027686055302
20
82.25016510033026
10
22.443027686055302
20
82.85016510033017
10
23.943053086106147
20
82.85016510033017
97
1
330

75
0
76
1
47
0.4128176842155181
98
1
10
34.90568961886538
20
22.81183545379326
450
0
451
0
460
0
461
0
452
1
462
1
453
2
463
0
63
5
421
255
463
1
63
7
421
16777215
470
LINEAR
1001
ACAD
1010
0
1020
0
1030
0
0
HATCH
5
5e6
100
AcDbEntity
8
TopSolderMaskLayer
100
AcDbHatch
10
0
20
0
30
0
210
0
220
0
230
1
2
SOLID
70
1
71
0
91
1
92
7
72
0
73
1
93
4
10
23.968059859560526
20
81.22515875031752
10
22.418020912600923
20
81.22515875031752
10
22.418020912600923
20
81.87517145034292
10
23.968059859560526
20
81.87517145034292
97
1
330

75
0
76
1
47
0.4128176842155181
98
1
10
34.90568961886538
20
22.81183545379326
450
0
451
0
460
0
461
0
452
1
462
1
453
2
463
0
63
5
421
255
463
1
63
7
421
16777215
470
LINEAR
1001
ACAD
1010
0
1020
0
1030
0
0
HATCH
5
5e9
100
AcDbEntity
8
TopPasteMaskLayer
100
AcDbHatch
10
0
20
0
30
0
210
0
220
0
230
1
2
SOLID
70
1
71
0
91
1
92
7
72
0
73
1
93
4
10
23.943053086106147
20
81.25016510033015
10
22.443027686055302
20
81.25016510033015
10
22.443027686055302
20
81.85016510033017
10
23.943053086106147
20
81.85016510033017
97
1
330

75
0
76
1
47
0.4128176842155181
98
1
10
34.90568961886538
20
22.81183545379326
450
0
451
0
460
0
461
0
452
1
462
1
453
2
463
0
63
5
421
255
463
1
63
7
421
16777215
470
LINEAR
1001
ACAD
1010
0
1020
0
1030
0
0
HATCH
5
5ec
100
AcDbEntity
8
TopLayer
100
AcDbHatch
10
0
20
0
30
0
210
0
220
0
230
1
2
SOLID
70
1
71
0
91
1
92
7
72
0
73
1
93
4
10
23.943053086106147
20
81.25016510033015
10
22.443027686055302
20
81.25016510033015
10
22.443027686055302
20
81.85016510033017
10
23.943053086106147
20
81.85016510033017
97
1
330

75
0
76
1
47
0.4128176842155181
98
1
10
34.90568961886538
20
22.81183545379326
450
0
451
0
460
0
461
0
452
1
462
1
453
2
463
0
63
5
421
255
463
1
63
7
421
16777215
470
LINEAR
1001
ACAD
1010
0
1020
0
1030
0
0
HATCH
5
5ef
100
AcDbEntity
8
TopSolderMaskLayer
100
AcDbHatch
10
0
20
0
30
0
210
0
220
0
230
1
2
SOLID
70
1
71
0
91
1
92
7
72
0
73
1
93
4
10
23.968059859560526
20
80.22515875031752
10
22.418020912600923
20
80.22515875031752
10
22.418020912600923
20
80.87517145034292
10
23.968059859560526
20
80.87517145034292
97
1
330

75
0
76
1
47
0.4128176842155181
98
1
10
34.90568961886538
20
22.81183545379326
450
0
451
0
460
0
461
0
452
1
462
1
453
2
463
0
63
5
421
255
463
1
63
7
421
16777215
470
LINEAR
1001
ACAD
1010
0
1020
0
1030
0
0
HATCH
5
5f2
100
AcDbEntity
8
TopPasteMaskLayer
100
AcDbHatch
10
0
20
0
30
0
210
0
220
0
230
1
2
SOLID
70
1
71
0
91
1
92
7
72
0
73
1
93
4
10
23.943053086106147
20
80.25016510033026
10
22.443027686055302
20
80.25016510033026
10
22.443027686055302
20
80.85016510033017
10
23.943053086106147
20
80.85016510033017
97
1
330

75
0
76
1
47
0.4128176842155181
98
1
10
34.90568961886538
20
22.81183545379326
450
0
451
0
460
0
461
0
452
1
462
1
453
2
463
0
63
5
421
255
463
1
63
7
421
16777215
470
LINEAR
1001
ACAD
1010
0
1020
0
1030
0
0
HATCH
5
5f5
100
AcDbEntity
8
TopLayer
100
AcDbHatch
10
0
20
0
30
0
210
0
220
0
230
1
2
SOLID
70
1
71
0
91
1
92
7
72
0
73
1
93
4
10
23.943053086106147
20
80.25016510033026
10
22.443027686055302
20
80.25016510033026
10
22.443027686055302
20
80.85016510033017
10
23.943053086106147
20
80.85016510033017
97
1
330

75
0
76
1
47
0.4128176842155181
98
1
10
34.90568961886538
20
22.81183545379326
450
0
451
0
460
0
461
0
452
1
462
1
453
2
463
0
63
5
421
255
463
1
63
7
421
16777215
470
LINEAR
1001
ACAD
1010
0
1020
0
1030
0
0
HATCH
5
5f8
100
AcDbEntity
8
TopSolderMaskLayer
100
AcDbHatch
10
0
20
0
30
0
210
0
220
0
230
1
2
SOLID
70
1
71
0
91
1
92
7
72
0
73
1
93
4
10
21.258966410405947
20
84.23947379569108
10
21.258966410405947
20
80.86085640496935
10
19.12711436175573
20
80.86085640496935
10
19.12711436175573
20
84.23947379569108
97
1
330

75
0
76
1
47
0.4128176842155181
98
1
10
34.90568961886538
20
22.81183545379326
450
0
451
0
460
0
461
0
452
1
462
1
453
2
463
0
63
5
421
255
463
1
63
7
421
16777215
470
LINEAR
1001
ACAD
1010
0
1020
0
1030
0
0
HATCH
5
5fb
100
AcDbEntity
8
TopPasteMaskLayer
100
AcDbHatch
10
0
20
0
30
0
210
0
220
0
230
1
2
SOLID
70
1
71
0
91
1
92
7
72
0
73
1
93
4
10
21.2430530861061
20
84.20017780035562
10
21.2430530861061
20
80.90015240030482
10
19.143027686055348
20
80.90015240030482
10
19.143027686055348
20
84.20017780035562
97
1
330

75
0
76
1
47
0.4128176842155181
98
1
10
34.90568961886538
20
22.81183545379326
450
0
451
0
460
0
461
0
452
1
462
1
453
2
463
0
63
5
421
255
463
1
63
7
421
16777215
470
LINEAR
1001
ACAD
1010
0
1020
0
1030
0
0
HATCH
5
5fe
100
AcDbEntity
8
TopLayer
100
AcDbHatch
10
0
20
0
30
0
210
0
220
0
230
1
2
SOLID
70
1
71
0
91
1
92
7
72
0
73
1
93
4
10
21.2430530861061
20
84.20017780035562
10
21.2430530861061
20
80.90015240030482
10
19.143027686055348
20
80.90015240030482
10
19.143027686055348
20
84.20017780035562
97
1
330

75
0
76
1
47
0.4128176842155181
98
1
10
34.90568961886538
20
22.81183545379326
450
0
451
0
460
0
461
0
452
1
462
1
453
2
463
0
63
5
421
255
463
1
63
7
421
16777215
470
LINEAR
1001
ACAD
1010
0
1020
0
1030
0
  0
CIRCLE
  5
731
330
1F
100
AcDbEntity
  8
TopSolderMaskLayer
100
AcDbCircle
 10
52.20015240030466
 20
83.41325882651768
 30
0.0
 40
0.5609697831185212
0
HATCH
5
733
100
AcDbEntity
8
TopSolderMaskLayer
100
AcDbHatch
10
0
20
0
30
0
210
0
220
0
230
1
2
SOLID
70
1
71
0
91
1
92
7
72
0
73
1
93
4
10
50.89969418737587
20
84.7135616030979
10
53.500506989001224
20
84.7135616030979
10
53.500506989001224
20
82.11274880147232
10
50.89969418737587
20
82.11274880147232
97
1
330

75
0
76
1
47
0.4128176842155181
98
1
10
34.90568961886538
20
22.81183545379326
450
0
451
0
460
0
461
0
452
1
462
1
453
2
463
0
63
5
421
255
463
1
63
7
421
16777215
470
LINEAR
1001
ACAD
1010
0
1020
0
1030
0
  0
CIRCLE
  5
734
330
1F
100
AcDbEntity
  8
BottomSolderMaskLayer
100
AcDbCircle
 10
52.20015240030466
 20
83.41325882651768
 30
0.0
 40
0.5609697831185212
0
HATCH
5
736
100
AcDbEntity
8
BottomSolderMaskLayer
100
AcDbHatch
10
0
20
0
30
0
210
0
220
0
230
1
2
SOLID
70
1
71
0
91
1
92
7
72
0
73
1
93
4
10
50.89969418737587
20
84.7135616030979
10
53.500506989001224
20
84.7135616030979
10
53.500506989001224
20
82.11274880147232
10
50.89969418737587
20
82.11274880147232
97
1
330

75
0
76
1
47
0.4128176842155181
98
1
10
34.90568961886538
20
22.81183545379326
450
0
451
0
460
0
461
0
452
1
462
1
453
2
463
0
63
5
421
255
463
1
63
7
421
16777215
470
LINEAR
1001
ACAD
1010
0
1020
0
1030
0
  0
CIRCLE
  5
737
330
1F
100
AcDbEntity
  8
Multi-Layer
100
AcDbCircle
 10
52.20015240030466
 20
83.41325882651768
 30
0.0
 40
0.5500127000254001
0
HATCH
5
739
100
AcDbEntity
8
Multi-Layer
100
AcDbHatch
10
0
20
0
30
0
210
0
220
0
230
1
2
SOLID
70
1
71
0
91
1
92
7
72
0
73
1
93
4
10
50.92509525019068
20
84.68816357632716
10
53.47510795021594
20
84.68816357632716
10
53.47510795021594
20
82.13815087630178
10
50.92509525019068
20
82.13815087630178
97
1
330

75
0
76
1
47
0.4128176842155181
98
1
10
34.90568961886538
20
22.81183545379326
450
0
451
0
460
0
461
0
452
1
462
1
453
2
463
0
63
5
421
255
463
1
63
7
421
16777215
470
LINEAR
1001
ACAD
1010
0
1020
0
1030
0
  0
CIRCLE
  5
74c
330
1F
100
AcDbEntity
  8
TopSolderMaskLayer
100
AcDbCircle
 10
30.200152400304887
 20
83.41325882651768
 30
0.0
 40
0.5609697831185212
0
HATCH
5
74e
100
AcDbEntity
8
TopSolderMaskLayer
100
AcDbHatch
10
0
20
0
30
0
210
0
220
0
230
1
2
SOLID
70
1
71
0
91
1
92
7
72
0
73
1
93
4
10
28.899642375259646
20
84.7135616030979
10
31.500455176884998
20
84.7135616030979
10
31.500455176884998
20
82.11274880147232
10
28.899642375259646
20
82.11274880147232
97
1
330

75
0
76
1
47
0.4128176842155181
98
1
10
34.90568961886538
20
22.81183545379326
450
0
451
0
460
0
461
0
452
1
462
1
453
2
463
0
63
5
421
255
463
1
63
7
421
16777215
470
LINEAR
1001
ACAD
1010
0
1020
0
1030
0
  0
CIRCLE
  5
74f
330
1F
100
AcDbEntity
  8
BottomSolderMaskLayer
100
AcDbCircle
 10
30.200152400304887
 20
83.41325882651768
 30
0.0
 40
0.5609697831185212
0
HATCH
5
751
100
AcDbEntity
8
BottomSolderMaskLayer
100
AcDbHatch
10
0
20
0
30
0
210
0
220
0
230
1
2
SOLID
70
1
71
0
91
1
92
7
72
0
73
1
93
4
10
28.899642375259646
20
84.7135616030979
10
31.500455176884998
20
84.7135616030979
10
31.500455176884998
20
82.11274880147232
10
28.899642375259646
20
82.11274880147232
97
1
330

75
0
76
1
47
0.4128176842155181
98
1
10
34.90568961886538
20
22.81183545379326
450
0
451
0
460
0
461
0
452
1
462
1
453
2
463
0
63
5
421
255
463
1
63
7
421
16777215
470
LINEAR
1001
ACAD
1010
0
1020
0
1030
0
  0
CIRCLE
  5
752
330
1F
100
AcDbEntity
  8
Multi-Layer
100
AcDbCircle
 10
30.200152400304887
 20
83.41325882651768
 30
0.0
 40
0.5500127000254001
0
HATCH
5
754
100
AcDbEntity
8
Multi-Layer
100
AcDbHatch
10
0
20
0
30
0
210
0
220
0
230
1
2
SOLID
70
1
71
0
91
1
92
7
72
0
73
1
93
4
10
28.92504445008899
20
84.68816357632716
10
31.475057150114253
20
84.68816357632716
10
31.475057150114253
20
82.13815087630178
10
28.92504445008899
20
82.13815087630178
97
1
330

75
0
76
1
47
0.4128176842155181
98
1
10
34.90568961886538
20
22.81183545379326
450
0
451
0
460
0
461
0
452
1
462
1
453
2
463
0
63
5
421
255
463
1
63
7
421
16777215
470
LINEAR
1001
ACAD
1010
0
1020
0
1030
0
  0
CIRCLE
  5
767
330
1F
100
AcDbEntity
  8
TopSolderMaskLayer
100
AcDbCircle
 10
51.57505715011439
 20
72.26314452628912
 30
0.0
 40
0.4127000254000508
0
HATCH
5
769
100
AcDbEntity
8
TopSolderMaskLayer
100
AcDbHatch
10
0
20
0
30
0
210
0
220
0
230
1
2
SOLID
70
1
71
0
91
1
92
7
72
0
73
1
93
4
10
50.74970951232217
20
73.08854457708924
10
52.400509613922395
20
73.08854457708924
10
52.400509613922395
20
71.4377444754889
10
50.74970951232217
20
71.4377444754889
97
1
330

75
0
76
1
47
0.4128176842155181
98
1
10
34.90568961886538
20
22.81183545379326
450
0
451
0
460
0
461
0
452
1
462
1
453
2
463
0
63
5
421
255
463
1
63
7
421
16777215
470
LINEAR
1001
ACAD
1010
0
1020
0
1030
0
  0
CIRCLE
  5
76a
330
1F
100
AcDbEntity
  8
BottomSolderMaskLayer
100
AcDbCircle
 10
51.57505715011439
 20
72.26314452628912
 30
0.0
 40
0.4127000254000508
0
HATCH
5
76c
100
AcDbEntity
8
BottomSolderMaskLayer
100
AcDbHatch
10
0
20
0
30
0
210
0
220
0
230
1
2
SOLID
70
1
71
0
91
1
92
7
72
0
73
1
93
4
10
50.74970951232217
20
73.08854457708924
10
52.400509613922395
20
73.08854457708924
10
52.400509613922395
20
71.4377444754889
10
50.74970951232217
20
71.4377444754889
97
1
330

75
0
76
1
47
0.4128176842155181
98
1
10
34.90568961886538
20
22.81183545379326
450
0
451
0
460
0
461
0
452
1
462
1
453
2
463
0
63
5
421
255
463
1
63
7
421
16777215
470
LINEAR
1001
ACAD
1010
0
1020
0
1030
0
  0
CIRCLE
  5
76d
330
1F
100
AcDbEntity
  8
Multi-Layer
100
AcDbCircle
 10
51.57505715011439
 20
72.26314452628912
 30
0.0
 40
0.4
0
HATCH
5
76f
100
AcDbEntity
8
Multi-Layer
100
AcDbHatch
10
0
20
0
30
0
210
0
220
0
230
1
2
SOLID
70
1
71
0
91
1
92
7
72
0
73
1
93
4
10
50.7751079502159
20
73.06314452628908
10
52.375107950215806
20
73.06314452628908
10
52.375107950215806
20
71.46314452628906
10
50.7751079502159
20
71.46314452628906
97
1
330

75
0
76
1
47
0.4128176842155181
98
1
10
34.90568961886538
20
22.81183545379326
450
0
451
0
460
0
461
0
452
1
462
1
453
2
463
0
63
5
421
255
463
1
63
7
421
16777215
470
LINEAR
1001
ACAD
1010
0
1020
0
1030
0
  0
CIRCLE
  5
79a
330
1F
100
AcDbEntity
  8
TopSolderMaskLayer
100
AcDbCircle
 10
43.434086868173836
 20
61.84912369824747
 30
0.0
 40
0.36976901193945755
0
HATCH
5
7a0
100
AcDbEntity
8
TopSolderMaskLayer
100
AcDbHatch
10
0
20
0
30
0
210
0
220
0
230
1
2
SOLID
70
1
71
0
91
1
92
7
72
1
73
1
93
4
10
43.90948691897394
20
62.21023622047244
42
-0.7853981633974483
10
42.95868681737373
20
62.21023622047244
42
0
10
42.95868681737373
20
61.48801117602238
42
-0.7853981633974483
10
43.90948691897394
20
61.48801117602238
42
0
97
1
330

75
0
76
1
47
0.4128176842155181
98
1
10
34.90568961886538
20
22.81183545379326
450
0
451
0
460
0
461
0
452
1
462
1
453
2
463
0
63
5
421
255
463
1
63
7
421
16777215
470
LINEAR
1001
ACAD
1010
0
1020
0
1030
0
  0
CIRCLE
  5
7a1
330
1F
100
AcDbEntity
  8
BottomSolderMaskLayer
100
AcDbCircle
 10
43.434086868173836
 20
61.84912369824747
 30
0.0
 40
0.36976901193945755
0
HATCH
5
7a7
100
AcDbEntity
8
BottomSolderMaskLayer
100
AcDbHatch
10
0
20
0
30
0
210
0
220
0
230
1
2
SOLID
70
1
71
0
91
1
92
7
72
1
73
1
93
4
10
43.90948691897394
20
62.21023622047244
42
-0.7853981633974483
10
42.95868681737373
20
62.21023622047244
42
0
10
42.95868681737373
20
61.48801117602238
42
-0.7853981633974483
10
43.90948691897394
20
61.48801117602238
42
0
97
1
330

75
0
76
1
47
0.4128176842155181
98
1
10
34.90568961886538
20
22.81183545379326
450
0
451
0
460
0
461
0
452
1
462
1
453
2
463
0
63
5
421
255
463
1
63
7
421
16777215
470
LINEAR
1001
ACAD
1010
0
1020
0
1030
0
  0
CIRCLE
  5
7a8
330
1F
100
AcDbEntity
  8
Multi-Layer
100
AcDbCircle
 10
43.434086868173836
 20
61.84912369824747
 30
0.0
 40
0.3500127000254001
0
HATCH
5
7ae
100
AcDbEntity
8
Multi-Layer
100
AcDbHatch
10
0
20
0
30
0
210
0
220
0
230
1
2
SOLID
70
1
71
0
91
1
92
7
72
1
73
1
93
4
10
43.88408686817384
20
62.19912369824738
42
-0.7853981633974483
10
42.98408686817383
20
62.19912369824738
42
0
10
42.98408686817383
20
61.499123698247445
42
-0.7853981633974483
10
43.88408686817384
20
61.499123698247445
42
0
97
1
330

75
0
76
1
47
0.4128176842155181
98
1
10
34.90568961886538
20
22.81183545379326
450
0
451
0
460
0
461
0
452
1
462
1
453
2
463
0
63
5
421
255
463
1
63
7
421
16777215
470
LINEAR
1001
ACAD
1010
0
1020
0
1030
0
  0
CIRCLE
  5
7af
330
1F
100
AcDbEntity
  8
TopSolderMaskLayer
100
AcDbCircle
 10
42.164084328168656
 20
61.84912369824747
 30
0.0
 40
0.36976901193945755
0
HATCH
5
7b5
100
AcDbEntity
8
TopSolderMaskLayer
100
AcDbHatch
10
0
20
0
30
0
210
0
220
0
230
1
2
SOLID
70
1
71
0
91
1
92
7
72
1
73
1
93
4
10
42.63948437896876
20
62.21023622047244
42
-0.7853981633974483
10
41.68868427736855
20
62.21023622047244
42
0
10
41.68868427736855
20
61.48801117602238
42
-0.7853981633974483
10
42.63948437896876
20
61.48801117602238
42
0
97
1
330

75
0
76
1
47
0.4128176842155181
98
1
10
34.90568961886538
20
22.81183545379326
450
0
451
0
460
0
461
0
452
1
462
1
453
2
463
0
63
5
421
255
463
1
63
7
421
16777215
470
LINEAR
1001
ACAD
1010
0
1020
0
1030
0
  0
CIRCLE
  5
7b6
330
1F
100
AcDbEntity
  8
BottomSolderMaskLayer
100
AcDbCircle
 10
42.164084328168656
 20
61.84912369824747
 30
0.0
 40
0.36976901193945755
0
HATCH
5
7bc
100
AcDbEntity
8
BottomSolderMaskLayer
100
AcDbHatch
10
0
20
0
30
0
210
0
220
0
230
1
2
SOLID
70
1
71
0
91
1
92
7
72
1
73
1
93
4
10
42.63948437896876
20
62.21023622047244
42
-0.7853981633974483
10
41.68868427736855
20
62.21023622047244
42
0
10
41.68868427736855
20
61.48801117602238
42
-0.7853981633974483
10
42.63948437896876
20
61.48801117602238
42
0
97
1
330

75
0
76
1
47
0.4128176842155181
98
1
10
34.90568961886538
20
22.81183545379326
450
0
451
0
460
0
461
0
452
1
462
1
453
2
463
0
63
5
421
255
463
1
63
7
421
16777215
470
LINEAR
1001
ACAD
1010
0
1020
0
1030
0
  0
CIRCLE
  5
7bd
330
1F
100
AcDbEntity
  8
Multi-Layer
100
AcDbCircle
 10
42.164084328168656
 20
61.84912369824747
 30
0.0
 40
0.3500127000254001
0
HATCH
5
7c3
100
AcDbEntity
8
Multi-Layer
100
AcDbHatch
10
0
20
0
30
0
210
0
220
0
230
1
2
SOLID
70
1
71
0
91
1
92
7
72
1
73
1
93
4
10
42.61408432816866
20
62.19912369824738
42
-0.7853981633974483
10
41.71408432816865
20
62.19912369824738
42
0
10
41.71408432816865
20
61.499123698247445
42
-0.7853981633974483
10
42.61408432816866
20
61.499123698247445
42
0
97
1
330

75
0
76
1
47
0.4128176842155181
98
1
10
34.90568961886538
20
22.81183545379326
450
0
451
0
460
0
461
0
452
1
462
1
453
2
463
0
63
5
421
255
463
1
63
7
421
16777215
470
LINEAR
1001
ACAD
1010
0
1020
0
1030
0
  0
CIRCLE
  5
7c4
330
1F
100
AcDbEntity
  8
TopSolderMaskLayer
100
AcDbCircle
 10
40.8940817881637
 20
61.84912369824747
 30
0.0
 40
0.36976901193945755
0
HATCH
5
7c6
100
AcDbEntity
8
TopSolderMaskLayer
100
AcDbHatch
10
0
20
0
30
0
210
0
220
0
230
1
2
SOLID
70
1
71
0
91
1
92
7
72
0
73
1
93
4
10
40.418695154236275
20
62.67452374904758
10
41.369495255836455
20
62.67452374904758
10
41.369495255836455
20
61.02372364744724
10
40.418695154236275
20
61.02372364744724
97
1
330

75
0
76
1
47
0.4128176842155181
98
1
10
34.90568961886538
20
22.81183545379326
450
0
451
0
460
0
461
0
452
1
462
1
453
2
463
0
63
5
421
255
463
1
63
7
421
16777215
470
LINEAR
1001
ACAD
1010
0
1020
0
1030
0
  0
CIRCLE
  5
7c7
330
1F
100
AcDbEntity
  8
BottomSolderMaskLayer
100
AcDbCircle
 10
40.8940817881637
 20
61.84912369824747
 30
0.0
 40
0.36976901193945755
0
HATCH
5
7c9
100
AcDbEntity
8
BottomSolderMaskLayer
100
AcDbHatch
10
0
20
0
30
0
210
0
220
0
230
1
2
SOLID
70
1
71
0
91
1
92
7
72
0
73
1
93
4
10
40.418695154236275
20
62.67452374904758
10
41.369495255836455
20
62.67452374904758
10
41.369495255836455
20
61.02372364744724
10
40.418695154236275
20
61.02372364744724
97
1
330

75
0
76
1
47
0.4128176842155181
98
1
10
34.90568961886538
20
22.81183545379326
450
0
451
0
460
0
461
0
452
1
462
1
453
2
463
0
63
5
421
255
463
1
63
7
421
16777215
470
LINEAR
1001
ACAD
1010
0
1020
0
1030
0
  0
CIRCLE
  5
7ca
330
1F
100
AcDbEntity
  8
Multi-Layer
100
AcDbCircle
 10
40.8940817881637
 20
61.84912369824747
 30
0.0
 40
0.3500127000254001
0
HATCH
5
7cc
100
AcDbEntity
8
Multi-Layer
100
AcDbHatch
10
0
20
0
30
0
210
0
220
0
230
1
2
SOLID
70
1
71
0
91
1
92
7
72
0
73
1
93
4
10
40.444094488188966
20
62.64912369824742
10
41.34409448818906
20
62.64912369824742
10
41.34409448818906
20
61.0491236982474
10
40.444094488188966
20
61.0491236982474
97
1
330

75
0
76
1
47
0.4128176842155181
98
1
10
34.90568961886538
20
22.81183545379326
450
0
451
0
460
0
461
0
452
1
462
1
453
2
463
0
63
5
421
255
463
1
63
7
421
16777215
470
LINEAR
1001
ACAD
1010
0
1020
0
1030
0
  0
CIRCLE
  5
7cd
330
1F
100
AcDbEntity
  8
TopSolderMaskLayer
100
AcDbCircle
 10
6.2229870459741505
 20
42.67208534417068
 30
0.0
 40
0.4663417649415945
0
HATCH
5
7d3
100
AcDbEntity
8
TopSolderMaskLayer
100
AcDbHatch
10
0
20
0
30
0
210
0
220
0
230
1
2
SOLID
70
1
71
0
91
1
92
7
72
1
73
1
93
4
10
6.326641024710625
20
43.39723139446279
42
-0.7853981633974483
10
6.326641024710625
20
41.946431292862584
42
0
10
6.119383867339138
20
41.946431292862584
42
-0.7853981633974483
10
6.119383867339138
20
43.39723139446279
42
0
97
1
330

75
0
76
1
47
0.4128176842155181
98
1
10
34.90568961886538
20
22.81183545379326
450
0
451
0
460
0
461
0
452
1
462
1
453
2
463
0
63
5
421
255
463
1
63
7
421
16777215
470
LINEAR
1001
ACAD
1010
0
1020
0
1030
0
  0
CIRCLE
  5
7d4
330
1F
100
AcDbEntity
  8
BottomSolderMaskLayer
100
AcDbCircle
 10
6.2229870459741505
 20
42.67208534417068
 30
0.0
 40
0.4663417649415945
0
HATCH
5
7da
100
AcDbEntity
8
BottomSolderMaskLayer
100
AcDbHatch
10
0
20
0
30
0
210
0
220
0
230
1
2
SOLID
70
1
71
0
91
1
92
7
72
1
73
1
93
4
10
6.326641024710625
20
43.39723139446279
42
-0.7853981633974483
10
6.326641024710625
20
41.946431292862584
42
0
10
6.119383867339138
20
41.946431292862584
42
-0.7853981633974483
10
6.119383867339138
20
43.39723139446279
42
0
97
1
330

75
0
76
1
47
0.4128176842155181
98
1
10
34.90568961886538
20
22.81183545379326
450
0
451
0
460
0
461
0
452
1
462
1
453
2
463
0
63
5
421
255
463
1
63
7
421
16777215
470
LINEAR
1001
ACAD
1010
0
1020
0
1030
0
  0
CIRCLE
  5
7db
330
1F
100
AcDbEntity
  8
Multi-Layer
100
AcDbCircle
 10
6.2229870459741505
 20
42.67208534417068
 30
0.0
 40
0.4500127000254001
0
HATCH
5
7e1
100
AcDbEntity
8
Multi-Layer
100
AcDbHatch
10
0
20
0
30
0
210
0
220
0
230
1
2
SOLID
70
1
71
0
91
1
92
7
72
1
73
1
93
4
10
6.323012446024904
20
43.37183134366269
42
-0.7853981633974483
10
6.323012446024904
20
41.971831343662686
42
0
10
6.123012446024859
20
41.971831343662686
42
-0.7853981633974483
10
6.123012446024859
20
43.37183134366269
42
0
97
1
330

75
0
76
1
47
0.4128176842155181
98
1
10
34.90568961886538
20
22.81183545379326
450
0
451
0
460
0
461
0
452
1
462
1
453
2
463
0
63
5
421
255
463
1
63
7
421
16777215
470
LINEAR
1001
ACAD
1010
0
1020
0
1030
0
  0
CIRCLE
  5
7e2
330
1F
100
AcDbEntity
  8
TopSolderMaskLayer
100
AcDbCircle
 10
6.223012446024995
 20
45.212090424180815
 30
0.0
 40
0.4643006318270701
0
HATCH
5
7e4
100
AcDbEntity
8
TopSolderMaskLayer
100
AcDbHatch
10
0
20
0
30
0
210
0
220
0
230
1
2
SOLID
70
1
71
0
91
1
92
7
72
0
73
1
93
4
10
7.048509258308741
20
46.037595300997054
10
7.048509258308741
20
44.38658554736469
10
5.397761569716749
20
44.38658554736469
10
5.397761569716749
20
46.037595300997054
97
1
330

75
0
76
1
47
0.4128176842155181
98
1
10
34.90568961886538
20
22.81183545379326
450
0
451
0
460
0
461
0
452
1
462
1
453
2
463
0
63
5
421
255
463
1
63
7
421
16777215
470
LINEAR
1001
ACAD
1010
0
1020
0
1030
0
  0
CIRCLE
  5
7e5
330
1F
100
AcDbEntity
  8
BottomSolderMaskLayer
100
AcDbCircle
 10
6.223012446024995
 20
45.212090424180815
 30
0.0
 40
0.4643006318270701
0
HATCH
5
7e7
100
AcDbEntity
8
BottomSolderMaskLayer
100
AcDbHatch
10
0
20
0
30
0
210
0
220
0
230
1
2
SOLID
70
1
71
0
91
1
92
7
72
0
73
1
93
4
10
7.048509258308741
20
46.037595300997054
10
7.048509258308741
20
44.38658554736469
10
5.397761569716749
20
44.38658554736469
10
5.397761569716749
20
46.037595300997054
97
1
330

75
0
76
1
47
0.4128176842155181
98
1
10
34.90568961886538
20
22.81183545379326
450
0
451
0
460
0
461
0
452
1
462
1
453
2
463
0
63
5
421
255
463
1
63
7
421
16777215
470
LINEAR
1001
ACAD
1010
0
1020
0
1030
0
  0
CIRCLE
  5
7e8
330
1F
100
AcDbEntity
  8
Multi-Layer
100
AcDbCircle
 10
6.223012446024995
 20
45.212090424180815
 30
0.0
 40
0.4500127000254001
0
HATCH
5
7ea
100
AcDbEntity
8
Multi-Layer
100
AcDbHatch
10
0
20
0
30
0
210
0
220
0
230
1
2
SOLID
70
1
71
0
91
1
92
7
72
0
73
1
93
4
10
7.023114046228102
20
46.012192024384035
10
7.023114046228102
20
44.411988823977595
10
5.423164846329655
20
44.411988823977595
10
5.423164846329655
20
46.012192024384035
97
1
330

75
0
76
1
47
0.4128176842155181
98
1
10
34.90568961886538
20
22.81183545379326
450
0
451
0
460
0
461
0
452
1
462
1
453
2
463
0
63
5
421
255
463
1
63
7
421
16777215
470
LINEAR
1001
ACAD
1010
0
1020
0
1030
0
  0
CIRCLE
  5
80f
330
1F
100
AcDbEntity
  8
TopSolderMaskLayer
100
AcDbCircle
 10
37.33807467614929
 20
43.94208788417575
 30
0.0
 40
0.47244094488188987
0
HATCH
5
815
100
AcDbEntity
8
TopSolderMaskLayer
100
AcDbHatch
10
0
20
0
30
0
210
0
220
0
230
1
2
SOLID
70
1
71
0
91
1
92
7
72
1
73
1
93
4
10
38.12547625095244
20
44.46024892049786
42
-0.7853981633974483
10
36.55067310134614
20
44.46024892049786
42
0
10
36.55067310134614
20
43.42392684785375
42
-0.7853981633974483
10
38.12547625095244
20
43.42392684785375
42
0
97
1
330

75
0
76
1
47
0.4128176842155181
98
1
10
34.90568961886538
20
22.81183545379326
450
0
451
0
460
0
461
0
452
1
462
1
453
2
463
0
63
5
421
255
463
1
63
7
421
16777215
470
LINEAR
1001
ACAD
1010
0
1020
0
1030
0
  0
CIRCLE
  5
816
330
1F
100
AcDbEntity
  8
BottomSolderMaskLayer
100
AcDbCircle
 10
37.33807467614929
 20
43.94208788417575
 30
0.0
 40
0.47244094488188987
0
HATCH
5
81c
100
AcDbEntity
8
BottomSolderMaskLayer
100
AcDbHatch
10
0
20
0
30
0
210
0
220
0
230
1
2
SOLID
70
1
71
0
91
1
92
7
72
1
73
1
93
4
10
38.12547625095244
20
44.46024892049786
42
-0.7853981633974483
10
36.55067310134614
20
44.46024892049786
42
0
10
36.55067310134614
20
43.42392684785375
42
-0.7853981633974483
10
38.12547625095244
20
43.42392684785375
42
0
97
1
330

75
0
76
1
47
0.4128176842155181
98
1
10
34.90568961886538
20
22.81183545379326
450
0
451
0
460
0
461
0
452
1
462
1
453
2
463
0
63
5
421
255
463
1
63
7
421
16777215
470
LINEAR
1001
ACAD
1010
0
1020
0
1030
0
  0
CIRCLE
  5
81d
330
1F
100
AcDbEntity
  8
Multi-Layer
100
AcDbCircle
 10
37.33807467614929
 20
43.94208788417575
 30
0.0
 40
0.45720091440182886
0
HATCH
5
823
100
AcDbEntity
8
Multi-Layer
100
AcDbHatch
10
0
20
0
30
0
210
0
220
0
230
1
2
SOLID
70
1
71
0
91
1
92
7
72
1
73
1
93
4
10
38.10007620015234
20
44.450088900177775
42
-0.7853981633974483
10
36.57607315214624
20
44.450088900177775
42
0
10
36.57607315214624
20
43.43408686817372
42
-0.7853981633974483
10
38.10007620015234
20
43.43408686817372
42
0
97
1
330

75
0
76
1
47
0.4128176842155181
98
1
10
34.90568961886538
20
22.81183545379326
450
0
451
0
460
0
461
0
452
1
462
1
453
2
463
0
63
5
421
255
463
1
63
7
421
16777215
470
LINEAR
1001
ACAD
1010
0
1020
0
1030
0
  0
CIRCLE
  5
824
330
1F
100
AcDbEntity
  8
TopSolderMaskLayer
100
AcDbCircle
 10
39.87807975615942
 20
43.94208788417575
 30
0.0
 40
0.47244094488188987
0
HATCH
5
82a
100
AcDbEntity
8
TopSolderMaskLayer
100
AcDbHatch
10
0
20
0
30
0
210
0
220
0
230
1
2
SOLID
70
1
71
0
91
1
92
7
72
1
73
1
93
4
10
40.66548133096257
20
44.46024892049786
42
-0.7853981633974483
10
39.090678181356274
20
44.46024892049786
42
0
10
39.090678181356274
20
43.42392684785375
42
-0.7853981633974483
10
40.66548133096257
20
43.42392684785375
42
0
97
1
330

75
0
76
1
47
0.4128176842155181
98
1
10
34.90568961886538
20
22.81183545379326
450
0
451
0
460
0
461
0
452
1
462
1
453
2
463
0
63
5
421
255
463
1
63
7
421
16777215
470
LINEAR
1001
ACAD
1010
0
1020
0
1030
0
  0
CIRCLE
  5
82b
330
1F
100
AcDbEntity
  8
BottomSolderMaskLayer
100
AcDbCircle
 10
39.87807975615942
 20
43.94208788417575
 30
0.0
 40
0.47244094488188987
0
HATCH
5
831
100
AcDbEntity
8
BottomSolderMaskLayer
100
AcDbHatch
10
0
20
0
30
0
210
0
220
0
230
1
2
SOLID
70
1
71
0
91
1
92
7
72
1
73
1
93
4
10
40.66548133096257
20
44.46024892049786
42
-0.7853981633974483
10
39.090678181356274
20
44.46024892049786
42
0
10
39.090678181356274
20
43.42392684785375
42
-0.7853981633974483
10
40.66548133096257
20
43.42392684785375
42
0
97
1
330

75
0
76
1
47
0.4128176842155181
98
1
10
34.90568961886538
20
22.81183545379326
450
0
451
0
460
0
461
0
452
1
462
1
453
2
463
0
63
5
421
255
463
1
63
7
421
16777215
470
LINEAR
1001
ACAD
1010
0
1020
0
1030
0
  0
CIRCLE
  5
832
330
1F
100
AcDbEntity
  8
Multi-Layer
100
AcDbCircle
 10
39.87807975615942
 20
43.94208788417575
 30
0.0
 40
0.45720091440182886
0
HATCH
5
838
100
AcDbEntity
8
Multi-Layer
100
AcDbHatch
10
0
20
0
30
0
210
0
220
0
230
1
2
SOLID
70
1
71
0
91
1
92
7
72
1
73
1
93
4
10
40.64008128016247
20
44.450088900177775
42
-0.7853981633974483
10
39.116078232156376
20
44.450088900177775
42
0
10
39.116078232156376
20
43.43408686817372
42
-0.7853981633974483
10
40.64008128016247
20
43.43408686817372
42
0
97
1
330

75
0
76
1
47
0.4128176842155181
98
1
10
34.90568961886538
20
22.81183545379326
450
0
451
0
460
0
461
0
452
1
462
1
453
2
463
0
63
5
421
255
463
1
63
7
421
16777215
470
LINEAR
1001
ACAD
1010
0
1020
0
1030
0
  0
CIRCLE
  5
839
330
1F
100
AcDbEntity
  8
TopSolderMaskLayer
100
AcDbCircle
 10
42.41808483616978
 20
43.94208788417575
 30
0.0
 40
0.48768097536195076
0
HATCH
5
83f
100
AcDbEntity
8
TopSolderMaskLayer
100
AcDbHatch
10
0
20
0
30
0
210
0
220
0
230
1
2
SOLID
70
1
71
0
91
1
92
7
72
1
73
1
93
4
10
43.23088646177303
20
44.47040894081783
42
-0.7853981633974483
10
41.60528321056653
20
44.47040894081783
42
0
10
41.60528321056653
20
43.413766827533664
42
-0.7853981633974483
10
43.23088646177303
20
43.413766827533664
42
0
97
1
330

75
0
76
1
47
0.4128176842155181
98
1
10
34.90568961886538
20
22.81183545379326
450
0
451
0
460
0
461
0
452
1
462
1
453
2
463
0
63
5
421
255
463
1
63
7
421
16777215
470
LINEAR
1001
ACAD
1010
0
1020
0
1030
0
  0
CIRCLE
  5
840
330
1F
100
AcDbEntity
  8
BottomSolderMaskLayer
100
AcDbCircle
 10
42.41808483616978
 20
43.94208788417575
 30
0.0
 40
0.48768097536195076
0
HATCH
5
846
100
AcDbEntity
8
BottomSolderMaskLayer
100
AcDbHatch
10
0
20
0
30
0
210
0
220
0
230
1
2
SOLID
70
1
71
0
91
1
92
7
72
1
73
1
93
4
10
43.23088646177303
20
44.47040894081783
42
-0.7853981633974483
10
41.60528321056653
20
44.47040894081783
42
0
10
41.60528321056653
20
43.413766827533664
42
-0.7853981633974483
10
43.23088646177303
20
43.413766827533664
42
0
97
1
330

75
0
76
1
47
0.4128176842155181
98
1
10
34.90568961886538
20
22.81183545379326
450
0
451
0
460
0
461
0
452
1
462
1
453
2
463
0
63
5
421
255
463
1
63
7
421
16777215
470
LINEAR
1001
ACAD
1010
0
1020
0
1030
0
  0
CIRCLE
  5
847
330
1F
100
AcDbEntity
  8
Multi-Layer
100
AcDbCircle
 10
42.41808483616978
 20
43.94208788417575
 30
0.0
 40
0.45720091440182886
0
HATCH
5
84d
100
AcDbEntity
8
Multi-Layer
100
AcDbHatch
10
0
20
0
30
0
210
0
220
0
230
1
2
SOLID
70
1
71
0
91
1
92
7
72
1
73
1
93
4
10
43.18008636017283
20
44.450088900177775
42
-0.7853981633974483
10
41.656083312166736
20
44.450088900177775
42
0
10
41.656083312166736
20
43.43408686817372
42
-0.7853981633974483
10
43.18008636017283
20
43.43408686817372
42
0
97
1
330

75
0
76
1
47
0.4128176842155181
98
1
10
34.90568961886538
20
22.81183545379326
450
0
451
0
460
0
461
0
452
1
462
1
453
2
463
0
63
5
421
255
463
1
63
7
421
16777215
470
LINEAR
1001
ACAD
1010
0
1020
0
1030
0
  0
CIRCLE
  5
8f9
330
1F
100
AcDbEntity
  8
TopSolderMaskLayer
100
AcDbCircle
 10
7.747015494031075
 20
27.813055626111236
 30
0.0
 40
0.45883962735667416
0
HATCH
5
8fb
100
AcDbEntity
8
TopSolderMaskLayer
100
AcDbHatch
10
0
20
0
30
0
210
0
220
0
230
1
2
SOLID
70
1
71
0
91
1
92
7
72
0
73
1
93
4
10
8.559817119634317
20
28.62585725171448
10
8.559817119634317
20
27.000254000508107
10
6.9342138684278325
20
27.000254000508107
10
6.9342138684278325
20
28.62585725171448
97
1
330

75
0
76
1
47
0.4128176842155181
98
1
10
34.90568961886538
20
22.81183545379326
450
0
451
0
460
0
461
0
452
1
462
1
453
2
463
0
63
5
421
255
463
1
63
7
421
16777215
470
LINEAR
1001
ACAD
1010
0
1020
0
1030
0
  0
CIRCLE
  5
8fc
330
1F
100
AcDbEntity
  8
BottomSolderMaskLayer
100
AcDbCircle
 10
7.747015494031075
 20
27.813055626111236
 30
0.0
 40
0.45883962735667416
0
HATCH
5
8fe
100
AcDbEntity
8
BottomSolderMaskLayer
100
AcDbHatch
10
0
20
0
30
0
210
0
220
0
230
1
2
SOLID
70
1
71
0
91
1
92
7
72
0
73
1
93
4
10
8.559817119634317
20
28.62585725171448
10
8.559817119634317
20
27.000254000508107
10
6.9342138684278325
20
27.000254000508107
10
6.9342138684278325
20
28.62585725171448
97
1
330

75
0
76
1
47
0.4128176842155181
98
1
10
34.90568961886538
20
22.81183545379326
450
0
451
0
460
0
461
0
452
1
462
1
453
2
463
0
63
5
421
255
463
1
63
7
421
16777215
470
LINEAR
1001
ACAD
1010
0
1020
0
1030
0
  0
CIRCLE
  5
8ff
330
1F
100
AcDbEntity
  8
Multi-Layer
100
AcDbCircle
 10
7.747015494031075
 20
27.813055626111236
 30
0.0
 40
0.4445008890017781
0
HATCH
5
901
100
AcDbEntity
8
Multi-Layer
100
AcDbHatch
10
0
20
0
30
0
210
0
220
0
230
1
2
SOLID
70
1
71
0
91
1
92
7
72
0
73
1
93
4
10
8.534417068834045
20
28.600457200914434
10
8.534417068834045
20
27.025654051308152
10
6.959613919227877
20
27.025654051308152
10
6.959613919227877
20
28.600457200914434
97
1
330

75
0
76
1
47
0.4128176842155181
98
1
10
34.90568961886538
20
22.81183545379326
450
0
451
0
460
0
461
0
452
1
462
1
453
2
463
0
63
5
421
255
463
1
63
7
421
16777215
470
LINEAR
1001
ACAD
1010
0
1020
0
1030
0
  0
CIRCLE
  5
954
330
1F
100
AcDbEntity
  8
Multi-Layer
100
AcDbCircle
 10
64.52501905003805
 20
52.48437896875794
 30
0.0
 40
0.30500381000762006
  0
CIRCLE
  5
955
330
1F
100
AcDbEntity
  8
Hole
100
AcDbCircle
 10
64.52501905003805
 20
52.48437896875794
 30
0.0
 40
0.15250190500381003
  0
CIRCLE
  5
956
330
1F
100
AcDbEntity
  8
Multi-Layer
100
AcDbCircle
 10
53.001778003555955
 20
43.2037084074168
 30
0.0
 40
0.30500381000762006
  0
CIRCLE
  5
957
330
1F
100
AcDbEntity
  8
Hole
100
AcDbCircle
 10
53.001778003555955
 20
43.2037084074168
 30
0.0
 40
0.15250190500381003
  0
CIRCLE
  5
958
330
1F
100
AcDbEntity
  8
Multi-Layer
100
AcDbCircle
 10
24.428752857505742
 20
83.64236728473463
 30
0.0
 40
0.30500381000762006
  0
CIRCLE
  5
959
330
1F
100
AcDbEntity
  8
Hole
100
AcDbCircle
 10
24.428752857505742
 20
83.64236728473463
 30
0.0
 40
0.15250190500381003
  0
CIRCLE
  5
95a
330
1F
100
AcDbEntity
  8
Multi-Layer
100
AcDbCircle
 10
29.531369062738122
 20
49.07010414020829
 30
0.0
 40
0.30500381000762006
  0
CIRCLE
  5
95b
330
1F
100
AcDbEntity
  8
Hole
100
AcDbCircle
 10
29.531369062738122
 20
49.07010414020829
 30
0.0
 40
0.15250190500381003
  0
CIRCLE
  5
95c
330
1F
100
AcDbEntity
  8
Multi-Layer
100
AcDbCircle
 10
66.3787147574294
 20
50.63144526289045
 30
0.0
 40
0.30500381000762006
  0
CIRCLE
  5
95d
330
1F
100
AcDbEntity
  8
Hole
100
AcDbCircle
 10
66.3787147574294
 20
50.63144526289045
 30
0.0
 40
0.15250190500381003
  0
CIRCLE
  5
95e
330
1F
100
AcDbEntity
  8
Multi-Layer
100
AcDbCircle
 10
14.199136398272913
 20
20.692659385318848
 30
0.0
 40
0.30500381000762006
  0
CIRCLE
  5
95f
330
1F
100
AcDbEntity
  8
Hole
100
AcDbCircle
 10
14.199136398272913
 20
20.692659385318848
 30
0.0
 40
0.15250190500381003
  0
CIRCLE
  5
960
330
1F
100
AcDbEntity
  8
Multi-Layer
100
AcDbCircle
 10
22.0695961391923
 20
71.8796037592075
 30
0.0
 40
0.30500381000762006
  0
CIRCLE
  5
961
330
1F
100
AcDbEntity
  8
Hole
100
AcDbCircle
 10
22.0695961391923
 20
71.8796037592075
 30
0.0
 40
0.15250190500381003
  0
CIRCLE
  5
962
330
1F
100
AcDbEntity
  8
Multi-Layer
100
AcDbCircle
 10
22.264414528829093
 20
79.73964947929892
 30
0.0
 40
0.30500381000762006
  0
CIRCLE
  5
963
330
1F
100
AcDbEntity
  8
Hole
100
AcDbCircle
 10
22.264414528829093
 20
79.73964947929892
 30
0.0
 40
0.15250190500381003
  0
CIRCLE
  5
964
330
1F
100
AcDbEntity
  8
Multi-Layer
100
AcDbCircle
 10
19.272288544577123
 20
71.8796037592075
 30
0.0
 40
0.30500381000762006
  0
CIRCLE
  5
965
330
1F
100
AcDbEntity
  8
Hole
100
AcDbCircle
 10
19.272288544577123
 20
71.8796037592075
 30
0.0
 40
0.15250190500381003
  0
CIRCLE
  5
966
330
1F
100
AcDbEntity
  8
Multi-Layer
100
AcDbCircle
 10
11.507747015494033
 20
24.638049276098513
 30
0.0
 40
0.30500381000762006
  0
CIRCLE
  5
967
330
1F
100
AcDbEntity
  8
Hole
100
AcDbCircle
 10
11.507747015494033
 20
24.638049276098513
 30
0.0
 40
0.15250190500381003
  0
CIRCLE
  5
968
330
1F
100
AcDbEntity
  8
Multi-Layer
100
AcDbCircle
 10
15.545339090678226
 20
25.850139700279442
 30
0.0
 40
0.30500381000762006
  0
CIRCLE
  5
969
330
1F
100
AcDbEntity
  8
Hole
100
AcDbCircle
 10
15.545339090678226
 20
25.850139700279442
 30
0.0
 40
0.15250190500381003
  0
CIRCLE
  5
96a
330
1F
100
AcDbEntity
  8
Multi-Layer
100
AcDbCircle
 10
61.59080518161045
 20
66.73736347472698
 30
0.0
 40
0.30500381000762006
  0
CIRCLE
  5
96b
330
1F
100
AcDbEntity
  8
Hole
100
AcDbCircle
 10
61.59080518161045
 20
66.73736347472698
 30
0.0
 40
0.15250190500381003
  0
CIRCLE
  5
96c
330
1F
100
AcDbEntity
  8
Multi-Layer
100
AcDbCircle
 10
3
 20
85
 30
0.0
 40
1.2500127000254
  0
CIRCLE
  5
96d
330
1F
100
AcDbEntity
  8
Multi-Layer
100
AcDbCircle
 10
91
 20
85
 30
0.0
 40
1.2500127000254
  0
CIRCLE
  5
96e
330
1F
100
AcDbEntity
  8
Multi-Layer
100
AcDbCircle
 10
91
 20
3
 30
0.0
 40
1.2500127000254
  0
CIRCLE
  5
96f
330
1F
100
AcDbEntity
  8
Multi-Layer
100
AcDbCircle
 10
3
 20
3
 30
0.0
 40
1.2500127000254
0
HATCH
5
971
100
AcDbEntity
8
TopSilkLayer
100
AcDbHatch
10
0
20
0
30
0
210
0
220
0
230
1
2
SOLID
70
1
71
0
91
1
92
7
72
0
73
1
93
33
10
4.239014478029048
20
75.46913893827787
10
6.039878079756136
20
75.45135890271786
10
6.0373380746761995
20
75.16941833883675
10
4.538989077978158
20
75.16916433832864
10
4.538989077978158
20
74.66903733807476
10
4.639065278130602
20
74.66903733807476
10
4.639065278130602
20
74.46913893827787
10
4.639065278130602
20
74.26924053848109
10
4.538989077978158
20
74.26924053848109
10
4.538989077978158
20
72.66903733807465
10
4.639065278130602
20
72.66903733807465
10
4.639065278130602
20
72.26924053848109
10
4.538989077978158
20
72.26924053848109
10
4.538989077978158
20
70.66903733807476
10
4.639065278130602
20
70.66903733807476
10
4.639065278130602
20
70.26924053848109
10
4.538989077978158
20
70.26924053848109
10
4.538989077978158
20
68.66903733807465
10
4.639065278130602
20
68.66903733807465
10
4.639065278130602
20
68.26924053848109
10
4.538989077978158
20
68.26924053848109
10
4.538989077978158
20
66.66903733807476
10
4.639065278130602
20
66.66903733807476
10
4.639065278130602
20
66.26924053848109
10
4.538989077978158
20
66.26924053848109
10
4.538989077978158
20
64.66903733807465
10
4.639065278130602
20
64.66903733807465
10
4.639065278130602
20
64.26924053848109
10
4.538989077978158
20
64.26924053848109
10
4.538989077978158
20
63.669037338074645
10
6.039116078232155
20
63.669037338074645
10
6.039878079756136
20
63.45237490474983
10
4.239014478029048
20
63.45237490474983
97
1
330

75
0
76
1
47
0.4128176842155181
98
1
10
34.90568961886538
20
22.81183545379326
450
0
451
0
460
0
461
0
452
1
462
1
453
2
463
0
63
5
421
255
463
1
63
7
421
16777215
470
LINEAR
1001
ACAD
1010
0
1020
0
1030
0
0
HATCH
5
973
100
AcDbEntity
8
TopSilkLayer
100
AcDbHatch
10
0
20
0
30
0
210
0
220
0
230
1
2
SOLID
70
1
71
0
91
1
92
7
72
0
73
1
93
6
10
8.93827787655573
20
63.469646939293966
10
8.93827787655573
20
65.46863093726188
10
8.539497078994145
20
65.46863093726188
10
8.538989077978158
20
63.669037338074645
10
6.4389128778257145
20
63.65760731521459
10
6.4389128778257145
20
63.469646939293966
97
1
330

75
0
76
1
47
0.4128176842155181
98
1
10
34.90568961886538
20
22.81183545379326
450
0
451
0
460
0
461
0
452
1
462
1
453
2
463
0
63
5
421
255
463
1
63
7
421
16777215
470
LINEAR
1001
ACAD
1010
0
1020
0
1030
0
0
HATCH
5
975
100
AcDbEntity
8
TopSilkLayer
100
AcDbHatch
10
0
20
0
30
0
210
0
220
0
230
1
2
SOLID
70
1
71
0
91
1
92
7
72
0
73
1
93
6
10
8.939039878079939
20
73.46913893827787
10
8.939039878079939
20
75.46913893827787
10
6.4389128778257145
20
75.46913893827787
10
6.4389128778257145
20
75.26924053848109
10
8.538989077978158
20
75.26924053848109
10
8.538989077978158
20
73.46913893827787
97
1
330

75
0
76
1
47
0.4128176842155181
98
1
10
34.90568961886538
20
22.81183545379326
450
0
451
0
460
0
461
0
452
1
462
1
453
2
463
0
63
5
421
255
463
1
63
7
421
16777215
470
LINEAR
1001
ACAD
1010
0
1020
0
1030
0
0
HATCH
5
977
100
AcDbEntity
8
Document
100
AcDbHatch
10
0
20
0
30
0
210
0
220
0
230
1
2
SOLID
70
1
71
0
91
1
92
7
72
0
73
1
93
4
10
40.259080518161
20
60.45212090424184
10
44.06908813817631
20
60.45212090424184
10
44.06908813817631
20
60.198120396240824
10
40.259080518161
20
60.198120396240824
97
1
330

75
0
76
1
47
0.4128176842155181
98
1
10
34.90568961886538
20
22.81183545379326
450
0
451
0
460
0
461
0
452
1
462
1
453
2
463
0
63
5
421
255
463
1
63
7
421
16777215
470
LINEAR
1001
ACAD
1010
0
1020
0
1030
0
0
HATCH
5
979
100
AcDbEntity
8
Document
100
AcDbHatch
10
0
20
0
30
0
210
0
220
0
230
1
2
SOLID
70
1
71
0
91
1
92
7
72
0
73
1
93
147
10
39.87409194818383
20
63.00911861823715
10
40.12809245618496
20
63.00911861823715
10
40.16142869611008
20
63.06976462263776
10
40.19657440774972
20
63.12938023884203
10
40.233497772324654
20
63.187911494514424
10
40.27216536167634
20
63.24530539903242
10
40.31254216853222
20
63.301509991462126
10
40.35459163819928
20
63.356474387600315
10
40.39827570165676
20
63.410148826040995
10
40.443554810023215
20
63.46248471322792
10
40.490387970360416
20
63.513434667446745
10
40.53873278278752
20
63.56295256172234
10
40.588545478864944
20
63.61099356557918
10
40.63978096122196
20
63.65751418562809
10
40.6923928443839
20
63.702472304942376
10
40.74633349676628
20
63.74582722118794
10
40.80155408379869
20
63.78753968347314
10
40.85800461213603
20
63.82757192788347
10
40.9156339749195
20
63.86588771167101
10
40.97438999804581
20
63.90245234606664
10
41.034219487401515
20
63.93723272768477
10
41.095068277023756
20
63.97019736849302
10
41.15688127813587
20
64.00131642432018
10
41.21960252902477
20
64.0305617218745
10
41.28317524570184
20
64.05790678425103
10
41.34754187331487
20
64.08332685490086
10
41.41264413825161
20
64.10679892004566
10
41.4784231009005
20
64.12830172951192
10
41.54481920900798
20
64.14781581596992
10
41.61177235159494
20
64.16532351255819
10
41.67922191337743
20
64.18080896887795
10
41.74710682964405
20
64.19425816534363
10
41.815365641539756
20
64.20565892587445
10
41.88393655170739
20
64.21500092891836
10
41.95275748023505
20
64.22227571679684
10
42.02176612085964
20
64.22747670336139
10
42.09089999737466
20
64.23059917995681
10
42.160096520193065
20
64.23164031968338
10
42.22929304301147
20
64.23059917995681
10
42.29842691952649
20
64.22747670336139
10
42.36743556015131
20
64.22227571679684
10
42.43625648867874
20
64.21500092891836
10
42.5048273988466
20
64.20565892587445
10
42.573086210742076
20
64.19425816534363
10
42.6409711270087
20
64.18080896887795
10
42.70842068879119
20
64.16532351255819
10
42.77537383137815
20
64.14781581596992
10
42.84176993948563
20
64.12830172951192
10
42.90754890213452
20
64.10679892004566
10
42.97265116707149
20
64.08332685490086
10
43.03701779468429
20
64.05790678425103
10
43.10059051136136
20
64.0305617218745
10
43.16331176225026
20
64.00131642432018
10
43.22512476336237
20
63.97019736849302
10
43.285973552984615
20
63.93723272768466
10
43.34580304234055
20
63.90245234606664
10
43.40455906546663
20
63.86588771167101
10
43.46218842825033
20
63.82757192788347
10
43.518638956587665
20
63.78753968347314
10
43.57385954361985
20
63.74582722118794
10
43.62780019600223
20
63.70247230494226
10
43.68041207916417
20
63.65751418562809
10
43.731647561521186
20
63.61099356557918
10
43.78146025759861
20
63.56295256172234
10
43.829805070025714
20
63.513434667446745
10
43.876638230362914
20
63.46248471322792
10
43.9219173387296
20
63.410148826040995
10
43.96560140218685
20
63.356474387600315
10
44.00765087185391
20
63.301509991462126
10
44.048027678710014
20
63.24530539903242
10
44.0866952680617
20
63.187911494514424
10
44.12361863263641
20
63.12938023884203
10
44.15876434427605
20
63.06976462263776
10
44.19210058420117
20
63.00911861823715
10
44.4461010922023
20
63.00911861823715
10
44.31910083820162
20
63.263119126238166
10
44.279639221713296
20
63.32396806985389
10
44.2384631434868
20
63.38367019458076
10
44.195605910145105
20
63.4421772083939
10
44.15110218816994
20
63.499441785973545
10
44.104987975858194
20
63.55541760698475
10
44.057300574205556
20
63.610059393546294
10
44.00807855673315
20
63.66332294685401
10
43.957361738286636
20
63.715165182933106
10
43.905191142830745
20
63.765544167488315
10
43.85160897026549
20
63.8144191498227
10
43.79665856229076
20
63.86175059580148
10
43.74038436734986
20
63.90750021983001
10
43.682831904673094
20
63.951631015821704
10
43.62404772746072
20
63.99410728713292
10
43.564079385225796
20
64.03489467543602
10
43.50297538533141
20
64.07396018851239
10
43.44078515375486
20
64.11127222693847
10
43.37755899510853
20
64.14680060964622
10
43.31334805194729
20
64.18051659833634
10
43.2482042634017
20
64.21239292072391
10
43.18218032316531
20
64.24240379259845
10
43.11532963687068
20
64.27052493868018
10
43.04770627889138
20
64.29673361225662
10
42.9793649486021
20
64.32100861358117
10
42.910360926132626
20
64.34333030702157
10
42.84075002765303
20
64.36368063694283
10
42.77058856022563
20
64.38204314231223
10
42.69993327625775
20
64.39840297001388
10
42.628841327596774
20
64.41274688686394
10
42.557370219300765
20
64.42506329031403
10
42.48557776312305
20
64.4353422178367
10
42.41352203075053
20
64.44357535498364
10
42.34126130682898
20
64.44975604211163
10
42.26885404181917
20
64.45387927976878
10
42.19635880471492
20
64.45594173273855
10
42.12383423567121
20
64.45594173273855
10
42.05133899856696
20
64.45387927976878
10
41.97893173355715
20
64.44975604211163
10
41.9066710096356
20
64.44357535498364
10
41.83461527726308
20
64.4353422178367
10
41.76282282108559
20
64.42506329031403
10
41.691351712789356
20
64.41274688686394
10
41.62025976412838
20
64.39840297001388
10
41.5496044801605
20
64.38204314231223
10
41.4794430127331
20
64.36368063694283
10
41.409832114253504
20
64.34333030702157
10
41.34082809178403
20
64.32100861358117
10
41.27248676149475
20
64.29673361225662
10
41.204863403515674
20
64.27052493868018
10
41.138012717221045
20
64.24240379259845
10
41.071988776984426
20
64.21239292072391
10
41.00684498843884
20
64.18051659833634
10
40.9426340452776
20
64.14680060964622
10
40.87940788663127
20
64.11127222693847
10
40.81721765505472
20
64.07396018851239
10
40.756113655160334
20
64.03489467543602
10
40.69614531292541
20
63.99410728713292
10
40.63736113571326
20
63.951631015821704
10
40.579808673036496
20
63.90750021983001
10
40.52353447809537
20
63.86175059580148
10
40.46858407012064
20
63.8144191498227
10
40.415001897555385
20
63.765544167488315
10
40.362831302099494
20
63.715165182933106
10
40.31211448365298
20
63.66332294685401
10
40.262892466180574
20
63.610059393546294
10
40.215205064527936
20
63.55541760698475
10
40.169090852216186
20
63.499441785973545
10
40.124587130241025
20
63.4421772083939
10
40.08172989689933
20
63.38367019458076
10
40.040553818672834
20
63.32396806985389
10
40.00109220218451
20
63.263119126238166
97
1
330

75
0
76
1
47
0.4128176842155181
98
1
10
34.90568961886538
20
22.81183545379326
450
0
451
0
460
0
461
0
452
1
462
1
453
2
463
0
63
5
421
255
463
1
63
7
421
16777215
470
LINEAR
1001
ACAD
1010
0
1020
0
1030
0
  0
ENDSEC
  0
SECTION
  2
OBJECTS
  0
DICTIONARY
  5
C
330
0
100
AcDbDictionary
281
     1
  3
ACAD_CIP_PREVIOUS_PRODUCT_INFO
350
216
  3
ACAD_COLOR
350
6B
  3
ACAD_DETAILVIEWSTYLE
350
21B
  3
ACAD_GROUP
350
D
  3
ACAD_LAYOUT
350
1A
  3
ACAD_MATERIAL
350
6A
  3
ACAD_MLEADERSTYLE
350
12D
  3
ACAD_MLINESTYLE
350
17
  3
ACAD_PLOTSETTINGS
350
19
  3
ACAD_PLOTSTYLENAME
350
E
  3
ACAD_SCALELIST
350
10C
  3
ACAD_SECTIONVIEWSTYLE
350
219
  3
ACAD_TABLESTYLE
350
7E
  3
ACAD_VISUALSTYLE
350
EF
  3
ACDB_RECOMPOSE_DATA
350
27D
  3
AcDbVariableDictionary
350
5E
  3
AcDsDecomposeData
350
283
  0
DICTIONARY
  5
1FF
330
2
100
AcDbDictionary
280
     1
281
     1
  3
ACAD_LAYERSTATES
360
200
  0
DICTIONARY
  5
13C
330
10
100
AcDbDictionary
280
     1
281
     1
  0
DICTIONARY
  5
1CE
330
1F
100
AcDbDictionary
280
     1
281
     1
  0
XRECORD
  5
216
102
{ACAD_REACTORS
330
C
102
}
330
C
100
AcDbXrecord
280
     1
300
ACD
300
2017
300
ACD_F_S
  0
DICTIONARY
  5
6B
102
{ACAD_REACTORS
330
C
102
}
330
C
100
AcDbDictionary
281
     1
  0
DICTIONARY
  5
21B
102
{ACAD_REACTORS
330
C
102
}
330
C
100
AcDbDictionary
281
     1
  3
Metric50
350
21C
  0
DICTIONARY
  5
D
102
{ACAD_REACTORS
330
C
102
}
330
C
100
AcDbDictionary
281
     1
  0
DICTIONARY
  5
1A
102
{ACAD_REACTORS
330
C
102
}
330
C
100
AcDbDictionary
281
     1
  3
Model
350
22
  3
布局1
350
D3
  3
布局2
350
D7
  0
DICTIONARY
  5
6A
102
{ACAD_REACTORS
330
C
102
}
330
C
100
AcDbDictionary
281
     1
  3
ByBlock
350
ED
  3
ByLayer
350
EC
  3
Global
350
EE
  0
DICTIONARY
  5
12D
102
{ACAD_REACTORS
330
C
102
}
330
C
100
AcDbDictionary
281
     1
  3
Annotative
350
13B
  3
Standard
350
12E
  0
DICTIONARY
  5
17
102
{ACAD_REACTORS
330
C
102
}
330
C
100
AcDbDictionary
281
     1
  3
Standard
350
18
  0
DICTIONARY
  5
19
102
{ACAD_REACTORS
330
C
102
}
330
C
100
AcDbDictionary
281
     1
  0
ACDBDICTIONARYWDFLT
  5
E
102
{ACAD_REACTORS
330
C
102
}
330
C
100
AcDbDictionary
281
     1
  3
Normal
350
F
100
AcDbDictionaryWithDefault
340
F
  0
DICTIONARY
  5
10C
102
{ACAD_REACTORS
330
C
102
}
330
C
100
AcDbDictionary
281
     1
  3
A0
350
10D
  3
A1
350
1BE
  3
A2
350
1BF
  3
A3
350
1C0
  3
A4
350
1C1
  3
A5
350
1C2
  3
A6
350
1C3
  3
A7
350
1C4
  3
A8
350
1C5
  3
A9
350
1C6
  3
B0
350
1C7
  3
B1
350
1C8
  3
B2
350
1C9
  3
B3
350
1CA
  3
B4
350
1CB
  3
B5
350
1CC
  3
B6
350
1CD
  0
DICTIONARY
  5
219
102
{ACAD_REACTORS
330
C
102
}
330
C
100
AcDbDictionary
281
     1
  3
Metric50
350
21A
  0
DICTIONARY
  5
7E
102
{ACAD_REACTORS
330
C
102
}
330
C
100
AcDbDictionary
281
     1
  3
Standard
350
7F
  0
DICTIONARY
  5
EF
102
{ACAD_REACTORS
330
C
102
}
330
C
100
AcDbDictionary
281
     1
  3
2dWireframe
350
F5
  3
Basic
350
F4
  3
Brighten
350
FB
  3
ColorChange
350
FF
  3
Conceptual
350
F8
  3
Dim
350
FA
  3
EdgeColorOff
350
1E6
  3
Facepattern
350
FE
  3
Flat
350
F0
  3
FlatWithEdges
350
F1
  3
Gouraud
350
F2
  3
GouraudWithEdges
350
F3
  3
Hidden
350
F7
  3
JitterOff
350
1E4
  3
Linepattern
350
FD
  3
OverhangOff
350
1E5
  3
Realistic
350
F9
  3
Shaded
350
1F3
  3
Shaded with edges
350
1F2
  3
Shades of Gray
350
1EF
  3
Sketchy
350
1F0
  3
Thicken
350
FC
  3
Wireframe
350
F6
  3
X-Ray
350
1F1
  0
XRECORD
  5
27D
102
{ACAD_REACTORS
330
C
102
}
330
C
100
AcDbXrecord
280
     1
 90
        1
330
7F
  0
DICTIONARY
  5
5E
102
{ACAD_REACTORS
330
C
102
}
330
C
100
AcDbDictionary
281
     1
  3
CANNOSCALE
350
146
  3
CENTEREXE
350
259
  3
CENTERLTYPEFILE
350
25A
  3
CMLEADERSTYLE
350
145
  3
CTABLESTYLE
350
84
  3
CVIEWDETAILSTYLE
350
227
  3
CVIEWSECTIONSTYLE
350
228
  3
DIMASSOC
350
5F
  3
HIDETEXT
350
63
  3
LAYEREVAL
350
1AE
  3
LAYERNOTIFY
350
1AF
  3
XCLIPFRAME
350
27B
  0
DICTIONARY
  5
283
102
{ACAD_REACTORS
330
C
102
}
330
C
100
AcDbDictionary
281
     1
  3
AcDsRecords
350
285
  3
AcDsSchemas
350
284
1001
ACAD
1070
     2
  0
DICTIONARY
  5
200
102
{ACAD_REACTORS
330
1FF
102
}
330
1FF
100
AcDbDictionary
281
     1
  0
ACDBDETAILVIEWSTYLE
  5
21C
102
{ACAD_XDICTIONARY
360
236
102
}
102
{ACAD_REACTORS
330
21B
102
}
330
21B
100
AcDbModelDocViewStyle
 70
     0
  3
Metric50
290
     0
100
AcDbDetailViewStyle
 70
     0
 71
     0
 90
        3
 71
     1
340
11
 62
   256
 40
5.0
340
0
 62
   256
 40
5.0
300

 40
0.0
280
     1
 71
     2
340
16
 90
       25
 62
   256
 71
     3
340
11
 62
   256
 40
5.0
 90
        0
 40
15.0
 90
        1
300
%<AcVar ViewDetailId>% (%<AcVar ViewScale  "%sn">%)
 71
     4
340
16
 90
       25
 62
   256
340
16
 90
       25
 62
   256
280
     0
  0
LAYOUT
  5
22
102
{ACAD_XDICTIONARY
360
205
102
}
102
{ACAD_REACTORS
330
1A
102
}
330
1A
100
AcDbPlotSettings
  1

  2
none_device
  4
ISO_A4_(210.00_x_297.00_MM)
  6

 40
7.5
 41
20.0
 42
7.5
 43
20.0
 44
210.0
 45
297.0
 46
11.54999923706054
 47
-13.65000009536743
 48
0.0
 49
0.0
140
0.0
141
0.0
142
1.0
143
8.704084754739808
 70
 11952
 72
     1
 73
     0
 74
     0
  7

 75
     0
147
0.1148885871608098
 76
     0
 77
     2
 78
   300
148
0.0
149
0.0
100
AcDbLayout
  1
Model
 70
     1
 71
     0
 10
0.0
 20
0.0
 11
12.0
 21
9.0
 12
0.0
 22
0.0
 32
0.0
 14
0.0
 24
0.0
 34
0.0
 15
0.0
 25
0.0
 35
0.0
146
0.0
 13
0.0
 23
0.0
 33
0.0
 16
1.0
 26
0.0
 36
0.0
 17
0.0
 27
1.0
 37
0.0
 76
     0
330
1F
331
EA
1001
ACAD_PSEXT
1000
None
1000
None
1000
Not applicable
1000
The layout will not be plotted unless a new plotter configuration name is selected.
1070
     0
  0
LAYOUT
  5
D3
102
{ACAD_REACTORS
330
1A
102
}
330
1A
100
AcDbPlotSettings
  1

  2
C:Documents and SettingsasasApplication DataAutodeskAutoCAD 2005R16.1enuplottersDefault Windows System Printer.pc3
  4

  6

 40
0.0
 41
0.0
 42
0.0
 43
0.0
 44
0.0
 45
0.0
 46
0.0
 47
0.0
 48
0.0
 49
0.0
140
0.0
141
0.0
142
1.0
143
1.0
 70
   688
 72
     0
 73
     0
 74
     5
  7

 75
    16
147
1.0
 76
     0
 77
     2
 78
   300
148
0.0
149
0.0
100
AcDbLayout
  1
布局1
 70
     1
 71
     1
 10
0.0
 20
0.0
 11
12.0
 21
9.0
 12
0.0
 22
0.0
 32
0.0
 14
0.0
 24
0.0
 34
0.0
 15
0.0
 25
0.0
 35
0.0
146
0.0
 13
0.0
 23
0.0
 33
0.0
 16
1.0
 26
0.0
 36
0.0
 17
0.0
 27
1.0
 37
0.0
 76
     0
330
D2
  0
LAYOUT
  5
D7
102
{ACAD_REACTORS
330
1A
102
}
330
1A
100
AcDbPlotSettings
  1

  2
C:Documents and SettingsasasApplication DataAutodeskAutoCAD 2005R16.1enuplottersDefault Windows System Printer.pc3
  4

  6

 40
0.0
 41
0.0
 42
0.0
 43
0.0
 44
0.0
 45
0.0
 46
0.0
 47
0.0
 48
0.0
 49
0.0
140
0.0
141
0.0
142
1.0
143
1.0
 70
   688
 72
     0
 73
     0
 74
     5
  7

 75
    16
147
1.0
 76
     0
 77
     2
 78
   300
148
0.0
149
0.0
100
AcDbLayout
  1
布局2
 70
     1
 71
     2
 10
0.0
 20
0.0
 11
12.0
 21
9.0
 12
0.0
 22
0.0
 32
0.0
 14
0.0
 24
0.0
 34
0.0
 15
0.0
 25
0.0
 35
0.0
146
0.0
 13
0.0
 23
0.0
 33
0.0
 16
1.0
 26
0.0
 36
0.0
 17
0.0
 27
1.0
 37
0.0
 76
     0
330
D6
  0
MATERIAL
  5
ED
102
{ACAD_XDICTIONARY
360
1F9
102
}
102
{ACAD_REACTORS
330
6A
102
}
330
6A
100
AcDbMaterial
  1
ByBlock
 94
       63
  0
MATERIAL
  5
EC
102
{ACAD_XDICTIONARY
360
1F7
102
}
102
{ACAD_REACTORS
330
6A
102
}
330
6A
100
AcDbMaterial
  1
ByLayer
 94
       63
  0
MATERIAL
  5
EE
102
{ACAD_XDICTIONARY
360
173
102
}
102
{ACAD_REACTORS
330
6A
102
}
330
6A
100
AcDbMaterial
  1
Global
 43
0.0007999999797903
 43
0.0
 43
0.0
 43
0.0
 43
0.0
 43
0.0007999999797903
 43
0.0
 43
0.0
 43
0.0
 43
0.0
 43
1.0
 43
0.0
 43
0.0
 43
0.0
 43
0.0
 43
1.0
 49
0.0007999999797903
 49
0.0
 49
0.0
 49
0.0
 49
0.0
 49
0.0007999999797903
 49
0.0
 49
0.0
 49
0.0
 49
0.0
 49
1.0
 49
0.0
 49
0.0
 49
0.0
 49
0.0
 49
1.0
142
0.0007999999797903
142
0.0
142
0.0
142
0.0
142
0.0
142
0.0007999999797903
142
0.0
142
0.0
142
0.0
142
0.0
142
1.0
142
0.0
142
0.0
142
0.0
142
0.0
142
1.0
144
0.0007999999797903
144
0.0
144
0.0
144
0.0
144
0.0
144
0.0007999999797903
144
0.0
144
0.0
144
0.0
144
0.0
144
1.0
144
0.0
144
0.0
144
0.0
144
0.0
144
1.0
 94
       63
1001
ACAD
1070
    -1
1070
     3
1070
     0
1000

1071
        0
1070
     0
  0
MLEADERSTYLE
  5
13B
102
{ACAD_REACTORS
330
12D
102
}
330
12D
100
AcDbMLeaderStyle
170
     2
171
     1
172
     0
 90
        2
 40
0.0
 41
0.0
173
     1
 91
-1056964608
340
14
 92
       -2
290
     1
 42
2.0
291
     1
 43
8.0
  3
Standard
 44
4.0
300

342
11
174
     1
178
     1
175
     1
176
     0
 93
-1056964608
 45
4.0
292
     0
297
     0
 46
4.0
 94
-1056964608
 47
1.0
 49
1.0
140
1.0
293
     1
141
0.0
294
     1
177
     0
142
1.0
295
     0
296
     1
143
3.75
1001
ACAD_MLEADERVER
1070
     2
  0
MLEADERSTYLE
  5
12E
102
{ACAD_REACTORS
330
12D
102
}
330
12D
100
AcDbMLeaderStyle
170
     2
171
     1
172
     0
 90
        2
 40
0.0
 41
0.0
173
     1
 91
-1056964608
340
14
 92
       -2
290
     1
 42
2.0
291
     1
 43
8.0
  3
Standard
 44
4.0
300

342
11
174
     1
178
     1
175
     1
176
     0
 93
-1056964608
 45
4.0
292
     0
297
     0
 46
4.0
 94
-1056964608
 47
1.0
 49
1.0
140
1.0
293
     1
141
0.0
294
     1
177
     0
142
1.0
295
     0
296
     0
143
3.75
1001
ACAD_MLEADERVER
1070
     2
  0
MLINESTYLE
  5
18
102
{ACAD_REACTORS
330
17
102
}
330
17
100
AcDbMlineStyle
  2
STANDARD
 70
     0
  3

 62
   256
 51
90.0
 52
90.0
 71
     2
 49
0.5
 62
   256
  6
BYLAYER
 49
-0.5
 62
   256
  6
BYLAYER
  0
ACDBPLACEHOLDER
  5
F
102
{ACAD_REACTORS
330
E
102
}
330
E
  0
SCALE
  5
10D
102
{ACAD_REACTORS
330
10C
102
}
330
10C
100
AcDbScale
 70
     0
300
1:1
140
1.0
141
1.0
290
     1
  0
SCALE
  5
1BE
102
{ACAD_REACTORS
330
10C
102
}
330
10C
100
AcDbScale
 70
     0
300
1:2
140
1.0
141
2.0
290
     0
  0
SCALE
  5
1BF
102
{ACAD_REACTORS
330
10C
102
}
330
10C
100
AcDbScale
 70
     0
300
1:4
140
1.0
141
4.0
290
     0
  0
SCALE
  5
1C0
102
{ACAD_REACTORS
330
10C
102
}
330
10C
100
AcDbScale
 70
     0
300
1:5
140
1.0
141
5.0
290
     0
  0
SCALE
  5
1C1
102
{ACAD_REACTORS
330
10C
102
}
330
10C
100
AcDbScale
 70
     0
300
1:8
140
1.0
141
8.0
290
     0
  0
SCALE
  5
1C2
102
{ACAD_REACTORS
330
10C
102
}
330
10C
100
AcDbScale
 70
     0
300
1:10
140
1.0
141
10.0
290
     0
  0
SCALE
  5
1C3
102
{ACAD_REACTORS
330
10C
102
}
330
10C
100
AcDbScale
 70
     0
300
1:16
140
1.0
141
16.0
290
     0
  0
SCALE
  5
1C4
102
{ACAD_REACTORS
330
10C
102
}
330
10C
100
AcDbScale
 70
     0
300
1:20
140
1.0
141
20.0
290
     0
  0
SCALE
  5
1C5
102
{ACAD_REACTORS
330
10C
102
}
330
10C
100
AcDbScale
 70
     0
300
1:30
140
1.0
141
30.0
290
     0
  0
SCALE
  5
1C6
102
{ACAD_REACTORS
330
10C
102
}
330
10C
100
AcDbScale
 70
     0
300
1:40
140
1.0
141
40.0
290
     0
  0
SCALE
  5
1C7
102
{ACAD_REACTORS
330
10C
102
}
330
10C
100
AcDbScale
 70
     0
300
1:50
140
1.0
141
50.0
290
     0
  0
SCALE
  5
1C8
102
{ACAD_REACTORS
330
10C
102
}
330
10C
100
AcDbScale
 70
     0
300
1:100
140
1.0
141
100.0
290
     0
  0
SCALE
  5
1C9
102
{ACAD_REACTORS
330
10C
102
}
330
10C
100
AcDbScale
 70
     0
300
2:1
140
2.0
141
1.0
290
     0
  0
SCALE
  5
1CA
102
{ACAD_REACTORS
330
10C
102
}
330
10C
100
AcDbScale
 70
     0
300
4:1
140
4.0
141
1.0
290
     0
  0
SCALE
  5
1CB
102
{ACAD_REACTORS
330
10C
102
}
330
10C
100
AcDbScale
 70
     0
300
8:1
140
8.0
141
1.0
290
     0
  0
SCALE
  5
1CC
102
{ACAD_REACTORS
330
10C
102
}
330
10C
100
AcDbScale
 70
     0
300
10:1
140
10.0
141
1.0
290
     0
  0
SCALE
  5
1CD
102
{ACAD_REACTORS
330
10C
102
}
330
10C
100
AcDbScale
 70
     0
300
100:1
140
100.0
141
1.0
290
     0
  0
ACDBSECTIONVIEWSTYLE
  5
21A
102
{ACAD_XDICTIONARY
360
234
102
}
102
{ACAD_REACTORS
330
219
102
}
330
219
100
AcDbModelDocViewStyle
 70
     0
  3
Metric50
290
     0
100
AcDbSectionViewStyle
 70
     0
 71
     0
 90
      102
 71
     1
340
11
 62
   256
 40
5.0
340
0
340
0
 62
   256
 40
5.0
300
I, O, Q, S, X, Z
 40
10.0
 90
        0
 40
2.5
 90
        0
 71
     2
340
16
 90
       25
 62
   256
340
16
 90
       50
 62
   256
 40
5.0
 40
2.5
 40
5.0
 71
     3
340
11
 62
   256
 40
5.0
 90
        0
 40
15.0
 90
        1
300
%<AcVar ViewSectionStartId>%-%<AcVar ViewSectionEndId>% (%<AcVar ViewScale  "%sn">%)
 71
     4
 62
   256
 62
   257
300
ANSI31
 40
1.0
 90
        0
290
     0
290
     0
 90
        6
 40
0.0
 40
1.570796326794896
 40
0.2617993877991494
 40
1.308996938995747
 40
-0.2617993877991494
 40
1.832595714594046
  0
TABLESTYLE
  5
7F
102
{ACAD_XDICTIONARY
360
162
102
}
102
{ACAD_REACTORS
330
7E
102
}
330
7E
100
AcDbTableStyle
  3
Standard
 70
     0
 71
     0
 40
1.5
 41
1.5
280
     0
281
     0
  7
Standard
140
4.5
170
     2
 62
     0
 63
     7
283
     0
 90
      512
 91
        0
  1

274
    -2
284
     1
 64
     0
275
    -2
285
     1
 65
     0
276
    -2
286
     1
 66
     0
277
    -2
287
     1
 67
     0
278
    -2
288
     1
 68
     0
279
    -2
289
     1
 69
     0
  7
Standard
140
6.0
170
     5
 62
     0
 63
     7
283
     0
 90
      512
 91
        0
  1

274
    -2
284
     1
 64
     0
275
    -2
285
     1
 65
     0
276
    -2
286
     1
 66
     0
277
    -2
287
     1
 67
     0
278
    -2
288
     1
 68
     0
279
    -2
289
     1
 69
     0
  7
Standard
140
4.5
170
     5
 62
     0
 63
     7
283
     0
 90
      512
 91
        0
  1

274
    -2
284
     1
 64
     0
275
    -2
285
     1
 65
     0
276
    -2
286
     1
 66
     0
277
    -2
287
     1
 67
     0
278
    -2
288
     1
 68
     0
279
    -2
289
     1
 69
     0
  0
VISUALSTYLE
  5
F5
102
{ACAD_XDICTIONARY
360
290
102
}
102
{ACAD_REACTORS
330
EF
102
}
330
EF
100
AcDbVisualStyle
  2
2dWireframe
 70
     4
 71
     0
 72
     2
 73
     1
 90
        0
 40
-0.6
 41
-30.0
 62
     5
 63
     7
421
 16777215
 74
     1
 91
        4
 64
     7
 65
   257
 75
     1
175
     1
 42
1.0
 92
        0
 66
   257
 43
1.0
 76
     1
 77
     6
 78
     2
 67
     7
 79
     5
170
     0
171
     0
290
     0
174
     0
 93
        1
 44
0.0
173
     0
291
     0
 45
0.0
1001
ACAD
1000
AcDbSavedByObjectVersion
1070
     0
  0
VISUALSTYLE
  5
F4
102
{ACAD_XDICTIONARY
360
28E
102
}
102
{ACAD_REACTORS
330
EF
102
}
330
EF
100
AcDbVisualStyle
  2
Basic
 70
     7
 71
     1
 72
     0
 73
     1
 90
        0
 40
-0.6
 41
-30.0
 62
     5
 63
     7
421
 16777215
 74
     0
 91
        4
 64
     7
 65
   257
 75
     1
175
     1
 42
1.0
 92
        8
 66
     7
 43
1.0
 76
     1
 77
     6
 78
     2
 67
     7
 79
     5
170
     0
171
     0
290
     0
174
     0
 93
        1
 44
0.0
173
     0
291
     1
 45
0.0
1001
ACAD
1000
AcDbSavedByObjectVersion
1070
     0
  0
VISUALSTYLE
  5
FB
102
{ACAD_XDICTIONARY
360
29C
102
}
102
{ACAD_REACTORS
330
EF
102
}
330
EF
100
AcDbVisualStyle
  2
Brighten
 70
    12
 71
     2
 72
     2
 73
     1
 90
        0
 40
-0.6
 41
-30.0
 62
     5
 63
     7
421
 16777215
 74
     1
 91
        4
 64
     7
 65
   257
 75
     1
175
     1
 42
1.0
 92
        8
 66
     7
 43
1.0
 76
     1
 77
     6
 78
     2
 67
     7
 79
     5
170
     0
171
     0
290
     0
174
     0
 93
        1
 44
50.0
173
     0
291
     1
 45
0.0
1001
ACAD
1000
AcDbSavedByObjectVersion
1070
     0
  0
VISUALSTYLE
  5
FF
102
{ACAD_XDICTIONARY
360
2A4
102
}
102
{ACAD_REACTORS
330
EF
102
}
330
EF
100
AcDbVisualStyle
  2
ColorChange
 70
    16
 71
     2
 72
     2
 73
     3
 90
        0
 40
-0.6
 41
-30.0
 62
     5
 63
     8
421
  8421504
 74
     1
 91
        4
 64
     7
 65
   257
 75
     1
175
     1
 42
1.0
 92
        8
 66
     8
424
  8421504
 43
1.0
 76
     1
 77
     6
 78
     2
 67
     7
 79
     5
170
     0
171
     0
290
     0
174
     0
 93
        1
 44
0.0
173
     0
291
     1
 45
0.0
1001
ACAD
1000
AcDbSavedByObjectVersion
1070
     0
  0
VISUALSTYLE
  5
F8
102
{ACAD_XDICTIONARY
360
296
102
}
102
{ACAD_REACTORS
330
EF
102
}
330
EF
100
AcDbVisualStyle
  2
Conceptual
 70
     9
 71
     3
 72
     2
 73
     1
 90
        0
 40
-0.6
 41
-30.0
 62
     5
 63
     7
421
 16777215
 74
     2
 91
        2
 64
     7
 65
   257
 75
     1
175
     1
 42
40.0
 92
        8
 66
     7
 43
1.0
 76
     1
 77
     6
 78
     2
 67
     7
 79
     3
170
     0
171
     0
290
     0
174
     0
 93
        1
 44
0.0
173
     0
291
     0
 45
0.0
1001
ACAD
1000
AcDbSavedByObjectVersion
1070
     0
  0
VISUALSTYLE
  5
FA
102
{ACAD_XDICTIONARY
360
29A
102
}
102
{ACAD_REACTORS
330
EF
102
}
330
EF
100
AcDbVisualStyle
  2
Dim
 70
    11
 71
     2
 72
     2
 73
     1
 90
        0
 40
-0.6
 41
-30.0
 62
     5
 63
     7
421
 16777215
 74
     1
 91
        4
 64
     7
 65
   257
 75
     1
175
     1
 42
1.0
 92
        8
 66
     7
 43
1.0
 76
     1
 77
     6
 78
     2
 67
     7
 79
     5
170
     0
171
     0
290
     0
174
     0
 93
        1
 44
-50.0
173
     0
291
     1
 45
0.0
1001
ACAD
1000
AcDbSavedByObjectVersion
1070
     0
  0
VISUALSTYLE
  5
1E6
102
{ACAD_XDICTIONARY
360
2AA
102
}
102
{ACAD_REACTORS
330
EF
102
}
330
EF
100
AcDbVisualStyle
  2
EdgeColorOff
 70
    22
 71
     2
 72
     2
 73
     0
 90
        0
 40
-0.6
 41
-30.0
 62
     5
 63
     7
421
 16777215
 74
     1
 91
        4
 64
     7
 65
   257
 75
     1
175
     1
 42
1.0
 92
        8
 66
     7
 43
1.0
 76
     1
 77
     6
 78
     2
 67
     7
 79
     5
170
     0
171
     0
290
     0
174
     0
 93
        1
 44
0.0
173
     0
291
     1
 45
0.0
1001
ACAD
1000
AcDbSavedByObjectVersion
1070
     0
  0
VISUALSTYLE
  5
FE
102
{ACAD_XDICTIONARY
360
2A2
102
}
102
{ACAD_REACTORS
330
EF
102
}
330
EF
100
AcDbVisualStyle
  2
Facepattern
 70
    15
 71
     2
 72
     2
 73
     1
 90
        0
 40
-0.6
 41
-30.0
 62
     5
 63
     7
421
 16777215
 74
     1
 91
        4
 64
     7
 65
   257
 75
     1
175
     1
 42
1.0
 92
        8
 66
     7
 43
1.0
 76
     1
 77
     6
 78
     2
 67
     7
 79
     5
170
     0
171
     0
290
     0
174
     0
 93
        1
 44
0.0
173
     0
291
     1
 45
0.0
1001
ACAD
1000
AcDbSavedByObjectVersion
1070
     0
  0
VISUALSTYLE
  5
F0
102
{ACAD_XDICTIONARY
360
286
102
}
102
{ACAD_REACTORS
330
EF
102
}
330
EF
100
AcDbVisualStyle
  2
Flat
 70
     0
 71
     2
 72
     1
 73
     1
 90
        2
 40
-0.6
 41
30.0
 62
     5
 63
     7
421
 16777215
 74
     0
 91
        0
 64
     7
 65
   257
 75
     1
175
     1
 42
1.0
 92
        8
 66
     7
 43
1.0
 76
     1
 77
     6
 78
     2
 67
     7
 79
     5
170
     0
171
     0
290
     0
174
     0
 93
       13
 44
0.0
173
     0
291
     1
 45
0.0
1001
ACAD
1000
AcDbSavedByObjectVersion
1070
     0
  0
VISUALSTYLE
  5
F1
102
{ACAD_XDICTIONARY
360
288
102
}
102
{ACAD_REACTORS
330
EF
102
}
330
EF
100
AcDbVisualStyle
  2
FlatWithEdges
 70
     1
 71
     2
 72
     1
 73
     1
 90
        2
 40
-0.6
 41
30.0
 62
     5
 63
     7
421
 16777215
 74
     1
 91
        0
 64
     7
 65
   257
 75
     1
175
     1
 42
1.0
 92
        0
 66
   257
 43
1.0
 76
     1
 77
     6
 78
     2
 67
     7
 79
     5
170
     0
171
     0
290
     0
174
     0
 93
       13
 44
0.0
173
     0
291
     1
 45
0.0
1001
ACAD
1000
AcDbSavedByObjectVersion
1070
     0
  0
VISUALSTYLE
  5
F2
102
{ACAD_XDICTIONARY
360
28A
102
}
102
{ACAD_REACTORS
330
EF
102
}
330
EF
100
AcDbVisualStyle
  2
Gouraud
 70
     2
 71
     2
 72
     2
 73
     1
 90
        2
 40
-0.6
 41
30.0
 62
     5
 63
     7
421
 16777215
 74
     0
 91
        0
 64
     7
 65
   257
 75
     1
175
     1
 42
1.0
 92
        0
 66
     7
 43
1.0
 76
     1
 77
     6
 78
     2
 67
     7
 79
     5
170
     0
171
     0
290
     0
174
     0
 93
       13
 44
0.0
173
     0
291
     1
 45
0.0
1001
ACAD
1000
AcDbSavedByObjectVersion
1070
     0
  0
VISUALSTYLE
  5
F3
102
{ACAD_XDICTIONARY
360
28C
102
}
102
{ACAD_REACTORS
330
EF
102
}
330
EF
100
AcDbVisualStyle
  2
GouraudWithEdges
 70
     3
 71
     2
 72
     2
 73
     1
 90
        2
 40
-0.6
 41
30.0
 62
     5
 63
     7
421
 16777215
 74
     1
 91
        0
 64
     7
 65
   257
 75
     1
175
     1
 42
1.0
 92
        0
 66
   257
 43
1.0
 76
     1
 77
     6
 78
     2
 67
     7
 79
     5
170
     0
171
     0
290
     0
174
     0
 93
       13
 44
0.0
173
     0
291
     1
 45
0.0
1001
ACAD
1000
AcDbSavedByObjectVersion
1070
     0
  0
VISUALSTYLE
  5
F7
102
{ACAD_XDICTIONARY
360
294
102
}
102
{ACAD_REACTORS
330
EF
102
}
330
EF
100
AcDbVisualStyle
  2
Hidden
 70
     6
 71
     1
 72
     2
 73
     2
 90
        0
 40
-0.6
 41
-30.0
 62
     5
 63
     7
421
 16777215
 74
     2
 91
        2
 64
     7
 65
   257
 75
     2
175
     1
 42
40.0
 92
        0
 66
   257
 43
1.0
 76
     1
 77
     6
 78
     2
 67
     7
 79
     3
170
     0
171
     0
290
     0
174
     0
 93
        1
 44
0.0
173
     0
291
     0
 45
0.0
1001
ACAD
1000
AcDbSavedByObjectVersion
1070
     0
  0
VISUALSTYLE
  5
1E4
102
{ACAD_XDICTIONARY
360
2A6
102
}
102
{ACAD_REACTORS
330
EF
102
}
330
EF
100
AcDbVisualStyle
  2
JitterOff
 70
    20
 71
     2
 72
     2
 73
     0
 90
        0
 40
-0.6
 41
-30.0
 62
     5
 63
     7
421
 16777215
 74
     1
 91
        4
 64
     7
 65
   257
 75
     1
175
     1
 42
1.0
 92
       10
 66
     7
 43
1.0
 76
     1
 77
     6
 78
     2
 67
     7
 79
     5
170
     0
171
     0
290
     0
174
     0
 93
        1
 44
0.0
173
     0
291
     1
 45
0.0
1001
ACAD
1000
AcDbSavedByObjectVersion
1070
     0
  0
VISUALSTYLE
  5
FD
102
{ACAD_XDICTIONARY
360
2A0
102
}
102
{ACAD_REACTORS
330
EF
102
}
330
EF
100
AcDbVisualStyle
  2
Linepattern
 70
    14
 71
     2
 72
     2
 73
     1
 90
        0
 40
-0.6
 41
-30.0
 62
     5
 63
     7
421
 16777215
 74
     1
 91
        4
 64
     7
 65
   257
 75
     7
175
     7
 42
1.0
 92
        8
 66
     7
 43
1.0
 76
     1
 77
     6
 78
     2
 67
     7
 79
     5
170
     0
171
     0
290
     0
174
     0
 93
        1
 44
0.0
173
     0
291
     1
 45
0.0
1001
ACAD
1000
AcDbSavedByObjectVersion
1070
     0
  0
VISUALSTYLE
  5
1E5
102
{ACAD_XDICTIONARY
360
2A8
102
}
102
{ACAD_REACTORS
330
EF
102
}
330
EF
100
AcDbVisualStyle
  2
OverhangOff
 70
    21
 71
     2
 72
     2
 73
     0
 90
        0
 40
-0.6
 41
-30.0
 62
     5
 63
     7
421
 16777215
 74
     1
 91
        4
 64
     7
 65
   257
 75
     1
175
     1
 42
1.0
 92
        9
 66
     7
 43
1.0
 76
     1
 77
     6
 78
     2
 67
     7
 79
     5
170
     0
171
     0
290
     0
174
     0
 93
        1
 44
0.0
173
     0
291
     1
 45
0.0
1001
ACAD
1000
AcDbSavedByObjectVersion
1070
     0
  0
VISUALSTYLE
  5
F9
102
{ACAD_XDICTIONARY
360
298
102
}
102
{ACAD_REACTORS
330
EF
102
}
330
EF
100
AcDbVisualStyle
  2
Realistic
 70
     8
 71
     2
 72
     3
 73
     0
 90
        2
 40
-0.6
 41
30.0
 62
     5
 63
     7
421
 16777215
 74
     0
 91
        0
 64
     7
 65
   257
 75
     1
175
     1
 42
1.0
 92
        8
 66
   257
 43
1.0
 76
     1
 77
     6
 78
     2
 67
     7
 79
     3
170
     0
171
     0
290
     0
174
     0
 93
       13
 44
0.0
173
     0
291
     0
 45
0.0
1001
ACAD
1000
AcDbSavedByObjectVersion
1070
     0
  0
VISUALSTYLE
  5
1F3
102
{ACAD_XDICTIONARY
360
2B4
102
}
102
{ACAD_REACTORS
330
EF
102
}
330
EF
100
AcDbVisualStyle
  2
Shaded
 70
    27
 71
     2
 72
     2
 73
     1
 90
        2
 40
-0.6
 41
30.0
 62
     5
 63
     7
421
 16777215
 74
     0
 91
        4
 64
     7
 65
   257
 75
     1
175
     1
 42
1.0
 92
        8
 66
   257
 43
1.0
 76
     1
 77
     6
 78
     2
 67
     8
425
  7895160
 79
     3
170
     0
171
     0
290
     0
174
     0
 93
        5
 44
0.0
173
     0
291
     0
 45
0.0
1001
ACAD
1000
AcDbSavedByObjectVersion
1070
     0
  0
VISUALSTYLE
  5
1F2
102
{ACAD_XDICTIONARY
360
2B2
102
}
102
{ACAD_REACTORS
330
EF
102
}
330
EF
100
AcDbVisualStyle
  2
Shaded with edges
 70
    26
 71
     2
 72
     2
 73
     1
 90
        2
 40
-0.6
 41
30.0
 62
     5
 63
     7
421
 16777215
 74
     1
 91
        2
 64
     7
 65
   257
 75
     2
175
     1
 42
1.0
 92
        8
 66
   257
 43
1.0
 76
     1
 77
     6
 78
     2
 67
     7
 79
     3
170
     0
171
     0
290
     0
174
     0
 93
        5
 44
0.0
173
     0
291
     0
 45
0.0
1001
ACAD
1000
AcDbSavedByObjectVersion
1070
     0
  0
VISUALSTYLE
  5
1EF
102
{ACAD_XDICTIONARY
360
2AC
102
}
102
{ACAD_REACTORS
330
EF
102
}
330
EF
100
AcDbVisualStyle
  2
Shades of Gray
 70
    23
 71
     2
 72
     2
 73
     3
 90
        0
 40
-0.6
 41
-30.0
 62
     5
 63
     7
421
 16777215
 74
     2
 91
        2
 64
     7
 65
     7
 75
     1
175
     1
 42
40.0
 92
        8
 66
     7
 43
1.0
 76
     1
 77
     6
 78
     2
 67
     7
 79
     3
170
     0
171
     0
290
     0
174
     0
 93
        1
 44
0.0
173
     0
291
     0
 45
0.0
1001
ACAD
1000
AcDbSavedByObjectVersion
1070
     0
  0
VISUALSTYLE
  5
1F0
102
{ACAD_XDICTIONARY
360
2AE
102
}
102
{ACAD_REACTORS
330
EF
102
}
330
EF
100
AcDbVisualStyle
  2
Sketchy
 70
    24
 71
     1
 72
     2
 73
     2
 90
        0
 40
-0.6
 41
-30.0
 62
     5
 63
     7
421
 16777215
 74
     2
 91
        2
 64
     7
 65
     7
 75
     1
175
     1
 42
40.0
 92
       11
 66
     7
 43
1.0
 76
     1
 77
     6
 78
     2
 67
     7
 79
     6
170
     0
171
     0
290
     0
174
     0
 93
        1
 44
0.0
173
     0
291
     0
 45
0.0
1001
ACAD
1000
AcDbSavedByObjectVersion
1070
     0
  0
VISUALSTYLE
  5
FC
102
{ACAD_XDICTIONARY
360
29E
102
}
102
{ACAD_REACTORS
330
EF
102
}
330
EF
100
AcDbVisualStyle
  2
Thicken
 70
    13
 71
     2
 72
     2
 73
     1
 90
        0
 40
-0.6
 41
-30.0
 62
     5
 63
     7
421
 16777215
 74
     1
 91
        4
 64
     7
 65
   257
 75
     1
175
     1
 42
1.0
 92
       12
 66
     7
 43
1.0
 76
     1
 77
     6
 78
     2
 67
     7
 79
     5
170
     0
171
     0
290
     0
174
     0
 93
        1
 44
0.0
173
     0
291
     1
 45
0.0
1001
ACAD
1000
AcDbSavedByObjectVersion
1070
     0
  0
VISUALSTYLE
  5
F6
102
{ACAD_XDICTIONARY
360
292
102
}
102
{ACAD_REACTORS
330
EF
102
}
330
EF
100
AcDbVisualStyle
  2
Wireframe
 70
     5
 71
     0
 72
     2
 73
     0
 90
        0
 40
-0.6
 41
-30.0
 62
     5
 63
     7
421
 16777215
 74
     1
 91
        4
 64
     7
 65
   257
 75
     1
175
     1
 42
1.0
 92
        0
 66
   257
 43
1.0
 76
     1
 77
     6
 78
     2
 67
     7
 79
     3
170
     0
171
     0
290
     0
174
     0
 93
        1
 44
0.0
173
     0
291
     0
 45
0.0
1001
ACAD
1000
AcDbSavedByObjectVersion
1070
     0
  0
VISUALSTYLE
  5
1F1
102
{ACAD_XDICTIONARY
360
2B0
102
}
102
{ACAD_REACTORS
330
EF
102
}
330
EF
100
AcDbVisualStyle
  2
X-Ray
 70
    25
 71
     2
 72
     2
 73
     1
 90
        1
 40
0.5
 41
-30.0
 62
     5
 63
     7
421
 16777215
 74
     1
 91
        0
 64
     7
 65
   257
 75
     1
175
     1
 42
1.0
 92
        8
 66
     7
 43
1.0
 76
     1
 77
     6
 78
     2
 67
     7
 79
     3
170
     0
171
     0
290
     0
174
     0
 93
       13
 44
0.0
173
     0
291
     0
 45
0.0
1001
ACAD
1000
AcDbSavedByObjectVersion
1070
     0
  0
DICTIONARYVAR
  5
146
102
{ACAD_REACTORS
330
5E
102
}
330
5E
100
DictionaryVariables
280
     0
  1
1:1
  0
DICTIONARYVAR
  5
259
102
{ACAD_REACTORS
330
5E
102
}
330
5E
100
DictionaryVariables
280
     0
  1
3.500000
  0
DICTIONARYVAR
  5
25A
102
{ACAD_REACTORS
330
5E
102
}
330
5E
100
DictionaryVariables
280
     0
  1
acadiso.lin
  0
DICTIONARYVAR
  5
145
102
{ACAD_REACTORS
330
5E
102
}
330
5E
100
DictionaryVariables
280
     0
  1
STANDARD
  0
DICTIONARYVAR
  5
84
102
{ACAD_REACTORS
330
5E
102
}
330
5E
100
DictionaryVariables
280
     0
  1
STANDARD
  0
DICTIONARYVAR
  5
227
102
{ACAD_REACTORS
330
5E
102
}
330
5E
100
DictionaryVariables
280
     0
  1
Metric50
  0
DICTIONARYVAR
  5
228
102
{ACAD_REACTORS
330
5E
102
}
330
5E
100
DictionaryVariables
280
     0
  1
Metric50
  0
DICTIONARYVAR
  5
5F
102
{ACAD_REACTORS
330
5E
102
}
330
5E
100
DictionaryVariables
280
     0
  1
2
  0
DICTIONARYVAR
  5
63
102
{ACAD_REACTORS
330
5E
102
}
330
5E
100
DictionaryVariables
280
     0
  1
1
  0
DICTIONARYVAR
  5
1AE
102
{ACAD_REACTORS
330
5E
102
}
330
5E
100
DictionaryVariables
280
     0
  1
0
  0
DICTIONARYVAR
  5
1AF
102
{ACAD_REACTORS
330
5E
102
}
330
5E
100
DictionaryVariables
280
     0
  1
0
  0
DICTIONARYVAR
  5
27B
102
{ACAD_REACTORS
330
5E
102
}
330
5E
100
DictionaryVariables
280
     0
  1
2
  0
DICTIONARY
  5
285
102
{ACAD_REACTORS
330
283
102
}
330
283
100
AcDbDictionary
281
     1
  0
DICTIONARY
  5
284
102
{ACAD_REACTORS
330
283
102
}
330
283
100
AcDbDictionary
281
     1
  3
1923465580128
350
27E
  3
1923465580144
350
27F
  3
1923465580160
350
280
  3
1923465580176
350
281
  3
1923465580192
350
282
  0
DICTIONARY
  5
236
330
21C
100
AcDbDictionary
280
     1
281
     1
  3
ACAD_XREC_ROUNDTRIP
360
2B7
  0
DICTIONARY
  5
205
330
22
100
AcDbDictionary
280
     1
281
     1
  0
DICTIONARY
  5
1F9
330
ED
100
AcDbDictionary
280
     1
281
     1
  3
FBXASSET
360
1FA
  0
DICTIONARY
  5
1F7
330
EC
100
AcDbDictionary
280
     1
281
     1
  3
FBXASSET
360
1F8
  0
DICTIONARY
  5
173
330
EE
100
AcDbDictionary
280
     1
281
     1
  3
BUMPTILE
360
175
  3
DIFFUSETILE
360
174
  3
FBXASSET
360
1FB
  3
OPACITYTILE
360
176
  3
REFLECTIONTILE
360
177
  0
DICTIONARY
  5
234
330
21A
100
AcDbDictionary
280
     1
281
     1
  3
ACAD_XREC_ROUNDTRIP
360
2B6
  0
DICTIONARY
  5
162
330
7F
100
AcDbDictionary
280
     1
281
     1
  3
ACAD_ROUNDTRIP_2008_TABLESTYLE_CELLSTYLEMAP
360
27C
  0
DICTIONARY
  5
290
330
F5
100
AcDbDictionary
280
     1
281
     1
  3
ACAD_XREC_ROUNDTRIP
360
291
  0
DICTIONARY
  5
28E
330
F4
100
AcDbDictionary
280
     1
281
     1
  3
ACAD_XREC_ROUNDTRIP
360
28F
  0
DICTIONARY
  5
29C
330
FB
100
AcDbDictionary
280
     1
281
     1
  3
ACAD_XREC_ROUNDTRIP
360
29D
  0
DICTIONARY
  5
2A4
330
FF
100
AcDbDictionary
280
     1
281
     1
  3
ACAD_XREC_ROUNDTRIP
360
2A5
  0
DICTIONARY
  5
296
330
F8
100
AcDbDictionary
280
     1
281
     1
  3
ACAD_XREC_ROUNDTRIP
360
297
  0
DICTIONARY
  5
29A
330
FA
100
AcDbDictionary
280
     1
281
     1
  3
ACAD_XREC_ROUNDTRIP
360
29B
  0
DICTIONARY
  5
2AA
330
1E6
100
AcDbDictionary
280
     1
281
     1
  3
ACAD_XREC_ROUNDTRIP
360
2AB
  0
DICTIONARY
  5
2A2
330
FE
100
AcDbDictionary
280
     1
281
     1
  3
ACAD_XREC_ROUNDTRIP
360
2A3
  0
DICTIONARY
  5
286
330
F0
100
AcDbDictionary
280
     1
281
     1
  3
ACAD_XREC_ROUNDTRIP
360
287
  0
DICTIONARY
  5
288
330
F1
100
AcDbDictionary
280
     1
281
     1
  3
ACAD_XREC_ROUNDTRIP
360
289
  0
DICTIONARY
  5
28A
330
F2
100
AcDbDictionary
280
     1
281
     1
  3
ACAD_XREC_ROUNDTRIP
360
28B
  0
DICTIONARY
  5
28C
330
F3
100
AcDbDictionary
280
     1
281
     1
  3
ACAD_XREC_ROUNDTRIP
360
28D
  0
DICTIONARY
  5
294
330
F7
100
AcDbDictionary
280
     1
281
     1
  3
ACAD_XREC_ROUNDTRIP
360
295
  0
DICTIONARY
  5
2A6
330
1E4
100
AcDbDictionary
280
     1
281
     1
  3
ACAD_XREC_ROUNDTRIP
360
2A7
  0
DICTIONARY
  5
2A0
330
FD
100
AcDbDictionary
280
     1
281
     1
  3
ACAD_XREC_ROUNDTRIP
360
2A1
  0
DICTIONARY
  5
2A8
330
1E5
100
AcDbDictionary
280
     1
281
     1
  3
ACAD_XREC_ROUNDTRIP
360
2A9
  0
DICTIONARY
  5
298
330
F9
100
AcDbDictionary
280
     1
281
     1
  3
ACAD_XREC_ROUNDTRIP
360
299
  0
DICTIONARY
  5
2B4
330
1F3
100
AcDbDictionary
280
     1
281
     1
  3
ACAD_XREC_ROUNDTRIP
360
2B5
  0
DICTIONARY
  5
2B2
330
1F2
100
AcDbDictionary
280
     1
281
     1
  3
ACAD_XREC_ROUNDTRIP
360
2B3
  0
DICTIONARY
  5
2AC
330
1EF
100
AcDbDictionary
280
     1
281
     1
  3
ACAD_XREC_ROUNDTRIP
360
2AD
  0
DICTIONARY
  5
2AE
330
1F0
100
AcDbDictionary
280
     1
281
     1
  3
ACAD_XREC_ROUNDTRIP
360
2AF
  0
DICTIONARY
  5
29E
330
FC
100
AcDbDictionary
280
     1
281
     1
  3
ACAD_XREC_ROUNDTRIP
360
29F
  0
DICTIONARY
  5
292
330
F6
100
AcDbDictionary
280
     1
281
     1
  3
ACAD_XREC_ROUNDTRIP
360
293
  0
DICTIONARY
  5
2B0
330
1F1
100
AcDbDictionary
280
     1
281
     1
  3
ACAD_XREC_ROUNDTRIP
360
2B1
  0
XRECORD
  5
27E
102
{ACAD_REACTORS
330
284
102
}
330
284
100
AcDbXrecord
280
     1
  1
AcDb_Thumbnail_Schema
102
{ATTRRECORD
341
27F
  2
AcDbDs::TreatedAsObjectData
280
     1
291
     1
102
ATTRRECORD}
102
{ATTRRECORD
341
280
  2
AcDbDs::Legacy
280
     1
291
     1
102
ATTRRECORD}
  2
AcDbDs::ID
280
    10
 91
        8
102
{ATTRRECORD
341
281
  2
AcDs:Indexable
280
     1
291
     1
102
ATTRRECORD}
102
{ATTRRECORD
341
282
  2
AcDbDs::HandleAttribute
280
     7
282
     1
102
ATTRRECORD}
  2
Thumbnail_Data
280
    15
 91
        0
  0
XRECORD
  5
27F
102
{ACAD_REACTORS
330
284
102
}
330
284
100
AcDbXrecord
280
     1
  1
AcDbDs::TreatedAsObjectDataSchema
  2
AcDbDs::TreatedAsObjectData
280
     1
 91
        0
  0
XRECORD
  5
280
102
{ACAD_REACTORS
330
284
102
}
330
284
100
AcDbXrecord
280
     1
  1
AcDbDs::LegacySchema
  2
AcDbDs::Legacy
280
     1
 91
        0
  0
XRECORD
  5
281
102
{ACAD_REACTORS
330
284
102
}
330
284
100
AcDbXrecord
280
     1
  1
AcDbDs::IndexedPropertySchema
  2
AcDs:Indexable
280
     1
 91
        0
  0
XRECORD
  5
282
102
{ACAD_REACTORS
330
284
102
}
330
284
100
AcDbXrecord
280
     1
  1
AcDbDs::HandleAttributeSchema
  2
AcDbDs::HandleAttribute
280
     7
 91
        1
284
     1
  0
XRECORD
  5
2B7
102
{ACAD_REACTORS
330
236
102
}
330
236
100
AcDbXrecord
280
     1
102
DISPLAYNAME
  1
Metric50
102
FLAGS
 90
        0
  0
XRECORD
  5
1FA
102
{ACAD_REACTORS
330
1F9
102
}
330
1F9
100
AcDbXrecord
280
     1
 70
     1
 90
429727718
  1
D62C5603-E3A1-4AEA-B7FB-FE5D8D0755AF
310
504B03040A0000080000CC70623B3DEE336E79000000790000001B0000006175746F6465736B2D64657369676E2D7061636B6167652E786D6C3C3F786D6C2076657273696F6E3D22312E302220656E636F64696E673D227574662D3822203F3E3C666F726D6174733E3C666F726D61743E687474703A2F2F736368656D612E
310
6175746F6465736B2E636F6D2F64657369676E2D7061636B6167652F323030393C2F666F726D61743E3C2F666F726D6174733E504B0304140006080800CC70623BD486FD9CA0000000F4000000130000005B436F6E74656E745F54797065735D2E786D6C7D8EC10E82300C865F65E91D8A1E8C310C0EEA1BF002731658846E
310
D98AC1B77784ABF1D8FE5FBFBF75BBCE937A534CCEB38643598122B6FEE978D0B0485F9C41B54DDD7D022595594E1A469170414C76A4D9A4D207E29CF43ECE46F218070CC6BECC4078ACAA135ACF422C856C0E68EA1BF5669944DDD7BCDE7B1F8E415D77AECB980613C2E4AC91FC167A2B244592486606FC29C8FD7F045B9A
310
EF7053A7E60B504B0304140006080800CC70623B853B8169EB0000007C01000008000000636F72652E786D6C8D90416EC3201045AF62CDB6C206821CC7C244919D9CA01740401C94182C03558F5F9C3852BBEB6A467FFE9B197D7EFC9E1EC5975982F5AE035262288C535E5B377690E21535501C055FBC8FBF6C503839990E
310
5619041F179FE64D52DE45E362569DD7661365082642A11EB9E920A89B99642953CC8E702F67A9EE7234257977194EC9EAE275C4EABCCF5EAD5940D4AC6F0E35A568B8F43562CD7046CD199FD07E60174276A7BE677B5EADB0E0D14EEFFB6A31321A0D82627C4084204C3F096B71DD52F6819B16635EADF63F509AF53FA164
310
5DDCD1EDDD17164090FCC8732078B56691CB33A85CD7DCC40F504B0304140006080800CC70623B55019EA25F0000007C00000007000000636E782E786D6C4DCB3B0E80201045D1AD90E915ED2CF8AC45050C11660C8261F98AB1B07AC9C97D42D718D865D3E909258CFD00CCE24AC6E326A164D74DC0B4128928FF32603847
310
2BA13128B1252AC747C6BAB984FC68F0B87FE8960A5C09FE86CFB69FBA01504B0304140006080800CC70623BDBABAAF470010000D40300000C0000006662782F636F72652E786D6CC553D16E823014FD95A6AF4B694182CC941A83FA05FB810A9511A125A5257EFE2E82712ECEB8A7F100CD39F7F69E734AF9FADC366850B6
310
AF8DCE7018308C942E4C59EB2AC3DE1D498AD15A706B8CFB56869196ADCAF00863C12B6B7C374385D14E6907A836A59A41D9F7CA615434B0C8705F7CAA5606D23BA8E84F41278B93AC54100640439DE0BDB320004D43C63716C7C399D30917DCFBBA9CD9BA8469F5B156168B24CED3F7248AC8769F27244EB73B92EED8862C
310
B7F13E0C179B3C8F979C8ECD82BBBABDAA2BAC924E9558448CBD9330242CFA08E3154B5651FCC6D215639C8EE5774DBE2B5F6CF2B5768B68963BB5F5588420E442FC700B1139D4CB01F450C1E918227C2E09DF070D8140C84E1E9AAB8F1340832A9CB13130A5F1376A908D57309505ECF2A0DF179C4E9D30F5B239B87E3823
310
7A79C6F31DE1A8A5AEC08474B03C7837EAE4938639B44E5932B833D2C6B6B279CDC613877FA26EE21F4A2A4C63EC7F29A2F301D1F9F7A0E37D145F504B0304140006080800CC70623B9C113CC27E0000009D0000000B0000006662782F636E782E786D6C4DCCDF0A83201C86E15B91DFB94BFB330DD428C8FB886521330DA7
310
6397BF1A1DECE883878F57749FCDA1B7892F1BBC047A23808C7F84D9FA55424E0BE6803A256208E9EF06C84F9B91703228B1C690F78B66B34CD9A5439DF5CF0BFBF65E35BCA1B8D6A5C6F540381E886698B5741C695F9503EBA150A2F8958E3DC3EA0B504B0304140006080800CC70623B7DF2F77C2A010000120200003100
310
00006662782F41393633353835312D344632462D344230382D423046372D3739314545314133324237412F636F72652E786D6C8D51DB8EC22014FC15C2939B0D2DB4B45643319AE817EC0F6041255A68B86CFCFC856D4D76DF7CE190393373060EDB3DC707F856CE6B6B7A480A0C81328395DA5C7B18C3057510EC3873D686
310
3F34088C18550F330C39BB3A1BA7051AAC09CA84841A2BD5020AEF55806078A44B0FFD7053A328440C89E1EFC52486BBB8AA8214A99D789CF9E05200300FC927E4FB4D5B375D43103D5527440FB843077C5AA3F5861C8F645F5787F59E95B390B318B55CE45AA638FAA2957BD7248B390B7A7CC51F9C124149C82B8C378810
310
84AB2F42B7B8DD56F413775B8C5999E9FF4471926F8AA236A1AE96B8B3CC434E5839373893369E1FAF30EA395917409EB7F26AF8801C171837A4A6AC9C89E9F9C9B1A58BA30FD6A5EF5DDDCF894B9AD9B6A59C957943A9FCAE2FD5BC4DFE03504B0304140006080800CC70623BAD7543B64E01000033030000300000006662
310
782F41393633353835312D344632462D344230382D423046372D3739314545314133324237412F636E782E786D6CD593CD6EC32010845F0571AD6CE3D48AD20813A9873E410FBD12D82434182C7EAAE6EDBB2424CD25871E7B41D6EC30B3FA84F9E67BB2E40B4234DE8DB46F1925E094D7C6ED479AD3AE5951B2113C789FEE
310
6C943839C1488B4C05DF079FE72A69D8C96C13AAD6B8631503449F83828872B949AC57D26200B826A308D316B4064D6E46FCDA41C05550DC9E483A00797BFD207EFB092A45DE9514C1BBD22178396BD39D891265658C238DEA00936C654E5E433CB65A26D9F6EDB5EBC14EBF49A45CB856E66048291F6939A9A81BB5C89177
310
38143CA680F4AA299D66A042CEB3354A2684DC9D8D178FE0D9B8B41CAAD720F880EE7EF93C0C18769E099ECC04D5A102C8049A8A05632F4DDF376CF1DE0F6BB65C2F8627B65A33C6BB62177CEBBDAD973006829F89F22E814B54F4BC2BE347F8AA8F681390B50FA73F804400B5F542E796F19FF974E7F78DB802FE05E20750
310
4B0304140006080800CC70623BE75B7789680500003C100000340000006662782F41393633353835312D344632462D344230382D423046372D3739314545314133324237412F6F626A656374732E786D6CAD575B8F9B3818FD2B887D06C22499CB8AA1CA655245D5B455A356FB305264C061D8018C6C3393D95FBFC7600890
310
A4CD5EF210B0B1BFEBF98E3F7B1FF6596ABC522E1296DF9BAE3D320D9A872C4AF2F8DE2CE5CEBA358D0FBEC719939D65A691938CDE9B6ADAF4BD98B3B2D05311DD91329583D9D5FC0F438434A7A611A644887B5384CF34233629258BA878B12322891DEFF6B66BD70BFB62634E8AE781D082709A4B588AF91C528CDA28B73F
310
1C998EEF39EABBEFA97FBD6A7C7E9553F9D3D79FE442923C3C523610337627CB87ABE99D359D4CC6D6E4FACAB5E6ABF9D2726FC6A3C5F56271377BB88362213924694B38DD99FE47C48627A1E7D49F5A8BB5E1A74C0A599ED3B0F21F1E56366B89112D681E218F0915D0D6F17AD41FBA2A369DCF6335D62ABBD39779D5DDD1
310
11D4D8DE3CBB96B2E04FB8202E41051754A1AA8E8F76B4C6DFE810B580B1547F4B84911149794252234D024EF8BBE963A95AE27B3D310A9D5C215C7960FAEE415ED75694C6AFB17BCACA5D99A60A9AA65F217B0BFC53292ACB92BF283FAD0D3621576592CB5BED907C2FA8E9DF794E35E97BEA31BED21FEB401ABB94C44839
310
DCACBF0E1C5DA8DA5B2F4DFFD32AD86F543D9E565E7056502E157C00AD2671CD534549AB752FCA9CDA00677A313F04E51B22FF19E57B300579E3C97EB29F682D92935CEC18CF901B7B54FD8C51F362B56FC72FE0B3C1EAE335EDCCBF5AEC39ADB17DC238973F804BA5E6F6BFE7AF1FB32E523BE9F3BD571418E3631DCA4D48
310
5250CF639223210A9446CA30052EDF057BD35F8329C1ECD84552BF0DC8D18BE7BCE23BFE6BD960AB4A7DE79923A103BEBD80F911CBAA2C60DB19B01CF164A5583B772EE6D3FFA56666CBCDA74DC97724A48F9A58967497E489C4D979006FD7A05E227A1EBDD0F737C623387A9C844D3709995625106D157315F8B8392CD4E0
310
A0B9A720C4BE9829CEF37EA1E13111214D53925356365ADA634861B52519DD27A00AEB808EAF0628E6F435519D446F45CF2C9CF5214F0A15B2F6D06B79DA3EE3CBF7F56780D2F4E7EF73A0F5E5B02A38D07DC852C6B7C1FBB6664213E0C39E3EBA7FF4E1AD23EA2829407C85E586727488B751B2DB9502BC7B228A3FD68B6E
310
A65A22397E690AA8D158D7E404EC8CDA235CC3B7D1898680131CEC2CDF2638C65196279577750F15884AEE19F94199155B92B13297978469D4F8D358DF0AEF7631E28DC8F0D9F437D5D39A83B2231A1D52D543813A824EF8D44BCFF2FA6A31BD1E8DAD87F1CCB526B3879935BF59CDADD5C37479BB1CDD4CA7B3556B516589
310
EF352754B706114D9C885EC9131DE6EFEB43D99AFE2391C2F958179413D7CFEF6B1B6DB1E7600F00DE6E5C67454A339A4BA2E0FBA85ED26F045D454F463DBFCE484C2F90F2E5E3666003662ED8F755951A7D1BECD5B30B550B2785C8E7320B7292A4838DDA71BBC863ED7613CAF659337A3354231D4FF4A182A54904C2898C
310
98B28C4AD0CE056CCF332A80986E571EE9DBC305BB5FEB7E509220A58D25CF042D712A806AC0AD0C657FDEF80D2D9CEAA2EE4D1C76F60BFE74219A06527D6F82DF6412526107381E55E353090704D085B52408A8913C4ED159D79BDA71BB4BC506F4831350EB6F975CD22D69BF7AC49B91A2C0A9DDA3D5CA36AD20FC478E37
310
E61844E2352865EBCB61A275A65283CAAA9DD27703B4102F5AF51EF5F573B75CBB5AD38BC845F7A49F82A0966A49C2E3EA5EA0ECD326CD965F1DB402C6FA8B51A4658C5C5E2EC9E214602E55810345408596591009A82E7E7FFACA19EEA299B14A0081A705CB3296EBC14CDF658DCD336EA6D1136881AAEB87B81AB9EE53D5
310
F5EB8BC8362082DA24122F98680A4E7930C01A0079749CEA14382A0783E5EBA5A10F8C098456A03D6A4AEB6BB881E2513747552A5DB22C7EDAF83BD5528081A365F7FF06504B0304140006080000CC70623B000000000000000000000000350000006662782F41393633353835312D344632462D344230382D423046372D37
310
39314545314133324237412F76657274696365732E62696E504B0304140006080800CC70623BF270F1330600000004000000360000006662782F41393633353835312D344632462D344230382D423046372D3739314545314133324237412F747269616E676C65732E62696E636660600000504B0304140006080000CC7062
310
3B000000000000000000000000370000006662782F41393633353835312D344632462D344230382D423046372D3739314545314133324237412F617474726962757465732E62696E504B0304140006080800CC70623B08DA0BD19000000041010000360000006662782F41393633353835312D344632462D344230382D4230
310
46372D3739314545314133324237412F6469726563746F72792E786D6C858F410AC3201045AF22B36F53E9A60B35CBEEBAE80D244E44489C6234F4F835464A48035D0DF398FF9F8AF63D0E6CC63039F212F8F9020C7D47C6792B21C5FE7403D62A1188E2E60C98D7234A5830286103A55745067B9D86B8A3CF9C7F90C11DE6
310
07FB144396D7B6A82D282E9A152AD114D5EF2CB866EEE831B8EEA07A7BB5A8D7D61A2BAAEB7FD5F70921FF497D00504B0304140006080800CC70623BEDD1DC58FD000000A00100003B0000006662782F41393633353835312D344632462D344230382D423046372D3739314545314133324237412F7265736F75726365732F
310
636F72652E786D6C8D504B6E833010BD0A9A6D65B00922041947112427E8052C33A156828DFCA97AFC9A40A576D7CDCCE87D344F8F9FBFE667F689CE6B6B3A6039850C8DB2A336530731DC4903D95970676DF82583CCC8193B5861107C72362E3BA4AC096842428D1D7107A5F7182053CF7474E0D507CE32973124857FE48B
310
540F3961CEF244279DE03EB81420DB9EAC1384436FA353E879B1B182C7A8C75DA3C7F453DF353A1075D537A7BA6464B8F535A99AE14A9A2BBD90E350DD183B5CFABE3AF262350B1EF4FC9351399401471025A527C218A1E53BAB5A5AB765F5469B96525EACF23FA6B88CFF34456DC2A1DCE36E360F82A5202F42F062ED2BAD
310
579969AFDD8A6F504B010214000A0000080000CC70623B3DEE336E79000000790000001B00000000000000000000000000000000006175746F6465736B2D64657369676E2D7061636B6167652E786D6C504B01021400140006080800CC70623BD486FD9CA0000000F40000001300000000000000000000000000B20000005B
310
436F6E74656E745F54797065735D2E786D6C504B01021400140006080800CC70623B853B8169EB0000007C010000080000000000000000000000000083010000636F72652E786D6C504B01021400140006080800CC70623B55019EA25F0000007C000000070000000000000000000000000094020000636E782E786D6C504B
310
01021400140006080800CC70623BDBABAAF470010000D40300000C00000000000000000000000000180300006662782F636F72652E786D6C504B01021400140006080800CC70623B9C113CC27E0000009D0000000B00000000000000000000000000B20400006662782F636E782E786D6C504B01021400140006080800CC70
310
623B7DF2F77C2A010000120200003100000000000000000000000000590500006662782F41393633353835312D344632462D344230382D423046372D3739314545314133324237412F636F72652E786D6C504B01021400140006080800CC70623BAD7543B64E010000330300003000000000000000000000000000D2060000
310
6662782F41393633353835312D344632462D344230382D423046372D3739314545314133324237412F636E782E786D6C504B01021400140006080800CC70623BE75B7789680500003C10000034000000000000000000000000006E0800006662782F41393633353835312D344632462D344230382D423046372D3739314545
310
314133324237412F6F626A656374732E786D6C504B01021400140006080000CC70623B0000000000000000000000003500000000000000000000000000280E00006662782F41393633353835312D344632462D344230382D423046372D3739314545314133324237412F76657274696365732E62696E504B01021400140006
310
080800CC70623BF270F133060000000400000036000000000000000000000000007B0E00006662782F41393633353835312D344632462D344230382D423046372D3739314545314133324237412F747269616E676C65732E62696E504B01021400140006080000CC70623B0000000000000000000000003700000000000000
310
000000000000D50E00006662782F41393633353835312D344632462D344230382D423046372D3739314545314133324237412F617474726962757465732E62696E504B01021400140006080800CC70623B08DA0BD1900000004101000036000000000000000000000000002A0F00006662782F41393633353835312D344632
310
462D344230382D423046372D3739314545314133324237412F6469726563746F72792E786D6C504B01021400140006080800CC70623BEDD1DC58FD000000A00100003B000000000000000000000000000E1000006662782F41393633353835312D344632462D344230382D423046372D3739314545314133324237412F7265
310
736F75726365732F636F72652E786D6C504B0506000000000E000E0080040000641100000000
  0
XRECORD
  5
1F8
102
{ACAD_REACTORS
330
1F7
102
}
330
1F7
100
AcDbXrecord
280
     1
 70
     1
 90
429727718
  1
30362254-06B7-45E0-A893-8CFA70E3D6BC
310
504B03040A0000080000CC70623B3DEE336E79000000790000001B0000006175746F6465736B2D64657369676E2D7061636B6167652E786D6C3C3F786D6C2076657273696F6E3D22312E302220656E636F64696E673D227574662D3822203F3E3C666F726D6174733E3C666F726D61743E687474703A2F2F736368656D612E
310
6175746F6465736B2E636F6D2F64657369676E2D7061636B6167652F323030393C2F666F726D61743E3C2F666F726D6174733E504B0304140006080800CC70623BD486FD9CA0000000F4000000130000005B436F6E74656E745F54797065735D2E786D6C7D8EC10E82300C865F65E91D8A1E8C310C0EEA1BF002731658846E
310
D98AC1B77784ABF1D8FE5FBFBF75BBCE937A534CCEB38643598122B6FEE978D0B0485F9C41B54DDD7D022595594E1A469170414C76A4D9A4D207E29CF43ECE46F218070CC6BECC4078ACAA135ACF422C856C0E68EA1BF5669944DDD7BCDE7B1F8E415D77AECB980613C2E4AC91FC167A2B244592486606FC29C8FD7F045B9A
310
EF7053A7E60B504B0304140006080800CC70623B1EC5D7A3EB0000007C01000008000000636F72652E786D6C8D90416EC3201045AF82665B6103C6756C6122AB4D4ED00B204C5C94182C03558F5F9C3852BBEB6A467FFE9B197D71FC9E6FE8CBACC17AD7032D0820E3B41FAD9B7A48F1820F808E52ACDEC75F36404ECDA687
310
4D0629A6D5A76597B477D1B89855E747B38B2A041301E95B6E7A08FAD3CCAA50296647B8168BD2573599823EBB0CA76447F43862C7BCCF5EAC59410E4DDD9C7973C2755553CCCFA4C603E3040F1565ED3B1FDE4E432BCA0D9622DAF9795FAF464533826484B498524CD807E51D79ED187F21878E10516EF63F505AC67F42C9
310
BA58B1FDDD071640D2FCC87D2045B96591CB3DA85CB7DCE40F504B0304140006080800CC70623B55019EA25F0000007C00000007000000636E782E786D6C4DCB3B0E80201045D1AD90E915ED2CF8AC45050C11660C8261F98AB1B07AC9C97D42D718D865D3E909258CFD00CCE24AC6E326A164D74DC0B4128928FF32603847
310
2BA13128B1252AC747C6BAB984FC68F0B87FE8960A5C09FE86CFB69FBA01504B0304140006080800CC70623B8C9102E971010000D40300000C0000006662782F636F72652E786D6CC5535B6E833010BC8AE5DF0A6C08340F1947A84D4ED00B38C6A128602363A31CBFCB234A53A551FA553EC09AD9F5CE8C31DB9E9B1AF5CA
310
7695D1198E428A91D2D214952E33ECDD315861B4E5CC1AE3BE9561A445A3323CC098B3D21ADFCE9034DA29ED00D5A6503328BA4E398C640D8B0C77F253352214DE4145770A5B214FA2546114020D759C75CE8200340D19DE981F0F6746269C33EFAB6266AB02A655C74A59CCF365BADC27CB5D902ED22848F6340DF238A141
310
BE88E2F57B92BFEDF23523433367AE6A2EEAA455C2A902F398D2751045018D3FA264435F3771F242571B4A1919CA6F9A7C5B3CD9E42BED16F12C776AEB308F40C848FC700B1139D4891EF410CEC810227CC6846F8386402064270EF5C5C709A05E49676C024C61FC95EA45ED154CA5211D1FF4FB8291A913A68E9B83EBBB33
310
E2A7673CDE118E5AE8124C0807CB8377834E366998436B950D7A7746DAD846D4CFD978E0F04FD455FC5D49D2D4C6FE9722321F10997F0F32DC47FE05504B0304140006080800CC70623BFFEA85907E0000009D0000000B0000006662782F636E782E786D6C4DCCD10A83201886E15B91FFDC95D95A811AB6F23E625948A6C3
310
E9D8E5AF46073BFAE0E1E365ED67B3E8ADC3CB78C7815C7240DA3DFC64DCC221C519D7805AC182F7F1EF06C88D9BE6703008B6049F9E274D7A1E938DBB5AE3D6131B2589BA0D3D965551E0B2EA732C9B9A624AAEB41E3A557677029960D9AFB4EF11165F504B0304140006080800CC70623B4FEEA4082C0100001202000031
310
0000006662782F39464131463745442D413632322D343644302D413938332D3331353338454246344243312F636F72652E786D6C8D515B6EC32010BC0AE2AB55850DD871ED0813254D72825EC00192A2C460F1A872FC42ED48ED5F7E00CDCECCCEB26C731F6FE05B39AFADE921293004CA082BB5B9F43086336A21D870E6AC
310
0D7F68109861543DCC30E4ECE26C9C164858139409093556AA051CBC570102714B8F1E7AF1A5C6A11862480C7F2DA6415C878B2A4891CA89C7990F2E050073937C42DE1DB7E4F87ED8A36D4329AA9B3D46DBAEAD504556557BD81DEBDD0761E52CE42C462D17B996298E3E6BE59E35C962CE821E1FF18553435012728A7187
310
0841987E927A8D9B35ADDF70BBC6989599FE4F1427F9A4286A132ABAC49D651EF234CD5CE04CDA78BA3DC2A8FB645D00B9DF8B57E215725C60BCA2A463E54C4CE327C7A65E1C7DB02E7DEFCBF594B864C5CA6CDBD49C957943E9FA5D5FBAF336F90F504B0304140006080800CC70623BAD7543B64E01000033030000300000
310
006662782F39464131463745442D413632322D343644302D413938332D3331353338454246344243312F636E782E786D6CD593CD6EC32010845F0571AD6CE3D48AD20813A9873E410FBD12D82434182C7EAAE6EDBB2424CD25871E7B41D6EC30B3FA84F9E67BB2E40B4234DE8DB46F1925E094D7C6ED479AD3AE5951B2113C
310
789FEE6C943839C1488B4C05DF079FE72A69D8C96C13AAD6B8631503449F83828872B949AC57D26200B826A308D316B4064D6E46FCDA41C05550DC9E483A00797BFD207EFB092A45DE9514C1BBD22178396BD39D891265658C238DEA00936C654E5E433CB65A26D9F6EDB5EBC14EBF49A45CB856E66048291F6939A9A81BB5
310
C8917738143CA680F4AA299D66A042CEB3354A2684DC9D8D178FE0D9B8B41CAAD720F880EE7EF93C0C18769E099ECC04D5A102C8049A8A05632F4DDF376CF1DE0F6BB65C2F8627B65A33C6BB62177CEBBDAD973006829F89F22E814B54F4BC2BE347F8AA8F681390B50FA73F804400B5F542E796F19FF974E7F78DB802FE05
310
E207504B0304140006080800CC70623B16AB87BA640500003C100000340000006662782F39464131463745442D413632322D343644302D413938332D3331353338454246344243312F6F626A656374732E786D6CAD575B6FA33818FD2B887DE6924B3BED8A326A92B68A663B534DD4D13E548A0C38942D60649B369D5FBFC7
310
600890A493BDE42160637FD7F31D7FF63E6FB3D478A55C242CBF3247B66B1A340F5994E4F19559CA8D75611A9F7D8F33263BCB4C232719BD32D5B4E97B316765A1A722BA21652A07B3B7B33F0D11D29C9A46981221AE4C113ED38CD8A4942CA2E2C58E882476BCD9DA23BB5ED8171B73523C0F841684D35CC252CCE79062D4
310
468DFA43D7747CCF51DF7D4FFDEB5593E3AB9CCA9FBEFE241792E4E19EB28198C968BAB8199F5D5A67D3E9C49A9E8F47D6EC76B6B0469F26EEFC7C3EBFBCBEB98462213924694B38DD98FE1D62C393D073EA4FADC5DAF04326852CCF6958F90F0F2B9BB5C48816348F90C7840A68EB78EDF68723159BCEE7891A6B95DDE9D3
310
BCEAEEE8086A6C6F9E5D4B59F0175C10A7A0820BAA5055C7473B5AE3CFDD452D602CD5DF12616444529E90D448938013FE6EFA58AA96F85E4F8C42275708571E98FE6827AF6B2B4AE3D7D83D64E5A64C53054DD3AF90BD06FEA9149565C94FCA0F6B834DC85599E4F2423B24DF0B6AFA979E534DFA9E7A4CC6FA631D486393
310
921829879BF5D781A373557BCB85E97FB90DB62B558F8795179C15944B051F40AB495CF35451D26A4727654E6D8033BD98EF82F21D91FF8AF2DD9982BCF1643BDD4EB516C9492E368C67C88DED563FC36D5EACF66DFF057C3658BDBFA69DF9578B3DA735B64F18C7F20770A9D45CFCF7FCF563D6456A277DBEF78A02637CA2
310
43B90A490AEAB94F72244481D24819A6C0E59B606BFA4B3025981DBB48EAB701D97BF19C577CC77F2D1B6C55A9EF3C732474C0B727303F625995056C3B02963D9EAC146BE78EC5FCEC7FA999EBC5EACBAAE41B12D27B4D2C0BBA49F244E2ECDC81B76B502F113D8F5EE8FB1BE3111CDD4FC2AA9B844CAB1288B68AB90A7CDC
310
1C166AB0D3DC5310625FCC14E779BFD0709F8890A629C9292B1B2DED31A4B0DA928CEE135085754027E3018A397D4D5427D15BD1330B677DC8934285AC3DF45A9EB68FF8F2B8FC0A509AFEECFD0FF2DE25CC6047F7214B195F07EFEB9A094D800F7BFAE8FED187B78EA8A3A400F115961BCAD1215E47C966530AF0EE8128FE
310
58CEBB996A8964FFA529A046635D9353B0336A8F700DDF46271A024E70B0B37C9DE01847591E54DED53D54202AB947E4076556AC49C6CA5C9E1226B7F1A7B1BE15DEED62C41B91E1B3E9AFAAA735036547343A925075041DF0A9979E893B391F8FCFA6967B3EFB644DCF6E5CEBFAE272625DCC6FAF3FB93793C5F90CE1EF57
310
407342756B10D1C489E8953CD1617E5CEECAD6F4EF8914CE5D5D504E5C3F1F9736DA62CFC11E00BCDDB8CC8A9466349744C1F75EBDA4DF09BA8A9E8C7A7E9991989E20E5DBDD6A6003664ED8F7A04A8DBE0DF6EAD9B9AA858342E47399053949D2C146EDB85DE4B176BB0965FBAC19BD19AA918E27FA50C1D22402E144464C
310
59462568E704B6E71915404CB72B8FF4EDE184DDAF753F284990D2C6926782963815403548A70C657FDEF80D2D9CEAA2AE4C1C76F60BFE74219A06527D6582DF6412526107381E55E353090704D085B52408D0933C4ED159D79BDA71BB4BC506F4831350EB6F979CD22D69BF7AC49B91A2C0A9DDA3D5CA36AD20FC478E37E6
310
1844E2352865EBCB6EA275A652E3836BE04EFB400BF1A2556F515F1FBB35B2AB35BD889C744FFA1004B5544B121E57F70215746DD2F5E2C1412B602CBF19455AC6C8E5E9922C4E01E65215385004546899059180EAFCF7A707CE7017CD8CDB0410789AB32C63B91E5CEBBBACB17AC6CD347A022D5075FD106377347AAABA7E
310
7D11590744509B44E205134DC1290F06580320F78E537D3D73540E06CB970B431F185308AD40BBD794D6D77003C5A36E8EAA54BA64597CD8F83BD552A080A365F7FF06504B0304140006080000CC70623B000000000000000000000000350000006662782F39464131463745442D413632322D343644302D413938332D3331
310
353338454246344243312F76657274696365732E62696E504B0304140006080800CC70623BF270F1330600000004000000360000006662782F39464131463745442D413632322D343644302D413938332D3331353338454246344243312F747269616E676C65732E62696E636660600000504B0304140006080000CC70623B
310
000000000000000000000000370000006662782F39464131463745442D413632322D343644302D413938332D3331353338454246344243312F617474726962757465732E62696E504B0304140006080800CC70623B08DA0BD19000000041010000360000006662782F39464131463745442D413632322D343644302D413938
310
332D3331353338454246344243312F6469726563746F72792E786D6C858F410AC3201045AF22B36F53E9A60B35CBEEBAE80D244E44489C6234F4F835464A48035D0DF398FF9F8AF63D0E6CC63039F212F8F9020C7D47C6792B21C5FE7403D62A1188E2E60C98D7234A5830286103A55745067B9D86B8A3CF9C7F90C11DE607
310
FB144396D7B6A82D282E9A152AD114D5EF2CB866EEE831B8EEA07A7BB5A8D7D61A2BAAEB7FD5F70921FF497D00504B0304140006080800CC70623B0D6EF93BFE000000A00100003B0000006662782F39464131463745442D413632322D343644302D413938332D3331353338454246344243312F7265736F75726365732F63
310
6F72652E786D6C8D50596E833010BD0A9ADFCA60B334011947A8694ED00B586642AC041B79A97AFC9A40A5F6AF3F33A3B7689E1E3F7DCD8FEC139DD7D6F4C0720A191A65476DA61E62B892236427C19DB5E1970C322367EC618541F0C9D9B8EC90B226A009093576C41D94DE63804C3DD2D18357379C652E63480A7FCF17A9
310
EE72C29CE5894E3AC17D702940B63D59270887DE46A7D0F36263058F518FBB468FE9A7BE6A7420864373B8D4873369AA8691FA421B3294352543C5CAF65C0F6FEF43CB8BD52C78D0F34F46E550061C419494B6843142CB0F5677F4B52BEB177AEC28E5C52AFF638ACBF84F53D42654E51E77B379102C05791282176B5F693D
310
CB4C7BED567C03504B010214000A0000080000CC70623B3DEE336E79000000790000001B00000000000000000000000000000000006175746F6465736B2D64657369676E2D7061636B6167652E786D6C504B01021400140006080800CC70623BD486FD9CA0000000F40000001300000000000000000000000000B20000005B
310
436F6E74656E745F54797065735D2E786D6C504B01021400140006080800CC70623B1EC5D7A3EB0000007C010000080000000000000000000000000083010000636F72652E786D6C504B01021400140006080800CC70623B55019EA25F0000007C000000070000000000000000000000000094020000636E782E786D6C504B
310
01021400140006080800CC70623B8C9102E971010000D40300000C00000000000000000000000000180300006662782F636F72652E786D6C504B01021400140006080800CC70623BFFEA85907E0000009D0000000B00000000000000000000000000B30400006662782F636E782E786D6C504B01021400140006080800CC70
310
623B4FEEA4082C0100001202000031000000000000000000000000005A0500006662782F39464131463745442D413632322D343644302D413938332D3331353338454246344243312F636F72652E786D6C504B01021400140006080800CC70623BAD7543B64E010000330300003000000000000000000000000000D5060000
310
6662782F39464131463745442D413632322D343644302D413938332D3331353338454246344243312F636E782E786D6C504B01021400140006080800CC70623B16AB87BA640500003C1000003400000000000000000000000000710800006662782F39464131463745442D413632322D343644302D413938332D3331353338
310
454246344243312F6F626A656374732E786D6C504B01021400140006080000CC70623B0000000000000000000000003500000000000000000000000000270E00006662782F39464131463745442D413632322D343644302D413938332D3331353338454246344243312F76657274696365732E62696E504B01021400140006
310
080800CC70623BF270F133060000000400000036000000000000000000000000007A0E00006662782F39464131463745442D413632322D343644302D413938332D3331353338454246344243312F747269616E676C65732E62696E504B01021400140006080000CC70623B0000000000000000000000003700000000000000
310
000000000000D40E00006662782F39464131463745442D413632322D343644302D413938332D3331353338454246344243312F617474726962757465732E62696E504B01021400140006080800CC70623B08DA0BD190000000410100003600000000000000000000000000290F00006662782F39464131463745442D413632
310
322D343644302D413938332D3331353338454246344243312F6469726563746F72792E786D6C504B01021400140006080800CC70623B0D6EF93BFE000000A00100003B000000000000000000000000000D1000006662782F39464131463745442D413632322D343644302D413938332D3331353338454246344243312F7265
310
736F75726365732F636F72652E786D6C504B0506000000000E000E0080040000641100000000
  0
XRECORD
  5
175
102
{ACAD_REACTORS
330
173
102
}
330
173
100
AcDbXrecord
280
     1
270
     1
271
     1
  0
XRECORD
  5
174
102
{ACAD_REACTORS
330
173
102
}
330
173
100
AcDbXrecord
280
     1
270
     1
271
     1
  0
XRECORD
  5
1FB
102
{ACAD_REACTORS
330
173
102
}
330
173
100
AcDbXrecord
280
     1
 70
     0
 90
1673772943
  1
ECE7A1D2-D628-4531-984C-D00F80459256
310
504B03040A0000080000CC70623B3DEE336E79000000790000001B0000006175746F6465736B2D64657369676E2D7061636B6167652E786D6C3C3F786D6C2076657273696F6E3D22312E302220656E636F64696E673D227574662D3822203F3E3C666F726D6174733E3C666F726D61743E687474703A2F2F736368656D612E
310
6175746F6465736B2E636F6D2F64657369676E2D7061636B6167652F323030393C2F666F726D61743E3C2F666F726D6174733E504B0304140006080800CC70623BD486FD9CA0000000F4000000130000005B436F6E74656E745F54797065735D2E786D6C7D8EC10E82300C865F65E91D8A1E8C310C0EEA1BF002731658846E
310
D98AC1B77784ABF1D8FE5FBFBF75BBCE937A534CCEB38643598122B6FEE978D0B0485F9C41B54DDD7D022595594E1A469170414C76A4D9A4D207E29CF43ECE46F218070CC6BECC4078ACAA135ACF422C856C0E68EA1BF5669944DDD7BCDE7B1F8E415D77AECB980613C2E4AC91FC167A2B244592486606FC29C8FD7F045B9A
310
EF7053A7E60B504B0304140006080800CC70623BD9DDAED0EC0000007C01000008000000636F72652E786D6C8D90416EC3201045AF82665B61836D9CD8C2444DD39CA01740405C94182C03558F5F9C3852BBEB6A467FFE9B197D7EF89E6EE8CB2CC17A37002D0820E394D7D68D03A478C17B4007C117EFE32F1B20272733C0
310
2A83E0E3E2D3BC49CABB685CCCAAF3DA6CA20CC14440EA969B0182FA34932C648AD911AEC52CD5558EA6A0CF2EC329598D1E47ACCEFBECC59A050463A7EA5833865FEBDD0E37353BE3EE8DBDE3F6786A48D375FBF6CC78B9C282473B3DEFABC5C86834888A900E538A49F5419B9EB47DD5BC907D4F082F57FB1F28CDFA9F50
310
B22ED6D5F6EE030B20687EE43E10BC5CB3C8E51E54AE6B6EE207504B0304140006080800CC70623B55019EA25F0000007C00000007000000636E782E786D6C4DCB3B0E80201045D1AD90E915ED2CF8AC45050C11660C8261F98AB1B07AC9C97D42D718D865D3E909258CFD00CCE24AC6E326A164D74DC0B4128928FF326038
310
472BA13128B1252AC747C6BAB984FC68F0B87FE8960A5C09FE86CFB69FBA01504B0304140006080800CC70623BA24EB22D72010000D40300000C0000006662782F636F72652E786D6CC5535B6E833010BC8AE5DF0A6C5E49888CA3A6694ED00B38E05014B091B1518EDFE511A5A9D228FD2A1F60CDEC7A67C6986DCE4D8D7A
310
69BA4AAB0C073EC548AA5C17952A33ECECD15B61B4E1CC686DBF9561A44423333CC098B3D268D7CE50AE9595CA02AA74216750749DB418E5352C32DCE59FB211BE70162ABA93DF8AFC244AE9073ED050C759670D0840D390E18DF9F1706664C23973AE2A66B62A605A75ACA4C13C4976E1364A12EF355A2EBD384AF65EFA96
310
BC7B8BED2EA6719AAE16FB8491A199335B351775B991C2CA02F390D2D40B028F861F41BCA68B7518BFD0D59A524686F29B26D7164F36B94AD9289CE54E6D1DE6010819891F6E21228B3AD1831EC219194284CF98F06DD01008846CC5A1BEF83801D4CBDC6A1303536877A57A513B0953A94FC707FDBE6064EA84A9E3E6E0FA
310
EE8CF0E9198F7784A316AA0413C2C2F2E0ECA0934D1AE6D05A69BCDE9E91D2A611F573361E38FC1375157F5752AE6B6DFE4B11990F88CCBF0719EE23FF02504B0304140006080800CC70623B408A7D3B7C0000009D0000000B0000006662782F636E782E786D6C4DCCD10A83201886E15B91FFDC552A92A0064DBC8F581632
310
D3703A76F9ABD1C18E3E78F878E5F0D9027ABBFCF2292AE86E2D20171F69F6715550CB827B40839639A5F2770314A7CD293819B45C73AAFB45B35BA61ACAA1C1C7E7855C58C15BC331339661262CC762340413D68D77DA5B42298546CBE6573AF60CEB2F504B0304140006080800CC70623B449FB9BD290100001202000031
310
0000006662782F36394639363044362D344446342D343946362D394244322D3234314243333846323333332F636F72652E786D6C8D515B6EC32010BC0AE22B55850D98B871848994463E412FE002495162B07854397EA176A4F62F3F2C9A9D991D587EB84F37F0AD7D30CEF6905418026DA553C65E7A98E219ED203808EE9D
310
8B7F6810D871D23D2C3014FCE25D9A57483A1BB58D19B54EE9151C43D0110279CB971E06F9A5A7B11A53CC8C70ADE6515EC78BAE4895DB992778883E0700CB907242D17643D7E2538BD869608875438BBAE38922CAC8F1BDD90DB4691A5E2F42C153326A951B95E398B3D1FE599322163C9AE9115F7A3D46ADA0A018778810
310
84E907617BDCEE297BC5BB3DC6BC2EF47FA234AB2745C9D8D8D035EE220B50105E2F0DC1954B9FB747187D9F9D8FA0CCDB042D5FA0C015C65B42DF78BD10F3F3B363CB56C7109DCFDFBBB97E662ED92EB62D13BC2E1BCAE5777DB9966D8A1F504B0304140006080800CC70623BAD7543B64E01000033030000300000006662
310
782F36394639363044362D344446342D343946362D394244322D3234314243333846323333332F636E782E786D6CD593CD6EC32010845F0571AD6CE3D48AD20813A9873E410FBD12D82434182C7EAAE6EDBB2424CD25871E7B41D6EC30B3FA84F9E67BB2E40B4234DE8DB46F1925E094D7C6ED479AD3AE5951B2113C789FEE
310
6C943839C1488B4C05DF079FE72A69D8C96C13AAD6B8631503449F83828872B949AC57D26200B826A308D316B4064D6E46FCDA41C05550DC9E483A00797BFD207EFB092A45DE9514C1BBD22178396BD39D891265658C238DEA00936C654E5E433CB65A26D9F6EDB5EBC14EBF49A45CB856E66048291F6939A9A81BB5C89177
310
38143CA680F4AA299D66A042CEB3354A2684DC9D8D178FE0D9B8B41CAAD720F880EE7EF93C0C18769E099ECC04D5A102C8049A8A05632F4DDF376CF1DE0F6BB65C2F8627B65A33C6BB62177CEBBDAD973006829F89F22E814B54F4BC2BE347F8AA8F681390B50FA73F804400B5F542E796F19FF974E7F78DB802FE05E20750
310
4B0304140006080800CC70623B8D05915C650500003B100000340000006662782F36394639363044362D344446342D343946362D394244322D3234314243333846323333332F6F626A656374732E786D6CAD575B6FA33814FE2B887D06429276DA1565D4266D158D3A339A6846FB502932E050B66023DB74D2FDF5FB190C01
310
9276B2973C046C8ECFF53B17071F77456EBD502133CEAE6CDF9DD81665314F32965ED995DA3A17B6F5310C04E7AA47665B8C14F4CAD6DB7618A48257A5D94AE89654B91AEDDEDDFC61C998326A5B714EA4BCB265FC440BE2924AF184CA6737218AB8E976E7FA6E4338649B0A523E8D98964450A6A029F619B8588D52FE7039
310
B1BD30F0F4F730D0FF866AF6369557DB33949F31A9088B0F848DD8CCFCF9F2767A76E99CCDE733677E3EF59D9BBB9BA5E37F984D16E78BC5E5F5ED25044B25C0C96822E8D60EEFE11B91C581D77CEA34368A1F5329E68CD1B8B61F16D63A1B8E092D294B10C78C4A48EB593D192E7DED9BDEE7995E1B91FDEDD3ACEA9FE831
310
6A756F9F7D4D79F4274C90A7A04248AA51D5F8C718DAE06FB2F75AC4796EBE65D22A88A22223B995679120E2D50E41AA49C260C046A35368846B0BECD0DFF3EBEB8AD4F835768F69B9ADF25C43D30E6B646F807FAA64AD59F61715C7A54127C4AACA98BA3006A9D792DAE165E0D59B61A01FB3A9F9D838D2DAE62445C86166
310
F37564E842E7DE6A69879FEEA2DD5AE7E371E1A5E025154AC307D06A03D73EB5978C58FFA4C8E9033066E0F3BD53BEC1F39F91BE7B55103791EDE6BBB991A2046172CB4581D8B893FA674DDA17A77B3B7C413D1B511FD2743BFF8A38F03A658705E3ADF8015C3A3417FF3D7E439FF591DA0B5F18BC20C1B8981957AE6392A3
310
F43C640C01D1A0B4728E2DD4F26DB4B3C3152A252A3B4E913CEC1C72F012782FF88EFF8637AA552DBEF76408E8A8DE9E50F9E1CB3A2DA0DB1B6039A893B56063DC5B3E3FFB5F72E67AB9FEB4AEC496C4F4C1149625DD662C53E89D7BF0F6151A046260D1337DFDC94502430F83B0EE07A130A224BCAD7DAE1D9FB6CD422FF6
310
920702629C4BB9AE79C12F243C6432A6794E18E5552BA56B431AAB5D91317302B2B071E86C3A42B1A02F999E24061403B5D0EB639195DA655DD3EBEAB4FB862DDF579F014AD0E73C22F99E28DA57FB98E75C6CA2D74D53086D600F4786E0FE3144B771A8A7B900F03594DB8A633CBC49B2EDB69228BB479CF863B5E807AAAB
310
23872F6DFEB4129B949CA33823F58830E86D65621E10047D9DB34D862E8EAC3C2ABC2F7B2C40D67CDFE01F5545B92105AF983AC54D93D69E56FB8E797F88913F898A9FEC705D3F9D1B54EC8426FB500D40A03BD0119B06E1B95DDC7EB8F6975367793EBD70E66733DFB9BC982F9CE564727731999F5D4ECFCE3B8D6A4DC2A0
310
6D50FD148437D110834A64C6CDDF57FBACB5C307A2A477DFE4939736CFEF2B175371E0E10CF0DD1D5C15654E0BCA14D1E87DD02FF93782A162C0A3D95F1524A52770F972BF1EE9809D13CE7DD599467F8ECE9ADD85CE85A34CD45355448C64F9E8A031DC2D596ACC6E5DD93D9B82DE2EF5CAF81363A8E47996A0DE24564A79
310
4115AACE09C55E14540231FDA13C319787134EBF34E3A022514E5B4D9E0826E25C02D5805B15ABE1BEF51B26383D445DD9E875EE33FE4C22DA16427D65A3BCA92CA6D28DD01DF5DC53330704308475351050232CCD31583787BA75774AFB06E5070DD0C8EF484E19968C5D83BA5B90B244D31E54D55A372320FE4786B7EA58
310
44E135AA5467CB7EA333A61683CC6A8C3257034C10CF46F40EF9F5BE59BE5BD30C3C72D235E95D10345C1D45445A5F0BB47E46A5EBE5570F9380B5FA629579952296A773720405982B9DE04011506178964401AA8BDF1FBF0A8EAB6861DD6580C0E38217056766716DAEB2D6FA0917D3E4116581EADB879C4E7CFFB11EFACD
310
3D641311495D92C8676CB409A72D18610D803CE8A626049E8EC1887CB5B44CC39883690DDA8399B4B9855B481E7D71D4A9D22F96E5BB73BF5793020C02137BF837504B0304140006080000CC70623B000000000000000000000000350000006662782F36394639363044362D344446342D343946362D394244322D32343142
310
43333846323333332F76657274696365732E62696E504B0304140006080800CC70623BF270F1330600000004000000360000006662782F36394639363044362D344446342D343946362D394244322D3234314243333846323333332F747269616E676C65732E62696E636660600000504B0304140006080000CC70623B0000
310
00000000000000000000370000006662782F36394639363044362D344446342D343946362D394244322D3234314243333846323333332F617474726962757465732E62696E504B0304140006080800CC70623B08DA0BD19000000041010000360000006662782F36394639363044362D344446342D343946362D394244322D
310
3234314243333846323333332F6469726563746F72792E786D6C858F410AC3201045AF22B36F53E9A60B35CBEEBAE80D244E44489C6234F4F835464A48035D0DF398FF9F8AF63D0E6CC63039F212F8F9020C7D47C6792B21C5FE7403D62A1188E2E60C98D7234A5830286103A55745067B9D86B8A3CF9C7F90C11DE607FB14
310
4396D7B6A82D282E9A152AD114D5EF2CB866EEE831B8EEA07A7BB5A8D7D61A2BAAEB7FD5F70921FF497D00504B0304140006080800CC70623BCA768048FE000000A00100003B0000006662782F36394639363044362D344446342D343946362D394244322D3234314243333846323333332F7265736F75726365732F636F72
310
652E786D6C8D50596E833010BD0A9ADFCA60D600328E9AA639412F609909B1126CE4A5EAF16B0295DABFFECC8CDEA2797AECF8353F924FB44E193D409E5248504B332A3D0D10FC95B4901C39B3C6F85F3248B49871801506CE266BC2B243D2688FDA47549B11775038871E12F988C7004EDE7016A9083E2ADC3D5D84BC8B09
310
D33C8D74D471E6BC8D0192EDC93A815B742658898E651BCB59086ADC356A8C3FD555A1055ED7E7E254D615792D0F075295F585746FF53B694EE78A565DD736979A65AB9933AFE69F8CD2A2F038022F28ED489E135A7CE4554F9BBEA85E68DB53CAB255FEC71496F19FA6A0B42F8B3DEE6673C0F318E4497096AD7DC5F52C33
310
EEB55BFE0D504B010214000A0000080000CC70623B3DEE336E79000000790000001B00000000000000000000000000000000006175746F6465736B2D64657369676E2D7061636B6167652E786D6C504B01021400140006080800CC70623BD486FD9CA0000000F40000001300000000000000000000000000B20000005B436F
310
6E74656E745F54797065735D2E786D6C504B01021400140006080800CC70623BD9DDAED0EC0000007C010000080000000000000000000000000083010000636F72652E786D6C504B01021400140006080800CC70623B55019EA25F0000007C000000070000000000000000000000000095020000636E782E786D6C504B0102
310
1400140006080800CC70623BA24EB22D72010000D40300000C00000000000000000000000000190300006662782F636F72652E786D6C504B01021400140006080800CC70623B408A7D3B7C0000009D0000000B00000000000000000000000000B50400006662782F636E782E786D6C504B01021400140006080800CC70623B
310
449FB9BD290100001202000031000000000000000000000000005A0500006662782F36394639363044362D344446342D343946362D394244322D3234314243333846323333332F636F72652E786D6C504B01021400140006080800CC70623BAD7543B64E010000330300003000000000000000000000000000D20600006662
310
782F36394639363044362D344446342D343946362D394244322D3234314243333846323333332F636E782E786D6C504B01021400140006080800CC70623B8D05915C650500003B10000034000000000000000000000000006E0800006662782F36394639363044362D344446342D343946362D394244322D32343142433338
310
46323333332F6F626A656374732E786D6C504B01021400140006080000CC70623B0000000000000000000000003500000000000000000000000000250E00006662782F36394639363044362D344446342D343946362D394244322D3234314243333846323333332F76657274696365732E62696E504B010214001400060808
310
00CC70623BF270F13306000000040000003600000000000000000000000000780E00006662782F36394639363044362D344446342D343946362D394244322D3234314243333846323333332F747269616E676C65732E62696E504B01021400140006080000CC70623B00000000000000000000000037000000000000000000
310
00000000D20E00006662782F36394639363044362D344446342D343946362D394244322D3234314243333846323333332F617474726962757465732E62696E504B01021400140006080800CC70623B08DA0BD190000000410100003600000000000000000000000000270F00006662782F36394639363044362D344446342D
310
343946362D394244322D3234314243333846323333332F6469726563746F72792E786D6C504B01021400140006080800CC70623BCA768048FE000000A00100003B000000000000000000000000000B1000006662782F36394639363044362D344446342D343946362D394244322D3234314243333846323333332F7265736F
310
75726365732F636F72652E786D6C504B0506000000000E000E0080040000621100000000
  0
XRECORD
  5
176
102
{ACAD_REACTORS
330
173
102
}
330
173
100
AcDbXrecord
280
     1
270
     1
271
     1
  0
XRECORD
  5
177
102
{ACAD_REACTORS
330
173
102
}
330
173
100
AcDbXrecord
280
     1
270
     1
271
     1
  0
XRECORD
  5
2B6
102
{ACAD_REACTORS
330
234
102
}
330
234
100
AcDbXrecord
280
     1
102
DISPLAYNAME
  1
Metric50
102
FLAGS
 90
        0
  0
CELLSTYLEMAP
  5
27C
102
{ACAD_REACTORS
330
162
102
}
330
162
100
AcDbCellStyleMap
 90
        3
300
CELLSTYLE
  1
TABLEFORMAT_BEGIN
 90
        5
170
     1
 91
        0
 92
    32768
 62
   257
 93
        1
300
CONTENTFORMAT
  1
CONTENTFORMAT_BEGIN
 90
        0
 91
        0
 92
      512
 93
        0
300

 40
0.0
140
1.0
 94
        5
 62
     0
340
11
144
6.0
309
CONTENTFORMAT_END
171
     1
301
MARGIN
  1
CELLMARGIN_BEGIN
 40
1.5
 40
1.5
 40
1.5
 40
1.5
 40
4.5
 40
4.5
309
CELLMARGIN_END
 94
        6
 95
        1
302
GRIDFORMAT
  1
GRIDFORMAT_BEGIN
 90
        0
 91
        1
 62
     0
 92
       -2
340
14
 93
        0
 40
1.125
309
GRIDFORMAT_END
 95
        2
302
GRIDFORMAT
  1
GRIDFORMAT_BEGIN
 90
        0
 91
        1
 62
     0
 92
       -2
340
14
 93
        0
 40
1.125
309
GRIDFORMAT_END
 95
        4
302
GRIDFORMAT
  1
GRIDFORMAT_BEGIN
 90
        0
 91
        1
 62
     0
 92
       -2
340
14
 93
        0
 40
1.125
309
GRIDFORMAT_END
 95
        8
302
GRIDFORMAT
  1
GRIDFORMAT_BEGIN
 90
        0
 91
        1
 62
     0
 92
       -2
340
14
 93
        0
 40
1.125
309
GRIDFORMAT_END
 95
       16
302
GRIDFORMAT
  1
GRIDFORMAT_BEGIN
 90
        0
 91
        1
 62
     0
 92
       -2
340
14
 93
        0
 40
1.125
309
GRIDFORMAT_END
 95
       32
302
GRIDFORMAT
  1
GRIDFORMAT_BEGIN
 90
        0
 91
        1
 62
     0
 92
       -2
340
14
 93
        0
 40
1.125
309
GRIDFORMAT_END
309
TABLEFORMAT_END
  1
CELLSTYLE_BEGIN
 90
        1
 91
        1
300
_TITLE
309
CELLSTYLE_END
300
CELLSTYLE
  1
TABLEFORMAT_BEGIN
 90
        5
170
     1
 91
        0
 92
        0
 62
   257
 93
        1
300
CONTENTFORMAT
  1
CONTENTFORMAT_BEGIN
 90
        0
 91
        0
 92
      512
 93
        0
300

 40
0.0
140
1.0
 94
        5
 62
     0
340
11
144
4.5
309
CONTENTFORMAT_END
171
     1
301
MARGIN
  1
CELLMARGIN_BEGIN
 40
1.5
 40
1.5
 40
1.5
 40
1.5
 40
4.5
 40
4.5
309
CELLMARGIN_END
 94
        6
 95
        1
302
GRIDFORMAT
  1
GRIDFORMAT_BEGIN
 90
        0
 91
        1
 62
     0
 92
       -2
340
14
 93
        0
 40
1.125
309
GRIDFORMAT_END
 95
        2
302
GRIDFORMAT
  1
GRIDFORMAT_BEGIN
 90
        0
 91
        1
 62
     0
 92
       -2
340
14
 93
        0
 40
1.125
309
GRIDFORMAT_END
 95
        4
302
GRIDFORMAT
  1
GRIDFORMAT_BEGIN
 90
        0
 91
        1
 62
     0
 92
       -2
340
14
 93
        0
 40
1.125
309
GRIDFORMAT_END
 95
        8
302
GRIDFORMAT
  1
GRIDFORMAT_BEGIN
 90
        0
 91
        1
 62
     0
 92
       -2
340
14
 93
        0
 40
1.125
309
GRIDFORMAT_END
 95
       16
302
GRIDFORMAT
  1
GRIDFORMAT_BEGIN
 90
        0
 91
        1
 62
     0
 92
       -2
340
14
 93
        0
 40
1.125
309
GRIDFORMAT_END
 95
       32
302
GRIDFORMAT
  1
GRIDFORMAT_BEGIN
 90
        0
 91
        1
 62
     0
 92
       -2
340
14
 93
        0
 40
1.125
309
GRIDFORMAT_END
309
TABLEFORMAT_END
  1
CELLSTYLE_BEGIN
 90
        2
 91
        1
300
_HEADER
309
CELLSTYLE_END
300
CELLSTYLE
  1
TABLEFORMAT_BEGIN
 90
        5
170
     1
 91
        0
 92
        0
 62
   257
 93
        1
300
CONTENTFORMAT
  1
CONTENTFORMAT_BEGIN
 90
        0
 91
        0
 92
      512
 93
        0
300

 40
0.0
140
1.0
 94
        2
 62
     0
340
11
144
4.5
309
CONTENTFORMAT_END
171
     1
301
MARGIN
  1
CELLMARGIN_BEGIN
 40
1.5
 40
1.5
 40
1.5
 40
1.5
 40
4.5
 40
4.5
309
CELLMARGIN_END
 94
        6
 95
        1
302
GRIDFORMAT
  1
GRIDFORMAT_BEGIN
 90
        0
 91
        1
 62
     0
 92
       -2
340
14
 93
        0
 40
1.125
309
GRIDFORMAT_END
 95
        2
302
GRIDFORMAT
  1
GRIDFORMAT_BEGIN
 90
        0
 91
        1
 62
     0
 92
       -2
340
14
 93
        0
 40
1.125
309
GRIDFORMAT_END
 95
        4
302
GRIDFORMAT
  1
GRIDFORMAT_BEGIN
 90
        0
 91
        1
 62
     0
 92
       -2
340
14
 93
        0
 40
1.125
309
GRIDFORMAT_END
 95
        8
302
GRIDFORMAT
  1
GRIDFORMAT_BEGIN
 90
        0
 91
        1
 62
     0
 92
       -2
340
14
 93
        0
 40
1.125
309
GRIDFORMAT_END
 95
       16
302
GRIDFORMAT
  1
GRIDFORMAT_BEGIN
 90
        0
 91
        1
 62
     0
 92
       -2
340
14
 93
        0
 40
1.125
309
GRIDFORMAT_END
 95
       32
302
GRIDFORMAT
  1
GRIDFORMAT_BEGIN
 90
        0
 91
        1
 62
     0
 92
       -2
340
14
 93
        0
 40
1.125
309
GRIDFORMAT_END
309
TABLEFORMAT_END
  1
CELLSTYLE_BEGIN
 90
        3
 91
        2
300
_DATA
309
CELLSTYLE_END
  0
XRECORD
  5
291
102
{ACAD_REACTORS
330
290
102
}
330
290
100
AcDbXrecord
280
     1
102
RTVSPost2010Prop28
280
     1
102
RTVSPost2010PropOp28
 70
     1
102
RTVSPost2010Prop29
280
     1
102
RTVSPost2010PropOp29
 70
     1
102
RTVSPost2010Prop30
280
     0
102
RTVSPost2010PropOp30
 70
     1
102
RTVSPost2010Prop31
280
     0
102
RTVSPost2010PropOp31
 70
     1
102
RTVSPost2010Prop32
280
     0
102
RTVSPost2010PropOp32
 70
     1
102
RTVSPost2010Prop33
280
     0
102
RTVSPost2010PropOp33
 70
     1
102
RTVSPost2010Prop34
280
     0
102
RTVSPost2010PropOp34
 70
     1
102
RTVSPost2010Prop35
280
     0
102
RTVSPost2010PropOp35
 70
     1
102
RTVSPost2010Prop36
280
     0
102
RTVSPost2010PropOp36
 70
     1
102
RTVSPost2010Prop37
 90
       50
102
RTVSPost2010PropOp37
 70
     1
102
RTVSPost2010Prop38
140
0.0
102
RTVSPost2010PropOp38
 70
     1
102
RTVSPost2010Prop39
140
1.0
102
RTVSPost2010PropOp39
 70
     1
102
RTVSPost2010Prop40
 90
        0
102
RTVSPost2010PropOp40
 70
     1
102
RTVSPost2010Prop41ColorIndex
 90
       18
102
RTVSPost2010Prop41ColorRGB
 90
        0
102
RTVSPost2010PropOp41
 70
     1
102
RTVSPost2010Prop42
 90
       50
102
RTVSPost2010PropOp42
 70
     1
102
RTVSPost2010Prop43
 90
        3
102
RTVSPost2010PropOp43
 70
     1
102
RTVSPost2010Prop44ColorIndex
 90
        5
102
RTVSPost2010Prop44ColorRGB
 90
      255
102
RTVSPost2010PropOp44
 70
     1
102
RTVSPost2010Prop45
280
     0
102
RTVSPost2010PropOp45
 70
     1
102
RTVSPost2010Prop46
 90
       50
102
RTVSPost2010PropOp46
 70
     1
102
RTVSPost2010Prop47
 90
       50
102
RTVSPost2010PropOp47
 70
     1
102
RTVSPost2010Prop48
 90
       50
102
RTVSPost2010PropOp48
 70
     1
102
RTVSPost2010Prop49
280
     0
102
RTVSPost2010PropOp49
 70
     1
102
RTVSPost2010Prop50
 90
       50
102
RTVSPost2010PropOp50
 70
     1
102
RTVSPost2010Prop51ColorIndex
 90
      256
102
RTVSPost2010Prop51ColorRGB
 90
-16777216
102
RTVSPost2010PropOp51
 70
     0
102
RTVSPost2010Prop52
140
1.0
102
RTVSPost2010PropOp52
 70
     0
102
RTVSPost2010Prop53
 90
        2
102
RTVSPost2010PropOp53
 70
     1
102
RTVSPost2010Prop54
  1
strokes_ogs.tif
102
RTVSPost2010PropOp54
 70
     1
102
RTVSPost2010Prop55
280
     0
102
RTVSPost2010PropOp55
 70
     1
102
RTVSPost2010Prop56
140
1.0
102
RTVSPost2010PropOp56
 70
     1
102
RTVSPost2010Prop57
140
1.0
102
RTVSPost2010PropOp57
 70
     1
102
RTVSPropertyOp0
 70
     1
102
RTVSPropertyOp1
 70
     1
102
RTVSPropertyOp2
 70
     1
102
RTVSPropertyOp3
 70
     1
102
RTVSPropertyOp4
 70
     1
102
RTVSPropertyOp5
 70
     1
102
RTVSPropertyOp6
 70
     1
102
RTVSPropertyOp7
 70
     1
102
RTVSPropertyOp8
 70
     1
102
RTVSPropertyOp9
 70
     1
102
RTVSPropertyOp10
 70
     1
102
RTVSPropertyOp11
 70
     1
102
RTVSPropertyOp12
 70
     1
102
RTVSPropertyOp13
 70
     1
102
RTVSPropertyOp14
 70
     1
102
RTVSPropertyOp15
 70
     1
102
RTVSPropertyOp16
 70
     1
102
RTVSPropertyOp17
 70
     1
102
RTVSPropertyOp18
 70
     1
102
RTVSPropertyOp19
 70
     1
102
RTVSPropertyOp20
 70
     1
102
RTVSPropertyOp21
 70
     1
102
RTVSPropertyOp22
 70
     1
102
RTVSPropertyOp23
 70
     1
102
RTVSPropertyOp24
 70
     1
102
RTVSPropertyOp25
 70
     1
102
RTVSPropertyOp26
 70
     1
102
RTVSPropertyOp27
 70
     1
102
RTVSPropertyOp28
 70
     1
102
RTVSPropertyOp29
 70
     1
102
RTVSPropertyOp30
 70
     1
102
RTVSPropertyOp31
 70
     1
102
RTVSPropertyOp32
 70
     1
102
RTVSPropertyOp33
 70
     1
102
RTVSPropertyOp34
 70
     1
102
RTVSPropertyOp35
 70
     1
102
RTVSPropertyOp36
 70
     1
102
RTVSPropertyOp37
 70
     1
102
RTVSPropertyOp38
 70
     1
102
RTVSPropertyOp39
 70
     1
102
RTVSPropertyOp40
 70
     1
102
RTVSPropertyOp41
 70
     1
102
RTVSPropertyOp42
 70
     1
102
RTVSPropertyOp43
 70
     1
102
RTVSPropertyOp44
 70
     1
102
RTVSPropertyOp45
 70
     1
102
RTVSPropertyOp46
 70
     1
102
RTVSPropertyOp47
 70
     1
102
RTVSPropertyOp48
 70
     1
102
RTVSPropertyOp49
 70
     1
102
RTVSPropertyOp50
 70
     1
102
RTVSPropertyOp51
 70
     0
102
RTVSPropertyOp52
 70
     0
102
RTVSPropertyOp53
 70
     1
102
RTVSPropertyOp54
 70
     1
102
RTVSPropertyOp55
 70
     1
102
RTVSPropertyOp56
 70
     1
102
RTVSPropertyOp57
 70
     1
102
RTVSPropertyOp58
 70
     1
102
RTVSPropertyOp59
 70
     1
102
RTVSPropertyOp60
 70
     1
102
RTVSPropertyOp61
 70
     1
102
RTVSPropertyOp62
 70
     1
  0
XRECORD
  5
28F
102
{ACAD_REACTORS
330
28E
102
}
330
28E
100
AcDbXrecord
280
     1
102
RTVSPost2010Prop28
280
     0
102
RTVSPost2010PropOp28
 70
     1
102
RTVSPost2010Prop29
280
     1
102
RTVSPost2010PropOp29
 70
     1
102
RTVSPost2010Prop30
280
     1
102
RTVSPost2010PropOp30
 70
     1
102
RTVSPost2010Prop31
280
     0
102
RTVSPost2010PropOp31
 70
     1
102
RTVSPost2010Prop32
280
     0
102
RTVSPost2010PropOp32
 70
     1
102
RTVSPost2010Prop33
280
     0
102
RTVSPost2010PropOp33
 70
     1
102
RTVSPost2010Prop34
280
     0
102
RTVSPost2010PropOp34
 70
     1
102
RTVSPost2010Prop35
280
     0
102
RTVSPost2010PropOp35
 70
     1
102
RTVSPost2010Prop36
280
     0
102
RTVSPost2010PropOp36
 70
     1
102
RTVSPost2010Prop37
 90
       50
102
RTVSPost2010PropOp37
 70
     1
102
RTVSPost2010Prop38
140
0.0
102
RTVSPost2010PropOp38
 70
     1
102
RTVSPost2010Prop39
140
1.0
102
RTVSPost2010PropOp39
 70
     1
102
RTVSPost2010Prop40
 90
        0
102
RTVSPost2010PropOp40
 70
     1
102
RTVSPost2010Prop41ColorIndex
 90
       18
102
RTVSPost2010Prop41ColorRGB
 90
        0
102
RTVSPost2010PropOp41
 70
     1
102
RTVSPost2010Prop42
 90
       50
102
RTVSPost2010PropOp42
 70
     1
102
RTVSPost2010Prop43
 90
        3
102
RTVSPost2010PropOp43
 70
     1
102
RTVSPost2010Prop44ColorIndex
 90
        5
102
RTVSPost2010Prop44ColorRGB
 90
      255
102
RTVSPost2010PropOp44
 70
     1
102
RTVSPost2010Prop45
280
     0
102
RTVSPost2010PropOp45
 70
     1
102
RTVSPost2010Prop46
 90
       50
102
RTVSPost2010PropOp46
 70
     1
102
RTVSPost2010Prop47
 90
       50
102
RTVSPost2010PropOp47
 70
     1
102
RTVSPost2010Prop48
 90
       50
102
RTVSPost2010PropOp48
 70
     1
102
RTVSPost2010Prop49
280
     0
102
RTVSPost2010PropOp49
 70
     1
102
RTVSPost2010Prop50
 90
       50
102
RTVSPost2010PropOp50
 70
     1
102
RTVSPost2010Prop51ColorIndex
 90
      256
102
RTVSPost2010Prop51ColorRGB
 90
-16777216
102
RTVSPost2010PropOp51
 70
     0
102
RTVSPost2010Prop52
140
1.0
102
RTVSPost2010PropOp52
 70
     0
102
RTVSPost2010Prop53
 90
        2
102
RTVSPost2010PropOp53
 70
     1
102
RTVSPost2010Prop54
  1
strokes_ogs.tif
102
RTVSPost2010PropOp54
 70
     1
102
RTVSPost2010Prop55
280
     0
102
RTVSPost2010PropOp55
 70
     1
102
RTVSPost2010Prop56
140
1.0
102
RTVSPost2010PropOp56
 70
     1
102
RTVSPost2010Prop57
140
1.0
102
RTVSPost2010PropOp57
 70
     1
102
RTVSPropertyOp0
 70
     1
102
RTVSPropertyOp1
 70
     1
102
RTVSPropertyOp2
 70
     1
102
RTVSPropertyOp3
 70
     1
102
RTVSPropertyOp4
 70
     1
102
RTVSPropertyOp5
 70
     1
102
RTVSPropertyOp6
 70
     1
102
RTVSPropertyOp7
 70
     1
102
RTVSPropertyOp8
 70
     1
102
RTVSPropertyOp9
 70
     1
102
RTVSPropertyOp10
 70
     1
102
RTVSPropertyOp11
 70
     1
102
RTVSPropertyOp12
 70
     1
102
RTVSPropertyOp13
 70
     1
102
RTVSPropertyOp14
 70
     1
102
RTVSPropertyOp15
 70
     1
102
RTVSPropertyOp16
 70
     1
102
RTVSPropertyOp17
 70
     1
102
RTVSPropertyOp18
 70
     1
102
RTVSPropertyOp19
 70
     1
102
RTVSPropertyOp20
 70
     1
102
RTVSPropertyOp21
 70
     1
102
RTVSPropertyOp22
 70
     1
102
RTVSPropertyOp23
 70
     1
102
RTVSPropertyOp24
 70
     1
102
RTVSPropertyOp25
 70
     1
102
RTVSPropertyOp26
 70
     1
102
RTVSPropertyOp27
 70
     1
102
RTVSPropertyOp28
 70
     1
102
RTVSPropertyOp29
 70
     1
102
RTVSPropertyOp30
 70
     1
102
RTVSPropertyOp31
 70
     1
102
RTVSPropertyOp32
 70
     1
102
RTVSPropertyOp33
 70
     1
102
RTVSPropertyOp34
 70
     1
102
RTVSPropertyOp35
 70
     1
102
RTVSPropertyOp36
 70
     1
102
RTVSPropertyOp37
 70
     1
102
RTVSPropertyOp38
 70
     1
102
RTVSPropertyOp39
 70
     1
102
RTVSPropertyOp40
 70
     1
102
RTVSPropertyOp41
 70
     1
102
RTVSPropertyOp42
 70
     1
102
RTVSPropertyOp43
 70
     1
102
RTVSPropertyOp44
 70
     1
102
RTVSPropertyOp45
 70
     1
102
RTVSPropertyOp46
 70
     1
102
RTVSPropertyOp47
 70
     1
102
RTVSPropertyOp48
 70
     1
102
RTVSPropertyOp49
 70
     1
102
RTVSPropertyOp50
 70
     1
102
RTVSPropertyOp51
 70
     0
102
RTVSPropertyOp52
 70
     0
102
RTVSPropertyOp53
 70
     1
102
RTVSPropertyOp54
 70
     1
102
RTVSPropertyOp55
 70
     1
102
RTVSPropertyOp56
 70
     1
102
RTVSPropertyOp57
 70
     1
102
RTVSPropertyOp58
 70
     1
102
RTVSPropertyOp59
 70
     1
102
RTVSPropertyOp60
 70
     1
102
RTVSPropertyOp61
 70
     1
102
RTVSPropertyOp62
 70
     1
  0
XRECORD
  5
29D
102
{ACAD_REACTORS
330
29C
102
}
330
29C
100
AcDbXrecord
280
     1
102
RTVSPost2010Prop28
280
     0
102
RTVSPost2010PropOp28
 70
     1
102
RTVSPost2010Prop29
280
     1
102
RTVSPost2010PropOp29
 70
     1
102
RTVSPost2010Prop30
280
     1
102
RTVSPost2010PropOp30
 70
     1
102
RTVSPost2010Prop31
280
     0
102
RTVSPost2010PropOp31
 70
     1
102
RTVSPost2010Prop32
280
     0
102
RTVSPost2010PropOp32
 70
     1
102
RTVSPost2010Prop33
280
     0
102
RTVSPost2010PropOp33
 70
     1
102
RTVSPost2010Prop34
280
     0
102
RTVSPost2010PropOp34
 70
     1
102
RTVSPost2010Prop35
280
     0
102
RTVSPost2010PropOp35
 70
     1
102
RTVSPost2010Prop36
280
     0
102
RTVSPost2010PropOp36
 70
     1
102
RTVSPost2010Prop37
 90
       50
102
RTVSPost2010PropOp37
 70
     1
102
RTVSPost2010Prop38
140
0.0
102
RTVSPost2010PropOp38
 70
     1
102
RTVSPost2010Prop39
140
1.0
102
RTVSPost2010PropOp39
 70
     1
102
RTVSPost2010Prop40
 90
        0
102
RTVSPost2010PropOp40
 70
     1
102
RTVSPost2010Prop41ColorIndex
 90
       18
102
RTVSPost2010Prop41ColorRGB
 90
        0
102
RTVSPost2010PropOp41
 70
     1
102
RTVSPost2010Prop42
 90
       50
102
RTVSPost2010PropOp42
 70
     1
102
RTVSPost2010Prop43
 90
        3
102
RTVSPost2010PropOp43
 70
     1
102
RTVSPost2010Prop44ColorIndex
 90
        5
102
RTVSPost2010Prop44ColorRGB
 90
      255
102
RTVSPost2010PropOp44
 70
     1
102
RTVSPost2010Prop45
280
     0
102
RTVSPost2010PropOp45
 70
     1
102
RTVSPost2010Prop46
 90
       50
102
RTVSPost2010PropOp46
 70
     1
102
RTVSPost2010Prop47
 90
       50
102
RTVSPost2010PropOp47
 70
     1
102
RTVSPost2010Prop48
 90
       50
102
RTVSPost2010PropOp48
 70
     1
102
RTVSPost2010Prop49
280
     0
102
RTVSPost2010PropOp49
 70
     1
102
RTVSPost2010Prop50
 90
       50
102
RTVSPost2010PropOp50
 70
     1
102
RTVSPost2010Prop51ColorIndex
 90
      256
102
RTVSPost2010Prop51ColorRGB
 90
-16777216
102
RTVSPost2010PropOp51
 70
     0
102
RTVSPost2010Prop52
140
1.0
102
RTVSPost2010PropOp52
 70
     0
102
RTVSPost2010Prop53
 90
        2
102
RTVSPost2010PropOp53
 70
     1
102
RTVSPost2010Prop54
  1
strokes_ogs.tif
102
RTVSPost2010PropOp54
 70
     1
102
RTVSPost2010Prop55
280
     0
102
RTVSPost2010PropOp55
 70
     1
102
RTVSPost2010Prop56
140
1.0
102
RTVSPost2010PropOp56
 70
     1
102
RTVSPost2010Prop57
140
1.0
102
RTVSPost2010PropOp57
 70
     1
102
RTVSPropertyOp0
 70
     1
102
RTVSPropertyOp1
 70
     1
102
RTVSPropertyOp2
 70
     1
102
RTVSPropertyOp3
 70
     1
102
RTVSPropertyOp4
 70
     1
102
RTVSPropertyOp5
 70
     1
102
RTVSPropertyOp6
 70
     1
102
RTVSPropertyOp7
 70
     1
102
RTVSPropertyOp8
 70
     1
102
RTVSPropertyOp9
 70
     1
102
RTVSPropertyOp10
 70
     1
102
RTVSPropertyOp11
 70
     1
102
RTVSPropertyOp12
 70
     1
102
RTVSPropertyOp13
 70
     1
102
RTVSPropertyOp14
 70
     1
102
RTVSPropertyOp15
 70
     1
102
RTVSPropertyOp16
 70
     1
102
RTVSPropertyOp17
 70
     1
102
RTVSPropertyOp18
 70
     1
102
RTVSPropertyOp19
 70
     1
102
RTVSPropertyOp20
 70
     1
102
RTVSPropertyOp21
 70
     1
102
RTVSPropertyOp22
 70
     1
102
RTVSPropertyOp23
 70
     1
102
RTVSPropertyOp24
 70
     1
102
RTVSPropertyOp25
 70
     1
102
RTVSPropertyOp26
 70
     1
102
RTVSPropertyOp27
 70
     1
102
RTVSPropertyOp28
 70
     1
102
RTVSPropertyOp29
 70
     1
102
RTVSPropertyOp30
 70
     1
102
RTVSPropertyOp31
 70
     1
102
RTVSPropertyOp32
 70
     1
102
RTVSPropertyOp33
 70
     1
102
RTVSPropertyOp34
 70
     1
102
RTVSPropertyOp35
 70
     1
102
RTVSPropertyOp36
 70
     1
102
RTVSPropertyOp37
 70
     1
102
RTVSPropertyOp38
 70
     1
102
RTVSPropertyOp39
 70
     1
102
RTVSPropertyOp40
 70
     1
102
RTVSPropertyOp41
 70
     1
102
RTVSPropertyOp42
 70
     1
102
RTVSPropertyOp43
 70
     1
102
RTVSPropertyOp44
 70
     1
102
RTVSPropertyOp45
 70
     1
102
RTVSPropertyOp46
 70
     1
102
RTVSPropertyOp47
 70
     1
102
RTVSPropertyOp48
 70
     1
102
RTVSPropertyOp49
 70
     1
102
RTVSPropertyOp50
 70
     1
102
RTVSPropertyOp51
 70
     0
102
RTVSPropertyOp52
 70
     0
102
RTVSPropertyOp53
 70
     1
102
RTVSPropertyOp54
 70
     1
102
RTVSPropertyOp55
 70
     1
102
RTVSPropertyOp56
 70
     1
102
RTVSPropertyOp57
 70
     1
102
RTVSPropertyOp58
 70
     1
102
RTVSPropertyOp59
 70
     1
102
RTVSPropertyOp60
 70
     1
102
RTVSPropertyOp61
 70
     1
102
RTVSPropertyOp62
 70
     1
  0
XRECORD
  5
2A5
102
{ACAD_REACTORS
330
2A4
102
}
330
2A4
100
AcDbXrecord
280
     1
102
RTVSPost2010Prop28
280
     0
102
RTVSPost2010PropOp28
 70
     1
102
RTVSPost2010Prop29
280
     1
102
RTVSPost2010PropOp29
 70
     1
102
RTVSPost2010Prop30
280
     1
102
RTVSPost2010PropOp30
 70
     1
102
RTVSPost2010Prop31
280
     0
102
RTVSPost2010PropOp31
 70
     1
102
RTVSPost2010Prop32
280
     0
102
RTVSPost2010PropOp32
 70
     1
102
RTVSPost2010Prop33
280
     0
102
RTVSPost2010PropOp33
 70
     1
102
RTVSPost2010Prop34
280
     0
102
RTVSPost2010PropOp34
 70
     1
102
RTVSPost2010Prop35
280
     0
102
RTVSPost2010PropOp35
 70
     1
102
RTVSPost2010Prop36
280
     0
102
RTVSPost2010PropOp36
 70
     1
102
RTVSPost2010Prop37
 90
       50
102
RTVSPost2010PropOp37
 70
     1
102
RTVSPost2010Prop38
140
0.0
102
RTVSPost2010PropOp38
 70
     1
102
RTVSPost2010Prop39
140
1.0
102
RTVSPost2010PropOp39
 70
     1
102
RTVSPost2010Prop40
 90
        0
102
RTVSPost2010PropOp40
 70
     1
102
RTVSPost2010Prop41ColorIndex
 90
       18
102
RTVSPost2010Prop41ColorRGB
 90
        0
102
RTVSPost2010PropOp41
 70
     1
102
RTVSPost2010Prop42
 90
       50
102
RTVSPost2010PropOp42
 70
     1
102
RTVSPost2010Prop43
 90
        3
102
RTVSPost2010PropOp43
 70
     1
102
RTVSPost2010Prop44ColorIndex
 90
        5
102
RTVSPost2010Prop44ColorRGB
 90
      255
102
RTVSPost2010PropOp44
 70
     1
102
RTVSPost2010Prop45
280
     0
102
RTVSPost2010PropOp45
 70
     1
102
RTVSPost2010Prop46
 90
       50
102
RTVSPost2010PropOp46
 70
     1
102
RTVSPost2010Prop47
 90
       50
102
RTVSPost2010PropOp47
 70
     1
102
RTVSPost2010Prop48
 90
       50
102
RTVSPost2010PropOp48
 70
     1
102
RTVSPost2010Prop49
280
     0
102
RTVSPost2010PropOp49
 70
     1
102
RTVSPost2010Prop50
 90
       50
102
RTVSPost2010PropOp50
 70
     1
102
RTVSPost2010Prop51ColorIndex
 90
      256
102
RTVSPost2010Prop51ColorRGB
 90
-16777216
102
RTVSPost2010PropOp51
 70
     0
102
RTVSPost2010Prop52
140
1.0
102
RTVSPost2010PropOp52
 70
     0
102
RTVSPost2010Prop53
 90
        2
102
RTVSPost2010PropOp53
 70
     1
102
RTVSPost2010Prop54
  1
strokes_ogs.tif
102
RTVSPost2010PropOp54
 70
     1
102
RTVSPost2010Prop55
280
     0
102
RTVSPost2010PropOp55
 70
     1
102
RTVSPost2010Prop56
140
1.0
102
RTVSPost2010PropOp56
 70
     1
102
RTVSPost2010Prop57
140
1.0
102
RTVSPost2010PropOp57
 70
     1
102
RTVSPropertyOp0
 70
     1
102
RTVSPropertyOp1
 70
     1
102
RTVSPropertyOp2
 70
     1
102
RTVSPropertyOp3
 70
     1
102
RTVSPropertyOp4
 70
     1
102
RTVSPropertyOp5
 70
     1
102
RTVSPropertyOp6
 70
     1
102
RTVSPropertyOp7
 70
     1
102
RTVSPropertyOp8
 70
     1
102
RTVSPropertyOp9
 70
     1
102
RTVSPropertyOp10
 70
     1
102
RTVSPropertyOp11
 70
     1
102
RTVSPropertyOp12
 70
     1
102
RTVSPropertyOp13
 70
     1
102
RTVSPropertyOp14
 70
     1
102
RTVSPropertyOp15
 70
     1
102
RTVSPropertyOp16
 70
     1
102
RTVSPropertyOp17
 70
     1
102
RTVSPropertyOp18
 70
     1
102
RTVSPropertyOp19
 70
     1
102
RTVSPropertyOp20
 70
     1
102
RTVSPropertyOp21
 70
     1
102
RTVSPropertyOp22
 70
     1
102
RTVSPropertyOp23
 70
     1
102
RTVSPropertyOp24
 70
     1
102
RTVSPropertyOp25
 70
     1
102
RTVSPropertyOp26
 70
     1
102
RTVSPropertyOp27
 70
     1
102
RTVSPropertyOp28
 70
     1
102
RTVSPropertyOp29
 70
     1
102
RTVSPropertyOp30
 70
     1
102
RTVSPropertyOp31
 70
     1
102
RTVSPropertyOp32
 70
     1
102
RTVSPropertyOp33
 70
     1
102
RTVSPropertyOp34
 70
     1
102
RTVSPropertyOp35
 70
     1
102
RTVSPropertyOp36
 70
     1
102
RTVSPropertyOp37
 70
     1
102
RTVSPropertyOp38
 70
     1
102
RTVSPropertyOp39
 70
     1
102
RTVSPropertyOp40
 70
     1
102
RTVSPropertyOp41
 70
     1
102
RTVSPropertyOp42
 70
     1
102
RTVSPropertyOp43
 70
     1
102
RTVSPropertyOp44
 70
     1
102
RTVSPropertyOp45
 70
     1
102
RTVSPropertyOp46
 70
     1
102
RTVSPropertyOp47
 70
     1
102
RTVSPropertyOp48
 70
     1
102
RTVSPropertyOp49
 70
     1
102
RTVSPropertyOp50
 70
     1
102
RTVSPropertyOp51
 70
     0
102
RTVSPropertyOp52
 70
     0
102
RTVSPropertyOp53
 70
     1
102
RTVSPropertyOp54
 70
     1
102
RTVSPropertyOp55
 70
     1
102
RTVSPropertyOp56
 70
     1
102
RTVSPropertyOp57
 70
     1
102
RTVSPropertyOp58
 70
     1
102
RTVSPropertyOp59
 70
     1
102
RTVSPropertyOp60
 70
     1
102
RTVSPropertyOp61
 70
     1
102
RTVSPropertyOp62
 70
     1
  0
XRECORD
  5
297
102
{ACAD_REACTORS
330
296
102
}
330
296
100
AcDbXrecord
280
     1
102
RTVSPost2010Prop28
280
     0
102
RTVSPost2010PropOp28
 70
     1
102
RTVSPost2010Prop29
280
     1
102
RTVSPost2010PropOp29
 70
     1
102
RTVSPost2010Prop30
280
     1
102
RTVSPost2010PropOp30
 70
     1
102
RTVSPost2010Prop31
280
     0
102
RTVSPost2010PropOp31
 70
     1
102
RTVSPost2010Prop32
280
     0
102
RTVSPost2010PropOp32
 70
     1
102
RTVSPost2010Prop33
280
     0
102
RTVSPost2010PropOp33
 70
     1
102
RTVSPost2010Prop34
280
     0
102
RTVSPost2010PropOp34
 70
     1
102
RTVSPost2010Prop35
280
     0
102
RTVSPost2010PropOp35
 70
     1
102
RTVSPost2010Prop36
280
     0
102
RTVSPost2010PropOp36
 70
     1
102
RTVSPost2010Prop37
 90
       50
102
RTVSPost2010PropOp37
 70
     1
102
RTVSPost2010Prop38
140
0.0
102
RTVSPost2010PropOp38
 70
     1
102
RTVSPost2010Prop39
140
1.0
102
RTVSPost2010PropOp39
 70
     1
102
RTVSPost2010Prop40
 90
        0
102
RTVSPost2010PropOp40
 70
     1
102
RTVSPost2010Prop41ColorIndex
 90
       18
102
RTVSPost2010Prop41ColorRGB
 90
        0
102
RTVSPost2010PropOp41
 70
     1
102
RTVSPost2010Prop42
 90
       50
102
RTVSPost2010PropOp42
 70
     1
102
RTVSPost2010Prop43
 90
        3
102
RTVSPost2010PropOp43
 70
     1
102
RTVSPost2010Prop44ColorIndex
 90
        5
102
RTVSPost2010Prop44ColorRGB
 90
      255
102
RTVSPost2010PropOp44
 70
     1
102
RTVSPost2010Prop45
280
     0
102
RTVSPost2010PropOp45
 70
     1
102
RTVSPost2010Prop46
 90
       50
102
RTVSPost2010PropOp46
 70
     1
102
RTVSPost2010Prop47
 90
       50
102
RTVSPost2010PropOp47
 70
     1
102
RTVSPost2010Prop48
 90
       50
102
RTVSPost2010PropOp48
 70
     1
102
RTVSPost2010Prop49
280
     0
102
RTVSPost2010PropOp49
 70
     1
102
RTVSPost2010Prop50
 90
       50
102
RTVSPost2010PropOp50
 70
     1
102
RTVSPost2010Prop51ColorIndex
 90
      256
102
RTVSPost2010Prop51ColorRGB
 90
-16777216
102
RTVSPost2010PropOp51
 70
     0
102
RTVSPost2010Prop52
140
1.0
102
RTVSPost2010PropOp52
 70
     0
102
RTVSPost2010Prop53
 90
        2
102
RTVSPost2010PropOp53
 70
     1
102
RTVSPost2010Prop54
  1
strokes_ogs.tif
102
RTVSPost2010PropOp54
 70
     1
102
RTVSPost2010Prop55
280
     0
102
RTVSPost2010PropOp55
 70
     1
102
RTVSPost2010Prop56
140
1.0
102
RTVSPost2010PropOp56
 70
     1
102
RTVSPost2010Prop57
140
1.0
102
RTVSPost2010PropOp57
 70
     1
102
RTVSPropertyOp0
 70
     1
102
RTVSPropertyOp1
 70
     1
102
RTVSPropertyOp2
 70
     1
102
RTVSPropertyOp3
 70
     1
102
RTVSPropertyOp4
 70
     1
102
RTVSPropertyOp5
 70
     1
102
RTVSPropertyOp6
 70
     1
102
RTVSPropertyOp7
 70
     1
102
RTVSPropertyOp8
 70
     1
102
RTVSPropertyOp9
 70
     1
102
RTVSPropertyOp10
 70
     1
102
RTVSPropertyOp11
 70
     1
102
RTVSPropertyOp12
 70
     1
102
RTVSPropertyOp13
 70
     1
102
RTVSPropertyOp14
 70
     1
102
RTVSPropertyOp15
 70
     1
102
RTVSPropertyOp16
 70
     1
102
RTVSPropertyOp17
 70
     1
102
RTVSPropertyOp18
 70
     1
102
RTVSPropertyOp19
 70
     1
102
RTVSPropertyOp20
 70
     1
102
RTVSPropertyOp21
 70
     1
102
RTVSPropertyOp22
 70
     1
102
RTVSPropertyOp23
 70
     1
102
RTVSPropertyOp24
 70
     1
102
RTVSPropertyOp25
 70
     1
102
RTVSPropertyOp26
 70
     1
102
RTVSPropertyOp27
 70
     1
102
RTVSPropertyOp28
 70
     1
102
RTVSPropertyOp29
 70
     1
102
RTVSPropertyOp30
 70
     1
102
RTVSPropertyOp31
 70
     1
102
RTVSPropertyOp32
 70
     1
102
RTVSPropertyOp33
 70
     1
102
RTVSPropertyOp34
 70
     1
102
RTVSPropertyOp35
 70
     1
102
RTVSPropertyOp36
 70
     1
102
RTVSPropertyOp37
 70
     1
102
RTVSPropertyOp38
 70
     1
102
RTVSPropertyOp39
 70
     1
102
RTVSPropertyOp40
 70
     1
102
RTVSPropertyOp41
 70
     1
102
RTVSPropertyOp42
 70
     1
102
RTVSPropertyOp43
 70
     1
102
RTVSPropertyOp44
 70
     1
102
RTVSPropertyOp45
 70
     1
102
RTVSPropertyOp46
 70
     1
102
RTVSPropertyOp47
 70
     1
102
RTVSPropertyOp48
 70
     1
102
RTVSPropertyOp49
 70
     1
102
RTVSPropertyOp50
 70
     1
102
RTVSPropertyOp51
 70
     0
102
RTVSPropertyOp52
 70
     0
102
RTVSPropertyOp53
 70
     1
102
RTVSPropertyOp54
 70
     1
102
RTVSPropertyOp55
 70
     1
102
RTVSPropertyOp56
 70
     1
102
RTVSPropertyOp57
 70
     1
102
RTVSPropertyOp58
 70
     1
102
RTVSPropertyOp59
 70
     1
102
RTVSPropertyOp60
 70
     1
102
RTVSPropertyOp61
 70
     1
102
RTVSPropertyOp62
 70
     1
  0
XRECORD
  5
29B
102
{ACAD_REACTORS
330
29A
102
}
330
29A
100
AcDbXrecord
280
     1
102
RTVSPost2010Prop28
280
     0
102
RTVSPost2010PropOp28
 70
     1
102
RTVSPost2010Prop29
280
     1
102
RTVSPost2010PropOp29
 70
     1
102
RTVSPost2010Prop30
280
     1
102
RTVSPost2010PropOp30
 70
     1
102
RTVSPost2010Prop31
280
     0
102
RTVSPost2010PropOp31
 70
     1
102
RTVSPost2010Prop32
280
     0
102
RTVSPost2010PropOp32
 70
     1
102
RTVSPost2010Prop33
280
     0
102
RTVSPost2010PropOp33
 70
     1
102
RTVSPost2010Prop34
280
     0
102
RTVSPost2010PropOp34
 70
     1
102
RTVSPost2010Prop35
280
     0
102
RTVSPost2010PropOp35
 70
     1
102
RTVSPost2010Prop36
280
     0
102
RTVSPost2010PropOp36
 70
     1
102
RTVSPost2010Prop37
 90
       50
102
RTVSPost2010PropOp37
 70
     1
102
RTVSPost2010Prop38
140
0.0
102
RTVSPost2010PropOp38
 70
     1
102
RTVSPost2010Prop39
140
1.0
102
RTVSPost2010PropOp39
 70
     1
102
RTVSPost2010Prop40
 90
        0
102
RTVSPost2010PropOp40
 70
     1
102
RTVSPost2010Prop41ColorIndex
 90
       18
102
RTVSPost2010Prop41ColorRGB
 90
        0
102
RTVSPost2010PropOp41
 70
     1
102
RTVSPost2010Prop42
 90
       50
102
RTVSPost2010PropOp42
 70
     1
102
RTVSPost2010Prop43
 90
        3
102
RTVSPost2010PropOp43
 70
     1
102
RTVSPost2010Prop44ColorIndex
 90
        5
102
RTVSPost2010Prop44ColorRGB
 90
      255
102
RTVSPost2010PropOp44
 70
     1
102
RTVSPost2010Prop45
280
     0
102
RTVSPost2010PropOp45
 70
     1
102
RTVSPost2010Prop46
 90
       50
102
RTVSPost2010PropOp46
 70
     1
102
RTVSPost2010Prop47
 90
       50
102
RTVSPost2010PropOp47
 70
     1
102
RTVSPost2010Prop48
 90
       50
102
RTVSPost2010PropOp48
 70
     1
102
RTVSPost2010Prop49
280
     0
102
RTVSPost2010PropOp49
 70
     1
102
RTVSPost2010Prop50
 90
       50
102
RTVSPost2010PropOp50
 70
     1
102
RTVSPost2010Prop51ColorIndex
 90
      256
102
RTVSPost2010Prop51ColorRGB
 90
-16777216
102
RTVSPost2010PropOp51
 70
     0
102
RTVSPost2010Prop52
140
1.0
102
RTVSPost2010PropOp52
 70
     0
102
RTVSPost2010Prop53
 90
        2
102
RTVSPost2010PropOp53
 70
     1
102
RTVSPost2010Prop54
  1
strokes_ogs.tif
102
RTVSPost2010PropOp54
 70
     1
102
RTVSPost2010Prop55
280
     0
102
RTVSPost2010PropOp55
 70
     1
102
RTVSPost2010Prop56
140
1.0
102
RTVSPost2010PropOp56
 70
     1
102
RTVSPost2010Prop57
140
1.0
102
RTVSPost2010PropOp57
 70
     1
102
RTVSPropertyOp0
 70
     1
102
RTVSPropertyOp1
 70
     1
102
RTVSPropertyOp2
 70
     1
102
RTVSPropertyOp3
 70
     1
102
RTVSPropertyOp4
 70
     1
102
RTVSPropertyOp5
 70
     1
102
RTVSPropertyOp6
 70
     1
102
RTVSPropertyOp7
 70
     1
102
RTVSPropertyOp8
 70
     1
102
RTVSPropertyOp9
 70
     1
102
RTVSPropertyOp10
 70
     1
102
RTVSPropertyOp11
 70
     1
102
RTVSPropertyOp12
 70
     1
102
RTVSPropertyOp13
 70
     1
102
RTVSPropertyOp14
 70
     1
102
RTVSPropertyOp15
 70
     1
102
RTVSPropertyOp16
 70
     1
102
RTVSPropertyOp17
 70
     1
102
RTVSPropertyOp18
 70
     1
102
RTVSPropertyOp19
 70
     1
102
RTVSPropertyOp20
 70
     1
102
RTVSPropertyOp21
 70
     1
102
RTVSPropertyOp22
 70
     1
102
RTVSPropertyOp23
 70
     1
102
RTVSPropertyOp24
 70
     1
102
RTVSPropertyOp25
 70
     1
102
RTVSPropertyOp26
 70
     1
102
RTVSPropertyOp27
 70
     1
102
RTVSPropertyOp28
 70
     1
102
RTVSPropertyOp29
 70
     1
102
RTVSPropertyOp30
 70
     1
102
RTVSPropertyOp31
 70
     1
102
RTVSPropertyOp32
 70
     1
102
RTVSPropertyOp33
 70
     1
102
RTVSPropertyOp34
 70
     1
102
RTVSPropertyOp35
 70
     1
102
RTVSPropertyOp36
 70
     1
102
RTVSPropertyOp37
 70
     1
102
RTVSPropertyOp38
 70
     1
102
RTVSPropertyOp39
 70
     1
102
RTVSPropertyOp40
 70
     1
102
RTVSPropertyOp41
 70
     1
102
RTVSPropertyOp42
 70
     1
102
RTVSPropertyOp43
 70
     1
102
RTVSPropertyOp44
 70
     1
102
RTVSPropertyOp45
 70
     1
102
RTVSPropertyOp46
 70
     1
102
RTVSPropertyOp47
 70
     1
102
RTVSPropertyOp48
 70
     1
102
RTVSPropertyOp49
 70
     1
102
RTVSPropertyOp50
 70
     1
102
RTVSPropertyOp51
 70
     0
102
RTVSPropertyOp52
 70
     0
102
RTVSPropertyOp53
 70
     1
102
RTVSPropertyOp54
 70
     1
102
RTVSPropertyOp55
 70
     1
102
RTVSPropertyOp56
 70
     1
102
RTVSPropertyOp57
 70
     1
102
RTVSPropertyOp58
 70
     1
102
RTVSPropertyOp59
 70
     1
102
RTVSPropertyOp60
 70
     1
102
RTVSPropertyOp61
 70
     1
102
RTVSPropertyOp62
 70
     1
  0
XRECORD
  5
2AB
102
{ACAD_REACTORS
330
2AA
102
}
330
2AA
100
AcDbXrecord
280
     1
102
RTVSPost2010Prop28
280
     0
102
RTVSPost2010PropOp28
 70
     1
102
RTVSPost2010Prop29
280
     1
102
RTVSPost2010PropOp29
 70
     1
102
RTVSPost2010Prop30
280
     1
102
RTVSPost2010PropOp30
 70
     1
102
RTVSPost2010Prop31
280
     0
102
RTVSPost2010PropOp31
 70
     1
102
RTVSPost2010Prop32
280
     0
102
RTVSPost2010PropOp32
 70
     1
102
RTVSPost2010Prop33
280
     0
102
RTVSPost2010PropOp33
 70
     1
102
RTVSPost2010Prop34
280
     0
102
RTVSPost2010PropOp34
 70
     1
102
RTVSPost2010Prop35
280
     0
102
RTVSPost2010PropOp35
 70
     1
102
RTVSPost2010Prop36
280
     0
102
RTVSPost2010PropOp36
 70
     1
102
RTVSPost2010Prop37
 90
       50
102
RTVSPost2010PropOp37
 70
     1
102
RTVSPost2010Prop38
140
0.0
102
RTVSPost2010PropOp38
 70
     1
102
RTVSPost2010Prop39
140
1.0
102
RTVSPost2010PropOp39
 70
     1
102
RTVSPost2010Prop40
 90
        0
102
RTVSPost2010PropOp40
 70
     1
102
RTVSPost2010Prop41ColorIndex
 90
       18
102
RTVSPost2010Prop41ColorRGB
 90
        0
102
RTVSPost2010PropOp41
 70
     1
102
RTVSPost2010Prop42
 90
       50
102
RTVSPost2010PropOp42
 70
     1
102
RTVSPost2010Prop43
 90
        3
102
RTVSPost2010PropOp43
 70
     1
102
RTVSPost2010Prop44ColorIndex
 90
        5
102
RTVSPost2010Prop44ColorRGB
 90
      255
102
RTVSPost2010PropOp44
 70
     1
102
RTVSPost2010Prop45
280
     0
102
RTVSPost2010PropOp45
 70
     1
102
RTVSPost2010Prop46
 90
       50
102
RTVSPost2010PropOp46
 70
     1
102
RTVSPost2010Prop47
 90
       50
102
RTVSPost2010PropOp47
 70
     1
102
RTVSPost2010Prop48
 90
       50
102
RTVSPost2010PropOp48
 70
     1
102
RTVSPost2010Prop49
280
     0
102
RTVSPost2010PropOp49
 70
     1
102
RTVSPost2010Prop50
 90
       50
102
RTVSPost2010PropOp50
 70
     1
102
RTVSPost2010Prop51ColorIndex
 90
      256
102
RTVSPost2010Prop51ColorRGB
 90
-16777216
102
RTVSPost2010PropOp51
 70
     0
102
RTVSPost2010Prop52
140
1.0
102
RTVSPost2010PropOp52
 70
     0
102
RTVSPost2010Prop53
 90
        2
102
RTVSPost2010PropOp53
 70
     1
102
RTVSPost2010Prop54
  1
strokes_ogs.tif
102
RTVSPost2010PropOp54
 70
     1
102
RTVSPost2010Prop55
280
     0
102
RTVSPost2010PropOp55
 70
     1
102
RTVSPost2010Prop56
140
1.0
102
RTVSPost2010PropOp56
 70
     1
102
RTVSPost2010Prop57
140
1.0
102
RTVSPost2010PropOp57
 70
     1
102
RTVSPropertyOp0
 70
     0
102
RTVSPropertyOp1
 70
     0
102
RTVSPropertyOp2
 70
     0
102
RTVSPropertyOp3
 70
     0
102
RTVSPropertyOp4
 70
     0
102
RTVSPropertyOp5
 70
     0
102
RTVSPropertyOp6
 70
     0
102
RTVSPropertyOp7
 70
     0
102
RTVSPropertyOp8
 70
     0
102
RTVSPropertyOp9
 70
     0
102
RTVSPropertyOp10
 70
     0
102
RTVSPropertyOp11
 70
     0
102
RTVSPropertyOp12
 70
     0
102
RTVSPropertyOp13
 70
     0
102
RTVSPropertyOp14
 70
     2
102
RTVSPropertyOp15
 70
     0
102
RTVSPropertyOp16
 70
     0
102
RTVSPropertyOp17
 70
     0
102
RTVSPropertyOp18
 70
     0
102
RTVSPropertyOp19
 70
     0
102
RTVSPropertyOp20
 70
     0
102
RTVSPropertyOp21
 70
     0
102
RTVSPropertyOp22
 70
     0
102
RTVSPropertyOp23
 70
     0
102
RTVSPropertyOp24
 70
     0
102
RTVSPropertyOp25
 70
     0
102
RTVSPropertyOp26
 70
     0
102
RTVSPropertyOp27
 70
     0
102
RTVSPropertyOp28
 70
     1
102
RTVSPropertyOp29
 70
     1
102
RTVSPropertyOp30
 70
     1
102
RTVSPropertyOp31
 70
     1
102
RTVSPropertyOp32
 70
     1
102
RTVSPropertyOp33
 70
     1
102
RTVSPropertyOp34
 70
     1
102
RTVSPropertyOp35
 70
     1
102
RTVSPropertyOp36
 70
     1
102
RTVSPropertyOp37
 70
     1
102
RTVSPropertyOp38
 70
     1
102
RTVSPropertyOp39
 70
     1
102
RTVSPropertyOp40
 70
     1
102
RTVSPropertyOp41
 70
     1
102
RTVSPropertyOp42
 70
     1
102
RTVSPropertyOp43
 70
     1
102
RTVSPropertyOp44
 70
     1
102
RTVSPropertyOp45
 70
     1
102
RTVSPropertyOp46
 70
     1
102
RTVSPropertyOp47
 70
     1
102
RTVSPropertyOp48
 70
     1
102
RTVSPropertyOp49
 70
     1
102
RTVSPropertyOp50
 70
     1
102
RTVSPropertyOp51
 70
     0
102
RTVSPropertyOp52
 70
     0
102
RTVSPropertyOp53
 70
     1
102
RTVSPropertyOp54
 70
     1
102
RTVSPropertyOp55
 70
     1
102
RTVSPropertyOp56
 70
     1
102
RTVSPropertyOp57
 70
     1
102
RTVSPropertyOp58
 70
     1
102
RTVSPropertyOp59
 70
     1
102
RTVSPropertyOp60
 70
     1
102
RTVSPropertyOp61
 70
     1
102
RTVSPropertyOp62
 70
     1
  0
XRECORD
  5
2A3
102
{ACAD_REACTORS
330
2A2
102
}
330
2A2
100
AcDbXrecord
280
     1
102
RTVSPost2010Prop28
280
     0
102
RTVSPost2010PropOp28
 70
     1
102
RTVSPost2010Prop29
280
     1
102
RTVSPost2010PropOp29
 70
     1
102
RTVSPost2010Prop30
280
     1
102
RTVSPost2010PropOp30
 70
     1
102
RTVSPost2010Prop31
280
     0
102
RTVSPost2010PropOp31
 70
     1
102
RTVSPost2010Prop32
280
     0
102
RTVSPost2010PropOp32
 70
     1
102
RTVSPost2010Prop33
280
     0
102
RTVSPost2010PropOp33
 70
     1
102
RTVSPost2010Prop34
280
     0
102
RTVSPost2010PropOp34
 70
     1
102
RTVSPost2010Prop35
280
     0
102
RTVSPost2010PropOp35
 70
     1
102
RTVSPost2010Prop36
280
     0
102
RTVSPost2010PropOp36
 70
     1
102
RTVSPost2010Prop37
 90
       50
102
RTVSPost2010PropOp37
 70
     1
102
RTVSPost2010Prop38
140
0.0
102
RTVSPost2010PropOp38
 70
     1
102
RTVSPost2010Prop39
140
1.0
102
RTVSPost2010PropOp39
 70
     1
102
RTVSPost2010Prop40
 90
        0
102
RTVSPost2010PropOp40
 70
     1
102
RTVSPost2010Prop41ColorIndex
 90
       18
102
RTVSPost2010Prop41ColorRGB
 90
        0
102
RTVSPost2010PropOp41
 70
     1
102
RTVSPost2010Prop42
 90
       50
102
RTVSPost2010PropOp42
 70
     1
102
RTVSPost2010Prop43
 90
        3
102
RTVSPost2010PropOp43
 70
     1
102
RTVSPost2010Prop44ColorIndex
 90
        5
102
RTVSPost2010Prop44ColorRGB
 90
      255
102
RTVSPost2010PropOp44
 70
     1
102
RTVSPost2010Prop45
280
     0
102
RTVSPost2010PropOp45
 70
     1
102
RTVSPost2010Prop46
 90
       50
102
RTVSPost2010PropOp46
 70
     1
102
RTVSPost2010Prop47
 90
       50
102
RTVSPost2010PropOp47
 70
     1
102
RTVSPost2010Prop48
 90
       50
102
RTVSPost2010PropOp48
 70
     1
102
RTVSPost2010Prop49
280
     0
102
RTVSPost2010PropOp49
 70
     1
102
RTVSPost2010Prop50
 90
       50
102
RTVSPost2010PropOp50
 70
     1
102
RTVSPost2010Prop51ColorIndex
 90
      256
102
RTVSPost2010Prop51ColorRGB
 90
-16777216
102
RTVSPost2010PropOp51
 70
     0
102
RTVSPost2010Prop52
140
1.0
102
RTVSPost2010PropOp52
 70
     0
102
RTVSPost2010Prop53
 90
        2
102
RTVSPost2010PropOp53
 70
     1
102
RTVSPost2010Prop54
  1
strokes_ogs.tif
102
RTVSPost2010PropOp54
 70
     1
102
RTVSPost2010Prop55
280
     0
102
RTVSPost2010PropOp55
 70
     1
102
RTVSPost2010Prop56
140
1.0
102
RTVSPost2010PropOp56
 70
     1
102
RTVSPost2010Prop57
140
1.0
102
RTVSPost2010PropOp57
 70
     1
102
RTVSPropertyOp0
 70
     1
102
RTVSPropertyOp1
 70
     1
102
RTVSPropertyOp2
 70
     1
102
RTVSPropertyOp3
 70
     1
102
RTVSPropertyOp4
 70
     1
102
RTVSPropertyOp5
 70
     1
102
RTVSPropertyOp6
 70
     1
102
RTVSPropertyOp7
 70
     1
102
RTVSPropertyOp8
 70
     1
102
RTVSPropertyOp9
 70
     1
102
RTVSPropertyOp10
 70
     1
102
RTVSPropertyOp11
 70
     1
102
RTVSPropertyOp12
 70
     1
102
RTVSPropertyOp13
 70
     1
102
RTVSPropertyOp14
 70
     1
102
RTVSPropertyOp15
 70
     1
102
RTVSPropertyOp16
 70
     1
102
RTVSPropertyOp17
 70
     1
102
RTVSPropertyOp18
 70
     1
102
RTVSPropertyOp19
 70
     1
102
RTVSPropertyOp20
 70
     1
102
RTVSPropertyOp21
 70
     1
102
RTVSPropertyOp22
 70
     1
102
RTVSPropertyOp23
 70
     1
102
RTVSPropertyOp24
 70
     1
102
RTVSPropertyOp25
 70
     1
102
RTVSPropertyOp26
 70
     1
102
RTVSPropertyOp27
 70
     1
102
RTVSPropertyOp28
 70
     1
102
RTVSPropertyOp29
 70
     1
102
RTVSPropertyOp30
 70
     1
102
RTVSPropertyOp31
 70
     1
102
RTVSPropertyOp32
 70
     1
102
RTVSPropertyOp33
 70
     1
102
RTVSPropertyOp34
 70
     1
102
RTVSPropertyOp35
 70
     1
102
RTVSPropertyOp36
 70
     1
102
RTVSPropertyOp37
 70
     1
102
RTVSPropertyOp38
 70
     1
102
RTVSPropertyOp39
 70
     1
102
RTVSPropertyOp40
 70
     1
102
RTVSPropertyOp41
 70
     1
102
RTVSPropertyOp42
 70
     1
102
RTVSPropertyOp43
 70
     1
102
RTVSPropertyOp44
 70
     1
102
RTVSPropertyOp45
 70
     1
102
RTVSPropertyOp46
 70
     1
102
RTVSPropertyOp47
 70
     1
102
RTVSPropertyOp48
 70
     1
102
RTVSPropertyOp49
 70
     1
102
RTVSPropertyOp50
 70
     1
102
RTVSPropertyOp51
 70
     0
102
RTVSPropertyOp52
 70
     0
102
RTVSPropertyOp53
 70
     1
102
RTVSPropertyOp54
 70
     1
102
RTVSPropertyOp55
 70
     1
102
RTVSPropertyOp56
 70
     1
102
RTVSPropertyOp57
 70
     1
102
RTVSPropertyOp58
 70
     1
102
RTVSPropertyOp59
 70
     1
102
RTVSPropertyOp60
 70
     1
102
RTVSPropertyOp61
 70
     1
102
RTVSPropertyOp62
 70
     1
  0
XRECORD
  5
287
102
{ACAD_REACTORS
330
286
102
}
330
286
100
AcDbXrecord
280
     1
102
RTVSPost2010Prop28
280
     0
102
RTVSPost2010PropOp28
 70
     1
102
RTVSPost2010Prop29
280
     1
102
RTVSPost2010PropOp29
 70
     1
102
RTVSPost2010Prop30
280
     1
102
RTVSPost2010PropOp30
 70
     1
102
RTVSPost2010Prop31
280
     0
102
RTVSPost2010PropOp31
 70
     1
102
RTVSPost2010Prop32
280
     0
102
RTVSPost2010PropOp32
 70
     1
102
RTVSPost2010Prop33
280
     0
102
RTVSPost2010PropOp33
 70
     1
102
RTVSPost2010Prop34
280
     0
102
RTVSPost2010PropOp34
 70
     1
102
RTVSPost2010Prop35
280
     0
102
RTVSPost2010PropOp35
 70
     1
102
RTVSPost2010Prop36
280
     0
102
RTVSPost2010PropOp36
 70
     1
102
RTVSPost2010Prop37
 90
       50
102
RTVSPost2010PropOp37
 70
     1
102
RTVSPost2010Prop38
140
0.0
102
RTVSPost2010PropOp38
 70
     1
102
RTVSPost2010Prop39
140
1.0
102
RTVSPost2010PropOp39
 70
     1
102
RTVSPost2010Prop40
 90
        0
102
RTVSPost2010PropOp40
 70
     1
102
RTVSPost2010Prop41ColorIndex
 90
       18
102
RTVSPost2010Prop41ColorRGB
 90
        0
102
RTVSPost2010PropOp41
 70
     1
102
RTVSPost2010Prop42
 90
       50
102
RTVSPost2010PropOp42
 70
     1
102
RTVSPost2010Prop43
 90
        3
102
RTVSPost2010PropOp43
 70
     1
102
RTVSPost2010Prop44ColorIndex
 90
        5
102
RTVSPost2010Prop44ColorRGB
 90
      255
102
RTVSPost2010PropOp44
 70
     1
102
RTVSPost2010Prop45
280
     0
102
RTVSPost2010PropOp45
 70
     1
102
RTVSPost2010Prop46
 90
       50
102
RTVSPost2010PropOp46
 70
     1
102
RTVSPost2010Prop47
 90
       50
102
RTVSPost2010PropOp47
 70
     1
102
RTVSPost2010Prop48
 90
       50
102
RTVSPost2010PropOp48
 70
     1
102
RTVSPost2010Prop49
280
     0
102
RTVSPost2010PropOp49
 70
     1
102
RTVSPost2010Prop50
 90
       50
102
RTVSPost2010PropOp50
 70
     1
102
RTVSPost2010Prop51ColorIndex
 90
      256
102
RTVSPost2010Prop51ColorRGB
 90
-16777216
102
RTVSPost2010PropOp51
 70
     0
102
RTVSPost2010Prop52
140
1.0
102
RTVSPost2010PropOp52
 70
     0
102
RTVSPost2010Prop53
 90
        2
102
RTVSPost2010PropOp53
 70
     1
102
RTVSPost2010Prop54
  1
strokes_ogs.tif
102
RTVSPost2010PropOp54
 70
     1
102
RTVSPost2010Prop55
280
     0
102
RTVSPost2010PropOp55
 70
     1
102
RTVSPost2010Prop56
140
1.0
102
RTVSPost2010PropOp56
 70
     1
102
RTVSPost2010Prop57
140
1.0
102
RTVSPost2010PropOp57
 70
     1
102
RTVSPropertyOp0
 70
     1
102
RTVSPropertyOp1
 70
     1
102
RTVSPropertyOp2
 70
     1
102
RTVSPropertyOp3
 70
     1
102
RTVSPropertyOp4
 70
     1
102
RTVSPropertyOp5
 70
     1
102
RTVSPropertyOp6
 70
     1
102
RTVSPropertyOp7
 70
     1
102
RTVSPropertyOp8
 70
     1
102
RTVSPropertyOp9
 70
     1
102
RTVSPropertyOp10
 70
     1
102
RTVSPropertyOp11
 70
     1
102
RTVSPropertyOp12
 70
     1
102
RTVSPropertyOp13
 70
     1
102
RTVSPropertyOp14
 70
     1
102
RTVSPropertyOp15
 70
     1
102
RTVSPropertyOp16
 70
     1
102
RTVSPropertyOp17
 70
     1
102
RTVSPropertyOp18
 70
     1
102
RTVSPropertyOp19
 70
     1
102
RTVSPropertyOp20
 70
     1
102
RTVSPropertyOp21
 70
     1
102
RTVSPropertyOp22
 70
     1
102
RTVSPropertyOp23
 70
     1
102
RTVSPropertyOp24
 70
     1
102
RTVSPropertyOp25
 70
     1
102
RTVSPropertyOp26
 70
     1
102
RTVSPropertyOp27
 70
     1
102
RTVSPropertyOp28
 70
     1
102
RTVSPropertyOp29
 70
     1
102
RTVSPropertyOp30
 70
     1
102
RTVSPropertyOp31
 70
     1
102
RTVSPropertyOp32
 70
     1
102
RTVSPropertyOp33
 70
     1
102
RTVSPropertyOp34
 70
     1
102
RTVSPropertyOp35
 70
     1
102
RTVSPropertyOp36
 70
     1
102
RTVSPropertyOp37
 70
     1
102
RTVSPropertyOp38
 70
     1
102
RTVSPropertyOp39
 70
     1
102
RTVSPropertyOp40
 70
     1
102
RTVSPropertyOp41
 70
     1
102
RTVSPropertyOp42
 70
     1
102
RTVSPropertyOp43
 70
     1
102
RTVSPropertyOp44
 70
     1
102
RTVSPropertyOp45
 70
     1
102
RTVSPropertyOp46
 70
     1
102
RTVSPropertyOp47
 70
     1
102
RTVSPropertyOp48
 70
     1
102
RTVSPropertyOp49
 70
     1
102
RTVSPropertyOp50
 70
     1
102
RTVSPropertyOp51
 70
     0
102
RTVSPropertyOp52
 70
     0
102
RTVSPropertyOp53
 70
     1
102
RTVSPropertyOp54
 70
     1
102
RTVSPropertyOp55
 70
     1
102
RTVSPropertyOp56
 70
     1
102
RTVSPropertyOp57
 70
     1
102
RTVSPropertyOp58
 70
     1
102
RTVSPropertyOp59
 70
     1
102
RTVSPropertyOp60
 70
     1
102
RTVSPropertyOp61
 70
     1
102
RTVSPropertyOp62
 70
     1
  0
XRECORD
  5
289
102
{ACAD_REACTORS
330
288
102
}
330
288
100
AcDbXrecord
280
     1
102
RTVSPost2010Prop28
280
     0
102
RTVSPost2010PropOp28
 70
     1
102
RTVSPost2010Prop29
280
     1
102
RTVSPost2010PropOp29
 70
     1
102
RTVSPost2010Prop30
280
     1
102
RTVSPost2010PropOp30
 70
     1
102
RTVSPost2010Prop31
280
     0
102
RTVSPost2010PropOp31
 70
     1
102
RTVSPost2010Prop32
280
     0
102
RTVSPost2010PropOp32
 70
     1
102
RTVSPost2010Prop33
280
     0
102
RTVSPost2010PropOp33
 70
     1
102
RTVSPost2010Prop34
280
     0
102
RTVSPost2010PropOp34
 70
     1
102
RTVSPost2010Prop35
280
     0
102
RTVSPost2010PropOp35
 70
     1
102
RTVSPost2010Prop36
280
     0
102
RTVSPost2010PropOp36
 70
     1
102
RTVSPost2010Prop37
 90
       50
102
RTVSPost2010PropOp37
 70
     1
102
RTVSPost2010Prop38
140
0.0
102
RTVSPost2010PropOp38
 70
     1
102
RTVSPost2010Prop39
140
1.0
102
RTVSPost2010PropOp39
 70
     1
102
RTVSPost2010Prop40
 90
        0
102
RTVSPost2010PropOp40
 70
     1
102
RTVSPost2010Prop41ColorIndex
 90
       18
102
RTVSPost2010Prop41ColorRGB
 90
        0
102
RTVSPost2010PropOp41
 70
     1
102
RTVSPost2010Prop42
 90
       50
102
RTVSPost2010PropOp42
 70
     1
102
RTVSPost2010Prop43
 90
        3
102
RTVSPost2010PropOp43
 70
     1
102
RTVSPost2010Prop44ColorIndex
 90
        5
102
RTVSPost2010Prop44ColorRGB
 90
      255
102
RTVSPost2010PropOp44
 70
     1
102
RTVSPost2010Prop45
280
     0
102
RTVSPost2010PropOp45
 70
     1
102
RTVSPost2010Prop46
 90
       50
102
RTVSPost2010PropOp46
 70
     1
102
RTVSPost2010Prop47
 90
       50
102
RTVSPost2010PropOp47
 70
     1
102
RTVSPost2010Prop48
 90
       50
102
RTVSPost2010PropOp48
 70
     1
102
RTVSPost2010Prop49
280
     0
102
RTVSPost2010PropOp49
 70
     1
102
RTVSPost2010Prop50
 90
       50
102
RTVSPost2010PropOp50
 70
     1
102
RTVSPost2010Prop51ColorIndex
 90
      256
102
RTVSPost2010Prop51ColorRGB
 90
-16777216
102
RTVSPost2010PropOp51
 70
     0
102
RTVSPost2010Prop52
140
1.0
102
RTVSPost2010PropOp52
 70
     0
102
RTVSPost2010Prop53
 90
        2
102
RTVSPost2010PropOp53
 70
     1
102
RTVSPost2010Prop54
  1
strokes_ogs.tif
102
RTVSPost2010PropOp54
 70
     1
102
RTVSPost2010Prop55
280
     0
102
RTVSPost2010PropOp55
 70
     1
102
RTVSPost2010Prop56
140
1.0
102
RTVSPost2010PropOp56
 70
     1
102
RTVSPost2010Prop57
140
1.0
102
RTVSPost2010PropOp57
 70
     1
102
RTVSPropertyOp0
 70
     1
102
RTVSPropertyOp1
 70
     1
102
RTVSPropertyOp2
 70
     1
102
RTVSPropertyOp3
 70
     1
102
RTVSPropertyOp4
 70
     1
102
RTVSPropertyOp5
 70
     1
102
RTVSPropertyOp6
 70
     1
102
RTVSPropertyOp7
 70
     1
102
RTVSPropertyOp8
 70
     1
102
RTVSPropertyOp9
 70
     1
102
RTVSPropertyOp10
 70
     1
102
RTVSPropertyOp11
 70
     1
102
RTVSPropertyOp12
 70
     1
102
RTVSPropertyOp13
 70
     1
102
RTVSPropertyOp14
 70
     1
102
RTVSPropertyOp15
 70
     1
102
RTVSPropertyOp16
 70
     1
102
RTVSPropertyOp17
 70
     1
102
RTVSPropertyOp18
 70
     1
102
RTVSPropertyOp19
 70
     1
102
RTVSPropertyOp20
 70
     1
102
RTVSPropertyOp21
 70
     1
102
RTVSPropertyOp22
 70
     1
102
RTVSPropertyOp23
 70
     1
102
RTVSPropertyOp24
 70
     1
102
RTVSPropertyOp25
 70
     1
102
RTVSPropertyOp26
 70
     1
102
RTVSPropertyOp27
 70
     1
102
RTVSPropertyOp28
 70
     1
102
RTVSPropertyOp29
 70
     1
102
RTVSPropertyOp30
 70
     1
102
RTVSPropertyOp31
 70
     1
102
RTVSPropertyOp32
 70
     1
102
RTVSPropertyOp33
 70
     1
102
RTVSPropertyOp34
 70
     1
102
RTVSPropertyOp35
 70
     1
102
RTVSPropertyOp36
 70
     1
102
RTVSPropertyOp37
 70
     1
102
RTVSPropertyOp38
 70
     1
102
RTVSPropertyOp39
 70
     1
102
RTVSPropertyOp40
 70
     1
102
RTVSPropertyOp41
 70
     1
102
RTVSPropertyOp42
 70
     1
102
RTVSPropertyOp43
 70
     1
102
RTVSPropertyOp44
 70
     1
102
RTVSPropertyOp45
 70
     1
102
RTVSPropertyOp46
 70
     1
102
RTVSPropertyOp47
 70
     1
102
RTVSPropertyOp48
 70
     1
102
RTVSPropertyOp49
 70
     1
102
RTVSPropertyOp50
 70
     1
102
RTVSPropertyOp51
 70
     0
102
RTVSPropertyOp52
 70
     0
102
RTVSPropertyOp53
 70
     1
102
RTVSPropertyOp54
 70
     1
102
RTVSPropertyOp55
 70
     1
102
RTVSPropertyOp56
 70
     1
102
RTVSPropertyOp57
 70
     1
102
RTVSPropertyOp58
 70
     1
102
RTVSPropertyOp59
 70
     1
102
RTVSPropertyOp60
 70
     1
102
RTVSPropertyOp61
 70
     1
102
RTVSPropertyOp62
 70
     1
  0
XRECORD
  5
28B
102
{ACAD_REACTORS
330
28A
102
}
330
28A
100
AcDbXrecord
280
     1
102
RTVSPost2010Prop28
280
     0
102
RTVSPost2010PropOp28
 70
     1
102
RTVSPost2010Prop29
280
     1
102
RTVSPost2010PropOp29
 70
     1
102
RTVSPost2010Prop30
280
     1
102
RTVSPost2010PropOp30
 70
     1
102
RTVSPost2010Prop31
280
     0
102
RTVSPost2010PropOp31
 70
     1
102
RTVSPost2010Prop32
280
     0
102
RTVSPost2010PropOp32
 70
     1
102
RTVSPost2010Prop33
280
     0
102
RTVSPost2010PropOp33
 70
     1
102
RTVSPost2010Prop34
280
     0
102
RTVSPost2010PropOp34
 70
     1
102
RTVSPost2010Prop35
280
     0
102
RTVSPost2010PropOp35
 70
     1
102
RTVSPost2010Prop36
280
     0
102
RTVSPost2010PropOp36
 70
     1
102
RTVSPost2010Prop37
 90
       50
102
RTVSPost2010PropOp37
 70
     1
102
RTVSPost2010Prop38
140
0.0
102
RTVSPost2010PropOp38
 70
     1
102
RTVSPost2010Prop39
140
1.0
102
RTVSPost2010PropOp39
 70
     1
102
RTVSPost2010Prop40
 90
        0
102
RTVSPost2010PropOp40
 70
     1
102
RTVSPost2010Prop41ColorIndex
 90
       18
102
RTVSPost2010Prop41ColorRGB
 90
        0
102
RTVSPost2010PropOp41
 70
     1
102
RTVSPost2010Prop42
 90
       50
102
RTVSPost2010PropOp42
 70
     1
102
RTVSPost2010Prop43
 90
        3
102
RTVSPost2010PropOp43
 70
     1
102
RTVSPost2010Prop44ColorIndex
 90
        5
102
RTVSPost2010Prop44ColorRGB
 90
      255
102
RTVSPost2010PropOp44
 70
     1
102
RTVSPost2010Prop45
280
     0
102
RTVSPost2010PropOp45
 70
     1
102
RTVSPost2010Prop46
 90
       50
102
RTVSPost2010PropOp46
 70
     1
102
RTVSPost2010Prop47
 90
       50
102
RTVSPost2010PropOp47
 70
     1
102
RTVSPost2010Prop48
 90
       50
102
RTVSPost2010PropOp48
 70
     1
102
RTVSPost2010Prop49
280
     0
102
RTVSPost2010PropOp49
 70
     1
102
RTVSPost2010Prop50
 90
       50
102
RTVSPost2010PropOp50
 70
     1
102
RTVSPost2010Prop51ColorIndex
 90
      256
102
RTVSPost2010Prop51ColorRGB
 90
-16777216
102
RTVSPost2010PropOp51
 70
     0
102
RTVSPost2010Prop52
140
1.0
102
RTVSPost2010PropOp52
 70
     0
102
RTVSPost2010Prop53
 90
        2
102
RTVSPost2010PropOp53
 70
     1
102
RTVSPost2010Prop54
  1
strokes_ogs.tif
102
RTVSPost2010PropOp54
 70
     1
102
RTVSPost2010Prop55
280
     0
102
RTVSPost2010PropOp55
 70
     1
102
RTVSPost2010Prop56
140
1.0
102
RTVSPost2010PropOp56
 70
     1
102
RTVSPost2010Prop57
140
1.0
102
RTVSPost2010PropOp57
 70
     1
102
RTVSPropertyOp0
 70
     1
102
RTVSPropertyOp1
 70
     1
102
RTVSPropertyOp2
 70
     1
102
RTVSPropertyOp3
 70
     1
102
RTVSPropertyOp4
 70
     1
102
RTVSPropertyOp5
 70
     1
102
RTVSPropertyOp6
 70
     1
102
RTVSPropertyOp7
 70
     1
102
RTVSPropertyOp8
 70
     1
102
RTVSPropertyOp9
 70
     1
102
RTVSPropertyOp10
 70
     1
102
RTVSPropertyOp11
 70
     1
102
RTVSPropertyOp12
 70
     1
102
RTVSPropertyOp13
 70
     1
102
RTVSPropertyOp14
 70
     1
102
RTVSPropertyOp15
 70
     1
102
RTVSPropertyOp16
 70
     1
102
RTVSPropertyOp17
 70
     1
102
RTVSPropertyOp18
 70
     1
102
RTVSPropertyOp19
 70
     1
102
RTVSPropertyOp20
 70
     1
102
RTVSPropertyOp21
 70
     1
102
RTVSPropertyOp22
 70
     1
102
RTVSPropertyOp23
 70
     1
102
RTVSPropertyOp24
 70
     1
102
RTVSPropertyOp25
 70
     1
102
RTVSPropertyOp26
 70
     1
102
RTVSPropertyOp27
 70
     1
102
RTVSPropertyOp28
 70
     1
102
RTVSPropertyOp29
 70
     1
102
RTVSPropertyOp30
 70
     1
102
RTVSPropertyOp31
 70
     1
102
RTVSPropertyOp32
 70
     1
102
RTVSPropertyOp33
 70
     1
102
RTVSPropertyOp34
 70
     1
102
RTVSPropertyOp35
 70
     1
102
RTVSPropertyOp36
 70
     1
102
RTVSPropertyOp37
 70
     1
102
RTVSPropertyOp38
 70
     1
102
RTVSPropertyOp39
 70
     1
102
RTVSPropertyOp40
 70
     1
102
RTVSPropertyOp41
 70
     1
102
RTVSPropertyOp42
 70
     1
102
RTVSPropertyOp43
 70
     1
102
RTVSPropertyOp44
 70
     1
102
RTVSPropertyOp45
 70
     1
102
RTVSPropertyOp46
 70
     1
102
RTVSPropertyOp47
 70
     1
102
RTVSPropertyOp48
 70
     1
102
RTVSPropertyOp49
 70
     1
102
RTVSPropertyOp50
 70
     1
102
RTVSPropertyOp51
 70
     0
102
RTVSPropertyOp52
 70
     0
102
RTVSPropertyOp53
 70
     1
102
RTVSPropertyOp54
 70
     1
102
RTVSPropertyOp55
 70
     1
102
RTVSPropertyOp56
 70
     1
102
RTVSPropertyOp57
 70
     1
102
RTVSPropertyOp58
 70
     1
102
RTVSPropertyOp59
 70
     1
102
RTVSPropertyOp60
 70
     1
102
RTVSPropertyOp61
 70
     1
102
RTVSPropertyOp62
 70
     1
  0
XRECORD
  5
28D
102
{ACAD_REACTORS
330
28C
102
}
330
28C
100
AcDbXrecord
280
     1
102
RTVSPost2010Prop28
280
     0
102
RTVSPost2010PropOp28
 70
     1
102
RTVSPost2010Prop29
280
     1
102
RTVSPost2010PropOp29
 70
     1
102
RTVSPost2010Prop30
280
     1
102
RTVSPost2010PropOp30
 70
     1
102
RTVSPost2010Prop31
280
     0
102
RTVSPost2010PropOp31
 70
     1
102
RTVSPost2010Prop32
280
     0
102
RTVSPost2010PropOp32
 70
     1
102
RTVSPost2010Prop33
280
     0
102
RTVSPost2010PropOp33
 70
     1
102
RTVSPost2010Prop34
280
     0
102
RTVSPost2010PropOp34
 70
     1
102
RTVSPost2010Prop35
280
     0
102
RTVSPost2010PropOp35
 70
     1
102
RTVSPost2010Prop36
280
     0
102
RTVSPost2010PropOp36
 70
     1
102
RTVSPost2010Prop37
 90
       50
102
RTVSPost2010PropOp37
 70
     1
102
RTVSPost2010Prop38
140
0.0
102
RTVSPost2010PropOp38
 70
     1
102
RTVSPost2010Prop39
140
1.0
102
RTVSPost2010PropOp39
 70
     1
102
RTVSPost2010Prop40
 90
        0
102
RTVSPost2010PropOp40
 70
     1
102
RTVSPost2010Prop41ColorIndex
 90
       18
102
RTVSPost2010Prop41ColorRGB
 90
        0
102
RTVSPost2010PropOp41
 70
     1
102
RTVSPost2010Prop42
 90
       50
102
RTVSPost2010PropOp42
 70
     1
102
RTVSPost2010Prop43
 90
        3
102
RTVSPost2010PropOp43
 70
     1
102
RTVSPost2010Prop44ColorIndex
 90
        5
102
RTVSPost2010Prop44ColorRGB
 90
      255
102
RTVSPost2010PropOp44
 70
     1
102
RTVSPost2010Prop45
280
     0
102
RTVSPost2010PropOp45
 70
     1
102
RTVSPost2010Prop46
 90
       50
102
RTVSPost2010PropOp46
 70
     1
102
RTVSPost2010Prop47
 90
       50
102
RTVSPost2010PropOp47
 70
     1
102
RTVSPost2010Prop48
 90
       50
102
RTVSPost2010PropOp48
 70
     1
102
RTVSPost2010Prop49
280
     0
102
RTVSPost2010PropOp49
 70
     1
102
RTVSPost2010Prop50
 90
       50
102
RTVSPost2010PropOp50
 70
     1
102
RTVSPost2010Prop51ColorIndex
 90
      256
102
RTVSPost2010Prop51ColorRGB
 90
-16777216
102
RTVSPost2010PropOp51
 70
     0
102
RTVSPost2010Prop52
140
1.0
102
RTVSPost2010PropOp52
 70
     0
102
RTVSPost2010Prop53
 90
        2
102
RTVSPost2010PropOp53
 70
     1
102
RTVSPost2010Prop54
  1
strokes_ogs.tif
102
RTVSPost2010PropOp54
 70
     1
102
RTVSPost2010Prop55
280
     0
102
RTVSPost2010PropOp55
 70
     1
102
RTVSPost2010Prop56
140
1.0
102
RTVSPost2010PropOp56
 70
     1
102
RTVSPost2010Prop57
140
1.0
102
RTVSPost2010PropOp57
 70
     1
102
RTVSPropertyOp0
 70
     1
102
RTVSPropertyOp1
 70
     1
102
RTVSPropertyOp2
 70
     1
102
RTVSPropertyOp3
 70
     1
102
RTVSPropertyOp4
 70
     1
102
RTVSPropertyOp5
 70
     1
102
RTVSPropertyOp6
 70
     1
102
RTVSPropertyOp7
 70
     1
102
RTVSPropertyOp8
 70
     1
102
RTVSPropertyOp9
 70
     1
102
RTVSPropertyOp10
 70
     1
102
RTVSPropertyOp11
 70
     1
102
RTVSPropertyOp12
 70
     1
102
RTVSPropertyOp13
 70
     1
102
RTVSPropertyOp14
 70
     1
102
RTVSPropertyOp15
 70
     1
102
RTVSPropertyOp16
 70
     1
102
RTVSPropertyOp17
 70
     1
102
RTVSPropertyOp18
 70
     1
102
RTVSPropertyOp19
 70
     1
102
RTVSPropertyOp20
 70
     1
102
RTVSPropertyOp21
 70
     1
102
RTVSPropertyOp22
 70
     1
102
RTVSPropertyOp23
 70
     1
102
RTVSPropertyOp24
 70
     1
102
RTVSPropertyOp25
 70
     1
102
RTVSPropertyOp26
 70
     1
102
RTVSPropertyOp27
 70
     1
102
RTVSPropertyOp28
 70
     1
102
RTVSPropertyOp29
 70
     1
102
RTVSPropertyOp30
 70
     1
102
RTVSPropertyOp31
 70
     1
102
RTVSPropertyOp32
 70
     1
102
RTVSPropertyOp33
 70
     1
102
RTVSPropertyOp34
 70
     1
102
RTVSPropertyOp35
 70
     1
102
RTVSPropertyOp36
 70
     1
102
RTVSPropertyOp37
 70
     1
102
RTVSPropertyOp38
 70
     1
102
RTVSPropertyOp39
 70
     1
102
RTVSPropertyOp40
 70
     1
102
RTVSPropertyOp41
 70
     1
102
RTVSPropertyOp42
 70
     1
102
RTVSPropertyOp43
 70
     1
102
RTVSPropertyOp44
 70
     1
102
RTVSPropertyOp45
 70
     1
102
RTVSPropertyOp46
 70
     1
102
RTVSPropertyOp47
 70
     1
102
RTVSPropertyOp48
 70
     1
102
RTVSPropertyOp49
 70
     1
102
RTVSPropertyOp50
 70
     1
102
RTVSPropertyOp51
 70
     0
102
RTVSPropertyOp52
 70
     0
102
RTVSPropertyOp53
 70
     1
102
RTVSPropertyOp54
 70
     1
102
RTVSPropertyOp55
 70
     1
102
RTVSPropertyOp56
 70
     1
102
RTVSPropertyOp57
 70
     1
102
RTVSPropertyOp58
 70
     1
102
RTVSPropertyOp59
 70
     1
102
RTVSPropertyOp60
 70
     1
102
RTVSPropertyOp61
 70
     1
102
RTVSPropertyOp62
 70
     1
  0
XRECORD
  5
295
102
{ACAD_REACTORS
330
294
102
}
330
294
100
AcDbXrecord
280
     1
102
RTVSPost2010Prop28
280
     0
102
RTVSPost2010PropOp28
 70
     1
102
RTVSPost2010Prop29
280
     1
102
RTVSPost2010PropOp29
 70
     1
102
RTVSPost2010Prop30
280
     1
102
RTVSPost2010PropOp30
 70
     1
102
RTVSPost2010Prop31
280
     0
102
RTVSPost2010PropOp31
 70
     1
102
RTVSPost2010Prop32
280
     0
102
RTVSPost2010PropOp32
 70
     1
102
RTVSPost2010Prop33
280
     0
102
RTVSPost2010PropOp33
 70
     1
102
RTVSPost2010Prop34
280
     0
102
RTVSPost2010PropOp34
 70
     1
102
RTVSPost2010Prop35
280
     0
102
RTVSPost2010PropOp35
 70
     1
102
RTVSPost2010Prop36
280
     0
102
RTVSPost2010PropOp36
 70
     1
102
RTVSPost2010Prop37
 90
       50
102
RTVSPost2010PropOp37
 70
     1
102
RTVSPost2010Prop38
140
0.0
102
RTVSPost2010PropOp38
 70
     1
102
RTVSPost2010Prop39
140
1.0
102
RTVSPost2010PropOp39
 70
     1
102
RTVSPost2010Prop40
 90
        0
102
RTVSPost2010PropOp40
 70
     1
102
RTVSPost2010Prop41ColorIndex
 90
       18
102
RTVSPost2010Prop41ColorRGB
 90
        0
102
RTVSPost2010PropOp41
 70
     1
102
RTVSPost2010Prop42
 90
       50
102
RTVSPost2010PropOp42
 70
     1
102
RTVSPost2010Prop43
 90
        3
102
RTVSPost2010PropOp43
 70
     1
102
RTVSPost2010Prop44ColorIndex
 90
        5
102
RTVSPost2010Prop44ColorRGB
 90
      255
102
RTVSPost2010PropOp44
 70
     1
102
RTVSPost2010Prop45
280
     0
102
RTVSPost2010PropOp45
 70
     1
102
RTVSPost2010Prop46
 90
       50
102
RTVSPost2010PropOp46
 70
     1
102
RTVSPost2010Prop47
 90
       50
102
RTVSPost2010PropOp47
 70
     1
102
RTVSPost2010Prop48
 90
       50
102
RTVSPost2010PropOp48
 70
     1
102
RTVSPost2010Prop49
280
     0
102
RTVSPost2010PropOp49
 70
     1
102
RTVSPost2010Prop50
 90
       50
102
RTVSPost2010PropOp50
 70
     1
102
RTVSPost2010Prop51ColorIndex
 90
      256
102
RTVSPost2010Prop51ColorRGB
 90
-16777216
102
RTVSPost2010PropOp51
 70
     0
102
RTVSPost2010Prop52
140
1.0
102
RTVSPost2010PropOp52
 70
     0
102
RTVSPost2010Prop53
 90
        2
102
RTVSPost2010PropOp53
 70
     1
102
RTVSPost2010Prop54
  1
strokes_ogs.tif
102
RTVSPost2010PropOp54
 70
     1
102
RTVSPost2010Prop55
280
     0
102
RTVSPost2010PropOp55
 70
     1
102
RTVSPost2010Prop56
140
1.0
102
RTVSPost2010PropOp56
 70
     1
102
RTVSPost2010Prop57
140
1.0
102
RTVSPost2010PropOp57
 70
     1
102
RTVSPropertyOp0
 70
     1
102
RTVSPropertyOp1
 70
     1
102
RTVSPropertyOp2
 70
     1
102
RTVSPropertyOp3
 70
     1
102
RTVSPropertyOp4
 70
     1
102
RTVSPropertyOp5
 70
     1
102
RTVSPropertyOp6
 70
     1
102
RTVSPropertyOp7
 70
     1
102
RTVSPropertyOp8
 70
     1
102
RTVSPropertyOp9
 70
     1
102
RTVSPropertyOp10
 70
     1
102
RTVSPropertyOp11
 70
     1
102
RTVSPropertyOp12
 70
     1
102
RTVSPropertyOp13
 70
     1
102
RTVSPropertyOp14
 70
     1
102
RTVSPropertyOp15
 70
     1
102
RTVSPropertyOp16
 70
     1
102
RTVSPropertyOp17
 70
     1
102
RTVSPropertyOp18
 70
     1
102
RTVSPropertyOp19
 70
     1
102
RTVSPropertyOp20
 70
     1
102
RTVSPropertyOp21
 70
     1
102
RTVSPropertyOp22
 70
     1
102
RTVSPropertyOp23
 70
     1
102
RTVSPropertyOp24
 70
     1
102
RTVSPropertyOp25
 70
     1
102
RTVSPropertyOp26
 70
     1
102
RTVSPropertyOp27
 70
     1
102
RTVSPropertyOp28
 70
     1
102
RTVSPropertyOp29
 70
     1
102
RTVSPropertyOp30
 70
     1
102
RTVSPropertyOp31
 70
     1
102
RTVSPropertyOp32
 70
     1
102
RTVSPropertyOp33
 70
     1
102
RTVSPropertyOp34
 70
     1
102
RTVSPropertyOp35
 70
     1
102
RTVSPropertyOp36
 70
     1
102
RTVSPropertyOp37
 70
     1
102
RTVSPropertyOp38
 70
     1
102
RTVSPropertyOp39
 70
     1
102
RTVSPropertyOp40
 70
     1
102
RTVSPropertyOp41
 70
     1
102
RTVSPropertyOp42
 70
     1
102
RTVSPropertyOp43
 70
     1
102
RTVSPropertyOp44
 70
     1
102
RTVSPropertyOp45
 70
     1
102
RTVSPropertyOp46
 70
     1
102
RTVSPropertyOp47
 70
     1
102
RTVSPropertyOp48
 70
     1
102
RTVSPropertyOp49
 70
     1
102
RTVSPropertyOp50
 70
     1
102
RTVSPropertyOp51
 70
     0
102
RTVSPropertyOp52
 70
     0
102
RTVSPropertyOp53
 70
     1
102
RTVSPropertyOp54
 70
     1
102
RTVSPropertyOp55
 70
     1
102
RTVSPropertyOp56
 70
     1
102
RTVSPropertyOp57
 70
     1
102
RTVSPropertyOp58
 70
     1
102
RTVSPropertyOp59
 70
     1
102
RTVSPropertyOp60
 70
     1
102
RTVSPropertyOp61
 70
     1
102
RTVSPropertyOp62
 70
     1
  0
XRECORD
  5
2A7
102
{ACAD_REACTORS
330
2A6
102
}
330
2A6
100
AcDbXrecord
280
     1
102
RTVSPost2010Prop28
280
     0
102
RTVSPost2010PropOp28
 70
     1
102
RTVSPost2010Prop29
280
     1
102
RTVSPost2010PropOp29
 70
     1
102
RTVSPost2010Prop30
280
     1
102
RTVSPost2010PropOp30
 70
     1
102
RTVSPost2010Prop31
280
     0
102
RTVSPost2010PropOp31
 70
     1
102
RTVSPost2010Prop32
280
     0
102
RTVSPost2010PropOp32
 70
     1
102
RTVSPost2010Prop33
280
     0
102
RTVSPost2010PropOp33
 70
     1
102
RTVSPost2010Prop34
280
     0
102
RTVSPost2010PropOp34
 70
     1
102
RTVSPost2010Prop35
280
     0
102
RTVSPost2010PropOp35
 70
     1
102
RTVSPost2010Prop36
280
     0
102
RTVSPost2010PropOp36
 70
     1
102
RTVSPost2010Prop37
 90
       50
102
RTVSPost2010PropOp37
 70
     1
102
RTVSPost2010Prop38
140
0.0
102
RTVSPost2010PropOp38
 70
     1
102
RTVSPost2010Prop39
140
1.0
102
RTVSPost2010PropOp39
 70
     1
102
RTVSPost2010Prop40
 90
        0
102
RTVSPost2010PropOp40
 70
     1
102
RTVSPost2010Prop41ColorIndex
 90
       18
102
RTVSPost2010Prop41ColorRGB
 90
        0
102
RTVSPost2010PropOp41
 70
     1
102
RTVSPost2010Prop42
 90
       50
102
RTVSPost2010PropOp42
 70
     1
102
RTVSPost2010Prop43
 90
        3
102
RTVSPost2010PropOp43
 70
     1
102
RTVSPost2010Prop44ColorIndex
 90
        5
102
RTVSPost2010Prop44ColorRGB
 90
      255
102
RTVSPost2010PropOp44
 70
     1
102
RTVSPost2010Prop45
280
     0
102
RTVSPost2010PropOp45
 70
     1
102
RTVSPost2010Prop46
 90
       50
102
RTVSPost2010PropOp46
 70
     1
102
RTVSPost2010Prop47
 90
       50
102
RTVSPost2010PropOp47
 70
     1
102
RTVSPost2010Prop48
 90
       50
102
RTVSPost2010PropOp48
 70
     1
102
RTVSPost2010Prop49
280
     0
102
RTVSPost2010PropOp49
 70
     1
102
RTVSPost2010Prop50
 90
       50
102
RTVSPost2010PropOp50
 70
     1
102
RTVSPost2010Prop51ColorIndex
 90
      256
102
RTVSPost2010Prop51ColorRGB
 90
-16777216
102
RTVSPost2010PropOp51
 70
     0
102
RTVSPost2010Prop52
140
1.0
102
RTVSPost2010PropOp52
 70
     0
102
RTVSPost2010Prop53
 90
        2
102
RTVSPost2010PropOp53
 70
     1
102
RTVSPost2010Prop54
  1
strokes_ogs.tif
102
RTVSPost2010PropOp54
 70
     1
102
RTVSPost2010Prop55
280
     0
102
RTVSPost2010PropOp55
 70
     1
102
RTVSPost2010Prop56
140
1.0
102
RTVSPost2010PropOp56
 70
     1
102
RTVSPost2010Prop57
140
1.0
102
RTVSPost2010PropOp57
 70
     1
102
RTVSPropertyOp0
 70
     0
102
RTVSPropertyOp1
 70
     0
102
RTVSPropertyOp2
 70
     0
102
RTVSPropertyOp3
 70
     0
102
RTVSPropertyOp4
 70
     0
102
RTVSPropertyOp5
 70
     0
102
RTVSPropertyOp6
 70
     0
102
RTVSPropertyOp7
 70
     0
102
RTVSPropertyOp8
 70
     0
102
RTVSPropertyOp9
 70
     0
102
RTVSPropertyOp10
 70
     0
102
RTVSPropertyOp11
 70
     0
102
RTVSPropertyOp12
 70
     0
102
RTVSPropertyOp13
 70
     0
102
RTVSPropertyOp14
 70
     2
102
RTVSPropertyOp15
 70
     0
102
RTVSPropertyOp16
 70
     0
102
RTVSPropertyOp17
 70
     0
102
RTVSPropertyOp18
 70
     0
102
RTVSPropertyOp19
 70
     0
102
RTVSPropertyOp20
 70
     0
102
RTVSPropertyOp21
 70
     0
102
RTVSPropertyOp22
 70
     0
102
RTVSPropertyOp23
 70
     0
102
RTVSPropertyOp24
 70
     0
102
RTVSPropertyOp25
 70
     0
102
RTVSPropertyOp26
 70
     0
102
RTVSPropertyOp27
 70
     0
102
RTVSPropertyOp28
 70
     1
102
RTVSPropertyOp29
 70
     1
102
RTVSPropertyOp30
 70
     1
102
RTVSPropertyOp31
 70
     1
102
RTVSPropertyOp32
 70
     1
102
RTVSPropertyOp33
 70
     1
102
RTVSPropertyOp34
 70
     1
102
RTVSPropertyOp35
 70
     1
102
RTVSPropertyOp36
 70
     1
102
RTVSPropertyOp37
 70
     1
102
RTVSPropertyOp38
 70
     1
102
RTVSPropertyOp39
 70
     1
102
RTVSPropertyOp40
 70
     1
102
RTVSPropertyOp41
 70
     1
102
RTVSPropertyOp42
 70
     1
102
RTVSPropertyOp43
 70
     1
102
RTVSPropertyOp44
 70
     1
102
RTVSPropertyOp45
 70
     1
102
RTVSPropertyOp46
 70
     1
102
RTVSPropertyOp47
 70
     1
102
RTVSPropertyOp48
 70
     1
102
RTVSPropertyOp49
 70
     1
102
RTVSPropertyOp50
 70
     1
102
RTVSPropertyOp51
 70
     0
102
RTVSPropertyOp52
 70
     0
102
RTVSPropertyOp53
 70
     1
102
RTVSPropertyOp54
 70
     1
102
RTVSPropertyOp55
 70
     1
102
RTVSPropertyOp56
 70
     1
102
RTVSPropertyOp57
 70
     1
102
RTVSPropertyOp58
 70
     1
102
RTVSPropertyOp59
 70
     1
102
RTVSPropertyOp60
 70
     1
102
RTVSPropertyOp61
 70
     1
102
RTVSPropertyOp62
 70
     1
  0
XRECORD
  5
2A1
102
{ACAD_REACTORS
330
2A0
102
}
330
2A0
100
AcDbXrecord
280
     1
102
RTVSPost2010Prop28
280
     0
102
RTVSPost2010PropOp28
 70
     1
102
RTVSPost2010Prop29
280
     1
102
RTVSPost2010PropOp29
 70
     1
102
RTVSPost2010Prop30
280
     1
102
RTVSPost2010PropOp30
 70
     1
102
RTVSPost2010Prop31
280
     0
102
RTVSPost2010PropOp31
 70
     1
102
RTVSPost2010Prop32
280
     0
102
RTVSPost2010PropOp32
 70
     1
102
RTVSPost2010Prop33
280
     0
102
RTVSPost2010PropOp33
 70
     1
102
RTVSPost2010Prop34
280
     0
102
RTVSPost2010PropOp34
 70
     1
102
RTVSPost2010Prop35
280
     0
102
RTVSPost2010PropOp35
 70
     1
102
RTVSPost2010Prop36
280
     0
102
RTVSPost2010PropOp36
 70
     1
102
RTVSPost2010Prop37
 90
       50
102
RTVSPost2010PropOp37
 70
     1
102
RTVSPost2010Prop38
140
0.0
102
RTVSPost2010PropOp38
 70
     1
102
RTVSPost2010Prop39
140
1.0
102
RTVSPost2010PropOp39
 70
     1
102
RTVSPost2010Prop40
 90
        0
102
RTVSPost2010PropOp40
 70
     1
102
RTVSPost2010Prop41ColorIndex
 90
       18
102
RTVSPost2010Prop41ColorRGB
 90
        0
102
RTVSPost2010PropOp41
 70
     1
102
RTVSPost2010Prop42
 90
       50
102
RTVSPost2010PropOp42
 70
     1
102
RTVSPost2010Prop43
 90
        3
102
RTVSPost2010PropOp43
 70
     1
102
RTVSPost2010Prop44ColorIndex
 90
        5
102
RTVSPost2010Prop44ColorRGB
 90
      255
102
RTVSPost2010PropOp44
 70
     1
102
RTVSPost2010Prop45
280
     0
102
RTVSPost2010PropOp45
 70
     1
102
RTVSPost2010Prop46
 90
       50
102
RTVSPost2010PropOp46
 70
     1
102
RTVSPost2010Prop47
 90
       50
102
RTVSPost2010PropOp47
 70
     1
102
RTVSPost2010Prop48
 90
       50
102
RTVSPost2010PropOp48
 70
     1
102
RTVSPost2010Prop49
280
     0
102
RTVSPost2010PropOp49
 70
     1
102
RTVSPost2010Prop50
 90
       50
102
RTVSPost2010PropOp50
 70
     1
102
RTVSPost2010Prop51ColorIndex
 90
      256
102
RTVSPost2010Prop51ColorRGB
 90
-16777216
102
RTVSPost2010PropOp51
 70
     0
102
RTVSPost2010Prop52
140
1.0
102
RTVSPost2010PropOp52
 70
     0
102
RTVSPost2010Prop53
 90
        2
102
RTVSPost2010PropOp53
 70
     1
102
RTVSPost2010Prop54
  1
strokes_ogs.tif
102
RTVSPost2010PropOp54
 70
     1
102
RTVSPost2010Prop55
280
     0
102
RTVSPost2010PropOp55
 70
     1
102
RTVSPost2010Prop56
140
1.0
102
RTVSPost2010PropOp56
 70
     1
102
RTVSPost2010Prop57
140
1.0
102
RTVSPost2010PropOp57
 70
     1
102
RTVSPropertyOp0
 70
     1
102
RTVSPropertyOp1
 70
     1
102
RTVSPropertyOp2
 70
     1
102
RTVSPropertyOp3
 70
     1
102
RTVSPropertyOp4
 70
     1
102
RTVSPropertyOp5
 70
     1
102
RTVSPropertyOp6
 70
     1
102
RTVSPropertyOp7
 70
     1
102
RTVSPropertyOp8
 70
     1
102
RTVSPropertyOp9
 70
     1
102
RTVSPropertyOp10
 70
     1
102
RTVSPropertyOp11
 70
     1
102
RTVSPropertyOp12
 70
     1
102
RTVSPropertyOp13
 70
     1
102
RTVSPropertyOp14
 70
     1
102
RTVSPropertyOp15
 70
     1
102
RTVSPropertyOp16
 70
     1
102
RTVSPropertyOp17
 70
     1
102
RTVSPropertyOp18
 70
     1
102
RTVSPropertyOp19
 70
     1
102
RTVSPropertyOp20
 70
     1
102
RTVSPropertyOp21
 70
     1
102
RTVSPropertyOp22
 70
     1
102
RTVSPropertyOp23
 70
     1
102
RTVSPropertyOp24
 70
     1
102
RTVSPropertyOp25
 70
     1
102
RTVSPropertyOp26
 70
     1
102
RTVSPropertyOp27
 70
     1
102
RTVSPropertyOp28
 70
     1
102
RTVSPropertyOp29
 70
     1
102
RTVSPropertyOp30
 70
     1
102
RTVSPropertyOp31
 70
     1
102
RTVSPropertyOp32
 70
     1
102
RTVSPropertyOp33
 70
     1
102
RTVSPropertyOp34
 70
     1
102
RTVSPropertyOp35
 70
     1
102
RTVSPropertyOp36
 70
     1
102
RTVSPropertyOp37
 70
     1
102
RTVSPropertyOp38
 70
     1
102
RTVSPropertyOp39
 70
     1
102
RTVSPropertyOp40
 70
     1
102
RTVSPropertyOp41
 70
     1
102
RTVSPropertyOp42
 70
     1
102
RTVSPropertyOp43
 70
     1
102
RTVSPropertyOp44
 70
     1
102
RTVSPropertyOp45
 70
     1
102
RTVSPropertyOp46
 70
     1
102
RTVSPropertyOp47
 70
     1
102
RTVSPropertyOp48
 70
     1
102
RTVSPropertyOp49
 70
     1
102
RTVSPropertyOp50
 70
     1
102
RTVSPropertyOp51
 70
     0
102
RTVSPropertyOp52
 70
     0
102
RTVSPropertyOp53
 70
     1
102
RTVSPropertyOp54
 70
     1
102
RTVSPropertyOp55
 70
     1
102
RTVSPropertyOp56
 70
     1
102
RTVSPropertyOp57
 70
     1
102
RTVSPropertyOp58
 70
     1
102
RTVSPropertyOp59
 70
     1
102
RTVSPropertyOp60
 70
     1
102
RTVSPropertyOp61
 70
     1
102
RTVSPropertyOp62
 70
     1
  0
XRECORD
  5
2A9
102
{ACAD_REACTORS
330
2A8
102
}
330
2A8
100
AcDbXrecord
280
     1
102
RTVSPost2010Prop28
280
     0
102
RTVSPost2010PropOp28
 70
     1
102
RTVSPost2010Prop29
280
     1
102
RTVSPost2010PropOp29
 70
     1
102
RTVSPost2010Prop30
280
     1
102
RTVSPost2010PropOp30
 70
     1
102
RTVSPost2010Prop31
280
     0
102
RTVSPost2010PropOp31
 70
     1
102
RTVSPost2010Prop32
280
     0
102
RTVSPost2010PropOp32
 70
     1
102
RTVSPost2010Prop33
280
     0
102
RTVSPost2010PropOp33
 70
     1
102
RTVSPost2010Prop34
280
     0
102
RTVSPost2010PropOp34
 70
     1
102
RTVSPost2010Prop35
280
     0
102
RTVSPost2010PropOp35
 70
     1
102
RTVSPost2010Prop36
280
     0
102
RTVSPost2010PropOp36
 70
     1
102
RTVSPost2010Prop37
 90
       50
102
RTVSPost2010PropOp37
 70
     1
102
RTVSPost2010Prop38
140
0.0
102
RTVSPost2010PropOp38
 70
     1
102
RTVSPost2010Prop39
140
1.0
102
RTVSPost2010PropOp39
 70
     1
102
RTVSPost2010Prop40
 90
        0
102
RTVSPost2010PropOp40
 70
     1
102
RTVSPost2010Prop41ColorIndex
 90
       18
102
RTVSPost2010Prop41ColorRGB
 90
        0
102
RTVSPost2010PropOp41
 70
     1
102
RTVSPost2010Prop42
 90
       50
102
RTVSPost2010PropOp42
 70
     1
102
RTVSPost2010Prop43
 90
        3
102
RTVSPost2010PropOp43
 70
     1
102
RTVSPost2010Prop44ColorIndex
 90
        5
102
RTVSPost2010Prop44ColorRGB
 90
      255
102
RTVSPost2010PropOp44
 70
     1
102
RTVSPost2010Prop45
280
     0
102
RTVSPost2010PropOp45
 70
     1
102
RTVSPost2010Prop46
 90
       50
102
RTVSPost2010PropOp46
 70
     1
102
RTVSPost2010Prop47
 90
       50
102
RTVSPost2010PropOp47
 70
     1
102
RTVSPost2010Prop48
 90
       50
102
RTVSPost2010PropOp48
 70
     1
102
RTVSPost2010Prop49
280
     0
102
RTVSPost2010PropOp49
 70
     1
102
RTVSPost2010Prop50
 90
       50
102
RTVSPost2010PropOp50
 70
     1
102
RTVSPost2010Prop51ColorIndex
 90
      256
102
RTVSPost2010Prop51ColorRGB
 90
-16777216
102
RTVSPost2010PropOp51
 70
     0
102
RTVSPost2010Prop52
140
1.0
102
RTVSPost2010PropOp52
 70
     0
102
RTVSPost2010Prop53
 90
        2
102
RTVSPost2010PropOp53
 70
     1
102
RTVSPost2010Prop54
  1
strokes_ogs.tif
102
RTVSPost2010PropOp54
 70
     1
102
RTVSPost2010Prop55
280
     0
102
RTVSPost2010PropOp55
 70
     1
102
RTVSPost2010Prop56
140
1.0
102
RTVSPost2010PropOp56
 70
     1
102
RTVSPost2010Prop57
140
1.0
102
RTVSPost2010PropOp57
 70
     1
102
RTVSPropertyOp0
 70
     0
102
RTVSPropertyOp1
 70
     0
102
RTVSPropertyOp2
 70
     0
102
RTVSPropertyOp3
 70
     0
102
RTVSPropertyOp4
 70
     0
102
RTVSPropertyOp5
 70
     0
102
RTVSPropertyOp6
 70
     0
102
RTVSPropertyOp7
 70
     0
102
RTVSPropertyOp8
 70
     0
102
RTVSPropertyOp9
 70
     0
102
RTVSPropertyOp10
 70
     0
102
RTVSPropertyOp11
 70
     0
102
RTVSPropertyOp12
 70
     0
102
RTVSPropertyOp13
 70
     0
102
RTVSPropertyOp14
 70
     2
102
RTVSPropertyOp15
 70
     0
102
RTVSPropertyOp16
 70
     0
102
RTVSPropertyOp17
 70
     0
102
RTVSPropertyOp18
 70
     0
102
RTVSPropertyOp19
 70
     0
102
RTVSPropertyOp20
 70
     0
102
RTVSPropertyOp21
 70
     0
102
RTVSPropertyOp22
 70
     0
102
RTVSPropertyOp23
 70
     0
102
RTVSPropertyOp24
 70
     0
102
RTVSPropertyOp25
 70
     0
102
RTVSPropertyOp26
 70
     0
102
RTVSPropertyOp27
 70
     0
102
RTVSPropertyOp28
 70
     1
102
RTVSPropertyOp29
 70
     1
102
RTVSPropertyOp30
 70
     1
102
RTVSPropertyOp31
 70
     1
102
RTVSPropertyOp32
 70
     1
102
RTVSPropertyOp33
 70
     1
102
RTVSPropertyOp34
 70
     1
102
RTVSPropertyOp35
 70
     1
102
RTVSPropertyOp36
 70
     1
102
RTVSPropertyOp37
 70
     1
102
RTVSPropertyOp38
 70
     1
102
RTVSPropertyOp39
 70
     1
102
RTVSPropertyOp40
 70
     1
102
RTVSPropertyOp41
 70
     1
102
RTVSPropertyOp42
 70
     1
102
RTVSPropertyOp43
 70
     1
102
RTVSPropertyOp44
 70
     1
102
RTVSPropertyOp45
 70
     1
102
RTVSPropertyOp46
 70
     1
102
RTVSPropertyOp47
 70
     1
102
RTVSPropertyOp48
 70
     1
102
RTVSPropertyOp49
 70
     1
102
RTVSPropertyOp50
 70
     1
102
RTVSPropertyOp51
 70
     0
102
RTVSPropertyOp52
 70
     0
102
RTVSPropertyOp53
 70
     1
102
RTVSPropertyOp54
 70
     1
102
RTVSPropertyOp55
 70
     1
102
RTVSPropertyOp56
 70
     1
102
RTVSPropertyOp57
 70
     1
102
RTVSPropertyOp58
 70
     1
102
RTVSPropertyOp59
 70
     1
102
RTVSPropertyOp60
 70
     1
102
RTVSPropertyOp61
 70
     1
102
RTVSPropertyOp62
 70
     1
  0
XRECORD
  5
299
102
{ACAD_REACTORS
330
298
102
}
330
298
100
AcDbXrecord
280
     1
102
RTVSPost2010Prop28
280
     0
102
RTVSPost2010PropOp28
 70
     1
102
RTVSPost2010Prop29
280
     1
102
RTVSPost2010PropOp29
 70
     1
102
RTVSPost2010Prop30
280
     1
102
RTVSPost2010PropOp30
 70
     1
102
RTVSPost2010Prop31
280
     0
102
RTVSPost2010PropOp31
 70
     1
102
RTVSPost2010Prop32
280
     0
102
RTVSPost2010PropOp32
 70
     1
102
RTVSPost2010Prop33
280
     0
102
RTVSPost2010PropOp33
 70
     1
102
RTVSPost2010Prop34
280
     0
102
RTVSPost2010PropOp34
 70
     1
102
RTVSPost2010Prop35
280
     0
102
RTVSPost2010PropOp35
 70
     1
102
RTVSPost2010Prop36
280
     0
102
RTVSPost2010PropOp36
 70
     1
102
RTVSPost2010Prop37
 90
       50
102
RTVSPost2010PropOp37
 70
     1
102
RTVSPost2010Prop38
140
0.0
102
RTVSPost2010PropOp38
 70
     1
102
RTVSPost2010Prop39
140
1.0
102
RTVSPost2010PropOp39
 70
     1
102
RTVSPost2010Prop40
 90
        0
102
RTVSPost2010PropOp40
 70
     1
102
RTVSPost2010Prop41ColorIndex
 90
       18
102
RTVSPost2010Prop41ColorRGB
 90
        0
102
RTVSPost2010PropOp41
 70
     1
102
RTVSPost2010Prop42
 90
       50
102
RTVSPost2010PropOp42
 70
     1
102
RTVSPost2010Prop43
 90
        3
102
RTVSPost2010PropOp43
 70
     1
102
RTVSPost2010Prop44ColorIndex
 90
        5
102
RTVSPost2010Prop44ColorRGB
 90
      255
102
RTVSPost2010PropOp44
 70
     1
102
RTVSPost2010Prop45
280
     0
102
RTVSPost2010PropOp45
 70
     1
102
RTVSPost2010Prop46
 90
       50
102
RTVSPost2010PropOp46
 70
     1
102
RTVSPost2010Prop47
 90
       50
102
RTVSPost2010PropOp47
 70
     1
102
RTVSPost2010Prop48
 90
       50
102
RTVSPost2010PropOp48
 70
     1
102
RTVSPost2010Prop49
280
     0
102
RTVSPost2010PropOp49
 70
     1
102
RTVSPost2010Prop50
 90
       50
102
RTVSPost2010PropOp50
 70
     1
102
RTVSPost2010Prop51ColorIndex
 90
      256
102
RTVSPost2010Prop51ColorRGB
 90
-16777216
102
RTVSPost2010PropOp51
 70
     0
102
RTVSPost2010Prop52
140
1.0
102
RTVSPost2010PropOp52
 70
     0
102
RTVSPost2010Prop53
 90
        2
102
RTVSPost2010PropOp53
 70
     1
102
RTVSPost2010Prop54
  1
strokes_ogs.tif
102
RTVSPost2010PropOp54
 70
     1
102
RTVSPost2010Prop55
280
     0
102
RTVSPost2010PropOp55
 70
     1
102
RTVSPost2010Prop56
140
1.0
102
RTVSPost2010PropOp56
 70
     1
102
RTVSPost2010Prop57
140
1.0
102
RTVSPost2010PropOp57
 70
     1
102
RTVSPropertyOp0
 70
     1
102
RTVSPropertyOp1
 70
     1
102
RTVSPropertyOp2
 70
     1
102
RTVSPropertyOp3
 70
     1
102
RTVSPropertyOp4
 70
     1
102
RTVSPropertyOp5
 70
     1
102
RTVSPropertyOp6
 70
     1
102
RTVSPropertyOp7
 70
     1
102
RTVSPropertyOp8
 70
     1
102
RTVSPropertyOp9
 70
     1
102
RTVSPropertyOp10
 70
     1
102
RTVSPropertyOp11
 70
     1
102
RTVSPropertyOp12
 70
     1
102
RTVSPropertyOp13
 70
     1
102
RTVSPropertyOp14
 70
     1
102
RTVSPropertyOp15
 70
     1
102
RTVSPropertyOp16
 70
     1
102
RTVSPropertyOp17
 70
     1
102
RTVSPropertyOp18
 70
     1
102
RTVSPropertyOp19
 70
     1
102
RTVSPropertyOp20
 70
     1
102
RTVSPropertyOp21
 70
     1
102
RTVSPropertyOp22
 70
     1
102
RTVSPropertyOp23
 70
     1
102
RTVSPropertyOp24
 70
     1
102
RTVSPropertyOp25
 70
     1
102
RTVSPropertyOp26
 70
     1
102
RTVSPropertyOp27
 70
     1
102
RTVSPropertyOp28
 70
     1
102
RTVSPropertyOp29
 70
     1
102
RTVSPropertyOp30
 70
     1
102
RTVSPropertyOp31
 70
     1
102
RTVSPropertyOp32
 70
     1
102
RTVSPropertyOp33
 70
     1
102
RTVSPropertyOp34
 70
     1
102
RTVSPropertyOp35
 70
     1
102
RTVSPropertyOp36
 70
     1
102
RTVSPropertyOp37
 70
     1
102
RTVSPropertyOp38
 70
     1
102
RTVSPropertyOp39
 70
     1
102
RTVSPropertyOp40
 70
     1
102
RTVSPropertyOp41
 70
     1
102
RTVSPropertyOp42
 70
     1
102
RTVSPropertyOp43
 70
     1
102
RTVSPropertyOp44
 70
     1
102
RTVSPropertyOp45
 70
     1
102
RTVSPropertyOp46
 70
     1
102
RTVSPropertyOp47
 70
     1
102
RTVSPropertyOp48
 70
     1
102
RTVSPropertyOp49
 70
     1
102
RTVSPropertyOp50
 70
     1
102
RTVSPropertyOp51
 70
     0
102
RTVSPropertyOp52
 70
     0
102
RTVSPropertyOp53
 70
     1
102
RTVSPropertyOp54
 70
     1
102
RTVSPropertyOp55
 70
     1
102
RTVSPropertyOp56
 70
     1
102
RTVSPropertyOp57
 70
     1
102
RTVSPropertyOp58
 70
     1
102
RTVSPropertyOp59
 70
     1
102
RTVSPropertyOp60
 70
     1
102
RTVSPropertyOp61
 70
     1
102
RTVSPropertyOp62
 70
     1
  0
XRECORD
  5
2B5
102
{ACAD_REACTORS
330
2B4
102
}
330
2B4
100
AcDbXrecord
280
     1
102
RTVSPost2010Prop28
280
     0
102
RTVSPost2010PropOp28
 70
     1
102
RTVSPost2010Prop29
280
     1
102
RTVSPost2010PropOp29
 70
     1
102
RTVSPost2010Prop30
280
     1
102
RTVSPost2010PropOp30
 70
     1
102
RTVSPost2010Prop31
280
     0
102
RTVSPost2010PropOp31
 70
     1
102
RTVSPost2010Prop32
280
     0
102
RTVSPost2010PropOp32
 70
     1
102
RTVSPost2010Prop33
280
     0
102
RTVSPost2010PropOp33
 70
     1
102
RTVSPost2010Prop34
280
     0
102
RTVSPost2010PropOp34
 70
     1
102
RTVSPost2010Prop35
280
     0
102
RTVSPost2010PropOp35
 70
     1
102
RTVSPost2010Prop36
280
     0
102
RTVSPost2010PropOp36
 70
     1
102
RTVSPost2010Prop37
 90
       50
102
RTVSPost2010PropOp37
 70
     1
102
RTVSPost2010Prop38
140
0.0
102
RTVSPost2010PropOp38
 70
     1
102
RTVSPost2010Prop39
140
1.0
102
RTVSPost2010PropOp39
 70
     1
102
RTVSPost2010Prop40
 90
        0
102
RTVSPost2010PropOp40
 70
     1
102
RTVSPost2010Prop41ColorIndex
 90
       18
102
RTVSPost2010Prop41ColorRGB
 90
        0
102
RTVSPost2010PropOp41
 70
     1
102
RTVSPost2010Prop42
 90
       50
102
RTVSPost2010PropOp42
 70
     1
102
RTVSPost2010Prop43
 90
        3
102
RTVSPost2010PropOp43
 70
     1
102
RTVSPost2010Prop44ColorIndex
 90
        5
102
RTVSPost2010Prop44ColorRGB
 90
      255
102
RTVSPost2010PropOp44
 70
     1
102
RTVSPost2010Prop45
280
     0
102
RTVSPost2010PropOp45
 70
     1
102
RTVSPost2010Prop46
 90
       50
102
RTVSPost2010PropOp46
 70
     1
102
RTVSPost2010Prop47
 90
       50
102
RTVSPost2010PropOp47
 70
     1
102
RTVSPost2010Prop48
 90
       50
102
RTVSPost2010PropOp48
 70
     1
102
RTVSPost2010Prop49
280
     0
102
RTVSPost2010PropOp49
 70
     1
102
RTVSPost2010Prop50
 90
       50
102
RTVSPost2010PropOp50
 70
     1
102
RTVSPost2010Prop51ColorIndex
 90
      256
102
RTVSPost2010Prop51ColorRGB
 90
-16777216
102
RTVSPost2010PropOp51
 70
     0
102
RTVSPost2010Prop52
140
1.0
102
RTVSPost2010PropOp52
 70
     0
102
RTVSPost2010Prop53
 90
        2
102
RTVSPost2010PropOp53
 70
     1
102
RTVSPost2010Prop54
  1
strokes_ogs.tif
102
RTVSPost2010PropOp54
 70
     1
102
RTVSPost2010Prop55
280
     0
102
RTVSPost2010PropOp55
 70
     1
102
RTVSPost2010Prop56
140
1.0
102
RTVSPost2010PropOp56
 70
     1
102
RTVSPost2010Prop57
140
1.0
102
RTVSPost2010PropOp57
 70
     1
102
RTVSPropertyOp0
 70
     1
102
RTVSPropertyOp1
 70
     1
102
RTVSPropertyOp2
 70
     1
102
RTVSPropertyOp3
 70
     1
102
RTVSPropertyOp4
 70
     1
102
RTVSPropertyOp5
 70
     1
102
RTVSPropertyOp6
 70
     1
102
RTVSPropertyOp7
 70
     1
102
RTVSPropertyOp8
 70
     1
102
RTVSPropertyOp9
 70
     1
102
RTVSPropertyOp10
 70
     1
102
RTVSPropertyOp11
 70
     1
102
RTVSPropertyOp12
 70
     1
102
RTVSPropertyOp13
 70
     1
102
RTVSPropertyOp14
 70
     1
102
RTVSPropertyOp15
 70
     1
102
RTVSPropertyOp16
 70
     1
102
RTVSPropertyOp17
 70
     1
102
RTVSPropertyOp18
 70
     1
102
RTVSPropertyOp19
 70
     1
102
RTVSPropertyOp20
 70
     1
102
RTVSPropertyOp21
 70
     1
102
RTVSPropertyOp22
 70
     1
102
RTVSPropertyOp23
 70
     1
102
RTVSPropertyOp24
 70
     1
102
RTVSPropertyOp25
 70
     1
102
RTVSPropertyOp26
 70
     1
102
RTVSPropertyOp27
 70
     1
102
RTVSPropertyOp28
 70
     1
102
RTVSPropertyOp29
 70
     1
102
RTVSPropertyOp30
 70
     1
102
RTVSPropertyOp31
 70
     1
102
RTVSPropertyOp32
 70
     1
102
RTVSPropertyOp33
 70
     1
102
RTVSPropertyOp34
 70
     1
102
RTVSPropertyOp35
 70
     1
102
RTVSPropertyOp36
 70
     1
102
RTVSPropertyOp37
 70
     1
102
RTVSPropertyOp38
 70
     1
102
RTVSPropertyOp39
 70
     1
102
RTVSPropertyOp40
 70
     1
102
RTVSPropertyOp41
 70
     1
102
RTVSPropertyOp42
 70
     1
102
RTVSPropertyOp43
 70
     1
102
RTVSPropertyOp44
 70
     1
102
RTVSPropertyOp45
 70
     1
102
RTVSPropertyOp46
 70
     1
102
RTVSPropertyOp47
 70
     1
102
RTVSPropertyOp48
 70
     1
102
RTVSPropertyOp49
 70
     1
102
RTVSPropertyOp50
 70
     1
102
RTVSPropertyOp51
 70
     0
102
RTVSPropertyOp52
 70
     0
102
RTVSPropertyOp53
 70
     1
102
RTVSPropertyOp54
 70
     1
102
RTVSPropertyOp55
 70
     1
102
RTVSPropertyOp56
 70
     1
102
RTVSPropertyOp57
 70
     1
102
RTVSPropertyOp58
 70
     1
102
RTVSPropertyOp59
 70
     1
102
RTVSPropertyOp60
 70
     1
102
RTVSPropertyOp61
 70
     1
102
RTVSPropertyOp62
 70
     1
  0
XRECORD
  5
2B3
102
{ACAD_REACTORS
330
2B2
102
}
330
2B2
100
AcDbXrecord
280
     1
102
RTVSPost2010Prop28
280
     0
102
RTVSPost2010PropOp28
 70
     1
102
RTVSPost2010Prop29
280
     1
102
RTVSPost2010PropOp29
 70
     1
102
RTVSPost2010Prop30
280
     1
102
RTVSPost2010PropOp30
 70
     1
102
RTVSPost2010Prop31
280
     0
102
RTVSPost2010PropOp31
 70
     1
102
RTVSPost2010Prop32
280
     0
102
RTVSPost2010PropOp32
 70
     1
102
RTVSPost2010Prop33
280
     0
102
RTVSPost2010PropOp33
 70
     1
102
RTVSPost2010Prop34
280
     0
102
RTVSPost2010PropOp34
 70
     1
102
RTVSPost2010Prop35
280
     0
102
RTVSPost2010PropOp35
 70
     1
102
RTVSPost2010Prop36
280
     0
102
RTVSPost2010PropOp36
 70
     1
102
RTVSPost2010Prop37
 90
       50
102
RTVSPost2010PropOp37
 70
     1
102
RTVSPost2010Prop38
140
0.0
102
RTVSPost2010PropOp38
 70
     1
102
RTVSPost2010Prop39
140
1.0
102
RTVSPost2010PropOp39
 70
     1
102
RTVSPost2010Prop40
 90
        0
102
RTVSPost2010PropOp40
 70
     1
102
RTVSPost2010Prop41ColorIndex
 90
       18
102
RTVSPost2010Prop41ColorRGB
 90
        0
102
RTVSPost2010PropOp41
 70
     1
102
RTVSPost2010Prop42
 90
       50
102
RTVSPost2010PropOp42
 70
     1
102
RTVSPost2010Prop43
 90
        3
102
RTVSPost2010PropOp43
 70
     1
102
RTVSPost2010Prop44ColorIndex
 90
        5
102
RTVSPost2010Prop44ColorRGB
 90
      255
102
RTVSPost2010PropOp44
 70
     1
102
RTVSPost2010Prop45
280
     0
102
RTVSPost2010PropOp45
 70
     1
102
RTVSPost2010Prop46
 90
       50
102
RTVSPost2010PropOp46
 70
     1
102
RTVSPost2010Prop47
 90
       50
102
RTVSPost2010PropOp47
 70
     1
102
RTVSPost2010Prop48
 90
       50
102
RTVSPost2010PropOp48
 70
     1
102
RTVSPost2010Prop49
280
     0
102
RTVSPost2010PropOp49
 70
     1
102
RTVSPost2010Prop50
 90
       50
102
RTVSPost2010PropOp50
 70
     1
102
RTVSPost2010Prop51ColorIndex
 90
      256
102
RTVSPost2010Prop51ColorRGB
 90
-16777216
102
RTVSPost2010PropOp51
 70
     0
102
RTVSPost2010Prop52
140
1.0
102
RTVSPost2010PropOp52
 70
     0
102
RTVSPost2010Prop53
 90
        2
102
RTVSPost2010PropOp53
 70
     1
102
RTVSPost2010Prop54
  1
strokes_ogs.tif
102
RTVSPost2010PropOp54
 70
     1
102
RTVSPost2010Prop55
280
     0
102
RTVSPost2010PropOp55
 70
     1
102
RTVSPost2010Prop56
140
1.0
102
RTVSPost2010PropOp56
 70
     1
102
RTVSPost2010Prop57
140
1.0
102
RTVSPost2010PropOp57
 70
     1
102
RTVSPropertyOp0
 70
     1
102
RTVSPropertyOp1
 70
     1
102
RTVSPropertyOp2
 70
     1
102
RTVSPropertyOp3
 70
     1
102
RTVSPropertyOp4
 70
     1
102
RTVSPropertyOp5
 70
     1
102
RTVSPropertyOp6
 70
     1
102
RTVSPropertyOp7
 70
     1
102
RTVSPropertyOp8
 70
     1
102
RTVSPropertyOp9
 70
     1
102
RTVSPropertyOp10
 70
     1
102
RTVSPropertyOp11
 70
     1
102
RTVSPropertyOp12
 70
     1
102
RTVSPropertyOp13
 70
     1
102
RTVSPropertyOp14
 70
     1
102
RTVSPropertyOp15
 70
     1
102
RTVSPropertyOp16
 70
     1
102
RTVSPropertyOp17
 70
     1
102
RTVSPropertyOp18
 70
     1
102
RTVSPropertyOp19
 70
     1
102
RTVSPropertyOp20
 70
     1
102
RTVSPropertyOp21
 70
     1
102
RTVSPropertyOp22
 70
     1
102
RTVSPropertyOp23
 70
     1
102
RTVSPropertyOp24
 70
     1
102
RTVSPropertyOp25
 70
     1
102
RTVSPropertyOp26
 70
     1
102
RTVSPropertyOp27
 70
     1
102
RTVSPropertyOp28
 70
     1
102
RTVSPropertyOp29
 70
     1
102
RTVSPropertyOp30
 70
     1
102
RTVSPropertyOp31
 70
     1
102
RTVSPropertyOp32
 70
     1
102
RTVSPropertyOp33
 70
     1
102
RTVSPropertyOp34
 70
     1
102
RTVSPropertyOp35
 70
     1
102
RTVSPropertyOp36
 70
     1
102
RTVSPropertyOp37
 70
     1
102
RTVSPropertyOp38
 70
     1
102
RTVSPropertyOp39
 70
     1
102
RTVSPropertyOp40
 70
     1
102
RTVSPropertyOp41
 70
     1
102
RTVSPropertyOp42
 70
     1
102
RTVSPropertyOp43
 70
     1
102
RTVSPropertyOp44
 70
     1
102
RTVSPropertyOp45
 70
     1
102
RTVSPropertyOp46
 70
     1
102
RTVSPropertyOp47
 70
     1
102
RTVSPropertyOp48
 70
     1
102
RTVSPropertyOp49
 70
     1
102
RTVSPropertyOp50
 70
     1
102
RTVSPropertyOp51
 70
     0
102
RTVSPropertyOp52
 70
     0
102
RTVSPropertyOp53
 70
     1
102
RTVSPropertyOp54
 70
     1
102
RTVSPropertyOp55
 70
     1
102
RTVSPropertyOp56
 70
     1
102
RTVSPropertyOp57
 70
     1
102
RTVSPropertyOp58
 70
     1
102
RTVSPropertyOp59
 70
     1
102
RTVSPropertyOp60
 70
     1
102
RTVSPropertyOp61
 70
     1
102
RTVSPropertyOp62
 70
     1
  0
XRECORD
  5
2AD
102
{ACAD_REACTORS
330
2AC
102
}
330
2AC
100
AcDbXrecord
280
     1
102
RTVSPost2010Prop28
280
     0
102
RTVSPost2010PropOp28
 70
     1
102
RTVSPost2010Prop29
280
     1
102
RTVSPost2010PropOp29
 70
     1
102
RTVSPost2010Prop30
280
     1
102
RTVSPost2010PropOp30
 70
     1
102
RTVSPost2010Prop31
280
     0
102
RTVSPost2010PropOp31
 70
     1
102
RTVSPost2010Prop32
280
     0
102
RTVSPost2010PropOp32
 70
     1
102
RTVSPost2010Prop33
280
     0
102
RTVSPost2010PropOp33
 70
     1
102
RTVSPost2010Prop34
280
     0
102
RTVSPost2010PropOp34
 70
     1
102
RTVSPost2010Prop35
280
     0
102
RTVSPost2010PropOp35
 70
     1
102
RTVSPost2010Prop36
280
     0
102
RTVSPost2010PropOp36
 70
     1
102
RTVSPost2010Prop37
 90
       50
102
RTVSPost2010PropOp37
 70
     1
102
RTVSPost2010Prop38
140
0.0
102
RTVSPost2010PropOp38
 70
     1
102
RTVSPost2010Prop39
140
1.0
102
RTVSPost2010PropOp39
 70
     1
102
RTVSPost2010Prop40
 90
        0
102
RTVSPost2010PropOp40
 70
     1
102
RTVSPost2010Prop41ColorIndex
 90
       18
102
RTVSPost2010Prop41ColorRGB
 90
        0
102
RTVSPost2010PropOp41
 70
     1
102
RTVSPost2010Prop42
 90
       50
102
RTVSPost2010PropOp42
 70
     1
102
RTVSPost2010Prop43
 90
        3
102
RTVSPost2010PropOp43
 70
     1
102
RTVSPost2010Prop44ColorIndex
 90
        5
102
RTVSPost2010Prop44ColorRGB
 90
      255
102
RTVSPost2010PropOp44
 70
     1
102
RTVSPost2010Prop45
280
     0
102
RTVSPost2010PropOp45
 70
     1
102
RTVSPost2010Prop46
 90
       50
102
RTVSPost2010PropOp46
 70
     1
102
RTVSPost2010Prop47
 90
       50
102
RTVSPost2010PropOp47
 70
     1
102
RTVSPost2010Prop48
 90
       50
102
RTVSPost2010PropOp48
 70
     1
102
RTVSPost2010Prop49
280
     0
102
RTVSPost2010PropOp49
 70
     1
102
RTVSPost2010Prop50
 90
       50
102
RTVSPost2010PropOp50
 70
     1
102
RTVSPost2010Prop51ColorIndex
 90
      256
102
RTVSPost2010Prop51ColorRGB
 90
-16777216
102
RTVSPost2010PropOp51
 70
     0
102
RTVSPost2010Prop52
140
1.0
102
RTVSPost2010PropOp52
 70
     0
102
RTVSPost2010Prop53
 90
        2
102
RTVSPost2010PropOp53
 70
     1
102
RTVSPost2010Prop54
  1
strokes_ogs.tif
102
RTVSPost2010PropOp54
 70
     1
102
RTVSPost2010Prop55
280
     0
102
RTVSPost2010PropOp55
 70
     1
102
RTVSPost2010Prop56
140
1.0
102
RTVSPost2010PropOp56
 70
     1
102
RTVSPost2010Prop57
140
1.0
102
RTVSPost2010PropOp57
 70
     1
102
RTVSPropertyOp0
 70
     1
102
RTVSPropertyOp1
 70
     1
102
RTVSPropertyOp2
 70
     1
102
RTVSPropertyOp3
 70
     1
102
RTVSPropertyOp4
 70
     1
102
RTVSPropertyOp5
 70
     1
102
RTVSPropertyOp6
 70
     1
102
RTVSPropertyOp7
 70
     1
102
RTVSPropertyOp8
 70
     1
102
RTVSPropertyOp9
 70
     1
102
RTVSPropertyOp10
 70
     1
102
RTVSPropertyOp11
 70
     1
102
RTVSPropertyOp12
 70
     1
102
RTVSPropertyOp13
 70
     1
102
RTVSPropertyOp14
 70
     1
102
RTVSPropertyOp15
 70
     1
102
RTVSPropertyOp16
 70
     1
102
RTVSPropertyOp17
 70
     1
102
RTVSPropertyOp18
 70
     1
102
RTVSPropertyOp19
 70
     1
102
RTVSPropertyOp20
 70
     1
102
RTVSPropertyOp21
 70
     1
102
RTVSPropertyOp22
 70
     1
102
RTVSPropertyOp23
 70
     1
102
RTVSPropertyOp24
 70
     1
102
RTVSPropertyOp25
 70
     1
102
RTVSPropertyOp26
 70
     1
102
RTVSPropertyOp27
 70
     1
102
RTVSPropertyOp28
 70
     1
102
RTVSPropertyOp29
 70
     1
102
RTVSPropertyOp30
 70
     1
102
RTVSPropertyOp31
 70
     1
102
RTVSPropertyOp32
 70
     1
102
RTVSPropertyOp33
 70
     1
102
RTVSPropertyOp34
 70
     1
102
RTVSPropertyOp35
 70
     1
102
RTVSPropertyOp36
 70
     1
102
RTVSPropertyOp37
 70
     1
102
RTVSPropertyOp38
 70
     1
102
RTVSPropertyOp39
 70
     1
102
RTVSPropertyOp40
 70
     1
102
RTVSPropertyOp41
 70
     1
102
RTVSPropertyOp42
 70
     1
102
RTVSPropertyOp43
 70
     1
102
RTVSPropertyOp44
 70
     1
102
RTVSPropertyOp45
 70
     1
102
RTVSPropertyOp46
 70
     1
102
RTVSPropertyOp47
 70
     1
102
RTVSPropertyOp48
 70
     1
102
RTVSPropertyOp49
 70
     1
102
RTVSPropertyOp50
 70
     1
102
RTVSPropertyOp51
 70
     0
102
RTVSPropertyOp52
 70
     0
102
RTVSPropertyOp53
 70
     1
102
RTVSPropertyOp54
 70
     1
102
RTVSPropertyOp55
 70
     1
102
RTVSPropertyOp56
 70
     1
102
RTVSPropertyOp57
 70
     1
102
RTVSPropertyOp58
 70
     1
102
RTVSPropertyOp59
 70
     1
102
RTVSPropertyOp60
 70
     1
102
RTVSPropertyOp61
 70
     1
102
RTVSPropertyOp62
 70
     1
  0
XRECORD
  5
2AF
102
{ACAD_REACTORS
330
2AE
102
}
330
2AE
100
AcDbXrecord
280
     1
102
RTVSPost2010Prop28
280
     0
102
RTVSPost2010PropOp28
 70
     1
102
RTVSPost2010Prop29
280
     1
102
RTVSPost2010PropOp29
 70
     1
102
RTVSPost2010Prop30
280
     1
102
RTVSPost2010PropOp30
 70
     1
102
RTVSPost2010Prop31
280
     0
102
RTVSPost2010PropOp31
 70
     1
102
RTVSPost2010Prop32
280
     0
102
RTVSPost2010PropOp32
 70
     1
102
RTVSPost2010Prop33
280
     0
102
RTVSPost2010PropOp33
 70
     1
102
RTVSPost2010Prop34
280
     0
102
RTVSPost2010PropOp34
 70
     1
102
RTVSPost2010Prop35
280
     0
102
RTVSPost2010PropOp35
 70
     1
102
RTVSPost2010Prop36
280
     0
102
RTVSPost2010PropOp36
 70
     1
102
RTVSPost2010Prop37
 90
       50
102
RTVSPost2010PropOp37
 70
     1
102
RTVSPost2010Prop38
140
0.0
102
RTVSPost2010PropOp38
 70
     1
102
RTVSPost2010Prop39
140
1.0
102
RTVSPost2010PropOp39
 70
     1
102
RTVSPost2010Prop40
 90
        0
102
RTVSPost2010PropOp40
 70
     1
102
RTVSPost2010Prop41ColorIndex
 90
       18
102
RTVSPost2010Prop41ColorRGB
 90
        0
102
RTVSPost2010PropOp41
 70
     1
102
RTVSPost2010Prop42
 90
       50
102
RTVSPost2010PropOp42
 70
     1
102
RTVSPost2010Prop43
 90
        3
102
RTVSPost2010PropOp43
 70
     1
102
RTVSPost2010Prop44ColorIndex
 90
        5
102
RTVSPost2010Prop44ColorRGB
 90
      255
102
RTVSPost2010PropOp44
 70
     1
102
RTVSPost2010Prop45
280
     0
102
RTVSPost2010PropOp45
 70
     1
102
RTVSPost2010Prop46
 90
       50
102
RTVSPost2010PropOp46
 70
     1
102
RTVSPost2010Prop47
 90
       50
102
RTVSPost2010PropOp47
 70
     1
102
RTVSPost2010Prop48
 90
       50
102
RTVSPost2010PropOp48
 70
     1
102
RTVSPost2010Prop49
280
     0
102
RTVSPost2010PropOp49
 70
     1
102
RTVSPost2010Prop50
 90
       50
102
RTVSPost2010PropOp50
 70
     1
102
RTVSPost2010Prop51ColorIndex
 90
      256
102
RTVSPost2010Prop51ColorRGB
 90
-16777216
102
RTVSPost2010PropOp51
 70
     0
102
RTVSPost2010Prop52
140
1.0
102
RTVSPost2010PropOp52
 70
     0
102
RTVSPost2010Prop53
 90
        2
102
RTVSPost2010PropOp53
 70
     1
102
RTVSPost2010Prop54
  1
strokes_ogs.tif
102
RTVSPost2010PropOp54
 70
     1
102
RTVSPost2010Prop55
280
     0
102
RTVSPost2010PropOp55
 70
     1
102
RTVSPost2010Prop56
140
1.0
102
RTVSPost2010PropOp56
 70
     1
102
RTVSPost2010Prop57
140
1.0
102
RTVSPost2010PropOp57
 70
     1
102
RTVSPropertyOp0
 70
     1
102
RTVSPropertyOp1
 70
     1
102
RTVSPropertyOp2
 70
     1
102
RTVSPropertyOp3
 70
     1
102
RTVSPropertyOp4
 70
     1
102
RTVSPropertyOp5
 70
     1
102
RTVSPropertyOp6
 70
     1
102
RTVSPropertyOp7
 70
     1
102
RTVSPropertyOp8
 70
     1
102
RTVSPropertyOp9
 70
     1
102
RTVSPropertyOp10
 70
     1
102
RTVSPropertyOp11
 70
     1
102
RTVSPropertyOp12
 70
     1
102
RTVSPropertyOp13
 70
     1
102
RTVSPropertyOp14
 70
     1
102
RTVSPropertyOp15
 70
     1
102
RTVSPropertyOp16
 70
     1
102
RTVSPropertyOp17
 70
     1
102
RTVSPropertyOp18
 70
     1
102
RTVSPropertyOp19
 70
     1
102
RTVSPropertyOp20
 70
     1
102
RTVSPropertyOp21
 70
     1
102
RTVSPropertyOp22
 70
     1
102
RTVSPropertyOp23
 70
     1
102
RTVSPropertyOp24
 70
     1
102
RTVSPropertyOp25
 70
     1
102
RTVSPropertyOp26
 70
     1
102
RTVSPropertyOp27
 70
     1
102
RTVSPropertyOp28
 70
     1
102
RTVSPropertyOp29
 70
     1
102
RTVSPropertyOp30
 70
     1
102
RTVSPropertyOp31
 70
     1
102
RTVSPropertyOp32
 70
     1
102
RTVSPropertyOp33
 70
     1
102
RTVSPropertyOp34
 70
     1
102
RTVSPropertyOp35
 70
     1
102
RTVSPropertyOp36
 70
     1
102
RTVSPropertyOp37
 70
     1
102
RTVSPropertyOp38
 70
     1
102
RTVSPropertyOp39
 70
     1
102
RTVSPropertyOp40
 70
     1
102
RTVSPropertyOp41
 70
     1
102
RTVSPropertyOp42
 70
     1
102
RTVSPropertyOp43
 70
     1
102
RTVSPropertyOp44
 70
     1
102
RTVSPropertyOp45
 70
     1
102
RTVSPropertyOp46
 70
     1
102
RTVSPropertyOp47
 70
     1
102
RTVSPropertyOp48
 70
     1
102
RTVSPropertyOp49
 70
     1
102
RTVSPropertyOp50
 70
     1
102
RTVSPropertyOp51
 70
     0
102
RTVSPropertyOp52
 70
     0
102
RTVSPropertyOp53
 70
     1
102
RTVSPropertyOp54
 70
     1
102
RTVSPropertyOp55
 70
     1
102
RTVSPropertyOp56
 70
     1
102
RTVSPropertyOp57
 70
     1
102
RTVSPropertyOp58
 70
     1
102
RTVSPropertyOp59
 70
     1
102
RTVSPropertyOp60
 70
     1
102
RTVSPropertyOp61
 70
     1
102
RTVSPropertyOp62
 70
     1
  0
XRECORD
  5
29F
102
{ACAD_REACTORS
330
29E
102
}
330
29E
100
AcDbXrecord
280
     1
102
RTVSPost2010Prop28
280
     0
102
RTVSPost2010PropOp28
 70
     1
102
RTVSPost2010Prop29
280
     1
102
RTVSPost2010PropOp29
 70
     1
102
RTVSPost2010Prop30
280
     1
102
RTVSPost2010PropOp30
 70
     1
102
RTVSPost2010Prop31
280
     0
102
RTVSPost2010PropOp31
 70
     1
102
RTVSPost2010Prop32
280
     0
102
RTVSPost2010PropOp32
 70
     1
102
RTVSPost2010Prop33
280
     0
102
RTVSPost2010PropOp33
 70
     1
102
RTVSPost2010Prop34
280
     0
102
RTVSPost2010PropOp34
 70
     1
102
RTVSPost2010Prop35
280
     0
102
RTVSPost2010PropOp35
 70
     1
102
RTVSPost2010Prop36
280
     0
102
RTVSPost2010PropOp36
 70
     1
102
RTVSPost2010Prop37
 90
       50
102
RTVSPost2010PropOp37
 70
     1
102
RTVSPost2010Prop38
140
0.0
102
RTVSPost2010PropOp38
 70
     1
102
RTVSPost2010Prop39
140
1.0
102
RTVSPost2010PropOp39
 70
     1
102
RTVSPost2010Prop40
 90
        0
102
RTVSPost2010PropOp40
 70
     1
102
RTVSPost2010Prop41ColorIndex
 90
       18
102
RTVSPost2010Prop41ColorRGB
 90
        0
102
RTVSPost2010PropOp41
 70
     1
102
RTVSPost2010Prop42
 90
       50
102
RTVSPost2010PropOp42
 70
     1
102
RTVSPost2010Prop43
 90
        3
102
RTVSPost2010PropOp43
 70
     1
102
RTVSPost2010Prop44ColorIndex
 90
        5
102
RTVSPost2010Prop44ColorRGB
 90
      255
102
RTVSPost2010PropOp44
 70
     1
102
RTVSPost2010Prop45
280
     0
102
RTVSPost2010PropOp45
 70
     1
102
RTVSPost2010Prop46
 90
       50
102
RTVSPost2010PropOp46
 70
     1
102
RTVSPost2010Prop47
 90
       50
102
RTVSPost2010PropOp47
 70
     1
102
RTVSPost2010Prop48
 90
       50
102
RTVSPost2010PropOp48
 70
     1
102
RTVSPost2010Prop49
280
     0
102
RTVSPost2010PropOp49
 70
     1
102
RTVSPost2010Prop50
 90
       50
102
RTVSPost2010PropOp50
 70
     1
102
RTVSPost2010Prop51ColorIndex
 90
      256
102
RTVSPost2010Prop51ColorRGB
 90
-16777216
102
RTVSPost2010PropOp51
 70
     0
102
RTVSPost2010Prop52
140
1.0
102
RTVSPost2010PropOp52
 70
     0
102
RTVSPost2010Prop53
 90
        2
102
RTVSPost2010PropOp53
 70
     1
102
RTVSPost2010Prop54
  1
strokes_ogs.tif
102
RTVSPost2010PropOp54
 70
     1
102
RTVSPost2010Prop55
280
     0
102
RTVSPost2010PropOp55
 70
     1
102
RTVSPost2010Prop56
140
1.0
102
RTVSPost2010PropOp56
 70
     1
102
RTVSPost2010Prop57
140
1.0
102
RTVSPost2010PropOp57
 70
     1
102
RTVSPropertyOp0
 70
     1
102
RTVSPropertyOp1
 70
     1
102
RTVSPropertyOp2
 70
     1
102
RTVSPropertyOp3
 70
     1
102
RTVSPropertyOp4
 70
     1
102
RTVSPropertyOp5
 70
     1
102
RTVSPropertyOp6
 70
     1
102
RTVSPropertyOp7
 70
     1
102
RTVSPropertyOp8
 70
     1
102
RTVSPropertyOp9
 70
     1
102
RTVSPropertyOp10
 70
     1
102
RTVSPropertyOp11
 70
     1
102
RTVSPropertyOp12
 70
     1
102
RTVSPropertyOp13
 70
     1
102
RTVSPropertyOp14
 70
     1
102
RTVSPropertyOp15
 70
     1
102
RTVSPropertyOp16
 70
     1
102
RTVSPropertyOp17
 70
     1
102
RTVSPropertyOp18
 70
     1
102
RTVSPropertyOp19
 70
     1
102
RTVSPropertyOp20
 70
     1
102
RTVSPropertyOp21
 70
     1
102
RTVSPropertyOp22
 70
     1
102
RTVSPropertyOp23
 70
     1
102
RTVSPropertyOp24
 70
     1
102
RTVSPropertyOp25
 70
     1
102
RTVSPropertyOp26
 70
     1
102
RTVSPropertyOp27
 70
     1
102
RTVSPropertyOp28
 70
     1
102
RTVSPropertyOp29
 70
     1
102
RTVSPropertyOp30
 70
     1
102
RTVSPropertyOp31
 70
     1
102
RTVSPropertyOp32
 70
     1
102
RTVSPropertyOp33
 70
     1
102
RTVSPropertyOp34
 70
     1
102
RTVSPropertyOp35
 70
     1
102
RTVSPropertyOp36
 70
     1
102
RTVSPropertyOp37
 70
     1
102
RTVSPropertyOp38
 70
     1
102
RTVSPropertyOp39
 70
     1
102
RTVSPropertyOp40
 70
     1
102
RTVSPropertyOp41
 70
     1
102
RTVSPropertyOp42
 70
     1
102
RTVSPropertyOp43
 70
     1
102
RTVSPropertyOp44
 70
     1
102
RTVSPropertyOp45
 70
     1
102
RTVSPropertyOp46
 70
     1
102
RTVSPropertyOp47
 70
     1
102
RTVSPropertyOp48
 70
     1
102
RTVSPropertyOp49
 70
     1
102
RTVSPropertyOp50
 70
     1
102
RTVSPropertyOp51
 70
     0
102
RTVSPropertyOp52
 70
     0
102
RTVSPropertyOp53
 70
     1
102
RTVSPropertyOp54
 70
     1
102
RTVSPropertyOp55
 70
     1
102
RTVSPropertyOp56
 70
     1
102
RTVSPropertyOp57
 70
     1
102
RTVSPropertyOp58
 70
     1
102
RTVSPropertyOp59
 70
     1
102
RTVSPropertyOp60
 70
     1
102
RTVSPropertyOp61
 70
     1
102
RTVSPropertyOp62
 70
     1
  0
XRECORD
  5
293
102
{ACAD_REACTORS
330
292
102
}
330
292
100
AcDbXrecord
280
     1
102
RTVSPost2010Prop28
280
     0
102
RTVSPost2010PropOp28
 70
     1
102
RTVSPost2010Prop29
280
     1
102
RTVSPost2010PropOp29
 70
     1
102
RTVSPost2010Prop30
280
     1
102
RTVSPost2010PropOp30
 70
     1
102
RTVSPost2010Prop31
280
     0
102
RTVSPost2010PropOp31
 70
     1
102
RTVSPost2010Prop32
280
     0
102
RTVSPost2010PropOp32
 70
     1
102
RTVSPost2010Prop33
280
     0
102
RTVSPost2010PropOp33
 70
     1
102
RTVSPost2010Prop34
280
     0
102
RTVSPost2010PropOp34
 70
     1
102
RTVSPost2010Prop35
280
     0
102
RTVSPost2010PropOp35
 70
     1
102
RTVSPost2010Prop36
280
     0
102
RTVSPost2010PropOp36
 70
     1
102
RTVSPost2010Prop37
 90
       50
102
RTVSPost2010PropOp37
 70
     1
102
RTVSPost2010Prop38
140
0.0
102
RTVSPost2010PropOp38
 70
     1
102
RTVSPost2010Prop39
140
1.0
102
RTVSPost2010PropOp39
 70
     1
102
RTVSPost2010Prop40
 90
        0
102
RTVSPost2010PropOp40
 70
     1
102
RTVSPost2010Prop41ColorIndex
 90
       18
102
RTVSPost2010Prop41ColorRGB
 90
        0
102
RTVSPost2010PropOp41
 70
     1
102
RTVSPost2010Prop42
 90
       50
102
RTVSPost2010PropOp42
 70
     1
102
RTVSPost2010Prop43
 90
        3
102
RTVSPost2010PropOp43
 70
     1
102
RTVSPost2010Prop44ColorIndex
 90
        5
102
RTVSPost2010Prop44ColorRGB
 90
      255
102
RTVSPost2010PropOp44
 70
     1
102
RTVSPost2010Prop45
280
     0
102
RTVSPost2010PropOp45
 70
     1
102
RTVSPost2010Prop46
 90
       50
102
RTVSPost2010PropOp46
 70
     1
102
RTVSPost2010Prop47
 90
       50
102
RTVSPost2010PropOp47
 70
     1
102
RTVSPost2010Prop48
 90
       50
102
RTVSPost2010PropOp48
 70
     1
102
RTVSPost2010Prop49
280
     0
102
RTVSPost2010PropOp49
 70
     1
102
RTVSPost2010Prop50
 90
       50
102
RTVSPost2010PropOp50
 70
     1
102
RTVSPost2010Prop51ColorIndex
 90
      256
102
RTVSPost2010Prop51ColorRGB
 90
-16777216
102
RTVSPost2010PropOp51
 70
     0
102
RTVSPost2010Prop52
140
1.0
102
RTVSPost2010PropOp52
 70
     0
102
RTVSPost2010Prop53
 90
        2
102
RTVSPost2010PropOp53
 70
     1
102
RTVSPost2010Prop54
  1
strokes_ogs.tif
102
RTVSPost2010PropOp54
 70
     1
102
RTVSPost2010Prop55
280
     0
102
RTVSPost2010PropOp55
 70
     1
102
RTVSPost2010Prop56
140
1.0
102
RTVSPost2010PropOp56
 70
     1
102
RTVSPost2010Prop57
140
1.0
102
RTVSPost2010PropOp57
 70
     1
102
RTVSPropertyOp0
 70
     1
102
RTVSPropertyOp1
 70
     1
102
RTVSPropertyOp2
 70
     1
102
RTVSPropertyOp3
 70
     1
102
RTVSPropertyOp4
 70
     1
102
RTVSPropertyOp5
 70
     1
102
RTVSPropertyOp6
 70
     1
102
RTVSPropertyOp7
 70
     1
102
RTVSPropertyOp8
 70
     1
102
RTVSPropertyOp9
 70
     1
102
RTVSPropertyOp10
 70
     1
102
RTVSPropertyOp11
 70
     1
102
RTVSPropertyOp12
 70
     1
102
RTVSPropertyOp13
 70
     1
102
RTVSPropertyOp14
 70
     1
102
RTVSPropertyOp15
 70
     1
102
RTVSPropertyOp16
 70
     1
102
RTVSPropertyOp17
 70
     1
102
RTVSPropertyOp18
 70
     1
102
RTVSPropertyOp19
 70
     1
102
RTVSPropertyOp20
 70
     1
102
RTVSPropertyOp21
 70
     1
102
RTVSPropertyOp22
 70
     1
102
RTVSPropertyOp23
 70
     1
102
RTVSPropertyOp24
 70
     1
102
RTVSPropertyOp25
 70
     1
102
RTVSPropertyOp26
 70
     1
102
RTVSPropertyOp27
 70
     1
102
RTVSPropertyOp28
 70
     1
102
RTVSPropertyOp29
 70
     1
102
RTVSPropertyOp30
 70
     1
102
RTVSPropertyOp31
 70
     1
102
RTVSPropertyOp32
 70
     1
102
RTVSPropertyOp33
 70
     1
102
RTVSPropertyOp34
 70
     1
102
RTVSPropertyOp35
 70
     1
102
RTVSPropertyOp36
 70
     1
102
RTVSPropertyOp37
 70
     1
102
RTVSPropertyOp38
 70
     1
102
RTVSPropertyOp39
 70
     1
102
RTVSPropertyOp40
 70
     1
102
RTVSPropertyOp41
 70
     1
102
RTVSPropertyOp42
 70
     1
102
RTVSPropertyOp43
 70
     1
102
RTVSPropertyOp44
 70
     1
102
RTVSPropertyOp45
 70
     1
102
RTVSPropertyOp46
 70
     1
102
RTVSPropertyOp47
 70
     1
102
RTVSPropertyOp48
 70
     1
102
RTVSPropertyOp49
 70
     1
102
RTVSPropertyOp50
 70
     1
102
RTVSPropertyOp51
 70
     0
102
RTVSPropertyOp52
 70
     0
102
RTVSPropertyOp53
 70
     1
102
RTVSPropertyOp54
 70
     1
102
RTVSPropertyOp55
 70
     1
102
RTVSPropertyOp56
 70
     1
102
RTVSPropertyOp57
 70
     1
102
RTVSPropertyOp58
 70
     1
102
RTVSPropertyOp59
 70
     1
102
RTVSPropertyOp60
 70
     1
102
RTVSPropertyOp61
 70
     1
102
RTVSPropertyOp62
 70
     1
  0
XRECORD
  5
2B1
102
{ACAD_REACTORS
330
2B0
102
}
330
2B0
100
AcDbXrecord
280
     1
102
RTVSPost2010Prop28
280
     0
102
RTVSPost2010PropOp28
 70
     1
102
RTVSPost2010Prop29
280
     1
102
RTVSPost2010PropOp29
 70
     1
102
RTVSPost2010Prop30
280
     1
102
RTVSPost2010PropOp30
 70
     1
102
RTVSPost2010Prop31
280
     0
102
RTVSPost2010PropOp31
 70
     1
102
RTVSPost2010Prop32
280
     0
102
RTVSPost2010PropOp32
 70
     1
102
RTVSPost2010Prop33
280
     0
102
RTVSPost2010PropOp33
 70
     1
102
RTVSPost2010Prop34
280
     0
102
RTVSPost2010PropOp34
 70
     1
102
RTVSPost2010Prop35
280
     0
102
RTVSPost2010PropOp35
 70
     1
102
RTVSPost2010Prop36
280
     0
102
RTVSPost2010PropOp36
 70
     1
102
RTVSPost2010Prop37
 90
       50
102
RTVSPost2010PropOp37
 70
     1
102
RTVSPost2010Prop38
140
0.0
102
RTVSPost2010PropOp38
 70
     1
102
RTVSPost2010Prop39
140
1.0
102
RTVSPost2010PropOp39
 70
     1
102
RTVSPost2010Prop40
 90
        0
102
RTVSPost2010PropOp40
 70
     1
102
RTVSPost2010Prop41ColorIndex
 90
       18
102
RTVSPost2010Prop41ColorRGB
 90
        0
102
RTVSPost2010PropOp41
 70
     1
102
RTVSPost2010Prop42
 90
       50
102
RTVSPost2010PropOp42
 70
     1
102
RTVSPost2010Prop43
 90
        3
102
RTVSPost2010PropOp43
 70
     1
102
RTVSPost2010Prop44ColorIndex
 90
        5
102
RTVSPost2010Prop44ColorRGB
 90
      255
102
RTVSPost2010PropOp44
 70
     1
102
RTVSPost2010Prop45
280
     0
102
RTVSPost2010PropOp45
 70
     1
102
RTVSPost2010Prop46
 90
       50
102
RTVSPost2010PropOp46
 70
     1
102
RTVSPost2010Prop47
 90
       50
102
RTVSPost2010PropOp47
 70
     1
102
RTVSPost2010Prop48
 90
       50
102
RTVSPost2010PropOp48
 70
     1
102
RTVSPost2010Prop49
280
     0
102
RTVSPost2010PropOp49
 70
     1
102
RTVSPost2010Prop50
 90
       50
102
RTVSPost2010PropOp50
 70
     1
102
RTVSPost2010Prop51ColorIndex
 90
      256
102
RTVSPost2010Prop51ColorRGB
 90
-16777216
102
RTVSPost2010PropOp51
 70
     0
102
RTVSPost2010Prop52
140
1.0
102
RTVSPost2010PropOp52
 70
     0
102
RTVSPost2010Prop53
 90
        2
102
RTVSPost2010PropOp53
 70
     1
102
RTVSPost2010Prop54
  1
strokes_ogs.tif
102
RTVSPost2010PropOp54
 70
     1
102
RTVSPost2010Prop55
280
     0
102
RTVSPost2010PropOp55
 70
     1
102
RTVSPost2010Prop56
140
1.0
102
RTVSPost2010PropOp56
 70
     1
102
RTVSPost2010Prop57
140
1.0
102
RTVSPost2010PropOp57
 70
     1
102
RTVSPropertyOp0
 70
     1
102
RTVSPropertyOp1
 70
     1
102
RTVSPropertyOp2
 70
     1
102
RTVSPropertyOp3
 70
     1
102
RTVSPropertyOp4
 70
     1
102
RTVSPropertyOp5
 70
     1
102
RTVSPropertyOp6
 70
     1
102
RTVSPropertyOp7
 70
     1
102
RTVSPropertyOp8
 70
     1
102
RTVSPropertyOp9
 70
     1
102
RTVSPropertyOp10
 70
     1
102
RTVSPropertyOp11
 70
     1
102
RTVSPropertyOp12
 70
     1
102
RTVSPropertyOp13
 70
     1
102
RTVSPropertyOp14
 70
     1
102
RTVSPropertyOp15
 70
     1
102
RTVSPropertyOp16
 70
     1
102
RTVSPropertyOp17
 70
     1
102
RTVSPropertyOp18
 70
     1
102
RTVSPropertyOp19
 70
     1
102
RTVSPropertyOp20
 70
     1
102
RTVSPropertyOp21
 70
     1
102
RTVSPropertyOp22
 70
     1
102
RTVSPropertyOp23
 70
     1
102
RTVSPropertyOp24
 70
     1
102
RTVSPropertyOp25
 70
     1
102
RTVSPropertyOp26
 70
     1
102
RTVSPropertyOp27
 70
     1
102
RTVSPropertyOp28
 70
     1
102
RTVSPropertyOp29
 70
     1
102
RTVSPropertyOp30
 70
     1
102
RTVSPropertyOp31
 70
     1
102
RTVSPropertyOp32
 70
     1
102
RTVSPropertyOp33
 70
     1
102
RTVSPropertyOp34
 70
     1
102
RTVSPropertyOp35
 70
     1
102
RTVSPropertyOp36
 70
     1
102
RTVSPropertyOp37
 70
     1
102
RTVSPropertyOp38
 70
     1
102
RTVSPropertyOp39
 70
     1
102
RTVSPropertyOp40
 70
     1
102
RTVSPropertyOp41
 70
     1
102
RTVSPropertyOp42
 70
     1
102
RTVSPropertyOp43
 70
     1
102
RTVSPropertyOp44
 70
     1
102
RTVSPropertyOp45
 70
     1
102
RTVSPropertyOp46
 70
     1
102
RTVSPropertyOp47
 70
     1
102
RTVSPropertyOp48
 70
     1
102
RTVSPropertyOp49
 70
     1
102
RTVSPropertyOp50
 70
     1
102
RTVSPropertyOp51
 70
     0
102
RTVSPropertyOp52
 70
     0
102
RTVSPropertyOp53
 70
     1
102
RTVSPropertyOp54
 70
     1
102
RTVSPropertyOp55
 70
     1
102
RTVSPropertyOp56
 70
     1
102
RTVSPropertyOp57
 70
     1
102
RTVSPropertyOp58
 70
     1
102
RTVSPropertyOp59
 70
     1
102
RTVSPropertyOp60
 70
     1
102
RTVSPropertyOp61
 70
     1
102
RTVSPropertyOp62
 70
     1
  0
ENDSEC
  0
EOF